stem,skipped,background_source,background_raw,median,p01,p99,clipped_fraction,clip_max,sideband_radius_px
NCI_01,False,mask background,15.048174858093262,1.009753704071045,0.5715603828430176,1.5,0.010237037037037038,1.5,130
NCI_02,False,mask background,15.090201377868652,1.005939245223999,0.5427234768867493,1.5,0.0102,1.5,130
NCI_03,False,mask background,15.18558406829834,1.0080864429473877,0.5651462078094482,1.4719525575637817,0.008240740740740741,1.5,130
NCI_04,False,mask background,15.090660095214844,1.0071144104003906,0.5062075257301331,1.5,0.014419753086419754,1.5,130
NCI_05,False,mask background,14.505435943603516,1.0137609243392944,0.4103369116783142,1.5,0.027398765432098765,1.5,130
NCI_06,False,mask background,14.807586669921875,1.0166468620300293,0.508182168006897,1.5,0.01722716049382716,1.5,130
NCI_07,False,mask background,14.799518585205078,1.0148377418518066,0.4599316716194153,1.5,0.029354320987654323,1.5,130
NCI_08,False,mask background,14.578011512756348,1.0101561546325684,0.44032803177833557,1.5,0.03914938271604938,1.5,130
NCI_09,False,mask background,14.664948463439941,1.0104210376739502,0.5223600268363953,1.5,0.028623456790123458,1.5,130
NCI_10,False,mask background,14.914888381958008,1.0073745250701904,0.46972790360450745,1.5,0.021150617283950617,1.5,130
NCI_11,False,mask background,14.90557861328125,1.0116833448410034,0.4477268159389496,1.5,0.017474074074074072,1.5,130
NCI_12,False,mask background,14.66145133972168,1.0097625255584717,0.5303739905357361,1.5,0.011690123456790123,1.5,130
NCI_13,False,mask background,14.848021507263184,1.0099326372146606,0.4483591914176941,1.5,0.013595061728395062,1.5,130
NCI_14,False,mask background,14.778458595275879,1.0057549476623535,0.5343064069747925,1.4590660333633423,0.007301234567901235,1.5,130
NCI_15,False,mask background,14.486062049865723,1.0155726671218872,0.5818378329277039,1.5,0.01205679012345679,1.5,130
NCI_16,False,mask background,14.359952926635742,1.0066421031951904,0.5167697668075562,1.5,0.013501234567901234,1.5,130
NCI_17,False,mask background,14.84737777709961,0.9974613189697266,0.5062230229377747,1.4176483154296875,0.0058580246913580245,1.5,130
NCI_18,False,mask background,14.51520824432373,1.0166194438934326,0.537216067314148,1.4661754369735718,0.007495061728395062,1.5,130
NCI_19,False,mask background,14.38222885131836,1.0147902965545654,0.599236249923706,1.5,0.010081481481481481,1.5,130
NCI_20,False,mask background,14.776510238647461,1.0114037990570068,0.5592678785324097,1.42304265499115,0.0036617283950617285,1.5,130
NCI_21,False,mask background,14.7288179397583,1.0113760232925415,0.5623957514762878,1.5,0.014058024691358025,1.5,130
NCI_22,False,mask background,14.486736297607422,1.022282600402832,0.5819318890571594,1.5,0.011719753086419753,1.5,130
NCI_23,False,mask background,14.556612968444824,1.0097644329071045,0.5513259768486023,1.4297012090682983,0.004854320987654321,1.5,130
NCI_24,False,mask background,14.853645324707031,1.0003502368927002,0.54519122838974,1.394149661064148,0.003202469135802469,1.5,130
NCI_25,False,mask background,14.684442520141602,1.0088186264038086,0.4748871624469757,1.5,0.014023456790123456,1.5,130
NCI_26,False,mask background,14.709461212158203,1.0154693126678467,0.5307378172874451,1.5,0.015148148148148148,1.5,130
NCI_27,False,mask background,14.556680679321289,1.0016016960144043,0.5093514323234558,1.478079915046692,0.008717283950617284,1.5,130
NCI_28,False,mask background,14.775749206542969,1.0141279697418213,0.5602916479110718,1.4418078660964966,0.004965432098765432,1.5,130
NCI_29,False,mask background,14.891108512878418,1.0051913261413574,0.5519325137138367,1.3983315229415894,0.003358024691358025,1.5,130
NCI_30,False,mask background,14.862405776977539,1.0062426328659058,0.6022810935974121,1.3984016180038452,0.0038641975308641974,1.5,130
NCI_31,False,mask background,14.594855308532715,1.0088419914245605,0.5635412335395813,1.49503493309021,0.009571604938271605,1.5,130
NCI_32,False,mask background,14.65883731842041,1.0079922676086426,0.551875650882721,1.4118549823760986,0.004254320987654321,1.5,130
NCI_33,False,mask background,14.234182357788086,1.0056424140930176,0.5522336959838867,1.454161524772644,0.007108641975308642,1.5,130
NCI_34,False,mask background,14.494373321533203,1.006174087524414,0.578537106513977,1.396950125694275,0.004844444444444445,1.5,130
NCI_35,False,mask background,14.981114387512207,0.9974730014801025,0.5530191659927368,1.3600494861602783,0.0016,1.5,130
NCI_36,False,mask background,14.670910835266113,1.009364366531372,0.6037681698799133,1.3922011852264404,0.0016296296296296295,1.5,130
NCI_37,False,mask background,14.51263427734375,1.016296148300171,0.5839004516601562,1.5,0.01288641975308642,1.5,130
NCI_38,False,mask background,14.227134704589844,1.0130810737609863,0.5330875515937805,1.5,0.014391358024691358,1.5,130
NCI_39,False,mask background,14.81856918334961,1.0072414875030518,0.5953927040100098,1.4276626110076904,0.004804938271604938,1.5,130
NCI_40,False,mask background,14.583850860595703,1.012223720550537,0.5467742085456848,1.4691364765167236,0.007417283950617284,1.5,130
NCI_41,False,mask background,14.635552406311035,1.0070934295654297,0.5825568437576294,1.3614368438720703,0.001254320987654321,1.5,130
NCI_42,False,mask background,14.974655151367188,1.0138189792633057,0.5406553149223328,1.5,0.010875308641975308,1.5,130
NCI_43,False,mask background,14.775446891784668,1.0113341808319092,0.5495132207870483,1.413115382194519,0.003067901234567901,1.5,130
NCI_44,False,mask background,15.315362930297852,1.0007426738739014,0.5267917513847351,1.4064249992370605,0.00304320987654321,1.5,130
NCI_45,False,mask background,14.999860763549805,1.0108124017715454,0.4910203218460083,1.4797844886779785,0.008228395061728394,1.5,130
NCI_46,False,mask background,14.807159423828125,1.0240304470062256,0.5164207220077515,1.5,0.01312716049382716,1.5,130
NCI_47,False,mask background,14.869357109069824,1.012007474899292,0.5149276852607727,1.5,0.011223456790123456,1.5,130
NCI_48,False,mask background,15.059473037719727,1.0154608488082886,0.5134867429733276,1.4196974039077759,0.0028037037037037037,1.5,130
NCI_49,False,mask background,14.676475524902344,1.0141723155975342,0.5096194744110107,1.4831362962722778,0.008544444444444445,1.5,130
NCI_50,False,mask background,14.773608207702637,1.0137850046157837,0.484637975692749,1.461734414100647,0.006638271604938272,1.5,130
NCI_Blebbistatin_5uM_01,False,mask background,16.083433151245117,1.0105750560760498,0.5557451248168945,1.4599099159240723,0.006728395061728395,1.5,130
NCI_Blebbistatin_5uM_02,False,mask background,16.12063217163086,1.0046894550323486,0.5085460543632507,1.5,0.010949382716049384,1.5,130
NCI_Blebbistatin_5uM_03,False,mask background,16.006484985351562,1.0074492692947388,0.5118427276611328,1.4323300123214722,0.005804938271604938,1.5,130
NCI_Blebbistatin_5uM_04,False,mask background,15.288034439086914,1.045555591583252,0.5458717346191406,1.5,0.022377777777777778,1.5,130
NCI_Blebbistatin_5uM_05,False,mask background,15.054425239562988,1.0171842575073242,0.5494368076324463,1.5,0.013271604938271606,1.5,130
NCI_Blebbistatin_5uM_06,False,mask background,15.636754989624023,1.02520751953125,0.48539823293685913,1.5,0.014622222222222222,1.5,130
NCI_Blebbistatin_5uM_07,False,mask background,15.652674674987793,1.0215353965759277,0.46861764788627625,1.5,0.02167901234567901,1.5,130
NCI_Blebbistatin_5uM_08,False,mask background,14.92994499206543,1.041656732559204,0.40550142526626587,1.5,0.05518271604938271,1.5,130
NCI_Blebbistatin_5uM_09,False,mask background,15.833889961242676,1.0101205110549927,0.40565037727355957,1.5,0.01711604938271605,1.5,130
NCI_Blebbistatin_5uM_10,False,mask background,15.543317794799805,1.0195908546447754,0.4063050448894501,1.5,0.028965432098765433,1.5,130
NCI_Blebbistatin_5uM_11,False,mask background,11.22562026977539,1.0156188011169434,0.36041930317878723,1.5,0.07876296296296297,1.5,130
NCI_Blebbistatin_5uM_12,False,mask background,15.199451446533203,1.0266737937927246,0.5036445260047913,1.5,0.03443950617283951,1.5,130
NCI_Blebbistatin_5uM_13,False,mask background,15.715744018554688,1.0060065984725952,0.5523874759674072,1.4873734712600708,0.009001234567901235,1.5,130
NCI_Blebbistatin_5uM_14,False,mask background,15.778936386108398,1.0006625652313232,0.4915221631526947,1.4380033016204834,0.004723456790123457,1.5,130
NCI_Blebbistatin_5uM_15,False,mask background,14.744879722595215,1.0089614391326904,0.5341070890426636,1.466347336769104,0.007381481481481481,1.5,130
NCI_Blebbistatin_5uM_16,False,mask background,15.420363426208496,1.0164780616760254,0.501099705696106,1.5,0.014682716049382717,1.5,130
NCI_Blebbistatin_5uM_17,False,mask background,14.164213180541992,1.009904384613037,0.5909029841423035,1.3607317209243774,0.0007888888888888889,1.5,130
NCI_Blebbistatin_5uM_18,False,mask background,15.767582893371582,1.0063813924789429,0.5911991596221924,1.3874852657318115,0.002980246913580247,1.5,130
NCI_Blebbistatin_5uM_19,False,mask background,15.756377220153809,1.004852294921875,0.5909414291381836,1.4054874181747437,0.004038271604938272,1.5,130
NCI_Blebbistatin_5uM_20,False,mask background,14.904817581176758,1.0073884725570679,0.5771954655647278,1.3495439291000366,0.0013148148148148149,1.5,130
NCI_Blebbistatin_5uM_21,False,mask background,15.568655014038086,1.0038862228393555,0.5681078433990479,1.4523934125900269,0.007211111111111111,1.5,130
NCI_Blebbistatin_5uM_22,False,mask background,15.654092788696289,1.0081379413604736,0.5805667638778687,1.3919519186019897,0.0026382716049382715,1.5,130
NCI_Blebbistatin_5uM_23,False,mask background,15.680084228515625,1.0136170387268066,0.5197249054908752,1.457770586013794,0.006727160493827161,1.5,130
NCI_Blebbistatin_5uM_24,False,mask background,15.771169662475586,1.0049161911010742,0.5382877588272095,1.4550766944885254,0.006734567901234568,1.5,130
NCI_Blebbistatin_5uM_25,False,mask background,15.51408576965332,1.0078564882278442,0.5808620452880859,1.413769006729126,0.0040185185185185185,1.5,130
NCI_Blebbistatin_5uM_26,False,mask background,15.177390098571777,1.0237338542938232,0.5841270685195923,1.5,0.014945679012345678,1.5,130
NCI_Blebbistatin_5uM_27,False,mask background,16.03826141357422,0.9930275678634644,0.5736557245254517,1.3310167789459229,0.0006962962962962963,1.5,130
NCI_Blebbistatin_5uM_28,False,mask background,15.518692970275879,1.0029881000518799,0.5541576147079468,1.4257066249847412,0.005290123456790124,1.5,130
NCI_Blebbistatin_5uM_29,False,mask background,15.628467559814453,1.0038660764694214,0.5531739592552185,1.4753031730651855,0.00830246913580247,1.5,130
NCI_Blebbistatin_5uM_30,False,mask background,15.652471542358398,1.0045461654663086,0.5659540295600891,1.3880919218063354,0.0034074074074074076,1.5,130
NCI_Blebbistatin_5uM_31,False,mask background,15.741227149963379,0.9994502663612366,0.5654480457305908,1.3505890369415283,0.0022098765432098763,1.5,130
NCI_Blebbistatin_5uM_32,False,mask background,15.447772979736328,1.0092291831970215,0.568423330783844,1.4167839288711548,0.004188888888888889,1.5,130
NCI_Blebbistatin_5uM_33,False,mask background,15.438582420349121,1.0065553188323975,0.5502136945724487,1.3804820775985718,0.0018296296296296296,1.5,130
NCI_Blebbistatin_5uM_34,False,mask background,15.24063777923584,1.0096666812896729,0.5972803831100464,1.4588268995285034,0.006708641975308642,1.5,130
NCI_Blebbistatin_5uM_35,False,mask background,15.414962768554688,0.9958754777908325,0.5610073804855347,1.4145002365112305,0.00418641975308642,1.5,130
NCI_Blebbistatin_5uM_36,False,mask background,10.85975456237793,1.011706829071045,0.4428759217262268,1.5,0.059006172839506175,1.5,130
NCI_Blebbistatin_5uM_37,False,mask background,15.251663208007812,1.0031230449676514,0.5697076916694641,1.3699119091033936,0.0021530864197530863,1.5,130
NCI_Blebbistatin_5uM_38,False,mask background,15.475286483764648,1.0026130676269531,0.5650588274002075,1.3442705869674683,0.0006259259259259259,1.5,130
NCI_Blebbistatin_5uM_39,False,mask background,15.405166625976562,1.0052915811538696,0.5799375176429749,1.436772108078003,0.005491358024691358,1.5,130
NCI_Blebbistatin_5uM_40,False,mask background,15.603044509887695,1.0128426551818848,0.5622697472572327,1.5,0.012117283950617284,1.5,130
NCI_Blebbistatin_5uM_41,False,mask background,16.007707595825195,1.0009291172027588,0.5496089458465576,1.366999626159668,0.001987654320987654,1.5,130
NCI_Blebbistatin_5uM_42,False,mask background,15.759657859802246,1.0036089420318604,0.5229301452636719,1.4549137353897095,0.006412345679012345,1.5,130
NCI_Blebbistatin_5uM_43,False,mask background,15.752250671386719,1.004949927330017,0.539642870426178,1.4503936767578125,0.006417283950617284,1.5,130
NCI_Blebbistatin_5uM_44,False,mask background,15.779841423034668,1.009737253189087,0.5611101388931274,1.4506282806396484,0.006337037037037037,1.5,130
NCI_Blebbistatin_5uM_45,False,mask background,15.56200122833252,1.0104706287384033,0.5646249651908875,1.4306926727294922,0.004481481481481481,1.5,130
NCI_Blebbistatin_5uM_46,False,mask background,15.500234603881836,1.0106934309005737,0.5736157298088074,1.5,0.010954320987654321,1.5,130
NCI_Blebbistatin_5uM_47,False,mask background,15.48100471496582,1.0030361413955688,0.5547570586204529,1.4360640048980713,0.0053395061728395065,1.5,130
NCI_Blebbistatin_5uM_48,False,mask background,15.827072143554688,1.0052762031555176,0.5086051225662231,1.3984655141830444,0.0034234567901234567,1.5,130
NCI_Blebbistatin_5uM_49,False,mask background,15.577167510986328,1.0130997896194458,0.5437624454498291,1.4728453159332275,0.007934567901234568,1.5,130
NCI_Blebbistatin_5uM_50,False,mask background,15.392263412475586,0.9988669157028198,0.5150091052055359,1.392449140548706,0.0028259259259259257,1.5,130
NCI_FCCP_10uM_01,False,mask background,14.828773498535156,1.0237892866134644,0.48482978343963623,1.5,0.02330246913580247,1.5,130
NCI_FCCP_10uM_02,False,mask background,15.06706428527832,1.0121328830718994,0.5396106839179993,1.4959537982940674,0.009669135802469135,1.5,130
NCI_FCCP_10uM_03,False,mask background,15.031513214111328,1.009968638420105,0.503258228302002,1.5,0.015890123456790122,1.5,130
NCI_FCCP_10uM_04,False,mask background,15.21807861328125,1.0076494216918945,0.5978490710258484,1.4297001361846924,0.005338271604938272,1.5,130
NCI_FCCP_10uM_05,False,mask background,15.224876403808594,0.9994708299636841,0.5823787450790405,1.3835742473602295,0.0020753086419753085,1.5,130
NCI_FCCP_10uM_06,False,mask background,15.4014892578125,0.9994985461235046,0.5547188520431519,1.3394989967346191,0.0014185185185185186,1.5,130
NCI_FCCP_10uM_07,False,mask background,15.237043380737305,1.003676176071167,0.5595003962516785,1.3787275552749634,0.003225925925925926,1.5,130
NCI_FCCP_10uM_08,False,mask background,15.206084251403809,1.003028154373169,0.521934449672699,1.4687308073043823,0.00792716049382716,1.5,130
NCI_FCCP_10uM_09,False,mask background,14.942100524902344,1.0078816413879395,0.5584355592727661,1.5,0.011985185185185186,1.5,130
NCI_FCCP_10uM_10,False,mask background,15.06467056274414,1.002143144607544,0.5681132078170776,1.3939100503921509,0.003211111111111111,1.5,130
NCI_FCCP_10uM_11,False,mask background,15.061178207397461,1.005403757095337,0.5748199820518494,1.4442806243896484,0.0060074074074074075,1.5,130
NCI_FCCP_10uM_12,False,mask background,14.800827980041504,1.009438157081604,0.5981667637825012,1.4789353609085083,0.00832962962962963,1.5,130
NCI_FCCP_10uM_13,False,mask background,15.030804634094238,1.0053867101669312,0.5958596467971802,1.386549711227417,0.0027135802469135805,1.5,130
NCI_FCCP_10uM_14,False,mask background,15.038220405578613,1.0001001358032227,0.5640828609466553,1.4048397541046143,0.004292592592592593,1.5,130
NCI_FCCP_10uM_15,False,mask background,14.844799995422363,1.007310152053833,0.5869805216789246,1.420779824256897,0.004790123456790123,1.5,130
NCI_FCCP_10uM_16,False,mask background,15.06528091430664,1.0025811195373535,0.5937973260879517,1.386143445968628,0.004277777777777778,1.5,130
NCI_FCCP_10uM_17,False,mask background,15.026220321655273,1.0002657175064087,0.5607059597969055,1.3449770212173462,0.0015098765432098764,1.5,130
NCI_FCCP_10uM_18,False,mask background,14.801328659057617,0.9971688985824585,0.602304995059967,1.3378323316574097,0.0010938271604938271,1.5,130
NCI_FCCP_10uM_19,False,mask background,14.926518440246582,1.003894567489624,0.5750129222869873,1.4265596866607666,0.004918518518518518,1.5,130
NCI_FCCP_10uM_20,False,mask background,15.025294303894043,1.0019123554229736,0.5812280774116516,1.3563206195831299,0.0014592592592592593,1.5,130
NCI_FCCP_10uM_21,False,mask background,14.852961540222168,1.0073065757751465,0.5702871084213257,1.4019405841827393,0.0032641975308641976,1.5,130
NCI_FCCP_10uM_22,False,mask background,14.673467636108398,1.0150034427642822,0.596527099609375,1.447349190711975,0.006035802469135802,1.5,130
NCI_FCCP_10uM_23,False,mask background,14.90853500366211,1.0046956539154053,0.5932748317718506,1.3710858821868896,0.002208641975308642,1.5,130
NCI_FCCP_10uM_24,False,mask background,14.931417465209961,1.0044338703155518,0.5711619257926941,1.3509036302566528,0.0013530864197530863,1.5,130
NCI_FCCP_10uM_25,False,mask background,14.71856689453125,1.0040338039398193,0.6037191152572632,1.3776500225067139,0.002340740740740741,1.5,130
NCI_FCCP_10uM_26,False,mask background,14.605926513671875,1.0080640316009521,0.5444409847259521,1.4618377685546875,0.007287654320987654,1.5,130
NCI_FCCP_10uM_27,False,mask background,14.700922012329102,1.0035897493362427,0.5652909874916077,1.3758182525634766,0.0017037037037037038,1.5,130
NCI_FCCP_10uM_28,False,mask background,14.634546279907227,1.0031671524047852,0.5822330117225647,1.3593827486038208,0.0013851851851851853,1.5,130
NCI_FCCP_10uM_29,False,mask background,14.488872528076172,1.0087577104568481,0.5727666020393372,1.4612581729888916,0.006816049382716049,1.5,130
NCI_FCCP_10uM_30,False,mask background,14.592254638671875,1.0058274269104004,0.5635926723480225,1.4194180965423584,0.004203703703703703,1.5,130
NCI_FCCP_10uM_31,False,mask background,14.433369636535645,1.003298282623291,0.5823284983634949,1.3907703161239624,0.002069135802469136,1.5,130
NCI_FCCP_10uM_32,False,mask background,14.571776390075684,1.0125281810760498,0.5738329291343689,1.4804438352584839,0.008316049382716049,1.5,130
NCI_FCCP_10uM_33,False,mask background,14.681183815002441,1.0083937644958496,0.5898914337158203,1.4383682012557983,0.005690123456790123,1.5,130
NCI_FCCP_10uM_34,False,mask background,14.745296478271484,1.0096685886383057,0.550550103187561,1.4282500743865967,0.004625925925925926,1.5,130
NCI_FCCP_10uM_35,False,mask background,15.024816513061523,1.0002120733261108,0.5958985090255737,1.3451107740402222,0.000937037037037037,1.5,130
NCI_FCCP_10uM_36,False,mask background,14.726898193359375,1.005960464477539,0.5938562750816345,1.4158509969711304,0.004187654320987655,1.5,130
NCI_FCCP_10uM_37,False,mask background,15.091182708740234,0.9982272386550903,0.5669397115707397,1.3918582201004028,0.004111111111111111,1.5,130
NCI_FCCP_10uM_38,False,mask background,14.99222183227539,1.006640911102295,0.5544273853302002,1.398175597190857,0.0025407407407407405,1.5,130
NCI_FCCP_10uM_39,False,mask background,14.721888542175293,1.0095536708831787,0.5713861584663391,1.4822741746902466,0.008560493827160493,1.5,130
NCI_FCCP_10uM_40,False,mask background,14.69627571105957,1.0155518054962158,0.5678724050521851,1.4831874370574951,0.008387654320987654,1.5,130
NCI_FCCP_10uM_41,False,mask background,14.992609024047852,1.0045830011367798,0.5569708347320557,1.4102424383163452,0.00394074074074074,1.5,130
NCI_FCCP_10uM_42,False,mask background,14.634296417236328,1.0134985446929932,0.5679783821105957,1.4220653772354126,0.0038,1.5,130
NCI_FCCP_10uM_43,False,mask background,15.0418701171875,1.004077434539795,0.563315212726593,1.392756700515747,0.003611111111111111,1.5,130
NCI_FCCP_10uM_44,False,mask background,15.134101867675781,0.9982649087905884,0.5693660974502563,1.335498571395874,0.0008345679012345679,1.5,130
NCI_FCCP_10uM_45,False,mask background,14.952198028564453,1.0022993087768555,0.5638985633850098,1.3717190027236938,0.001960493827160494,1.5,130
NCI_FCCP_10uM_46,False,mask background,14.855413436889648,1.0090705156326294,0.5917534828186035,1.3979458808898926,0.0028358024691358024,1.5,130
NCI_FCCP_10uM_47,False,mask background,14.864974021911621,1.009943962097168,0.595726728439331,1.4152958393096924,0.003976543209876543,1.5,130
NCI_FCCP_10uM_48,False,mask background,14.667905807495117,1.0037345886230469,0.5737382769584656,1.412164330482483,0.004402469135802469,1.5,130
NCI_FCCP_10uM_49,False,mask background,14.785212516784668,1.0065102577209473,0.582057774066925,1.3871586322784424,0.002232098765432099,1.5,130
NCI_FCCP_10uM_50,False,mask background,14.88405990600586,1.0016367435455322,0.5858603119850159,1.3562639951705933,0.0009320987654320988,1.5,130
NCI_Staurosporine_100nM_01,False,mask background,14.506126403808594,1.002772569656372,0.5874859690666199,1.469830870628357,0.007703703703703704,1.5,130
NCI_Staurosporine_100nM_02,False,mask background,14.912670135498047,1.0023787021636963,0.5697426795959473,1.4267412424087524,0.0058,1.5,130
NCI_Staurosporine_100nM_03,False,mask background,14.948278427124023,1.0022737979888916,0.5640917420387268,1.4807010889053345,0.008748148148148149,1.5,130
NCI_Staurosporine_100nM_04,False,mask background,15.018336296081543,1.0032472610473633,0.5087817907333374,1.4829977750778198,0.008737037037037036,1.5,130
NCI_Staurosporine_100nM_05,False,mask background,14.84054183959961,1.002791166305542,0.5595575571060181,1.4588497877120972,0.00724320987654321,1.5,130
NCI_Staurosporine_100nM_06,False,mask background,14.8201322555542,1.00728440284729,0.5521456599235535,1.4986729621887207,0.00991851851851852,1.5,130
NCI_Staurosporine_100nM_07,False,mask background,15.070395469665527,1.0023159980773926,0.5632856488227844,1.4188063144683838,0.004750617283950617,1.5,130
NCI_Staurosporine_100nM_08,False,mask background,14.854318618774414,1.0094939470291138,0.6000731587409973,1.473652958869934,0.007739506172839506,1.5,130
NCI_Staurosporine_100nM_09,False,mask background,14.9326810836792,1.0071070194244385,0.6133953928947449,1.4198299646377563,0.0045123456790123456,1.5,130
NCI_Staurosporine_100nM_10,False,mask background,14.756309509277344,1.0016446113586426,0.6030558943748474,1.4062070846557617,0.004301234567901235,1.5,130
NCI_Staurosporine_100nM_11,False,mask background,15.026937484741211,1.0021225214004517,0.5869280099868774,1.3551729917526245,0.002345679012345679,1.5,130
NCI_Staurosporine_100nM_12,False,mask background,14.742876052856445,1.0040056705474854,0.5490418672561646,1.408692717552185,0.00524320987654321,1.5,130
NCI_Staurosporine_100nM_13,False,mask background,14.985105514526367,1.0048315525054932,0.5497183203697205,1.4053970575332642,0.004076543209876543,1.5,130
NCI_Staurosporine_100nM_14,False,mask background,15.150673866271973,1.0022547245025635,0.5746366381645203,1.354841947555542,0.0016419753086419752,1.5,130
NCI_Staurosporine_100nM_15,False,mask background,14.938249588012695,1.0027668476104736,0.5451061725616455,1.3452000617980957,0.0010802469135802468,1.5,130
NCI_Staurosporine_100nM_16,False,mask background,15.021468162536621,0.9982958436012268,0.5782778263092041,1.4052255153656006,0.0032555555555555554,1.5,130
NCI_Staurosporine_100nM_17,False,mask background,14.733686447143555,1.0045485496520996,0.5809900760650635,1.4357354640960693,0.005387654320987654,1.5,130
NCI_Staurosporine_100nM_18,False,mask background,14.666204452514648,1.010495662689209,0.5796229243278503,1.5,0.01138888888888889,1.5,130
NCI_Staurosporine_100nM_19,False,mask background,15.028889656066895,1.001330852508545,0.5824093818664551,1.3745616674423218,0.0025592592592592594,1.5,130
NCI_Staurosporine_100nM_20,False,mask background,14.855265617370605,1.0024335384368896,0.5631975531578064,1.4117836952209473,0.00405679012345679,1.5,130
NCI_Staurosporine_100nM_21,False,mask background,14.800098419189453,1.0035367012023926,0.569254457950592,1.4561599493026733,0.006334567901234568,1.5,130
NCI_Staurosporine_100nM_22,False,mask background,14.83542537689209,0.9995245933532715,0.5537014007568359,1.4001564979553223,0.00324320987654321,1.5,130
NCI_Staurosporine_100nM_23,False,mask background,14.733474731445312,1.0015003681182861,0.5630955696105957,1.3930283784866333,0.003091358024691358,1.5,130
NCI_Staurosporine_100nM_24,False,mask background,14.80906867980957,0.9955726861953735,0.5786420106887817,1.3923900127410889,0.0031506172839506174,1.5,130
NCI_Staurosporine_100nM_25,False,mask background,14.634657859802246,1.0047481060028076,0.5418949127197266,1.4223694801330566,0.004232098765432099,1.5,130
NCI_Staurosporine_100nM_26,False,mask background,14.62337875366211,1.003305196762085,0.5720453858375549,1.4187413454055786,0.004188888888888889,1.5,130
NCI_Staurosporine_100nM_27,False,mask background,14.758251190185547,0.9987766742706299,0.5693170428276062,1.4042192697525024,0.004197530864197531,1.5,130
NCI_Staurosporine_100nM_28,False,mask background,14.644028663635254,1.00392746925354,0.5686489939689636,1.3927509784698486,0.004314814814814815,1.5,130
NCI_Staurosporine_100nM_29,False,mask background,14.524116516113281,0.9976311922073364,0.5530195832252502,1.4094496965408325,0.004516049382716049,1.5,130
NCI_Staurosporine_100nM_30,False,mask background,14.270645141601562,1.006884217262268,0.5754839181900024,1.4509625434875488,0.0066506172839506175,1.5,130
NCI_Staurosporine_100nM_31,False,mask background,14.46290397644043,1.001737356185913,0.558619499206543,1.39012610912323,0.003514814814814815,1.5,130
NCI_Staurosporine_100nM_32,False,mask background,14.629738807678223,1.0104588270187378,0.5789112448692322,1.4371765851974487,0.00495679012345679,1.5,130
NCI_Staurosporine_100nM_33,False,mask background,14.684125900268555,1.0040148496627808,0.5993894338607788,1.4207148551940918,0.004571604938271605,1.5,130
NCI_Staurosporine_100nM_34,False,mask background,14.704122543334961,1.0031461715698242,0.5881548523902893,1.3920314311981201,0.0029382716049382715,1.5,130
NCI_Staurosporine_100nM_35,False,mask background,8.922271728515625,1.018339991569519,0.3755311667919159,1.5,0.08161851851851852,1.5,130
NCI_Staurosporine_100nM_36,False,mask background,14.705757141113281,1.0037713050842285,0.5866726040840149,1.415374517440796,0.005149382716049383,1.5,130
NCI_Staurosporine_100nM_37,False,mask background,14.590009689331055,1.0028177499771118,0.5911633372306824,1.4119397401809692,0.0043864197530864195,1.5,130
NCI_Staurosporine_100nM_38,False,mask background,14.696953773498535,1.0019155740737915,0.5869887471199036,1.3887746334075928,0.0031,1.5,130
NCI_Staurosporine_100nM_39,False,mask background,14.409442901611328,1.0111632347106934,0.5925353765487671,1.437456488609314,0.004990123456790123,1.5,130
NCI_Staurosporine_100nM_40,False,mask background,14.613279342651367,1.004492163658142,0.5626353621482849,1.4189954996109009,0.003988888888888889,1.5,130
NCI_Staurosporine_100nM_41,False,mask background,14.678594589233398,0.9997937679290771,0.5562977194786072,1.3754976987838745,0.002123456790123457,1.5,130
NCI_Staurosporine_100nM_42,False,mask background,9.082499504089355,1.0168120861053467,0.46396082639694214,1.5,0.06202469135802469,1.5,130
NCI_Staurosporine_100nM_43,False,mask background,14.601827621459961,1.0041720867156982,0.5952472686767578,1.392677664756775,0.0038925925925925925,1.5,130
NCI_Staurosporine_100nM_44,False,mask background,14.545639038085938,1.002753734588623,0.5484330654144287,1.359860897064209,0.0017,1.5,130
NCI_Staurosporine_100nM_45,False,mask background,14.475503921508789,1.0023236274719238,0.5836732387542725,1.3687193393707275,0.001428395061728395,1.5,130
NCI_Staurosporine_100nM_46,False,mask background,14.270109176635742,1.0034074783325195,0.6029374599456787,1.3658630847930908,0.0016962962962962962,1.5,130
NCI_Staurosporine_100nM_47,False,mask background,14.18278980255127,1.0086160898208618,0.6013156175613403,1.431380271911621,0.005009876543209876,1.5,130
NCI_Staurosporine_100nM_48,False,mask background,14.074006080627441,0.9995847940444946,0.5671257972717285,1.4123659133911133,0.004717283950617284,1.5,130
NCI_Staurosporine_100nM_49,False,mask background,14.34107780456543,1.0028854608535767,0.58733069896698,1.3812670707702637,0.0023716049382716048,1.5,130
NCI_Staurosporine_100nM_50,False,mask background,14.465007781982422,1.0027267932891846,0.5975580215454102,1.323272705078125,0.0006679012345679013,1.5,130
NCI_rotenone_500nM_01,False,mask background,14.656035423278809,1.0113484859466553,0.519511878490448,1.4932031631469727,0.009430864197530864,1.5,130
NCI_rotenone_500nM_02,False,mask background,14.725642204284668,1.0099470615386963,0.5392751097679138,1.478479027748108,0.008583950617283951,1.5,130
NCI_rotenone_500nM_03,False,mask background,14.896428108215332,1.005940556526184,0.5202102661132812,1.5,0.010351851851851852,1.5,130
NCI_rotenone_500nM_04,False,mask background,14.785354614257812,1.0069555044174194,0.5455865859985352,1.4681037664413452,0.007882716049382716,1.5,130
NCI_rotenone_500nM_05,False,mask background,14.760602951049805,1.0026874542236328,0.5471346378326416,1.451139211654663,0.006476543209876544,1.5,130
NCI_rotenone_500nM_06,False,mask background,14.61233901977539,1.007461667060852,0.5002819895744324,1.5,0.01305679012345679,1.5,130
NCI_rotenone_500nM_07,False,mask background,14.650815963745117,1.0077323913574219,0.479674369096756,1.5,0.016985185185185186,1.5,130
NCI_rotenone_500nM_08,False,mask background,14.717909812927246,1.006563663482666,0.4559412896633148,1.5,0.012965432098765432,1.5,130
NCI_rotenone_500nM_09,False,mask background,14.712933540344238,1.0055955648422241,0.48887261748313904,1.5,0.01104320987654321,1.5,130
NCI_rotenone_500nM_10,False,mask background,14.142884254455566,1.005344033241272,0.543509304523468,1.4980790615081787,0.009903703703703704,1.5,130
NCI_rotenone_500nM_11,False,mask background,14.816102027893066,1.0045444965362549,0.504515528678894,1.5,0.011064197530864198,1.5,130
NCI_rotenone_500nM_12,False,mask background,14.876171112060547,1.0034140348434448,0.5695561170578003,1.3924946784973145,0.004808641975308642,1.5,130
NCI_rotenone_500nM_13,False,mask background,14.778633117675781,1.001225233078003,0.5662550926208496,1.387429118156433,0.003946913580246914,1.5,130
NCI_rotenone_500nM_14,False,mask background,14.956876754760742,0.9999595284461975,0.5517622828483582,1.3573418855667114,0.003008641975308642,1.5,130
NCI_rotenone_500nM_15,False,mask background,14.34001636505127,1.0165014266967773,0.5636141300201416,1.5,0.015018518518518518,1.5,130
NCI_rotenone_500nM_16,False,mask background,14.199453353881836,1.013289213180542,0.5487287640571594,1.5,0.011409876543209876,1.5,130
NCI_rotenone_500nM_17,False,mask background,14.309560775756836,1.0176289081573486,0.5209693312644958,1.5,0.011739506172839507,1.5,130
NCI_rotenone_500nM_18,False,mask background,14.498641967773438,1.009663462638855,0.5254628658294678,1.5,0.011748148148148148,1.5,130
NCI_rotenone_500nM_19,False,mask background,14.443804740905762,1.010947823524475,0.4820297360420227,1.5,0.012646913580246914,1.5,130
NCI_rotenone_500nM_20,False,mask background,14.287458419799805,1.01241135597229,0.5022764205932617,1.5,0.014844444444444445,1.5,130
NCI_rotenone_500nM_21,False,mask background,14.206724166870117,1.0064845085144043,0.5112749338150024,1.5,0.01492716049382716,1.5,130
NCI_rotenone_500nM_22,False,mask background,14.151384353637695,1.0039911270141602,0.4990761876106262,1.5,0.011150617283950618,1.5,130
NCI_rotenone_500nM_23,False,mask background,14.416511535644531,1.0052430629730225,0.48945143818855286,1.4015740156173706,0.0036358024691358023,1.5,130
NCI_rotenone_500nM_24,False,mask background,14.121294021606445,1.0110273361206055,0.4929617941379547,1.449713945388794,0.005895061728395061,1.5,130
NCI_rotenone_500nM_25,False,mask background,13.986715316772461,1.0111135244369507,0.5160378813743591,1.5,0.015355555555555556,1.5,130
NCI_rotenone_500nM_26,False,mask background,14.171072006225586,1.0078628063201904,0.5044282674789429,1.5,0.011248148148148148,1.5,130
NCI_rotenone_500nM_27,False,mask background,14.039674758911133,1.0115654468536377,0.4505258798599243,1.5,0.01342962962962963,1.5,130
NCI_rotenone_500nM_28,False,mask background,14.414804458618164,1.0061566829681396,0.5357141494750977,1.4277217388153076,0.004922222222222222,1.5,130
NCI_rotenone_500nM_29,False,mask background,14.15048599243164,1.017660140991211,0.5600664615631104,1.5,0.01070246913580247,1.5,130
NCI_rotenone_500nM_30,False,mask background,14.438078880310059,1.011587381362915,0.5299395322799683,1.449610948562622,0.005937037037037037,1.5,130
NCI_rotenone_500nM_31,False,mask background,14.546451568603516,1.0097062587738037,0.5792940855026245,1.453706979751587,0.0067666666666666665,1.5,130
NCI_rotenone_500nM_32,False,mask background,14.251411437988281,1.007018804550171,0.5500142574310303,1.4446319341659546,0.0062481481481481485,1.5,130
NCI_rotenone_500nM_33,False,mask background,14.401910781860352,1.0120820999145508,0.5240901708602905,1.431003451347351,0.004893827160493827,1.5,130
NCI_rotenone_500nM_34,False,mask background,14.299310684204102,1.003717303276062,0.49103811383247375,1.4545115232467651,0.00655679012345679,1.5,130
NCI_rotenone_500nM_35,False,mask background,14.324865341186523,1.0040926933288574,0.5178594589233398,1.4978030920028687,0.009876543209876543,1.5,130
NCI_rotenone_500nM_36,False,mask background,14.157757759094238,1.0063949823379517,0.5242470502853394,1.5,0.01252962962962963,1.5,130
NCI_rotenone_500nM_37,False,mask background,14.394017219543457,1.0071890354156494,0.471673846244812,1.5,0.0103679012345679,1.5,130
NCI_rotenone_500nM_38,False,mask background,14.32347583770752,1.0121413469314575,0.5502918362617493,1.4963397979736328,0.009687654320987654,1.5,130
NCI_rotenone_500nM_39,False,mask background,9.143909454345703,1.0373706817626953,0.4584859609603882,1.5,0.0947074074074074,1.5,130
NCI_rotenone_500nM_40,False,mask background,14.521124839782715,1.0030540227890015,0.49182432889938354,1.5,0.01120246913580247,1.5,130
NCI_rotenone_500nM_41,False,mask background,14.671041488647461,1.0028376579284668,0.5502346754074097,1.386396884918213,0.0034123456790123457,1.5,130
NCI_rotenone_500nM_42,False,mask background,14.50524616241455,1.0062909126281738,0.5541803240776062,1.450167179107666,0.006483950617283951,1.5,130
NCI_rotenone_500nM_43,False,mask background,14.55333137512207,1.0078449249267578,0.5373940467834473,1.4205690622329712,0.004876543209876543,1.5,130
NCI_rotenone_500nM_44,False,mask background,14.444965362548828,1.008188247680664,0.5346919894218445,1.4339861869812012,0.00572962962962963,1.5,130
NCI_rotenone_500nM_45,False,mask background,14.255359649658203,1.0120816230773926,0.5387815237045288,1.45038902759552,0.00607283950617284,1.5,130
NCI_rotenone_500nM_46,False,mask background,14.529988288879395,1.0013954639434814,0.5399631261825562,1.3742858171463013,0.0020839506172839507,1.5,130
NCI_rotenone_500nM_47,False,mask background,14.35380744934082,1.007413625717163,0.5379635691642761,1.4474081993103027,0.00677037037037037,1.5,130
NCI_rotenone_500nM_48,False,mask background,14.415923118591309,1.0093989372253418,0.5543327927589417,1.4342255592346191,0.0052950617283950615,1.5,130
NCI_rotenone_500nM_49,False,mask background,14.378684997558594,1.0121322870254517,0.5398301482200623,1.434641718864441,0.006074074074074074,1.5,130
NCI_rotenone_500nM_50,False,mask background,14.452439308166504,1.0041608810424805,0.5269725322723389,1.4099048376083374,0.004195061728395062,1.5,130
SNU_01,False,mask background,10.30763053894043,1.0151934623718262,0.467471182346344,1.5,0.05414074074074074,1.5,130
SNU_02,False,mask background,15.909589767456055,1.0063600540161133,0.5765650272369385,1.3694180250167847,0.0016876543209876542,1.5,130
SNU_03,False,mask background,15.69615364074707,1.0120609998703003,0.5586169958114624,1.4054312705993652,0.00424320987654321,1.5,130
SNU_04,False,mask background,15.979990005493164,1.0022895336151123,0.5848488807678223,1.3617035150527954,0.0025444444444444447,1.5,130
SNU_05,False,mask background,15.904243469238281,1.0037598609924316,0.5855525135993958,1.3639533519744873,0.0016283950617283951,1.5,130
SNU_06,False,mask background,15.971224784851074,1.000709056854248,0.5748978853225708,1.3133713006973267,0.00023950617283950617,1.5,130
SNU_07,False,mask background,15.90738296508789,1.0038954019546509,0.5927330851554871,1.3496466875076294,0.002760493827160494,1.5,130
SNU_08,False,mask background,15.82791805267334,1.0058460235595703,0.5834147334098816,1.3617587089538574,0.0022049382716049382,1.5,130
SNU_09,False,mask background,15.852945327758789,1.0072177648544312,0.5941965579986572,1.3541104793548584,0.001308641975308642,1.5,130
SNU_100,False,mask background,14.290770530700684,1.003465175628662,0.4947270452976227,1.4012396335601807,0.0017864197530864199,1.5,130
SNU_10,False,mask background,15.68598747253418,1.006056308746338,0.6050814390182495,1.3558100461959839,0.0016111111111111111,1.5,130
SNU_11,False,mask background,15.868270874023438,1.0075626373291016,0.5944355130195618,1.3399031162261963,0.0005864197530864197,1.5,130
SNU_12,False,mask background,15.938850402832031,1.003403902053833,0.5829222798347473,1.343275785446167,0.0015901234567901234,1.5,130
SNU_13,False,mask background,15.871099472045898,0.9967976808547974,0.5862270593643188,1.3057210445404053,0.00043950617283950615,1.5,130
SNU_14,False,mask background,15.937082290649414,1.0033196210861206,0.577034592628479,1.316764235496521,0.0005246913580246914,1.5,130
SNU_15,False,mask background,15.802560806274414,1.0044180154800415,0.5804272890090942,1.3837065696716309,0.00314320987654321,1.5,130
SNU_16,False,mask background,15.83615779876709,1.0051625967025757,0.5743822455406189,1.3343627452850342,0.0002851851851851852,1.5,130
SNU_17,False,mask background,15.75119400024414,1.0043431520462036,0.5862170457839966,1.3728513717651367,0.0019148148148148147,1.5,130
SNU_18,False,mask background,15.445455551147461,1.0109138488769531,0.604188859462738,1.3881150484085083,0.002171604938271605,1.5,130
SNU_19,False,mask background,15.73019027709961,1.0041027069091797,0.5910583734512329,1.3512860536575317,0.0013790123456790123,1.5,130
SNU_20,False,mask background,15.664863586425781,1.003968358039856,0.5731512904167175,1.3594096899032593,0.002249382716049383,1.5,130
SNU_21,False,mask background,15.749394416809082,0.9998289346694946,0.6052970886230469,1.3330845832824707,0.0011234567901234568,1.5,130
SNU_22,False,mask background,15.660972595214844,1.0088212490081787,0.592430591583252,1.3494899272918701,0.0011358024691358025,1.5,130
SNU_23,False,mask background,15.873908996582031,0.9978591799736023,0.5737971663475037,1.3155144453048706,0.0002851851851851852,1.5,130
SNU_24,False,mask background,15.692367553710938,1.0050370693206787,0.6045339703559875,1.3345167636871338,0.0008506172839506173,1.5,130
SNU_25,False,mask background,15.641651153564453,1.0055251121520996,0.5934392213821411,1.342145562171936,0.0016728395061728395,1.5,130
SNU_26,False,mask background,15.430840492248535,1.0119071006774902,0.5999154448509216,1.3875333070755005,0.002266666666666667,1.5,130
SNU_27,False,mask background,15.119406700134277,1.0064561367034912,0.5794833302497864,1.355878472328186,0.0013246913580246913,1.5,130
SNU_28,False,mask background,15.721697807312012,1.0021570920944214,0.6096637845039368,1.3281795978546143,0.0006111111111111111,1.5,130
SNU_29,False,mask background,15.843330383300781,0.9964336156845093,0.6025913953781128,1.3365834951400757,0.000717283950617284,1.5,130
SNU_30,False,mask background,15.563497543334961,1.0069842338562012,0.6011353731155396,1.365623116493225,0.0018641975308641976,1.5,130
SNU_31,False,mask background,15.677772521972656,0.9996353387832642,0.5901548266410828,1.3240853548049927,0.00036790123456790125,1.5,130
SNU_32,False,mask background,15.48855972290039,1.0035004615783691,0.6080017685890198,1.3314759731292725,0.0002641975308641975,1.5,130
SNU_33,False,mask background,15.635577201843262,1.0012222528457642,0.5875427722930908,1.3102315664291382,0.00025925925925925926,1.5,130
SNU_34,False,mask background,15.475790977478027,1.0007057189941406,0.5972395539283752,1.3332161903381348,0.0003641975308641975,1.5,130
SNU_35,False,mask background,15.349824905395508,1.0028324127197266,0.5909989476203918,1.3776553869247437,0.001519753086419753,1.5,130
SNU_36,False,mask background,15.505459785461426,0.9987062811851501,0.5860680341720581,1.3135572671890259,0.00018395061728395062,1.5,130
SNU_37,False,mask background,15.424341201782227,1.0027203559875488,0.5920105576515198,1.3480651378631592,0.0008185185185185186,1.5,130
SNU_38,False,mask background,15.356884002685547,1.0030527114868164,0.5942023992538452,1.40663480758667,0.004149382716049383,1.5,130
SNU_39,False,mask background,15.52000617980957,1.0017858743667603,0.5933721661567688,1.314523696899414,3.45679012345679e-05,1.5,130
SNU_40,False,mask background,15.247686386108398,1.0068707466125488,0.6009315252304077,1.4045403003692627,0.003812345679012346,1.5,130
SNU_41,False,mask background,15.479881286621094,0.9970468282699585,0.5614800453186035,1.3299922943115234,0.00034814814814814816,1.5,130
SNU_42,False,mask background,15.535395622253418,0.9922686815261841,0.5784724950790405,1.3207944631576538,0.00016790123456790124,1.5,130
SNU_43,False,mask background,15.495869636535645,0.9956614971160889,0.5657038688659668,1.3248555660247803,0.00016790123456790124,1.5,130
SNU_44,False,mask background,15.4329252243042,0.9907379150390625,0.5640038847923279,1.3266187906265259,0.0006432098765432099,1.5,130
SNU_45,False,mask background,15.233875274658203,1.0060542821884155,0.582152247428894,1.3404580354690552,0.0006777777777777778,1.5,130
SNU_46,False,mask background,15.30264663696289,1.000331163406372,0.5591462850570679,1.3418880701065063,0.0009469135802469136,1.5,130
SNU_47,False,mask background,15.436651229858398,0.9980085492134094,0.5449938774108887,1.3267256021499634,0.0006481481481481481,1.5,130
SNU_48,False,mask background,15.117537498474121,1.005692958831787,0.5651234984397888,1.3504842519760132,0.0018382716049382716,1.5,130
SNU_49,False,mask background,14.977273941040039,1.000185251235962,0.5557923316955566,1.332579493522644,0.0004333333333333333,1.5,130
SNU_50,False,mask background,15.280108451843262,0.997429609298706,0.5636911988258362,1.3094011545181274,7.407407407407407e-05,1.5,130
SNU_51,False,mask background,15.020009994506836,1.0022506713867188,0.5571828484535217,1.333674430847168,0.0008617283950617284,1.5,130
SNU_52,False,mask background,15.089463233947754,1.0027636289596558,0.5561181902885437,1.3523176908493042,0.0012987654320987655,1.5,130
SNU_53,False,mask background,15.205302238464355,0.9985344409942627,0.55820631980896,1.311061978340149,0.0010049382716049383,1.5,130
SNU_54,False,mask background,15.078224182128906,1.0030299425125122,0.5469610095024109,1.3276687860488892,0.00038271604938271603,1.5,130
SNU_55,False,mask background,14.928053855895996,1.0054786205291748,0.5594419240951538,1.337166666984558,0.0010074074074074074,1.5,130
SNU_56,False,mask background,14.946436882019043,1.0111114978790283,0.5727682709693909,1.3392934799194336,0.0004493827160493827,1.5,130
SNU_57,False,mask background,14.912078857421875,1.0090465545654297,0.564227819442749,1.3537565469741821,0.0009432098765432098,1.5,130
SNU_58,False,mask background,14.847954750061035,1.0058205127716064,0.5741665363311768,1.3276050090789795,0.00020246913580246914,1.5,130
SNU_59,False,mask background,15.15732192993164,0.9985927939414978,0.5725637674331665,1.3139421939849854,1.4814814814814815e-05,1.5,130
SNU_60,False,mask background,14.911998748779297,1.0094773769378662,0.5914710164070129,1.3562383651733398,0.001128395061728395,1.5,130
SNU_61,False,mask background,14.809837341308594,1.0066701173782349,0.5843113660812378,1.347458004951477,0.0008086419753086419,1.5,130
SNU_62,False,mask background,14.812681198120117,1.0051677227020264,0.5958521366119385,1.3532952070236206,0.0019444444444444444,1.5,130
SNU_63,False,mask background,15.037161827087402,1.0003066062927246,0.5504782199859619,1.3910725116729736,0.0022987654320987655,1.5,130
SNU_64,False,mask background,14.711275100708008,1.0098588466644287,0.5641250014305115,1.5,0.011253086419753087,1.5,130
SNU_65,False,mask background,14.924886703491211,1.0050023794174194,0.5582097172737122,1.3843073844909668,0.0015691358024691358,1.5,130
SNU_66,False,mask background,15.065037727355957,1.0105924606323242,0.5370869040489197,1.355068564414978,0.0003938271604938272,1.5,130
SNU_67,False,mask background,15.205841064453125,0.994753360748291,0.5579066276550293,1.3347086906433105,0.0005234567901234568,1.5,130
SNU_68,False,mask background,14.876533508300781,1.011456847190857,0.5796560049057007,1.3625167608261108,0.0009320987654320988,1.5,130
SNU_69,False,mask background,14.827171325683594,1.0104701519012451,0.567812442779541,1.3689281940460205,0.0007012345679012345,1.5,130
SNU_70,False,mask background,14.828571319580078,1.0030856132507324,0.5717048645019531,1.398048758506775,0.0008641975308641976,1.5,130
SNU_71,False,mask background,14.775797843933105,1.0096478462219238,0.5551913976669312,1.392087697982788,0.0018358024691358026,1.5,130
SNU_72,False,mask background,14.990677833557129,1.004394292831421,0.5348971486091614,1.361409306526184,0.0009962962962962963,1.5,130
SNU_73,False,mask background,14.874388694763184,1.001922607421875,0.5580350756645203,1.3667280673980713,0.001317283950617284,1.5,130
SNU_74,False,mask background,14.78778076171875,1.0070998668670654,0.5544429421424866,1.3534654378890991,0.000245679012345679,1.5,130
SNU_75,False,mask background,15.004106521606445,0.9964118003845215,0.5386728644371033,1.350229024887085,0.0004160493827160494,1.5,130
SNU_76,False,mask background,14.647232055664062,1.0016282796859741,0.5595180988311768,1.356153964996338,0.0006777777777777778,1.5,130
SNU_77,False,mask background,14.760783195495605,1.005587100982666,0.5502148866653442,1.3805506229400635,0.0010493827160493827,1.5,130
SNU_78,False,mask background,14.664163589477539,1.0143311023712158,0.5643837451934814,1.3952147960662842,0.0020308641975308643,1.5,130
SNU_79,False,mask background,14.773475646972656,1.005050539970398,0.5549601316452026,1.3619132041931152,0.0011580246913580248,1.5,130
SNU_80,False,mask background,14.662395477294922,1.0060917139053345,0.5436196327209473,1.382398247718811,0.0012481481481481482,1.5,130
SNU_81,False,mask background,14.473403930664062,1.00960373878479,0.5391017198562622,1.401013731956482,0.0017740740740740742,1.5,130
SNU_82,False,mask background,14.16544246673584,1.0051279067993164,0.5390228033065796,1.366823434829712,0.0006691358024691358,1.5,130
SNU_83,False,mask background,14.498896598815918,1.0067799091339111,0.5241398215293884,1.4113844633102417,0.0032691358024691357,1.5,130
SNU_84,False,mask background,14.559507369995117,1.0088557004928589,0.5424612164497375,1.3739522695541382,0.001,1.5,130
SNU_85,False,mask background,14.756441116333008,1.0031273365020752,0.5513705611228943,1.361358642578125,0.0011827160493827161,1.5,130
SNU_86,False,mask background,14.701881408691406,1.0040814876556396,0.5368432998657227,1.344944953918457,0.000937037037037037,1.5,130
SNU_87,False,mask background,14.537374496459961,1.009464979171753,0.5371026396751404,1.400319218635559,0.002806172839506173,1.5,130
SNU_88,False,mask background,14.522100448608398,1.0069197416305542,0.51978600025177,1.369758129119873,0.002230864197530864,1.5,130
SNU_89,False,mask background,14.525798797607422,1.004717469215393,0.524566113948822,1.3642048835754395,0.0017197530864197532,1.5,130
SNU_90,False,mask background,14.537393569946289,1.0054502487182617,0.5297408103942871,1.3450701236724854,0.0006777777777777778,1.5,130
SNU_91,False,mask background,14.538666725158691,0.998927891254425,0.5118582844734192,1.332353115081787,0.00010617283950617284,1.5,130
SNU_92,False,mask background,14.692024230957031,0.9955836534500122,0.5125070810317993,1.3627123832702637,0.0010925925925925925,1.5,130
SNU_93,False,mask background,14.583832740783691,0.9950433969497681,0.5119429230690002,1.3685648441314697,0.0009123456790123457,1.5,130
SNU_94,False,mask background,14.434900283813477,1.0054893493652344,0.5079554915428162,1.3888211250305176,0.0023925925925925924,1.5,130
SNU_95,False,mask background,14.55781364440918,0.9989546537399292,0.5070948600769043,1.358727216720581,0.0011888888888888889,1.5,130
SNU_96,False,mask background,14.451830863952637,0.9961016178131104,0.49721336364746094,1.3601499795913696,0.0028148148148148147,1.5,130
SNU_97,False,mask background,14.303414344787598,1.0083234310150146,0.5009464025497437,1.3923619985580444,0.0019049382716049383,1.5,130
SNU_98,False,mask background,14.36185073852539,1.0061719417572021,0.5190937519073486,1.35396146774292,0.00041728395061728396,1.5,130
SNU_99,False,mask background,14.537446975708008,0.9988081455230713,0.49712908267974854,1.3405699729919434,0.0001654320987654321,1.5,130
SNU_FCCP_10uM_01,False,mask background,15.407831192016602,0.9956527948379517,0.5529336333274841,1.3408020734786987,0.0015876543209876544,1.5,130
SNU_FCCP_10uM_02,False,mask background,15.234506607055664,1.003787875175476,0.5743060111999512,1.375427484512329,0.001917283950617284,1.5,130
SNU_FCCP_10uM_03,False,mask background,15.096285820007324,1.0106430053710938,0.5838370323181152,1.377267599105835,0.001837037037037037,1.5,130
SNU_FCCP_10uM_04,False,mask background,15.21756649017334,1.0009534358978271,0.5485466122627258,1.351090908050537,0.0011888888888888889,1.5,130
SNU_FCCP_10uM_05,False,mask background,15.113935470581055,1.0066176652908325,0.5640434622764587,1.3710517883300781,0.0012481481481481482,1.5,130
SNU_FCCP_10uM_06,False,mask background,15.05517864227295,1.007188081741333,0.5512603521347046,1.3856674432754517,0.001808641975308642,1.5,130
SNU_FCCP_10uM_07,False,mask background,14.919313430786133,1.0059921741485596,0.5507336258888245,1.407652735710144,0.004355555555555555,1.5,130
SNU_FCCP_10uM_08,False,mask background,15.139355659484863,1.0027748346328735,0.5398574471473694,1.3463711738586426,0.000891358024691358,1.5,130
SNU_FCCP_10uM_09,False,mask background,15.008007049560547,1.0016907453536987,0.5520678162574768,1.434646725654602,0.006174074074074074,1.5,130
SNU_FCCP_10uM_10,False,mask background,15.019174575805664,1.003380298614502,0.5635539889335632,1.3886176347732544,0.002611111111111111,1.5,130
SNU_FCCP_10uM_11,False,mask background,14.886205673217773,1.0082011222839355,0.5640261173248291,1.3838149309158325,0.002219753086419753,1.5,130
SNU_FCCP_10uM_12,False,mask background,15.015233993530273,1.0006157159805298,0.555158793926239,1.348595142364502,0.0009925925925925927,1.5,130
SNU_FCCP_10uM_13,False,mask background,15.055773735046387,1.0002574920654297,0.5706212520599365,1.3403396606445312,0.0010530864197530864,1.5,130
SNU_FCCP_10uM_14,False,mask background,14.93757152557373,1.0034645795822144,0.5518650412559509,1.3413605690002441,0.0007185185185185185,1.5,130
SNU_FCCP_10uM_15,False,mask background,14.696441650390625,1.0092425346374512,0.5629315376281738,1.377007246017456,0.001371604938271605,1.5,130
SNU_FCCP_10uM_16,False,mask background,14.766301155090332,0.9993199110031128,0.5596579313278198,1.3668053150177002,0.001591358024691358,1.5,130
SNU_FCCP_10uM_17,False,mask background,14.72778606414795,1.0051641464233398,0.5655356645584106,1.3667147159576416,0.0014901234567901234,1.5,130
SNU_FCCP_10uM_18,False,mask background,14.596156120300293,1.010209321975708,0.5796439051628113,1.3972840309143066,0.0029,1.5,130
SNU_FCCP_10uM_19,False,mask background,14.648882865905762,1.0030680894851685,0.5871483683586121,1.3338110446929932,0.00023333333333333333,1.5,130
SNU_FCCP_10uM_20,False,mask background,14.55488109588623,1.0051259994506836,0.572735607624054,1.3617995977401733,0.0016444444444444445,1.5,130
SNU_FCCP_10uM_21,False,mask background,14.643409729003906,1.0062627792358398,0.5863925218582153,1.3814948797225952,0.0032049382716049383,1.5,130
SNU_FCCP_10uM_22,False,mask background,14.667842864990234,1.0046212673187256,0.5647473335266113,1.3714091777801514,0.002459259259259259,1.5,130
SNU_FCCP_10uM_23,False,mask background,14.545997619628906,1.0049316883087158,0.5620291233062744,1.4205325841903687,0.004161728395061728,1.5,130
SNU_FCCP_10uM_24,False,mask background,14.401714324951172,1.0104694366455078,0.561150074005127,1.416992425918579,0.0032617283950617283,1.5,130
SNU_FCCP_10uM_25,False,mask background,14.418342590332031,1.0073446035385132,0.5624662041664124,1.4094353914260864,0.003487654320987654,1.5,130
SNU_FCCP_10uM_26,False,mask background,14.490093231201172,1.01005220413208,0.585791826248169,1.3764569759368896,0.001334567901234568,1.5,130
SNU_FCCP_10uM_27,False,mask background,14.372894287109375,1.0182801485061646,0.5606734752655029,1.423916220664978,0.004387654320987654,1.5,130
SNU_FCCP_10uM_28,False,mask background,14.669695854187012,1.000496745109558,0.5284959673881531,1.3661972284317017,0.0022185185185185185,1.5,130
SNU_FCCP_10uM_29,False,mask background,14.735638618469238,1.0063447952270508,0.5251855850219727,1.3662656545639038,0.001437037037037037,1.5,130
SNU_FCCP_10uM_30,False,mask background,14.66644287109375,1.0052485466003418,0.5321144461631775,1.4043751955032349,0.004471604938271605,1.5,130
SNU_FCCP_10uM_31,False,mask background,14.713683128356934,1.0068440437316895,0.5359403491020203,1.4145312309265137,0.003445679012345679,1.5,130
SNU_FCCP_10uM_32,False,mask background,14.84503173828125,1.0054926872253418,0.5281847715377808,1.350919246673584,0.000791358024691358,1.5,130
SNU_FCCP_10uM_33,False,mask background,14.785503387451172,1.0010759830474854,0.5233373045921326,1.3580113649368286,0.0021222222222222224,1.5,130
SNU_FCCP_10uM_34,False,mask background,14.595834732055664,1.0059568881988525,0.5006653070449829,1.4398549795150757,0.006059259259259259,1.5,130
SNU_FCCP_10uM_35,False,mask background,14.508865356445312,1.0050816535949707,0.5110515356063843,1.405845046043396,0.003351851851851852,1.5,130
SNU_FCCP_10uM_36,False,mask background,14.538297653198242,1.0090210437774658,0.5150933861732483,1.462605357170105,0.007475308641975309,1.5,130
SNU_FCCP_10uM_37,False,mask background,14.351848602294922,1.0104293823242188,0.5005906224250793,1.4925137758255005,0.009471604938271604,1.5,130
SNU_FCCP_10uM_38,False,mask background,14.246374130249023,1.0054880380630493,0.5302160978317261,1.3791974782943726,0.0017333333333333333,1.5,130
SNU_FCCP_10uM_39,False,mask background,14.291772842407227,1.0076299905776978,0.5231156349182129,1.4122282266616821,0.0038382716049382717,1.5,130
SNU_FCCP_10uM_40,False,mask background,14.363311767578125,1.0107457637786865,0.5164157152175903,1.4437700510025024,0.005137037037037037,1.5,130
SNU_FCCP_10uM_41,False,mask background,14.369150161743164,1.0046937465667725,0.5416687726974487,1.3687711954116821,0.0007641975308641975,1.5,130
SNU_FCCP_10uM_42,False,mask background,14.345098495483398,1.0057450532913208,0.541675865650177,1.3807975053787231,0.001851851851851852,1.5,130
SNU_FCCP_10uM_43,False,mask background,14.62567138671875,1.0077133178710938,0.5536828637123108,1.3741306066513062,0.0015703703703703704,1.5,130
SNU_FCCP_10uM_44,False,mask background,14.467092514038086,1.0074719190597534,0.5554034113883972,1.4072704315185547,0.0033382716049382716,1.5,130
SNU_FCCP_10uM_45,False,mask background,14.638622283935547,1.0029892921447754,0.524176299571991,1.360499620437622,0.0017604938271604939,1.5,130
SNU_FCCP_10uM_46,False,mask background,14.445927619934082,1.0040106773376465,0.5496476888656616,1.3632829189300537,0.001360493827160494,1.5,130
SNU_FCCP_10uM_47,False,mask background,14.475595474243164,1.0105904340744019,0.5969898104667664,1.4388588666915894,0.005382716049382716,1.5,130
SNU_FCCP_10uM_48,False,mask background,14.537263870239258,1.001573085784912,0.596528172492981,1.3834139108657837,0.0026950617283950616,1.5,130
SNU_FCCP_10uM_49,False,mask background,14.514986991882324,1.0055067539215088,0.5811817646026611,1.3782072067260742,0.0025419753086419754,1.5,130
SNU_FCCP_10uM_50,False,mask background,14.46141529083252,1.0064592361450195,0.5799885988235474,1.3675727844238281,0.0012185185185185185,1.5,130
SNU_Rotenone_500nM_01,False,mask background,14.11760139465332,1.008481740951538,0.5347339510917664,1.4459878206253052,0.005519753086419753,1.5,130
SNU_Rotenone_500nM_02,False,mask background,14.165864944458008,1.0047838687896729,0.5407626032829285,1.3894286155700684,0.0026049382716049384,1.5,130
SNU_Rotenone_500nM_03,False,mask background,14.159753799438477,1.0096967220306396,0.5426732897758484,1.4648864269256592,0.007882716049382716,1.5,130
SNU_Rotenone_500nM_04,False,mask background,14.035852432250977,1.006452202796936,0.5199435949325562,1.421701192855835,0.005230864197530864,1.5,130
SNU_Rotenone_500nM_05,False,mask background,14.224922180175781,1.0030280351638794,0.49380242824554443,1.379673719406128,0.002254320987654321,1.5,130
SNU_Rotenone_500nM_06,False,mask background,14.232206344604492,1.0001275539398193,0.5364869832992554,1.383257269859314,0.003671604938271605,1.5,130
SNU_Rotenone_500nM_07,False,mask background,13.99303150177002,1.0103123188018799,0.5457047820091248,1.4427062273025513,0.005437037037037037,1.5,130
SNU_Rotenone_500nM_08,False,mask background,14.14319133758545,1.0054595470428467,0.5381442308425903,1.3590385913848877,0.0009493827160493827,1.5,130
SNU_Rotenone_500nM_09,False,mask background,14.012171745300293,1.0086588859558105,0.5161904096603394,1.4418363571166992,0.004525925925925926,1.5,130
SNU_Rotenone_500nM_10,False,mask background,13.978780746459961,1.004599928855896,0.5145523548126221,1.384132981300354,0.002523456790123457,1.5,130
SNU_Rotenone_500nM_11,False,mask background,13.752878189086914,1.0087774991989136,0.5239781141281128,1.4859473705291748,0.008655555555555555,1.5,130
SNU_Rotenone_500nM_12,False,mask background,13.970519065856934,1.0169823169708252,0.5501289367675781,1.4526487588882446,0.005866666666666667,1.5,130
SNU_Rotenone_500nM_13,False,mask background,13.888819694519043,1.015270471572876,0.54733806848526,1.4743059873580933,0.007641975308641975,1.5,130
SNU_Rotenone_500nM_14,False,mask background,14.10318660736084,1.003224492073059,0.591160237789154,1.351279616355896,0.0011604938271604938,1.5,130
SNU_Rotenone_500nM_15,False,mask background,14.25342845916748,0.9990485906600952,0.552702784538269,1.3161784410476685,5.679012345679012e-05,1.5,130
SNU_Rotenone_500nM_16,False,mask background,14.154285430908203,1.0007305145263672,0.5346952676773071,1.3360812664031982,0.0007876543209876544,1.5,130
SNU_Rotenone_500nM_17,False,mask background,13.841618537902832,1.0108187198638916,0.5517470836639404,1.3734321594238281,0.0011839506172839505,1.5,130
SNU_Rotenone_500nM_18,False,mask background,13.98727798461914,1.0022339820861816,0.5141580104827881,1.3715062141418457,0.0020123456790123455,1.5,130
SNU_Rotenone_500nM_19,False,mask background,13.803853988647461,1.0086766481399536,0.505102276802063,1.380446434020996,0.0011395061728395061,1.5,130
SNU_Rotenone_500nM_20,False,mask background,13.968755722045898,0.9988813996315002,0.49176090955734253,1.3892521858215332,0.003482716049382716,1.5,130
SNU_Rotenone_500nM_21,False,mask background,13.624367713928223,1.0062110424041748,0.4970054626464844,1.388797402381897,0.0016148148148148148,1.5,130
SNU_Rotenone_500nM_22,False,mask background,14.17962646484375,0.9962488412857056,0.4933575987815857,1.36512291431427,0.0010679012345679011,1.5,130
SNU_Rotenone_500nM_23,False,mask background,13.88572883605957,1.0078625679016113,0.555044949054718,1.3893827199935913,0.0017851851851851852,1.5,130
SNU_Rotenone_500nM_24,False,mask background,14.069178581237793,1.0013052225112915,0.5551728010177612,1.3354885578155518,0.0003839506172839506,1.5,130
SNU_Rotenone_500nM_25,False,mask background,13.419631958007812,1.0145516395568848,0.5787286758422852,1.4767159223556519,0.007774074074074074,1.5,130
SNU_Rotenone_500nM_26,False,mask background,13.826359748840332,1.0088484287261963,0.5277613401412964,1.3823131322860718,0.0015839506172839507,1.5,130
SNU_Rotenone_500nM_27,False,mask background,13.518803596496582,1.0207701921463013,0.5286246538162231,1.4485770463943481,0.005079012345679012,1.5,130
SNU_Rotenone_500nM_28,False,mask background,13.606477737426758,1.0109864473342896,0.5099300742149353,1.4100016355514526,0.002208641975308642,1.5,130
SNU_Rotenone_500nM_29,False,mask background,13.478775024414062,1.0185047388076782,0.5018105506896973,1.4329705238342285,0.0034382716049382715,1.5,130
SNU_Rotenone_500nM_30,False,mask background,13.694221496582031,1.0067520141601562,0.48661449551582336,1.42550528049469,0.004128395061728395,1.5,130
SNU_Rotenone_500nM_31,False,mask background,13.357844352722168,1.0324128866195679,0.5103239417076111,1.4541016817092896,0.004720987654320987,1.5,130
SNU_Rotenone_500nM_32,False,mask background,13.506811141967773,1.0212429761886597,0.503655731678009,1.4323756694793701,0.003482716049382716,1.5,130
SNU_Rotenone_500nM_33,False,mask background,13.64150619506836,1.0126316547393799,0.5236790180206299,1.4132094383239746,0.0029222222222222223,1.5,130
SNU_Rotenone_500nM_34,False,mask background,13.795721054077148,1.0059231519699097,0.5010383725166321,1.401819109916687,0.0027580246913580246,1.5,130
SNU_Rotenone_500nM_35,False,mask background,13.702445983886719,0.9987941980361938,0.5009824633598328,1.393708348274231,0.002169135802469136,1.5,130
SNU_Rotenone_500nM_36,False,mask background,13.704779624938965,1.0041694641113281,0.5208901762962341,1.3562122583389282,0.0006839506172839506,1.5,130
SNU_Rotenone_500nM_37,False,mask background,13.561910629272461,1.010967493057251,0.49745142459869385,1.405943512916565,0.0026444444444444445,1.5,130
SNU_Rotenone_500nM_38,False,mask background,13.54934024810791,1.0044069290161133,0.5032999515533447,1.368357539176941,0.0017753086419753086,1.5,130
SNU_Rotenone_500nM_39,False,mask background,13.67306137084961,0.9942980408668518,0.5056337118148804,1.3608999252319336,0.0008802469135802469,1.5,130
SNU_Rotenone_500nM_40,False,mask background,13.208653450012207,1.013031244277954,0.5169517993927002,1.3942670822143555,0.0013209876543209876,1.5,130
SNU_Rotenone_500nM_41,False,mask background,13.77338695526123,0.9944982528686523,0.4855119287967682,1.3444632291793823,0.0003419753086419753,1.5,130
SNU_Rotenone_500nM_42,False,mask background,13.56982135772705,1.0006203651428223,0.500275731086731,1.3615020513534546,0.0003728395061728395,1.5,130
SNU_Rotenone_500nM_43,False,mask background,13.417848587036133,1.0081861019134521,0.5074085593223572,1.3910553455352783,0.0008246913580246914,1.5,130
SNU_Rotenone_500nM_44,False,mask background,13.544035911560059,0.9946048259735107,0.4997258484363556,1.426127314567566,0.004564197530864198,1.5,130
SNU_Rotenone_500nM_45,False,mask background,13.392900466918945,1.0087289810180664,0.49700620770454407,1.388931155204773,0.0011679012345679012,1.5,130
SNU_Rotenone_500nM_46,False,mask background,13.46651840209961,1.001706600189209,0.48273995518684387,1.3605924844741821,0.0005740740740740741,1.5,130
SNU_Rotenone_500nM_47,False,mask background,13.332939147949219,1.0012998580932617,0.48707056045532227,1.3825531005859375,0.0009407407407407408,1.5,130
SNU_Rotenone_500nM_48,False,mask background,13.453568458557129,1.0024585723876953,0.4818887710571289,1.4195704460144043,0.0047074074074074075,1.5,130
SNU_Rotenone_500nM_49,False,mask background,13.307029724121094,1.0109416246414185,0.4855627417564392,1.429276943206787,0.0036555555555555556,1.5,130
SNU_Rotenone_500nM_50,False,mask background,13.201526641845703,1.0234997272491455,0.4798584580421448,1.4180948734283447,0.0022296296296296296,1.5,130
SNU_blebbistatin_01,False,mask background,15.83721923828125,1.0021073818206787,0.5727027654647827,1.3609626293182373,0.0014296296296296297,1.5,130
SNU_blebbistatin_02,False,mask background,15.552289962768555,1.0070794820785522,0.5524401068687439,1.3926860094070435,0.0024950617283950615,1.5,130
SNU_blebbistatin_03,False,mask background,15.737680435180664,1.0059603452682495,0.5728182196617126,1.3664054870605469,0.0015938271604938271,1.5,130
SNU_blebbistatin_04,False,mask background,15.414131164550781,1.0076014995574951,0.5827646851539612,1.4077051877975464,0.0033160493827160496,1.5,130
SNU_blebbistatin_05,False,mask background,15.428516387939453,1.0143287181854248,0.5659683346748352,1.405721664428711,0.002997530864197531,1.5,130
SNU_blebbistatin_06,False,mask background,15.702083587646484,0.9970667362213135,0.5255157947540283,1.345631718635559,0.0021493827160493826,1.5,130
SNU_blebbistatin_07,False,mask background,15.50816822052002,1.0058419704437256,0.5810232758522034,1.3881971836090088,0.0034728395061728395,1.5,130
SNU_blebbistatin_08,False,mask background,15.698427200317383,1.001594066619873,0.5737307071685791,1.339003086090088,0.000682716049382716,1.5,130
SNU_blebbistatin_09,False,mask background,15.53523063659668,1.0099308490753174,0.5817582011222839,1.3755618333816528,0.0014987654320987654,1.5,130
SNU_blebbistatin_10,False,mask background,15.621343612670898,1.0024635791778564,0.5659629106521606,1.363768458366394,0.002088888888888889,1.5,130
SNU_blebbistatin_11,False,mask background,15.825974464416504,1.0000879764556885,0.5512176752090454,1.323840856552124,0.0005074074074074074,1.5,130
SNU_blebbistatin_12,False,mask background,15.618332862854004,1.0034215450286865,0.5693992972373962,1.3624781370162964,0.001308641975308642,1.5,130
SNU_blebbistatin_13,False,mask background,15.222439765930176,1.0187479257583618,0.6052587628364563,1.4101531505584717,0.0020641975308641975,1.5,130
SNU_blebbistatin_14,False,mask background,15.434082984924316,1.0123295783996582,0.569511353969574,1.3759082555770874,0.0009432098765432098,1.5,130
SNU_blebbistatin_15,False,mask background,15.420940399169922,1.004899024963379,0.5789506435394287,1.3422282934188843,0.00048641975308641976,1.5,130
SNU_blebbistatin_16,False,mask background,15.684307098388672,1.0004303455352783,0.5951739549636841,1.3443970680236816,0.0005691358024691358,1.5,130
SNU_blebbistatin_17,False,mask background,15.508140563964844,1.0066461563110352,0.5905886292457581,1.3554868698120117,0.0007814814814814815,1.5,130
SNU_blebbistatin_18,False,mask background,15.515478134155273,1.0028510093688965,0.5923853516578674,1.3294854164123535,0.0003728395061728395,1.5,130
SNU_blebbistatin_19,False,mask background,9.529067993164062,0.9985973238945007,0.5638601779937744,1.3594536781311035,0.0012246913580246915,1.5,130
SNU_blebbistatin_20,False,mask background,15.312590599060059,1.0036543607711792,0.6023585200309753,1.33997642993927,0.0005037037037037037,1.5,130
SNU_blebbistatin_21,False,mask background,15.193442344665527,1.011648178100586,0.6061217784881592,1.3540691137313843,0.00045679012345679014,1.5,130
SNU_blebbistatin_22,False,mask background,15.494409561157227,0.9987761974334717,0.5933272242546082,1.3218681812286377,0.0005049382716049383,1.5,130
SNU_blebbistatin_23,False,mask background,15.298437118530273,1.01170015335083,0.5931764841079712,1.3488292694091797,0.0006037037037037037,1.5,130
SNU_blebbistatin_24,False,mask background,15.115690231323242,1.0039329528808594,0.5926938652992249,1.3619524240493774,0.0009407407407407408,1.5,130
SNU_blebbistatin_25,False,mask background,15.213796615600586,1.0055077075958252,0.5801483392715454,1.3649901151657104,0.0011271604938271605,1.5,130
SNU_blebbistatin_26,False,mask background,15.386487007141113,0.995503306388855,0.5886874198913574,1.3511029481887817,0.0012308641975308642,1.5,130
SNU_blebbistatin_27,False,mask background,15.338916778564453,1.0056331157684326,0.5901504158973694,1.3200812339782715,0.0001345679012345679,1.5,130
SNU_blebbistatin_28,False,mask background,15.080072402954102,1.0041834115982056,0.5863999128341675,1.3441721200942993,0.00021358024691358024,1.5,130
SNU_blebbistatin_29,False,mask background,15.193431854248047,1.0080382823944092,0.6054236888885498,1.3431066274642944,0.0005777777777777778,1.5,130
SNU_blebbistatin_30,False,mask background,15.079431533813477,1.0092939138412476,0.6131535768508911,1.3849068880081177,0.0021901234567901235,1.5,130
SNU_blebbistatin_31,False,mask background,15.20641803741455,1.0011225938796997,0.5973238945007324,1.3632761240005493,0.0008209876543209876,1.5,130
SNU_blebbistatin_32,False,mask background,15.338211059570312,0.9982664585113525,0.5942704677581787,1.3274924755096436,0.0006160493827160494,1.5,130
SNU_blebbistatin_33,False,mask background,15.149995803833008,1.0067944526672363,0.5940930843353271,1.3752357959747314,0.0018222222222222223,1.5,130
SNU_blebbistatin_34,False,mask background,14.549272537231445,1.0157352685928345,0.5988283157348633,1.3590059280395508,0.00020617283950617285,1.5,130
SNU_blebbistatin_35,False,mask background,15.17408561706543,0.9981365203857422,0.5766732692718506,1.3255268335342407,7.901234567901235e-05,1.5,130
SNU_blebbistatin_36,False,mask background,14.996526718139648,1.0051488876342773,0.5860531330108643,1.351763129234314,0.0011049382716049382,1.5,130
SNU_blebbistatin_37,False,mask background,15.166089057922363,1.0027638673782349,0.5781992077827454,1.3251808881759644,0.00042098765432098764,1.5,130
SNU_blebbistatin_38,False,mask background,15.066560745239258,1.0057179927825928,0.5806631445884705,1.3510305881500244,0.0005135802469135802,1.5,130
SNU_blebbistatin_39,False,mask background,14.885183334350586,1.0077017545700073,0.5972661972045898,1.3680790662765503,0.0013074074074074073,1.5,130
SNU_blebbistatin_40,False,mask background,14.861690521240234,1.0034122467041016,0.5946948528289795,1.353437900543213,0.0010358024691358024,1.5,130
SNU_blebbistatin_41,False,mask background,15.027044296264648,0.9977409839630127,0.5920379161834717,1.332520604133606,0.0004901234567901235,1.5,130
SNU_blebbistatin_42,False,mask background,14.387361526489258,1.011123538017273,0.5983227491378784,1.3448108434677124,0.0013012345679012346,1.5,130
SNU_blebbistatin_43,False,mask background,14.64764404296875,1.0079262256622314,0.6010106801986694,1.3756660223007202,0.0016987654320987655,1.5,130
SNU_blebbistatin_44,False,mask background,14.70971965789795,1.001009225845337,0.5761964321136475,1.3674988746643066,0.0017308641975308642,1.5,130
SNU_blebbistatin_45,False,mask background,14.594444274902344,1.0070254802703857,0.6023757457733154,1.364761233329773,0.0020296296296296295,1.5,130
SNU_blebbistatin_46,False,mask background,14.629068374633789,1.0064306259155273,0.5977169275283813,1.4052659273147583,0.004117283950617284,1.5,130
SNU_blebbistatin_47,False,mask background,14.775550842285156,1.001315951347351,0.5806726813316345,1.365167260169983,0.0017222222222222222,1.5,130
SNU_blebbistatin_48,False,mask background,14.720928192138672,1.0016260147094727,0.5901117920875549,1.3607237339019775,0.0013580246913580246,1.5,130
SNU_blebbistatin_49,False,mask background,9.244125366210938,1.011940598487854,0.47370457649230957,1.5,0.04334814814814815,1.5,130
SNU_blebbistatin_50,False,mask background,14.576457977294922,0.993343710899353,0.5799412131309509,1.3306902647018433,0.0007296296296296297,1.5,130
SNU_staurosporine_01,False,mask background,15.822952270507812,1.0063812732696533,0.5874592065811157,1.4330434799194336,0.0056864197530864195,1.5,130
SNU_staurosporine_02,False,mask background,15.600452423095703,1.0178489685058594,0.5911225080490112,1.5,0.011733333333333333,1.5,130
SNU_staurosporine_03,False,mask background,15.62936782836914,1.0095710754394531,0.5028859376907349,1.5,0.01840617283950617,1.5,130
SNU_staurosporine_04,False,mask background,15.45859146118164,1.0135221481323242,0.5720632076263428,1.4973185062408447,0.009793827160493826,1.5,130
SNU_staurosporine_05,False,mask background,15.498109817504883,1.0096062421798706,0.5487060546875,1.5,0.01248395061728395,1.5,130
SNU_staurosporine_06,False,mask background,15.839667320251465,1.003711223602295,0.579031765460968,1.4775782823562622,0.008169135802469136,1.5,130
SNU_staurosporine_07,False,mask background,15.759117126464844,1.001304268836975,0.5643149614334106,1.4396934509277344,0.006204938271604938,1.5,130
SNU_staurosporine_08,False,mask background,15.7817964553833,0.9975936412811279,0.5798651576042175,1.409171223640442,0.004324691358024692,1.5,130
SNU_staurosporine_09,False,mask background,15.234390258789062,1.0046796798706055,0.5566120147705078,1.4238126277923584,0.004690123456790123,1.5,130
SNU_staurosporine_10,False,mask background,15.679685592651367,0.9981763362884521,0.5786537528038025,1.4274388551712036,0.004979012345679012,1.5,130
SNU_staurosporine_11,False,mask background,15.806051254272461,1.0054987668991089,0.581680417060852,1.4020355939865112,0.0033333333333333335,1.5,130
SNU_staurosporine_12,False,mask background,15.456033706665039,1.0167362689971924,0.595388650894165,1.4574872255325317,0.006303703703703704,1.5,130
SNU_staurosporine_13,False,mask background,10.293235778808594,0.9941563606262207,0.44753628969192505,1.5,0.04272098765432099,1.5,130
SNU_staurosporine_14,False,mask background,15.82354736328125,1.004601240158081,0.5443429946899414,1.4030245542526245,0.003125925925925926,1.5,130
SNU_staurosporine_15,False,mask background,15.133350372314453,1.010157823562622,0.6008866429328918,1.4097248315811157,0.003165432098765432,1.5,130
SNU_staurosporine_16,False,mask background,15.685216903686523,1.0072762966156006,0.5934374332427979,1.3720738887786865,0.0020308641975308643,1.5,130
SNU_staurosporine_17,False,mask background,15.660429000854492,1.001709222793579,0.5739372372627258,1.3803114891052246,0.001948148148148148,1.5,130
SNU_staurosporine_18,False,mask background,15.616425514221191,0.9976341128349304,0.5737897753715515,1.393924593925476,0.002630864197530864,1.5,130
SNU_staurosporine_19,False,mask background,15.752745628356934,1.0041625499725342,0.5947134494781494,1.3478951454162598,0.000680246913580247,1.5,130
SNU_staurosporine_20,False,mask background,15.512659072875977,1.0056984424591064,0.5732665061950684,1.4351400136947632,0.005414814814814815,1.5,130
SNU_staurosporine_21,False,mask background,15.458358764648438,1.009018898010254,0.6043199896812439,1.41835618019104,0.004040740740740741,1.5,130
SNU_staurosporine_22,False,mask background,15.416662216186523,1.0043984651565552,0.6030369400978088,1.3741525411605835,0.0017493827160493826,1.5,130
SNU_staurosporine_23,False,mask background,15.369563102722168,1.0068016052246094,0.5803521275520325,1.4227149486541748,0.004476543209876544,1.5,130
SNU_staurosporine_24,False,mask background,15.585651397705078,0.9998139142990112,0.5746846795082092,1.3555835485458374,0.0009518518518518518,1.5,130
SNU_staurosporine_25,False,mask background,15.509934425354004,0.998181939125061,0.5822871923446655,1.406881332397461,0.003834567901234568,1.5,130
SNU_staurosporine_26,False,mask background,15.55839729309082,1.0007493495941162,0.5599417686462402,1.3435713052749634,0.0008876543209876543,1.5,130
SNU_staurosporine_27,False,mask background,15.266460418701172,1.0111215114593506,0.5711550712585449,1.4171894788742065,0.003551851851851852,1.5,130
SNU_staurosporine_28,False,mask background,15.239879608154297,0.9977948665618896,0.573107898235321,1.3549528121948242,0.0005530864197530864,1.5,130
SNU_staurosporine_29,False,mask background,15.422327995300293,0.9999414086341858,0.5665809512138367,1.3667320013046265,0.002182716049382716,1.5,130
SNU_staurosporine_30,False,mask background,15.333500862121582,1.00600266456604,0.5864190459251404,1.3647469282150269,0.0014506172839506173,1.5,130
SNU_staurosporine_31,False,mask background,14.927350997924805,0.999323844909668,0.5745142102241516,1.3472548723220825,0.0009024691358024691,1.5,130
SNU_staurosporine_32,False,mask background,15.351045608520508,1.0055731534957886,0.5726567506790161,1.4071519374847412,0.004122222222222222,1.5,130
SNU_staurosporine_33,False,mask background,9.640974044799805,0.9898865222930908,0.4129484295845032,1.5,0.04889506172839506,1.5,130
SNU_staurosporine_34,False,mask background,15.219861030578613,1.0084879398345947,0.5874089598655701,1.3719507455825806,0.0014123456790123457,1.5,130
SNU_staurosporine_35,False,mask background,15.257462501525879,0.999611496925354,0.5961862802505493,1.373349905014038,0.0012407407407407408,1.5,130
SNU_staurosporine_36,False,mask background,15.151541709899902,1.0064687728881836,0.5999202728271484,1.3805066347122192,0.00232962962962963,1.5,130
SNU_staurosporine_37,False,mask background,15.006440162658691,1.0148885250091553,0.5945585370063782,1.3993254899978638,0.0026382716049382715,1.5,130
SNU_staurosporine_38,False,mask background,15.110637664794922,1.006673812866211,0.5918018817901611,1.3657041788101196,0.0008641975308641976,1.5,130
SNU_staurosporine_39,False,mask background,15.164791107177734,1.003901481628418,0.5641939043998718,1.3692785501480103,0.001854320987654321,1.5,130
SNU_staurosporine_40,False,mask background,15.267547607421875,1.0054444074630737,0.581597626209259,1.378546118736267,0.002079012345679012,1.5,130
SNU_staurosporine_41,False,mask background,14.82081127166748,1.0086793899536133,0.5789905190467834,1.3756296634674072,0.0013987654320987654,1.5,130
SNU_staurosporine_42,False,mask background,15.361677169799805,0.9942605495452881,0.562396228313446,1.3341342210769653,0.0010333333333333334,1.5,130
SNU_staurosporine_43,False,mask background,15.222609519958496,0.9980713129043579,0.5682721734046936,1.3449405431747437,0.0010802469135802468,1.5,130
SNU_staurosporine_44,False,mask background,15.168426513671875,1.0034855604171753,0.5884304642677307,1.3472487926483154,0.000782716049382716,1.5,130
SNU_staurosporine_45,False,mask background,14.937789916992188,1.0016496181488037,0.5793026089668274,1.344657301902771,0.0007716049382716049,1.5,130
SNU_staurosporine_46,False,mask background,14.861065864562988,1.0106408596038818,0.5906231999397278,1.4316842555999756,0.004974074074074074,1.5,130
SNU_staurosporine_47,False,mask background,14.91378402709961,1.0090442895889282,0.5982593894004822,1.4063994884490967,0.002762962962962963,1.5,130
SNU_staurosporine_48,False,mask background,15.051054000854492,1.0026708841323853,0.6022974252700806,1.3441417217254639,0.0008074074074074074,1.5,130
SNU_staurosporine_49,False,mask background,15.058761596679688,0.9995294809341431,0.5908913612365723,1.3270879983901978,0.00042098765432098764,1.5,130
SNU_staurosporine_50,False,mask background,14.788984298706055,1.0092971324920654,0.5754162669181824,1.4226124286651611,0.004051851851851852,1.5,130
T24_01,False,mask background,15.559236526489258,1.0063765048980713,0.5210497379302979,1.5,0.014371604938271604,1.5,130
T24_02,False,mask background,15.561483383178711,1.0045067071914673,0.5133796334266663,1.5,0.011964197530864197,1.5,130
T24_03,False,mask background,15.603412628173828,1.0118181705474854,0.5492404699325562,1.464508056640625,0.007619753086419753,1.5,130
T24_04,False,mask background,15.512937545776367,1.0112792253494263,0.5416839718818665,1.4718765020370483,0.007896296296296297,1.5,130
T24_05,False,mask background,15.430588722229004,1.0100284814834595,0.5335782766342163,1.434252381324768,0.0052592592592592595,1.5,130
T24_06,False,mask background,15.544784545898438,1.0053482055664062,0.5323347449302673,1.3587814569473267,0.0012790123456790123,1.5,130
T24_07,False,mask background,15.443612098693848,1.0004898309707642,0.5220156311988831,1.3328765630722046,0.000997530864197531,1.5,130
T24_08,False,mask background,15.226564407348633,1.0035583972930908,0.5158848166465759,1.3867239952087402,0.0020148148148148148,1.5,130
T24_09,False,mask background,14.883340835571289,1.0067086219787598,0.5113958716392517,1.4149810075759888,0.004751851851851852,1.5,130
T24_10,False,mask background,14.642325401306152,0.9959343075752258,0.47750166058540344,1.3557034730911255,0.0008703703703703704,1.5,130
T24_11,False,mask background,15.239171028137207,1.0064518451690674,0.5184617638587952,1.3621180057525635,0.000974074074074074,1.5,130
T24_12,False,mask background,15.201895713806152,1.0151581764221191,0.5626749396324158,1.3987231254577637,0.0017197530864197532,1.5,130
T24_13,False,mask background,15.312427520751953,0.998127818107605,0.5194803476333618,1.36244797706604,0.0020148148148148148,1.5,130
T24_14,False,mask background,15.283418655395508,1.0022015571594238,0.5242004990577698,1.3540823459625244,0.001902469135802469,1.5,130
T24_15,False,mask background,15.256247520446777,1.0021700859069824,0.5402969717979431,1.3346335887908936,0.0003160493827160494,1.5,130
T24_16,False,mask background,14.926271438598633,1.0066407918930054,0.5253288149833679,1.3707634210586548,0.0007432098765432099,1.5,130
T24_17,False,mask background,14.75300121307373,1.0043706893920898,0.5040084719657898,1.3526712656021118,0.0004814814814814815,1.5,130
T24_18,False,mask background,15.167198181152344,1.0030560493469238,0.5198589563369751,1.3917211294174194,0.0031209876543209876,1.5,130
T24_19,False,mask background,15.016870498657227,1.0029215812683105,0.5475975871086121,1.3613197803497314,0.0015518518518518518,1.5,130
T24_20,False,mask background,14.96695327758789,1.0022473335266113,0.49180281162261963,1.415527582168579,0.004220987654320988,1.5,130
T24_21,False,mask background,14.843851089477539,1.0088577270507812,0.5279762148857117,1.3921513557434082,0.002625925925925926,1.5,130
T24_22,False,mask background,15.13680648803711,1.0014863014221191,0.5332372188568115,1.3727681636810303,0.0027234567901234566,1.5,130
T24_23,False,mask background,15.196038246154785,1.0030912160873413,0.5339959263801575,1.3531708717346191,0.001488888888888889,1.5,130
T24_24,False,mask background,14.966832160949707,1.0022099018096924,0.5327197909355164,1.336240291595459,0.0005308641975308642,1.5,130
T24_25,False,mask background,14.903681755065918,1.001833200454712,0.5147758722305298,1.3534618616104126,0.0014,1.5,130
T24_26,False,mask background,14.924750328063965,0.9983681440353394,0.5185365676879883,1.314836025238037,0.00016790123456790124,1.5,130
T24_27,False,mask background,14.648420333862305,1.0044054985046387,0.5411074161529541,1.3738433122634888,0.0012320987654320988,1.5,130
T24_28,False,mask background,15.172430038452148,0.9997990131378174,0.5573167204856873,1.3372163772583008,0.0007246913580246913,1.5,130
T24_29,False,mask background,15.12233829498291,1.0029969215393066,0.5434811115264893,1.3728896379470825,0.0028259259259259257,1.5,130
T24_30,False,mask background,15.022021293640137,1.0023802518844604,0.543545126914978,1.3335020542144775,0.0011506172839506172,1.5,130
T24_31,False,mask background,14.512014389038086,1.0048198699951172,0.5055568218231201,1.3949915170669556,0.0029407407407407407,1.5,130
T24_32,False,mask background,14.557197570800781,1.0074775218963623,0.5246441960334778,1.3372399806976318,0.00017037037037037037,1.5,130
T24_33,False,mask background,14.664466857910156,1.0051873922348022,0.5366598963737488,1.3388441801071167,0.000454320987654321,1.5,130
T24_34,False,mask background,14.494485855102539,1.0068522691726685,0.5472260117530823,1.3706371784210205,0.0011024691358024691,1.5,130
T24_35,False,mask background,14.51544189453125,1.0055313110351562,0.5150542855262756,1.337489366531372,0.0006790123456790123,1.5,130
T24_36,False,mask background,14.627174377441406,0.9984625577926636,0.5266256332397461,1.3457536697387695,0.0005160493827160494,1.5,130
T24_37,False,mask background,14.707855224609375,1.0094866752624512,0.5430309176445007,1.4058167934417725,0.0030037037037037037,1.5,130
T24_38,False,mask background,15.154269218444824,0.9954219460487366,0.551976203918457,1.389682412147522,0.0027222222222222222,1.5,130
T24_39,False,mask background,15.197481155395508,1.0022838115692139,0.5685485601425171,1.3393222093582153,0.0004530864197530864,1.5,130
T24_40,False,mask background,15.04672622680664,1.0091608762741089,0.5658257007598877,1.4051214456558228,0.0028148148148148147,1.5,130
T24_41,False,mask background,15.308544158935547,0.9970383644104004,0.5726639628410339,1.3700910806655884,0.0023185185185185184,1.5,130
T24_42,False,mask background,15.069600105285645,1.0083365440368652,0.5709517002105713,1.3931504487991333,0.0027222222222222222,1.5,130
T24_43,False,mask background,14.945042610168457,1.0119168758392334,0.5571509003639221,1.3836404085159302,0.0014777777777777777,1.5,130
T24_44,False,mask background,15.083853721618652,1.0037016868591309,0.5394423604011536,1.3397420644760132,0.000491358024691358,1.5,130
T24_45,False,mask background,15.09400463104248,1.0102283954620361,0.5546032786369324,1.364693522453308,0.001360493827160494,1.5,130
T24_46,False,mask background,15.281740188598633,1.0030393600463867,0.5667210221290588,1.3318121433258057,0.0005728395061728395,1.5,130
T24_47,False,mask background,15.14853286743164,1.007847547531128,0.5627762675285339,1.3782087564468384,0.0018691358024691357,1.5,130
T24_48,False,mask background,15.211614608764648,1.0095841884613037,0.5623109936714172,1.3672312498092651,0.0010135802469135803,1.5,130
T24_49,False,mask background,15.362445831298828,1.000293254852295,0.557427704334259,1.3517906665802002,0.0009197530864197531,1.5,130
T24_50,False,mask background,14.951715469360352,1.0088310241699219,0.510344386100769,1.4594603776931763,0.005644444444444444,1.5,130
T24_Blebbistatin_5uM_01,False,mask background,15.908710479736328,1.001621961593628,0.5005514621734619,1.3674765825271606,0.0012012345679012345,1.5,130
T24_Blebbistatin_5uM_02,False,mask background,15.764739036560059,1.0011875629425049,0.49204373359680176,1.381392002105713,0.0019641975308641976,1.5,130
T24_Blebbistatin_5uM_03,False,mask background,15.78209114074707,1.0016212463378906,0.4612577557563782,1.371854305267334,0.0017851851851851852,1.5,130
T24_Blebbistatin_5uM_04,False,mask background,15.563807487487793,1.0028036832809448,0.4845532476902008,1.418784737586975,0.004965432098765432,1.5,130
T24_Blebbistatin_5uM_05,False,mask background,10.465812683105469,1.0178213119506836,0.40791404247283936,1.5,0.08077777777777778,1.5,130
T24_Blebbistatin_5uM_06,False,mask background,15.653959274291992,1.0025835037231445,0.5009728670120239,1.4966498613357544,0.00977283950617284,1.5,130
T24_Blebbistatin_5uM_07,False,mask background,15.637127876281738,1.0070295333862305,0.4949004650115967,1.4632512331008911,0.007835802469135802,1.5,130
T24_Blebbistatin_5uM_08,False,mask background,15.488652229309082,0.9966232180595398,0.4759218096733093,1.4519907236099243,0.006764197530864198,1.5,130
T24_Blebbistatin_5uM_09,False,mask background,15.295141220092773,1.0109922885894775,0.49152177572250366,1.4136320352554321,0.0025703703703703704,1.5,130
T24_Blebbistatin_5uM_10,False,mask background,15.342788696289062,1.0066149234771729,0.47515159845352173,1.425216555595398,0.0038753086419753085,1.5,130
T24_Blebbistatin_5uM_11,False,mask background,14.998489379882812,1.0108646154403687,0.5031799674034119,1.5,0.015062962962962964,1.5,130
T24_Blebbistatin_5uM_12,False,mask background,15.069233894348145,1.0154279470443726,0.5122299790382385,1.4906917810440063,0.009096296296296297,1.5,130
T24_Blebbistatin_5uM_13,False,mask background,15.386764526367188,1.007025957107544,0.5064548254013062,1.3975909948349,0.0020950617283950618,1.5,130
T24_Blebbistatin_5uM_14,False,mask background,15.384990692138672,1.0060083866119385,0.5021201372146606,1.4216852188110352,0.004523456790123457,1.5,130
T24_Blebbistatin_5uM_15,False,mask background,13.967540740966797,1.0016632080078125,0.5003566145896912,1.386980652809143,0.0029012345679012346,1.5,130
T24_Blebbistatin_5uM_16,False,mask background,15.503994941711426,0.9985181093215942,0.4617239534854889,1.3732960224151611,0.0019160493827160494,1.5,130
T24_Blebbistatin_5uM_17,False,mask background,15.262495040893555,1.0054384469985962,0.5475380420684814,1.4015058279037476,0.003732098765432099,1.5,130
T24_Blebbistatin_5uM_18,False,mask background,14.954442977905273,0.999525249004364,0.543992280960083,1.3441325426101685,0.000791358024691358,1.5,130
T24_Blebbistatin_5uM_19,False,mask background,15.280902862548828,1.0118913650512695,0.5378981828689575,1.5,0.010658024691358025,1.5,130
T24_Blebbistatin_5uM_20,False,mask background,15.230974197387695,1.0086686611175537,0.562020480632782,1.4439948797225952,0.004866666666666667,1.5,130
T24_Blebbistatin_5uM_21,False,mask background,15.400640487670898,1.011375904083252,0.5385993719100952,1.391919732093811,0.0019901234567901234,1.5,130
T24_Blebbistatin_5uM_22,False,mask background,9.821709632873535,1.0362569093704224,0.47339868545532227,1.5,0.08360864197530864,1.5,130
T24_Blebbistatin_5uM_23,False,mask background,15.283760070800781,1.002760887145996,0.5335918664932251,1.370209813117981,0.0012296296296296296,1.5,130
T24_Blebbistatin_5uM_24,False,mask background,15.542417526245117,0.9971218705177307,0.5420899987220764,1.348775029182434,0.0006370370370370371,1.5,130
T24_Blebbistatin_5uM_25,False,mask background,15.312807083129883,1.0071007013320923,0.5479022264480591,1.456421136856079,0.00682716049382716,1.5,130
T24_Blebbistatin_5uM_26,False,mask background,15.166775703430176,1.0085829496383667,0.5479762554168701,1.429027795791626,0.004453086419753087,1.5,130
T24_Blebbistatin_5uM_27,False,mask background,15.391987800598145,1.002888798713684,0.5430728197097778,1.3997399806976318,0.003680246913580247,1.5,130
T24_Blebbistatin_5uM_28,False,mask background,15.317144393920898,0.9992862939834595,0.5458629727363586,1.4171879291534424,0.0046864197530864194,1.5,130
T24_Blebbistatin_5uM_29,False,mask background,15.409785270690918,0.9993362426757812,0.5593608021736145,1.3508257865905762,0.0007987654320987654,1.5,130
T24_Blebbistatin_5uM_30,False,mask background,15.321109771728516,1.0124006271362305,0.5743744969367981,1.392763614654541,0.0017061728395061729,1.5,130
T24_Blebbistatin_5uM_31,False,mask background,15.297403335571289,1.0074609518051147,0.564903199672699,1.3915300369262695,0.0023320987654320987,1.5,130
T24_Blebbistatin_5uM_32,False,mask background,15.27614688873291,1.0067849159240723,0.5671238899230957,1.3910273313522339,0.0025617283950617282,1.5,130
T24_Blebbistatin_5uM_33,False,mask background,9.611838340759277,1.0428121089935303,0.4625321924686432,1.5,0.10126666666666667,1.5,130
T24_Blebbistatin_5uM_34,False,mask background,15.13927173614502,1.0146489143371582,0.5767676830291748,1.4466432332992554,0.0058,1.5,130
T24_Blebbistatin_5uM_35,False,mask background,15.242067337036133,1.0061774253845215,0.5570270419120789,1.4293149709701538,0.005040740740740741,1.5,130
T24_Blebbistatin_5uM_36,False,mask background,15.389867782592773,1.0091490745544434,0.5254424214363098,1.3955620527267456,0.002991358024691358,1.5,130
T24_Blebbistatin_5uM_37,False,mask background,15.019570350646973,1.0047731399536133,0.597349226474762,1.3693735599517822,0.0012370370370370371,1.5,130
T24_Blebbistatin_5uM_38,False,mask background,15.05898380279541,1.0133357048034668,0.5624029040336609,1.4340720176696777,0.004048148148148148,1.5,130
T24_Blebbistatin_5uM_39,False,mask background,10.430828094482422,1.0247288942337036,0.44943609833717346,1.5,0.07291975308641975,1.5,130
T24_Blebbistatin_5uM_40,False,mask background,15.295654296875,1.0074363946914673,0.5737627148628235,1.3823269605636597,0.0022296296296296296,1.5,130
T24_Blebbistatin_5uM_41,False,mask background,10.080004692077637,1.0134267807006836,0.4467307925224304,1.5,0.062246913580246914,1.5,130
T24_Blebbistatin_5uM_42,False,mask background,15.349648475646973,1.0084609985351562,0.5769653916358948,1.3562133312225342,0.0008345679012345679,1.5,130
T24_Blebbistatin_5uM_43,False,mask background,10.429584503173828,1.009227991104126,0.45670175552368164,1.5,0.04074320987654321,1.5,130
T24_Blebbistatin_5uM_44,False,mask background,15.419747352600098,0.9952164888381958,0.5730307102203369,1.3415861129760742,0.0011950617283950618,1.5,130
T24_Blebbistatin_5uM_45,False,mask background,15.414817810058594,1.0028021335601807,0.5731732845306396,1.357645869255066,0.0005024691358024692,1.5,130
T24_Blebbistatin_5uM_46,False,mask background,15.50599193572998,0.9984083771705627,0.5049512386322021,1.3567454814910889,0.00144320987654321,1.5,130
T24_Blebbistatin_5uM_47,False,mask background,15.559600830078125,0.9981610774993896,0.5351989269256592,1.3856139183044434,0.0022851851851851852,1.5,130
T24_Blebbistatin_5uM_48,False,mask background,15.220198631286621,1.0098015069961548,0.5685073733329773,1.417016625404358,0.002937037037037037,1.5,130
T24_Blebbistatin_5uM_49,False,mask background,15.277700424194336,1.0124908685684204,0.569442868232727,1.3841888904571533,0.001402469135802469,1.5,130
T24_Blebbistatin_5uM_50,False,mask background,15.121950149536133,1.009278655052185,0.5981410145759583,1.3998504877090454,0.002234567901234568,1.5,130
T24_FCCP_10uM_01,False,mask background,14.296266555786133,1.0107176303863525,0.5997368097305298,1.5,0.01185679012345679,1.5,130
T24_FCCP_10uM_02,False,mask background,14.53659439086914,1.0039572715759277,0.5923144817352295,1.4166780710220337,0.0052493827160493825,1.5,130
T24_FCCP_10uM_03,False,mask background,14.485116958618164,1.002789855003357,0.5687661170959473,1.5,0.010313580246913581,1.5,130
T24_FCCP_10uM_04,False,mask background,14.681614875793457,0.9983406066894531,0.5703355669975281,1.324842929840088,0.0020296296296296295,1.5,130
T24_FCCP_10uM_05,False,mask background,14.254907608032227,1.0142340660095215,0.5428344011306763,1.4770994186401367,0.00830246913580247,1.5,130
T24_FCCP_10uM_06,False,mask background,14.422863960266113,1.0044467449188232,0.5762181878089905,1.5,0.011160493827160493,1.5,130
T24_FCCP_10uM_07,False,mask background,14.570040702819824,1.0036027431488037,0.5592365860939026,1.4266085624694824,0.005703703703703704,1.5,130
T24_FCCP_10uM_08,False,mask background,14.43594741821289,1.004288673400879,0.5922420620918274,1.447081208229065,0.0062839506172839505,1.5,130
T24_FCCP_10uM_09,False,mask background,14.546247482299805,1.0098917484283447,0.5527070164680481,1.4325706958770752,0.005118518518518519,1.5,130
T24_FCCP_10uM_10,False,mask background,14.186854362487793,1.0152525901794434,0.5051590204238892,1.5,0.012222222222222223,1.5,130
T24_FCCP_10uM_11,False,mask background,14.583259582519531,1.002421259880066,0.5345882773399353,1.365415334701538,0.0023160493827160495,1.5,130
T24_FCCP_10uM_12,False,mask background,14.442413330078125,1.0036473274230957,0.5751345753669739,1.4097293615341187,0.0036160493827160495,1.5,130
T24_FCCP_10uM_13,False,mask background,14.300056457519531,1.0085408687591553,0.589309573173523,1.4601620435714722,0.006860493827160494,1.5,130
T24_FCCP_10uM_14,False,mask background,14.341928482055664,1.0074777603149414,0.5734633803367615,1.4273065328598022,0.004377777777777778,1.5,130
T24_FCCP_10uM_15,False,mask background,14.379899024963379,0.9982399344444275,0.6012391448020935,1.344738483428955,0.001408641975308642,1.5,130
T24_FCCP_10uM_16,False,mask background,14.251155853271484,1.0096800327301025,0.5871135592460632,1.4196316003799438,0.0042703703703703706,1.5,130
T24_FCCP_10uM_17,False,mask background,14.580705642700195,0.9975829124450684,0.5915453433990479,1.3532425165176392,0.0016098765432098765,1.5,130
T24_FCCP_10uM_18,False,mask background,14.548816680908203,0.9965851306915283,0.5670613050460815,1.3758054971694946,0.0029864197530864198,1.5,130
T24_FCCP_10uM_19,False,mask background,14.440784454345703,1.0036091804504395,0.5608142614364624,1.3901660442352295,0.002648148148148148,1.5,130
T24_FCCP_10uM_20,False,mask background,14.523966789245605,0.9994494915008545,0.5449653267860413,1.3573046922683716,0.0016197530864197531,1.5,130
T24_FCCP_10uM_21,False,mask background,14.442087173461914,1.0050444602966309,0.5457350015640259,1.3866592645645142,0.002850617283950617,1.5,130
T24_FCCP_10uM_22,False,mask background,14.543169975280762,1.0021907091140747,0.5689107179641724,1.3555434942245483,0.0016790123456790125,1.5,130
T24_FCCP_10uM_23,False,mask background,14.374155044555664,1.0031986236572266,0.5655922293663025,1.3838249444961548,0.0030580246913580245,1.5,130
T24_FCCP_10uM_24,False,mask background,14.516031265258789,0.9975849390029907,0.5591822862625122,1.3622801303863525,0.0039049382716049384,1.5,130
T24_FCCP_10uM_25,False,mask background,14.489432334899902,1.0039221048355103,0.5684757828712463,1.3648513555526733,0.0026209876543209876,1.5,130
T24_FCCP_10uM_26,False,mask background,14.436620712280273,1.003847360610962,0.5802500247955322,1.3519175052642822,0.0009148148148148148,1.5,130
T24_FCCP_10uM_27,False,mask background,14.230308532714844,1.0064854621887207,0.5271133780479431,1.384077787399292,0.0027851851851851852,1.5,130
T24_FCCP_10uM_28,False,mask background,14.353861808776855,1.0083979368209839,0.5825852751731873,1.405920386314392,0.004222222222222222,1.5,130
T24_FCCP_10uM_29,False,mask background,14.397541046142578,1.0026130676269531,0.5867982506752014,1.3783838748931885,0.0032271604938271603,1.5,130
T24_FCCP_10uM_30,False,mask background,14.517202377319336,1.0024609565734863,0.5521292686462402,1.3501536846160889,0.0008790123456790123,1.5,130
T24_FCCP_10uM_31,False,mask background,14.331583023071289,1.0070769786834717,0.5867321491241455,1.3613243103027344,0.0015777777777777778,1.5,130
T24_FCCP_10uM_32,False,mask background,14.415379524230957,1.0029799938201904,0.5894009470939636,1.390669822692871,0.0035419753086419754,1.5,130
T24_FCCP_10uM_33,False,mask background,14.36475658416748,1.0033037662506104,0.5949357151985168,1.4121838808059692,0.0039493827160493825,1.5,130
T24_FCCP_10uM_34,False,mask background,14.391426086425781,1.007767915725708,0.6039511561393738,1.387406587600708,0.0027234567901234566,1.5,130
T24_FCCP_10uM_35,False,mask background,14.350223541259766,1.0083746910095215,0.5955691337585449,1.3992913961410522,0.0027617283950617283,1.5,130
T24_FCCP_10uM_36,False,mask background,14.406272888183594,1.0036966800689697,0.5757942795753479,1.3988276720046997,0.002991358024691358,1.5,130
T24_FCCP_10uM_37,False,mask background,14.195612907409668,1.0138955116271973,0.5851011872291565,1.4653255939483643,0.006767901234567901,1.5,130
T24_FCCP_10uM_38,False,mask background,14.25617790222168,1.0112760066986084,0.569134533405304,1.42533278465271,0.004428395061728395,1.5,130
T24_FCCP_10uM_39,False,mask background,14.413202285766602,0.9987572431564331,0.5423315763473511,1.419047474861145,0.00471604938271605,1.5,130
T24_FCCP_10uM_40,False,mask background,14.245344161987305,1.0073778629302979,0.5592222213745117,1.4398959875106812,0.0054901234567901235,1.5,130
T24_FCCP_10uM_41,False,mask background,14.070907592773438,1.015786051750183,0.5755851864814758,1.4235659837722778,0.004090123456790123,1.5,130
T24_FCCP_10uM_42,False,mask background,14.161102294921875,1.0143752098083496,0.6012836694717407,1.4236321449279785,0.00362962962962963,1.5,130
T24_FCCP_10uM_43,False,mask background,14.14688777923584,1.01902174949646,0.5990140438079834,1.4524879455566406,0.005638271604938272,1.5,130
T24_FCCP_10uM_44,False,mask background,14.154462814331055,1.013887882232666,0.5733201503753662,1.4549386501312256,0.006325925925925926,1.5,130
T24_FCCP_10uM_45,False,mask background,8.506296157836914,1.026729702949524,0.44891756772994995,1.5,0.08846913580246914,1.5,130
T24_FCCP_10uM_46,False,mask background,14.30018424987793,1.0007269382476807,0.5691498517990112,1.3973218202590942,0.00241358024691358,1.5,130
T24_FCCP_10uM_47,False,mask background,14.281661033630371,1.006892204284668,0.5825560688972473,1.422195315361023,0.0048580246913580245,1.5,130
T24_FCCP_10uM_48,False,mask background,14.20474624633789,1.0058012008666992,0.5558135509490967,1.3483926057815552,0.0011716049382716049,1.5,130
T24_FCCP_10uM_49,False,mask background,14.116205215454102,1.007932186126709,0.5386336445808411,1.4164479970932007,0.003508641975308642,1.5,130
T24_FCCP_10uM_50,False,mask background,14.291206359863281,1.0048542022705078,0.5724011063575745,1.3892028331756592,0.0033308641975308643,1.5,130
T24_Staurosporine_100nM_01,False,mask background,14.084617614746094,1.0011646747589111,0.5150002241134644,1.3858505487442017,0.0038135802469135803,1.5,130
T24_Staurosporine_100nM_02,False,mask background,14.217150688171387,1.0007703304290771,0.5388039946556091,1.4230538606643677,0.005403703703703704,1.5,130
T24_Staurosporine_100nM_03,False,mask background,13.966681480407715,1.004704236984253,0.5980437994003296,1.5,0.011518518518518518,1.5,130
T24_Staurosporine_100nM_04,False,mask background,13.889811515808105,1.0039567947387695,0.5187017321586609,1.3963336944580078,0.0034098765432098764,1.5,130
T24_Staurosporine_100nM_05,False,mask background,13.935239791870117,1.0038056373596191,0.5242807269096375,1.3934075832366943,0.00291358024691358,1.5,130
T24_Staurosporine_100nM_06,False,mask background,13.911907196044922,1.0074284076690674,0.5004204511642456,1.4419223070144653,0.005896296296296296,1.5,130
T24_Staurosporine_100nM_07,False,mask background,14.088094711303711,1.0034235715866089,0.5474942326545715,1.4239845275878906,0.005358024691358025,1.5,130
T24_Staurosporine_100nM_08,False,mask background,13.957164764404297,1.0054665803909302,0.5470214486122131,1.4404668807983398,0.006228395061728395,1.5,130
T24_Staurosporine_100nM_09,False,mask background,14.029998779296875,1.0065650939941406,0.5919055938720703,1.5,0.010882716049382716,1.5,130
T24_Staurosporine_100nM_10,False,mask background,8.47871208190918,1.008826732635498,0.4383603036403656,1.5,0.08971358024691357,1.5,130
T24_Staurosporine_100nM_11,False,mask background,13.849296569824219,1.0070903301239014,0.594249963760376,1.4471397399902344,0.005967901234567901,1.5,130
T24_Staurosporine_100nM_12,False,mask background,13.958494186401367,1.0043082237243652,0.5597823858261108,1.3631542921066284,0.0022,1.5,130
T24_Staurosporine_100nM_13,False,mask background,14.159886360168457,1.002345323562622,0.5569424033164978,1.39307701587677,0.0042493827160493824,1.5,130
T24_Staurosporine_100nM_14,False,mask background,13.984092712402344,1.00390625,0.5695886611938477,1.4144573211669922,0.005118518518518519,1.5,130
T24_Staurosporine_100nM_15,False,mask background,13.551593780517578,1.0134304761886597,0.5947721004486084,1.5,0.011914814814814816,1.5,130
T24_Staurosporine_100nM_16,False,mask background,14.125713348388672,0.9933029413223267,0.595666766166687,1.333444595336914,0.0011111111111111111,1.5,130
T24_Staurosporine_100nM_17,False,mask background,13.686504364013672,1.0067949295043945,0.6061368584632874,1.4333209991455078,0.005633333333333333,1.5,130
T24_Staurosporine_100nM_18,False,mask background,13.531387329101562,1.005340576171875,0.579010546207428,1.3728405237197876,0.002471604938271605,1.5,130
T24_Staurosporine_100nM_19,False,mask background,13.987147331237793,0.9973247051239014,0.6026214361190796,1.3680380582809448,0.002449382716049383,1.5,130
T24_Staurosporine_100nM_20,False,mask background,13.709588050842285,1.0071065425872803,0.6040781140327454,1.4500200748443604,0.006877777777777778,1.5,130
T24_Staurosporine_100nM_21,False,mask background,13.942425727844238,1.0029232501983643,0.5906462073326111,1.352559208869934,0.0014037037037037037,1.5,130
T24_Staurosporine_100nM_22,False,mask background,13.719778060913086,1.007927417755127,0.576043963432312,1.433594822883606,0.005469135802469135,1.5,130
T24_Staurosporine_100nM_23,False,mask background,13.585887908935547,1.0072486400604248,0.5931274890899658,1.4847466945648193,0.00885925925925926,1.5,130
T24_Staurosporine_100nM_24,False,mask background,13.853832244873047,1.0022966861724854,0.5808478593826294,1.384527325630188,0.0027580246913580246,1.5,130
T24_Staurosporine_100nM_25,False,mask background,14.009319305419922,1.0057533979415894,0.5350744128227234,1.3730496168136597,0.002574074074074074,1.5,130
T24_Staurosporine_100nM_26,False,mask background,13.747427940368652,1.0082459449768066,0.5631111860275269,1.4379280805587769,0.005995061728395062,1.5,130
T24_Staurosporine_100nM_27,False,mask background,13.88889217376709,1.0016101598739624,0.5708358287811279,1.4021447896957397,0.0042716049382716045,1.5,130
T24_Staurosporine_100nM_28,False,mask background,13.803422927856445,1.0036001205444336,0.5831847786903381,1.4027193784713745,0.004804938271604938,1.5,130
T24_Staurosporine_100nM_29,False,mask background,13.777356147766113,1.0065994262695312,0.5840446949005127,1.4045817852020264,0.004023456790123457,1.5,130
T24_Staurosporine_100nM_30,False,mask background,13.681309700012207,1.0040842294692993,0.5618350505828857,1.3864097595214844,0.0029987654320987656,1.5,130
T24_Staurosporine_100nM_31,False,mask background,13.977005004882812,0.9885321855545044,0.590839147567749,1.3579933643341064,0.003312345679012346,1.5,130
T24_Staurosporine_100nM_32,False,mask background,13.717049598693848,1.0032048225402832,0.5973843932151794,1.3881241083145142,0.004154320987654321,1.5,130
T24_Staurosporine_100nM_33,False,mask background,13.89013671875,0.9966555833816528,0.5674789547920227,1.3477619886398315,0.0011481481481481481,1.5,130
T24_Staurosporine_100nM_34,False,mask background,13.691788673400879,1.0055813789367676,0.6095055341720581,1.3894118070602417,0.002738271604938272,1.5,130
T24_Staurosporine_100nM_35,False,mask background,8.082571029663086,1.0144002437591553,0.4230975806713104,1.5,0.0601679012345679,1.5,130
T24_Staurosporine_100nM_36,False,mask background,13.631892204284668,1.0056266784667969,0.6062917709350586,1.3792598247528076,0.002585185185185185,1.5,130
T24_Staurosporine_100nM_37,False,mask background,13.545321464538574,1.0041711330413818,0.5829514861106873,1.441478967666626,0.005558024691358025,1.5,130
T24_Staurosporine_100nM_38,False,mask background,13.640843391418457,1.004380226135254,0.5827181935310364,1.3773269653320312,0.002634567901234568,1.5,130
T24_Staurosporine_100nM_39,False,mask background,13.570728302001953,0.9992266297340393,0.5384774208068848,1.379471778869629,0.002982716049382716,1.5,130
T24_Staurosporine_100nM_40,False,mask background,13.39787483215332,1.0064082145690918,0.5042837262153625,1.4694945812225342,0.007748148148148148,1.5,130
T24_Staurosporine_100nM_41,False,mask background,13.872973442077637,1.0002965927124023,0.5853856801986694,1.3725520372390747,0.002011111111111111,1.5,130
T24_Staurosporine_100nM_42,False,mask background,13.884269714355469,0.9981879591941833,0.5674839615821838,1.3788180351257324,0.002988888888888889,1.5,130
T24_Staurosporine_100nM_43,False,mask background,13.694272994995117,1.006022334098816,0.5831788182258606,1.4182052612304688,0.004390123456790123,1.5,130
T24_Staurosporine_100nM_44,False,mask background,13.598718643188477,1.0079963207244873,0.5819524526596069,1.4323675632476807,0.005217283950617284,1.5,130
T24_Staurosporine_100nM_45,False,mask background,13.318190574645996,1.007336139678955,0.5382824540138245,1.4997320175170898,0.009972839506172839,1.5,130
T24_Staurosporine_100nM_46,False,mask background,13.447968482971191,1.0103223323822021,0.5568253397941589,1.4418717622756958,0.006197530864197531,1.5,130
T24_Staurosporine_100nM_47,False,mask background,13.329862594604492,1.006826639175415,0.5589145421981812,1.4609084129333496,0.006753086419753087,1.5,130
T24_Staurosporine_100nM_48,False,mask background,13.717737197875977,0.9963910579681396,0.49941009283065796,1.3639289140701294,0.0016728395061728395,1.5,130
T24_Staurosporine_100nM_49,False,mask background,13.239564895629883,1.0122184753417969,0.5630099773406982,1.5,0.011798765432098766,1.5,130
T24_Staurosporine_100nM_50,False,mask background,13.534745216369629,1.001054286956787,0.5601463913917542,1.3939274549484253,0.003625925925925926,1.5,130
T24_rotenone_500nM_01,False,mask background,16.323028564453125,1.003004789352417,0.4991719126701355,1.4689511060714722,0.008214814814814815,1.5,130
T24_rotenone_500nM_02,False,mask background,16.070377349853516,1.0019524097442627,0.6111930012702942,1.4174400568008423,0.004407407407407408,1.5,130
T24_rotenone_500nM_03,False,mask background,16.18791961669922,1.0053272247314453,0.5276591181755066,1.4677709341049194,0.00818888888888889,1.5,130
T24_rotenone_500nM_04,False,mask background,16.266895294189453,0.9960904717445374,0.553104043006897,1.4549463987350464,0.0072604938271604936,1.5,130
T24_rotenone_500nM_05,False,mask background,16.09933853149414,1.0078952312469482,0.588337242603302,1.4096946716308594,0.004461728395061728,1.5,130
T24_rotenone_500nM_06,False,mask background,11.158615112304688,1.0057289600372314,0.3944961428642273,1.5,0.04204691358024691,1.5,130
T24_rotenone_500nM_07,False,mask background,16.15052032470703,1.0077022314071655,0.5836321115493774,1.4595052003860474,0.007345679012345679,1.5,130
T24_rotenone_500nM_08,False,mask background,16.206703186035156,1.0045164823532104,0.6037251949310303,1.3346610069274902,0.0006407407407407408,1.5,130
T24_rotenone_500nM_09,False,mask background,16.20348358154297,1.0025193691253662,0.5886790752410889,1.4081838130950928,0.005722222222222222,1.5,130
T24_rotenone_500nM_10,False,mask background,15.947781562805176,1.0029399394989014,0.5897735357284546,1.5,0.010211111111111112,1.5,130
T24_rotenone_500nM_11,False,mask background,16.119226455688477,1.0034642219543457,0.5935226082801819,1.3802075386047363,0.004334567901234568,1.5,130
T24_rotenone_500nM_12,False,mask background,16.11864471435547,1.000555157661438,0.5902578234672546,1.3994394540786743,0.004425925925925926,1.5,130
T24_rotenone_500nM_13,False,mask background,16.109533309936523,1.0059788227081299,0.5775210857391357,1.4289722442626953,0.006198765432098766,1.5,130
T24_rotenone_500nM_14,False,mask background,15.928412437438965,1.0030064582824707,0.5564501881599426,1.3819568157196045,0.004411111111111111,1.5,130
T24_rotenone_500nM_15,False,mask background,16.021120071411133,1.0051312446594238,0.5981487035751343,1.44725501537323,0.007035802469135802,1.5,130
T24_rotenone_500nM_16,False,mask background,15.989116668701172,1.0046733617782593,0.5914655923843384,1.4832245111465454,0.009280246913580247,1.5,130
T24_rotenone_500nM_17,False,mask background,16.07982063293457,1.0029327869415283,0.5857834815979004,1.4467308521270752,0.0074901234567901235,1.5,130
T24_rotenone_500nM_18,False,mask background,15.783553123474121,1.0049208402633667,0.5861932635307312,1.462693214416504,0.007423456790123456,1.5,130
T24_rotenone_500nM_19,False,mask background,15.91721248626709,1.0102401971817017,0.5753514170646667,1.4094194173812866,0.0031679012345679014,1.5,130
T24_rotenone_500nM_20,False,mask background,15.864523887634277,1.008455753326416,0.5629043579101562,1.5,0.010687654320987654,1.5,130
T24_rotenone_500nM_21,False,mask background,15.915609359741211,1.004787564277649,0.5934990644454956,1.392744779586792,0.0034160493827160494,1.5,130
T24_rotenone_500nM_22,False,mask background,11.657735824584961,1.0024261474609375,0.4595590829849243,1.5,0.026792592592592594,1.5,130
T24_rotenone_500nM_23,False,mask background,16.101144790649414,0.9983410239219666,0.5068002343177795,1.4542982578277588,0.006677777777777778,1.5,130
T24_rotenone_500nM_24,False,mask background,15.732450485229492,1.0062509775161743,0.5505878925323486,1.4318981170654297,0.005022222222222222,1.5,130
T24_rotenone_500nM_25,False,mask background,15.785198211669922,1.0101184844970703,0.5543949604034424,1.4991118907928467,0.009940740740740741,1.5,130
T24_rotenone_500nM_26,False,mask background,15.684410095214844,1.0108132362365723,0.5291864275932312,1.4944149255752563,0.009575308641975309,1.5,130
T24_rotenone_500nM_27,False,mask background,15.932716369628906,1.0047941207885742,0.5377057194709778,1.4320526123046875,0.005159259259259259,1.5,130
T24_rotenone_500nM_28,False,mask background,15.631769180297852,1.0116722583770752,0.5538144707679749,1.5,0.011187654320987655,1.5,130
T24_rotenone_500nM_29,False,mask background,16.172367095947266,1.0039656162261963,0.5624989867210388,1.3721199035644531,0.0019049382716049383,1.5,130
T24_rotenone_500nM_30,False,mask background,15.689031600952148,1.0060999393463135,0.581092357635498,1.4967901706695557,0.009780246913580247,1.5,130
T24_rotenone_500nM_31,False,mask background,16.09317398071289,0.9987895488739014,0.5793156623840332,1.3844314813613892,0.003545679012345679,1.5,130
T24_rotenone_500nM_32,False,mask background,15.9959077835083,1.005635142326355,0.5881845951080322,1.379015326499939,0.0023654320987654322,1.5,130
T24_rotenone_500nM_33,False,mask background,15.914628982543945,1.0065953731536865,0.5747828483581543,1.4142584800720215,0.004941975308641975,1.5,130
T24_rotenone_500nM_34,False,mask background,15.928718566894531,1.0072836875915527,0.5703462362289429,1.4165253639221191,0.005362962962962963,1.5,130
T24_rotenone_500nM_35,False,mask background,15.904661178588867,1.0078537464141846,0.5588967800140381,1.4247666597366333,0.005424691358024691,1.5,130
T24_rotenone_500nM_36,False,mask background,16.00893783569336,1.003404140472412,0.5896474123001099,1.3692299127578735,0.0024518518518518518,1.5,130
T24_rotenone_500nM_37,False,mask background,15.958829879760742,1.0068036317825317,0.5998986959457397,1.3829048871994019,0.0024962962962962964,1.5,130
T24_rotenone_500nM_38,False,mask background,15.919967651367188,1.00468111038208,0.5793768167495728,1.3785723447799683,0.0032617283950617283,1.5,130
T24_rotenone_500nM_39,False,mask background,15.80201530456543,1.0062860250473022,0.5650806427001953,1.454517126083374,0.007219753086419753,1.5,130
T24_rotenone_500nM_40,False,mask background,15.675272941589355,1.0114203691482544,0.5683545470237732,1.5,0.012062962962962963,1.5,130
T24_rotenone_500nM_41,False,mask background,15.717032432556152,1.008634328842163,0.5668105483055115,1.4525282382965088,0.00644320987654321,1.5,130
T24_rotenone_500nM_42,False,mask background,15.743574142456055,1.0032503604888916,0.5721248388290405,1.458496332168579,0.006895061728395061,1.5,130
T24_rotenone_500nM_43,False,mask background,15.723973274230957,1.0084705352783203,0.5864343047142029,1.4470139741897583,0.0058222222222222226,1.5,130
T24_rotenone_500nM_44,False,mask background,15.744068145751953,1.0085299015045166,0.5789722800254822,1.4269294738769531,0.004153086419753087,1.5,130
T24_rotenone_500nM_45,False,mask background,15.909061431884766,1.0045294761657715,0.5769236087799072,1.371901512145996,0.002611111111111111,1.5,130
T24_rotenone_500nM_46,False,mask background,15.793903350830078,1.0053460597991943,0.5719977617263794,1.4076833724975586,0.004161728395061728,1.5,130
T24_rotenone_500nM_47,False,mask background,15.544078826904297,1.013633370399475,0.5779485106468201,1.4509661197662354,0.006771604938271605,1.5,130
T24_rotenone_500nM_48,False,mask background,15.84681510925293,1.0072295665740967,0.5867689251899719,1.436657190322876,0.0055703703703703705,1.5,130
T24_rotenone_500nM_49,False,mask background,15.998666763305664,0.9989168643951416,0.5567712783813477,1.416680932044983,0.004888888888888889,1.5,130
T24_rotenone_500nM_50,False,mask background,15.805608749389648,1.0048198699951172,0.5785004496574402,1.4515150785446167,0.006377777777777777,1.5,130
