benchmark,metric,n,mean,std,sem,ci95_low,ci95_high,min,max,complete
arm_A,area_bootstrap_fields,3,113.0,0.0,0.0,113.0,113.0,113.0,113.0,True
arm_A,area_bootstrap_resamples,3,2000.0,0.0,0.0,2000.0,2000.0,2000.0,2000.0,True
arm_A,area_cell_pearson_r,3,0.8979053960011435,0.0035918654157175087,0.0020737644646574107,0.8889827076664278,0.9068280843358592,0.8940012143607943,0.9010697250215072,True
arm_A,area_cell_pearson_r_ci_lower,3,0.8814533321204087,0.004059519119999103,0.0023437644567119147,0.8713689275828473,0.89153773665797,0.8768279431292609,0.8844248346275195,True
arm_A,area_cell_pearson_r_ci_upper,3,0.9134856584674949,0.0033484942339909343,0.0019332540473745758,0.9051675376632594,0.9218037792717303,0.9100366095684733,0.9167236094610405,True
arm_A,area_field_total_bias,3,-0.10778243744769578,0.014218893710700122,0.008209282111451393,-0.14310412753381554,-0.07246074736157601,-0.1241300716548486,-0.09828836270712848,True
arm_A,area_field_total_mape,3,0.16485894617114652,0.007688937251760676,0.004439209992086168,0.14575856718076588,0.18395932516152716,0.1570764118559267,0.17245073704653374,True
arm_A,area_field_total_pearson_r,3,0.9327134692642787,0.002374948076110184,0.0013711769110535987,0.9268137711849644,0.9386131673435929,0.9310624850747018,0.9354352911744065,True
arm_A,area_image_pearson_r,3,0.8238145405010123,0.007909043051046213,0.004566288134553871,0.8041673883940516,0.8434616926079731,0.8150974923351262,0.8305316161391515,True
arm_A,area_loa_lower,3,-0.1720948536922138,0.018056723873913445,0.01042505438928667,-0.2169502424180647,-0.1272394649663629,-0.19113899486597125,-0.15522187892460648,True
arm_A,area_loa_upper,3,0.26302732089805586,0.014887566486302994,0.008595340518445484,0.22604455555324024,0.3000100862428715,0.24642769548218968,0.27519740012443306,True
arm_A,area_mae,3,58.890189170512606,0.4030148883885807,0.23268075429857404,57.889044687869685,59.89133365315553,58.47121582768225,59.27508109772426,True
arm_A,area_mape,3,0.15458071400625414,0.0010215036753411786,0.0005897654219364216,0.15204315820364755,0.15711826980886073,0.1535650009244756,0.15560791143746833,True
arm_A,area_mape_ci_lower,3,0.14478277737737497,0.0011756150111268415,0.0006787416431374469,0.141862387793735,0.14770316696101493,0.1434645771726016,0.14572264752711073,True
arm_A,area_mape_ci_upper,3,0.16483099328542003,0.0011389558895854575,0.0006575764894472736,0.16200167000808066,0.1676603165627594,0.16380280666535318,0.1660552589154984,True
arm_A,area_mape_coverage_adjusted,3,0.49954096263774134,0.0014455198902332655,0.0008345712977451342,0.4959500921653277,0.503131833110155,0.4986745626944399,0.5012096953312353,True
arm_A,area_median_relative_bias,3,0.04620133478111324,0.018549489231564513,0.010709552601173837,0.00012184904727718243,0.09228082051494929,0.025156006240249596,0.06017423972536195,True
arm_A,area_n_cells,3,1886.0,3.605551275463989,2.0816659994661326,1877.0433141049705,1894.9566858950295,1882.0,1889.0,True
arm_A,area_n_fields,3,113.0,0.0,0.0,113.0,113.0,113.0,113.0,True
arm_A,area_relative_bias,3,0.045466233602921007,0.016422341827382964,0.009481443474763606,0.004670874954264152,0.08626159225157787,0.02764435030810921,0.05998776059991327,True
arm_A,cell_count_ratio,3,0.6924042686754551,0.005963590709353376,0.003443080701381923,0.6775898880969065,0.7072186492540038,0.6858129315756435,0.6974262397991211,True
arm_A,cells_detected,3,2206.0,19.0,10.96965511460289,2158.801383476744,2253.198616523256,2185.0,2222.0,True
arm_A,cells_false_positive,3,320.0,21.0,12.124355652982143,267.83310805324305,372.16689194675695,296.0,335.0,True
arm_A,cells_matched,3,1886.0,3.605551275463989,2.0816659994661326,1877.0433141049705,1894.9566858950295,1882.0,1889.0,True
arm_A,cells_missed,3,1300.0,3.605551275463989,2.0816659994661326,1291.0433141049705,1308.9566858950295,1297.0,1304.0,True
arm_A,cells_reference,3,3186.0,0.0,0.0,3186.0,3186.0,3186.0,3186.0,True
arm_A,circularity_bootstrap_fields,3,113.0,0.0,0.0,113.0,113.0,113.0,113.0,True
arm_A,circularity_bootstrap_resamples,3,2000.0,0.0,0.0,2000.0,2000.0,2000.0,2000.0,True
arm_A,circularity_cell_pearson_r,3,0.8712620686867222,0.008379654871451573,0.004837995995748724,0.850445852009097,0.8920782853643474,0.8633502823966861,0.8800419999783804,True
arm_A,circularity_cell_pearson_r_ci_lower,3,0.8521338115082586,0.008638450358183688,0.004987411639678572,0.8306747112024113,0.8735929118141059,0.8443657181427805,0.8614368404468936,True
arm_A,circularity_cell_pearson_r_ci_upper,3,0.8888641480082171,0.00789132100996941,0.004556056309367589,0.8692610198918244,0.9084672761246099,0.8811717684517048,0.8969403992341709,True
arm_A,circularity_image_pearson_r,3,0.9130662605681127,0.01511128936806126,0.008724506984452499,0.8755277367757399,0.9506047843604855,0.8959760030959486,0.9246598956625012,True
arm_A,circularity_loa_lower,3,-0.05268241226311913,0.00745716909285307,0.0043053985831512775,-0.07120704722957444,-0.03415777729666382,-0.05985519881729663,-0.044970158995002944,True
arm_A,circularity_loa_upper,3,0.11593389584230322,0.011463077653359521,0.0066182109689087035,0.08745803235087035,0.1444097593337361,0.10432275101513175,0.1272429340855991,True
arm_A,circularity_mae,3,0.04524735455677171,0.0021158476922934896,0.0012215852347098948,0.03999129751202554,0.050503411601517875,0.04284837980561174,0.046847468397349226,True
arm_A,circularity_mape,3,0.0636739667889512,0.0033380575292230085,0.0019272284130673611,0.05538177219661619,0.0719661613812862,0.059837485710027484,0.06591421317726943,True
arm_A,circularity_mape_ci_lower,3,0.05602016424735847,0.002774480102365144,0.0016018468339617765,0.0491279735945723,0.06291235490014464,0.05293359060613606,0.05830677953264957,True
arm_A,circularity_mape_ci_upper,3,0.07175104422700385,0.003729350173813166,0.002153141326753409,0.06248682481991191,0.08101526363409578,0.06744774031697098,0.07404138400535824,True
arm_A,circularity_mape_coverage_adjusted,3,0.4457303794716528,0.0009522424500806997,0.0005497774348878808,0.44336487809067776,0.4480958808526278,0.44463720907290394,0.44637943194975627,True
arm_A,circularity_median_relative_bias,3,0.024459931325959736,0.004618503381327414,0.002666494170462579,0.012986932904557894,0.03593292974736158,0.019375699427333685,0.028396146620397692,True
arm_A,circularity_n_cells,3,1886.0,3.605551275463989,2.0816659994661326,1877.0433141049705,1894.9566858950295,1882.0,1889.0,True
arm_A,circularity_relative_bias,3,0.03162574178959204,0.005349952134083912,0.00308879630476496,0.01833572393725504,0.04491575964192905,0.02555043601903696,0.03563292171558793,True
arm_A,coverage,3,0.5919648462021342,0.00113168589939235,0.000653379158652277,0.5891535825815976,0.5947761098226708,0.5907093534212178,0.5929064657878217,True
arm_A,detection_f1,3,0.6995622371397622,0.0033367751018341598,0.0019264880032691931,0.6912732282736664,0.7078512460058579,0.6974244950898646,0.7034071867436231,True
arm_A,detection_precision,3,0.8549881228773173,0.008322397384422057,0.004804938370199113,0.8343141416825022,0.8756621040721324,0.8492349234923492,0.8645308924485126,True
arm_A,detection_recall,3,0.5919648462021342,0.00113168589939235,0.000653379158652277,0.5891535825815976,0.5947761098226708,0.5907093534212178,0.5929064657878217,True
arm_A,dry_mass_bootstrap_fields,3,113.0,0.0,0.0,113.0,113.0,113.0,113.0,True
arm_A,dry_mass_bootstrap_resamples,3,2000.0,0.0,0.0,2000.0,2000.0,2000.0,2000.0,True
arm_A,dry_mass_cell_pearson_r,3,0.935934416701766,0.0021606346684705565,0.0012474430074619137,0.9305671026405031,0.9413017307630289,0.9336836327674517,0.937991914312813,True
arm_A,dry_mass_cell_pearson_r_ci_lower,3,0.9226250389476215,0.0028824157576769695,0.0016641635136112175,0.9154647212630327,0.9297853566322103,0.9201082925945091,0.9257696282956904,True
arm_A,dry_mass_cell_pearson_r_ci_upper,3,0.9467278257238827,0.0014241646174295338,0.0008222418252432818,0.9431900046899855,0.9502656467577799,0.9451593808428994,0.9479401023070084,True
arm_A,dry_mass_field_total_bias,3,-0.16318349242457358,0.006656298562062537,0.003843015766613325,-0.17971865470326262,-0.14664833014588455,-0.16998907302641936,-0.15668726309060815,True
arm_A,dry_mass_field_total_mape,3,0.1706515571955407,0.006268648366941305,0.003619205822108671,0.1550793713855197,0.18622374300556171,0.16419509469229723,0.1767137823262162,True
arm_A,dry_mass_field_total_pearson_r,3,0.9879464469812982,0.001093249581366312,0.0006311879400932859,0.9852306644678709,0.9906622294947255,0.9866841253328344,0.9885877413647396,True
arm_A,dry_mass_image_pearson_r,3,0.9452293928216191,0.0039575104379479965,0.0022848697166700294,0.935398391898067,0.9550603937451713,0.9411533332435454,0.9490566103044049,True
arm_A,dry_mass_loa_lower,3,-0.2520873139709747,0.008914395701910294,0.005146728758160752,-0.27423190051155516,-0.22994272743039432,-0.2603838802935641,-0.24266250816958895,True
arm_A,dry_mass_loa_upper,3,0.16533932884858274,0.0071320680765166265,0.004117701423855611,0.14762228957693715,0.18305636812022832,0.15716427515662593,0.17028869552787418,True
arm_A,dry_mass_mae,3,35.73270849431805,0.7762922779688893,0.4481925556551661,33.80429157127496,37.661125417361134,34.8518315732419,36.31692312906689,True
arm_A,dry_mass_mape,3,0.17633195305920016,0.002357860140702082,0.001361311186945836,0.17047470376464918,0.18218920235375113,0.17381085217811768,0.17848275189410417,True
arm_A,dry_mass_mape_ci_lower,3,0.1657142561776718,0.0021805965954794174,0.0012589680313940233,0.160297353940727,0.1711311584146166,0.16322683306323268,0.16729641448038013,True
arm_A,dry_mass_mape_ci_upper,3,0.18695884046556954,0.002635088971352912,0.001521369326949218,0.1804129165780144,0.1935047643531247,0.18446304435947267,0.18971403584646657,True
arm_A,dry_mass_mape_coverage_adjusted,3,0.5124188675996498,0.0008795533903429567,0.000507810386681154,0.510233935853201,0.5146037993460987,0.5118614437834464,0.513432816328994,True
arm_A,dry_mass_median_relative_bias,3,-0.0356412285232891,0.010451754143658573,0.006034323068345064,-0.06160482514549413,-0.009677631901084057,-0.04651754413859416,-0.025673337428048032,True
arm_A,dry_mass_n_cells,3,1886.0,3.605551275463989,2.0816659994661326,1877.0433141049705,1894.9566858950295,1882.0,1889.0,True
arm_A,dry_mass_n_fields,3,113.0,0.0,0.0,113.0,113.0,113.0,113.0,True
arm_A,dry_mass_relative_bias,3,-0.043373992561195986,0.007764747151108563,0.004482978857881909,-0.06266269378147071,-0.024085291340921265,-0.05160980256846907,-0.03618690632085739,True
arm_A,false_positive_median_area_um2,3,113.6120812974,9.758782602408258,5.634235762463445,89.36992141398461,137.8542411808154,104.766569253531,124.080623074089,True
arm_A,forward_distance_um,3,33.77,0.0,0.0,33.77,33.77,33.77,33.77,True
arm_A,forward_residual,3,0.9199190405266123,0.0006349789285629022,0.00036660525533553173,0.9183416654240024,0.9214964156292222,0.9193947953460491,0.920625092708959,True
arm_A,forward_residual_n,3,113.0,0.0,0.0,113.0,113.0,113.0,113.0,True
arm_A,forward_residual_ratio,3,0.9969110616919146,0.0006881230738122924,0.00039728804190111976,0.9952016692139319,0.9986204541698972,0.9963429401545638,0.9976762064489033,True
arm_A,forward_residual_reference,3,0.9227694183324292,1.3597399555105182e-16,7.850462293418875e-17,0.9227694183324289,0.9227694183324295,0.9227694183324291,0.9227694183324291,True
arm_A,missed_median_area_um2,3,97.192430500371,0.8752831466886394,0.5053449603578287,95.01810662722225,99.36675437351975,96.57026910279,98.19329883561,True
arm_A,optical_volume_bootstrap_fields,3,113.0,0.0,0.0,113.0,113.0,113.0,113.0,True
arm_A,optical_volume_bootstrap_resamples,3,2000.0,0.0,0.0,2000.0,2000.0,2000.0,2000.0,True
arm_A,optical_volume_cell_pearson_r,3,0.935934416701766,0.0021606346684705565,0.0012474430074619137,0.9305671026405031,0.9413017307630289,0.9336836327674518,0.9379919143128131,True
arm_A,optical_volume_cell_pearson_r_ci_lower,3,0.9226250389476216,0.0028824157576770424,0.0016641635136112596,0.9154647212630327,0.9297853566322105,0.920108292594509,0.9257696282956905,True
arm_A,optical_volume_cell_pearson_r_ci_upper,3,0.9467278257238827,0.0014241646174295338,0.0008222418252432818,0.9431900046899855,0.9502656467577799,0.9451593808428994,0.9479401023070084,True
arm_A,optical_volume_field_total_bias,3,-0.16318349242457358,0.006656298562062536,0.0038430157666133244,-0.17971865470326262,-0.14664833014588455,-0.16998907302641936,-0.15668726309060815,True
arm_A,optical_volume_field_total_mape,3,0.1706515571955407,0.006268648366941305,0.003619205822108671,0.1550793713855197,0.18622374300556171,0.16419509469229723,0.1767137823262162,True
arm_A,optical_volume_field_total_pearson_r,3,0.9879464469812983,0.0010932495813662164,0.0006311879400932308,0.9852306644678712,0.9906622294947254,0.9866841253328346,0.9885877413647396,True
arm_A,optical_volume_image_pearson_r,3,0.9452293928216191,0.003957510437947939,0.0022848697166699965,0.9353983918980671,0.9550603937451712,0.9411533332435454,0.9490566103044048,True
arm_A,optical_volume_loa_lower,3,-0.2520873139709747,0.008914395701910294,0.005146728758160752,-0.27423190051155516,-0.22994272743039432,-0.2603838802935641,-0.24266250816958895,True
arm_A,optical_volume_loa_upper,3,0.1653393288485828,0.007132068076516607,0.0041177014238556,0.14762228957693727,0.18305636812022832,0.15716427515662598,0.17028869552787418,True
arm_A,optical_volume_mae,3,67.42199068985896,1.4647412117150527,0.8456687328768243,63.78337180788272,71.0606095718352,65.75991473552286,68.5243116536107,True
arm_A,optical_volume_mape,3,0.17633195305920016,0.0023578601407020843,0.0013613111869458373,0.17047470376464918,0.18218920235375113,0.17381085217811768,0.17848275189410417,True
arm_A,optical_volume_mape_ci_lower,3,0.1657142561776718,0.0021805965954794174,0.0012589680313940233,0.160297353940727,0.1711311584146166,0.16322683306323268,0.16729641448038013,True
arm_A,optical_volume_mape_ci_upper,3,0.18695884046556954,0.0026350889713529137,0.0015213693269492188,0.1804129165780144,0.1935047643531247,0.18446304435947267,0.18971403584646657,True
arm_A,optical_volume_mape_coverage_adjusted,3,0.5124188675996498,0.0008795533903429567,0.000507810386681154,0.510233935853201,0.5146037993460987,0.5118614437834464,0.513432816328994,True
arm_A,optical_volume_median_relative_bias,3,-0.03564122852328907,0.010451754143658615,0.0060343230683450886,-0.061604825145494216,-0.009677631901083925,-0.04651754413859415,-0.02567333742804794,True
arm_A,optical_volume_n_cells,3,1886.0,3.605551275463989,2.0816659994661326,1877.0433141049705,1894.9566858950295,1882.0,1889.0,True
arm_A,optical_volume_n_fields,3,113.0,0.0,0.0,113.0,113.0,113.0,113.0,True
arm_A,optical_volume_relative_bias,3,-0.04337399256119598,0.007764747151108563,0.004482978857881909,-0.0626626937814707,-0.024085291340921258,-0.05160980256846906,-0.03618690632085738,True
arm_A,phase_bias_rad,3,-0.005065640433104257,0.007816151888777306,0.00451265739701258,-0.024482038100784535,0.01435075723457602,-0.012963938871612339,0.0026656895962952525,True
arm_A,phase_bias_rad_background,3,0.024567350951203003,0.007812394291912255,0.0045104879474510366,0.005160287671600754,0.04397441423080525,0.01673490930589707,0.03235954235900766,True
arm_A,phase_bias_rad_in_cell,3,-0.19549858242075527,0.008388102437559282,0.004842873200315008,-0.21633578401592116,-0.17466138082558938,-0.20407941770962382,-0.1873175077865609,True
arm_A,phase_mae_rad,3,0.15931845673945097,0.0008003745722459765,0.00046209647473874615,0.1573302160810087,0.16130669739789325,0.15884114610674108,0.16024248084399553,True
arm_A,phase_mae_rad_background,3,0.14232739305074235,0.0012645387955884544,0.0007300818140337194,0.13918610454064972,0.14546868156083498,0.14092069884053374,0.14336980786998715,True
arm_A,phase_mae_rad_in_cell,3,0.27558381020319495,0.006807844123353408,0.003930510637219102,0.2586721878806549,0.292495432525735,0.2689567801699174,0.28255910024178765,True
arm_A,phase_n_images,3,113.0,0.0,0.0,113.0,113.0,113.0,113.0,True
arm_A,phase_pearson_r,3,0.8701199342367572,0.0011335628340179062,0.0006544628073635933,0.8673040080521347,0.8729358604213796,0.8688120720660792,0.8708195501724175,True
arm_A,phase_psnr_db,3,31.07144485732322,0.02719893442346647,0.015703312111059346,31.00387895860246,31.139010756043977,31.045148846943,31.099464712174168,True
arm_A,phase_rmse_rad,3,0.24291791671024723,0.0014965098084178923,0.0008640103407349855,0.23920038025915208,0.2466354531613424,0.24120105500932462,0.24394614459136507,True
arm_A,phase_ssim,3,0.6275086123331458,0.0024357183813323285,0.0014062626631323395,0.6214579524468747,0.6335592722194169,0.62509840067509,0.6299690602891213,True
arm_A,seg_aji,3,0.6695898797193288,0.0006835306635150528,0.0003946366125797793,0.6678918954209534,0.6712878640177042,0.6691324211084232,0.6703756214864435,True
arm_A,seg_boundary_f1,3,0.45739758528421737,0.0018166162603722232,0.0010488238869401545,0.45288486032404784,0.4619103102443869,0.4556774129353627,0.45929731079761066,True
arm_A,seg_dice,3,0.8312483940413046,0.0013649979023928889,0.000788081906389809,0.8278575512755103,0.8346392368070988,0.8301400196472059,0.8327730702519016,True
arm_A,seg_dice_macro,3,0.8312483940413046,0.0013649979023928889,0.000788081906389809,0.8278575512755103,0.8346392368070988,0.8301400196472059,0.8327730702519016,True
arm_A,seg_instance_count_mape,3,0.33153935840193505,0.004005898261632745,0.0023128064396999194,0.32158815546077807,0.341490561343092,0.3286420054133628,0.336110730867215,True
arm_A,seg_iou,3,0.7112291520074701,0.0019995330361340558,0.001154430936665547,0.7062620365865188,0.7161962674284214,0.7096063063862232,0.713462865727082,True
arm_A,seg_n_images,3,113.0,0.0,0.0,113.0,113.0,113.0,113.0,True
arm_A_membrane,area_bootstrap_fields,3,86.33333333333333,2.081665999466133,1.2018504251546633,81.16218832079106,91.5044783458756,84.0,88.0,True
arm_A_membrane,area_bootstrap_resamples,3,2000.0,0.0,0.0,2000.0,2000.0,2000.0,2000.0,True
arm_A_membrane,area_cell_pearson_r,3,0.8189657936482947,0.009826387610411573,0.005673267532032725,0.7945556936149951,0.8433758936815943,0.8130898226185058,0.8303098850876266,True
arm_A_membrane,area_cell_pearson_r_ci_lower,3,0.7625538716408388,0.012450783715490014,0.007188463329759969,0.7316244102723432,0.7934833330093344,0.7542839993393505,0.7768735475633062,True
arm_A_membrane,area_cell_pearson_r_ci_upper,3,0.8643299979776008,0.007520391707905012,0.004341900176970388,0.8456483093288595,0.8830116866263421,0.8591287790221543,0.8729527982920092,True
arm_A_membrane,area_field_total_bias,3,-0.47289720276065667,0.009333104582440563,0.005388470443046989,-0.4960819198216071,-0.44971248569970623,-0.48350481474597556,-0.46594543829659607,True
arm_A_membrane,area_field_total_mape,3,0.4843557206092288,0.006840566388757586,0.003949402845958699,0.46736281167318433,0.5013486295452733,0.47890474051885323,0.4920318126945474,True
arm_A_membrane,area_field_total_pearson_r,3,0.2627534633186724,0.004091617306660335,0.002362296353421276,0.25258932246514715,0.2729176041721976,0.25832978099529647,0.26640217893922963,True
arm_A_membrane,area_image_pearson_r,3,0.8299233341804192,0.03389452549021492,0.019569013415830217,0.7457246651882935,0.9141220031725449,0.8036719034863694,0.8681883742616817,True
arm_A_membrane,area_loa_lower,3,-0.7138162570747357,0.0026134678648823445,0.0015088863753082583,-0.7203084711563376,-0.7073240429931339,-0.7164002395414768,-0.7111742694563872,True
arm_A_membrane,area_loa_upper,3,0.012158794491633743,0.018888941565848003,0.010905535497749457,-0.03476393758713762,0.0590815265704051,0.0005041817937984083,0.03395230313244324,True
arm_A_membrane,area_mae,3,228.27848083032794,3.3921655492290292,1.9584676929831548,219.85187446498784,236.70508719566803,224.58935706885913,231.26302583277993,True
arm_A_membrane,area_mape,3,0.3110130515671209,0.001432418836774767,0.0008270074010042024,0.30745472591566714,0.31457137721857464,0.31018454256578865,0.3126670654597582,True
arm_A_membrane,area_mape_ci_lower,3,0.29664789422799,0.0018071274072772982,0.0010433454950514987,0.29215874088563487,0.3011370475703451,0.29557431264225537,0.2987342902609786,True
arm_A_membrane,area_mape_ci_upper,3,0.3259579539738216,0.0017556483156361102,0.0010136240276348214,0.321596681784379,0.3303192261632642,0.3248751819095709,0.32798359217483697,True
arm_A_membrane,area_mape_coverage_adjusted,3,0.9260521143496021,0.0023108057272665187,0.0013341443086822536,0.9203117546979707,0.9317924740012336,0.923781551020104,0.9284011627688067,True
arm_A_membrane,area_median_relative_bias,3,-0.3890894430216303,0.012149662471276418,0.007014610898354534,-0.41927087775156574,-0.35890800829169484,-0.39943920819742385,-0.375712361413325,True
arm_A_membrane,area_n_cells,3,384.6666666666667,12.055427546683415,6.9602043392737,354.71932446667665,414.6140088666567,372.0,396.0,True
arm_A_membrane,area_n_fields,3,113.0,0.0,0.0,113.0,113.0,113.0,113.0,True
arm_A_membrane,area_relative_bias,3,-0.350828731291551,0.008323236289060707,0.004805422712018061,-0.3715047964410156,-0.33015266614208644,-0.35592718183884187,-0.3412239682045168,True
arm_A_membrane,cell_count_ratio,3,0.6155133928571429,0.005301339285714267,0.0030607296636726705,0.6023441360147166,0.6286826496995692,0.6096540178571429,0.6199776785714286,True
arm_A_membrane,cells_detected,3,2206.0,19.0,10.96965511460289,2158.801383476744,2253.198616523256,2185.0,2222.0,True
arm_A_membrane,cells_false_positive,3,1821.3333333333333,30.6648550189518,17.70436229985267,1745.1576105553986,1897.509056111268,1789.0,1850.0,True
arm_A_membrane,cells_matched,3,384.6666666666667,12.055427546683415,6.9602043392737,354.71932446667665,414.6140088666567,372.0,396.0,True
arm_A_membrane,cells_missed,3,3199.3333333333335,12.055427546683415,6.9602043392737,3169.3859911333434,3229.2806755333236,3188.0,3212.0,True
arm_A_membrane,cells_reference,3,3584.0,0.0,0.0,3584.0,3584.0,3584.0,3584.0,True
arm_A_membrane,circularity_bootstrap_fields,3,86.33333333333333,2.081665999466133,1.2018504251546633,81.16218832079106,91.5044783458756,84.0,88.0,True
arm_A_membrane,circularity_bootstrap_resamples,3,2000.0,0.0,0.0,2000.0,2000.0,2000.0,2000.0,True
arm_A_membrane,circularity_cell_pearson_r,3,0.35574175694194593,0.01489806861905204,0.00860140392761521,0.3187329028531146,0.39275061103077724,0.34026171132303545,0.36998013256617823,True
arm_A_membrane,circularity_cell_pearson_r_ci_lower,3,0.2142815574861577,0.017475598376235826,0.010089541426769542,0.17086976452434746,0.25769335044796793,0.19891905473357008,0.23329381369388855,True
arm_A_membrane,circularity_cell_pearson_r_ci_upper,3,0.4581485635108938,0.017007736134761118,0.009819421035710457,0.4158990047870349,0.5003981222347527,0.4387905775411867,0.47069362921414215,True
arm_A_membrane,circularity_image_pearson_r,3,0.20532171040616598,0.03520071239850965,0.020323140778946144,0.11787829325655075,0.2927651275557812,0.16598160252644525,0.23384371821912928,True
arm_A_membrane,circularity_loa_lower,3,-0.030560306773088335,0.03201643585198733,0.01848469785763727,-0.11009354246884538,0.048972928922668704,-0.052536608541383645,0.006173402662118854,True
arm_A_membrane,circularity_loa_upper,3,0.7597794968402788,0.01347574300422456,0.0077802238510192665,0.7263038954496289,0.7932550982309287,0.747275695464778,0.7740524238269155,True
arm_A_membrane,circularity_mae,3,0.26590480188885157,0.004878840334040048,0.0028167997801912255,0.2537850906254541,0.278024513152249,0.2604601896985885,0.2698801967989858,True
arm_A_membrane,circularity_mape,3,0.5217572262241652,0.012757143623438723,0.0073653403050830644,0.4900667246549658,0.5534477277933646,0.5072402291314012,0.5311807443976071,True
arm_A_membrane,circularity_mape_ci_lower,3,0.4564252887147075,0.011918928973719429,0.006881396851428943,0.4268170277674174,0.4860335496619976,0.4429103148754378,0.4654344371260992,True
arm_A_membrane,circularity_mape_ci_upper,3,0.5874496165375266,0.014089804866093904,0.008134752632268615,0.5524486009184594,0.6224506321565938,0.5712189245112274,0.5965376281793338,True
arm_A_membrane,circularity_mape_coverage_adjusted,3,0.9486632109930667,0.00235094696512127,0.001357319863163299,0.942823134978684,0.9545032870074495,0.9469293327133708,0.951339072800198,True
arm_A_membrane,circularity_median_relative_bias,3,0.3700339852150856,0.007397688807175245,0.0042710576242037095,0.3516571074693883,0.388410862960783,0.36162351188448394,0.37553295811866455,True
arm_A_membrane,circularity_n_cells,3,384.6666666666667,12.055427546683415,6.9602043392737,354.71932446667665,414.6140088666567,372.0,396.0,True
arm_A_membrane,circularity_relative_bias,3,0.3646095950335953,0.015910050374964804,0.009185671866806437,0.32508683890129775,0.40413235116589286,0.3509789905123889,0.382091886945631,True
arm_A_membrane,coverage,3,0.10732886904761905,0.0033636795610165735,0.001942021300020561,0.098973025799854,0.11568471229538412,0.10379464285714286,0.11049107142857142,True
arm_A_membrane,detection_f1,3,0.13288236102827336,0.004580344185560035,0.0026444629485142235,0.12150415530412732,0.14426056675241938,0.12814330003444713,0.1372854914196568,True
arm_A_membrane,detection_precision,3,0.1744113589609584,0.006911051591412532,0.003990097496685417,0.1572433550748784,0.19157936284703841,0.16741674167416742,0.18123569794050343,True
arm_A_membrane,detection_recall,3,0.10732886904761905,0.0033636795610165735,0.001942021300020561,0.098973025799854,0.11568471229538412,0.10379464285714286,0.11049107142857142,True
arm_A_membrane,dry_mass_bootstrap_fields,3,86.33333333333333,2.081665999466133,1.2018504251546633,81.16218832079106,91.5044783458756,84.0,88.0,True
arm_A_membrane,dry_mass_bootstrap_resamples,3,2000.0,0.0,0.0,2000.0,2000.0,2000.0,2000.0,True
arm_A_membrane,dry_mass_cell_pearson_r,3,0.9350163228656946,0.0017814342611950319,0.0010285115502445738,0.9305909948364559,0.9394416508949333,0.9334694274297385,0.9369640124282783,True
arm_A_membrane,dry_mass_cell_pearson_r_ci_lower,3,0.9138424611330823,0.0012236558368129283,0.000706478026779401,0.9108027315226519,0.9168821907435127,0.9124791002414321,0.9148454963926341,True
arm_A_membrane,dry_mass_cell_pearson_r_ci_upper,3,0.9518641936021816,0.003233217242811213,0.0018666988454855936,0.9438324367190328,0.9598959504853303,0.9498816666763228,0.9555951439049515,True
arm_A_membrane,dry_mass_field_total_bias,3,0.5192648771804765,0.014580156141735523,0.00841785707325778,0.48304576146558315,0.55548399289537,0.504387645450154,0.5335285890265821,True
arm_A_membrane,dry_mass_field_total_mape,3,0.5195461467912424,0.014486260890559354,0.008363646624715592,0.48356027981075,0.5555320137717349,0.5048802796898849,0.5338458594552087,True
arm_A_membrane,dry_mass_field_total_pearson_r,3,0.8883300343417878,0.004780925134673418,0.002760268413479146,0.8764535579176905,0.9002065107658851,0.8848611595480592,0.8937836686805237,True
arm_A_membrane,dry_mass_image_pearson_r,3,0.947366361817943,0.0013803064582908761,0.0007969203052584163,0.9439374904911301,0.9507952331447559,0.9461335670987387,0.9488576356282661,True
arm_A_membrane,dry_mass_loa_lower,3,-0.25183460766089266,0.009047695908814754,0.005223689668500074,-0.27431033027242857,-0.22935888504935675,-0.26211618982589807,-0.24508832525279348,True
arm_A_membrane,dry_mass_loa_upper,3,0.2992379581934168,0.01643105805953876,0.009486475793745074,0.25842094722375736,0.34005496916307626,0.28028695540278614,0.3095035791227681,True
arm_A_membrane,dry_mass_mae,3,38.33216972795811,0.838353884046786,0.48402384063058024,36.24958322880512,40.4147562271111,37.37411759934994,38.93135953075406,True
arm_A_membrane,dry_mass_mape,3,0.18894824845869065,0.0041159833819173755,0.0023763641135300232,0.17872357891873203,0.19917291799864928,0.1842018585067568,0.19153394288961204,True
arm_A_membrane,dry_mass_mape_ci_lower,3,0.15012802455465482,0.004554304469265103,0.002629428911301723,0.1388145050717603,0.16144154403754934,0.14551280854655804,0.15461886985632423,True
arm_A_membrane,dry_mass_mape_ci_upper,3,0.2549491379327974,0.006339428347526881,0.0036600706629529895,0.23920112490376677,0.270697150961828,0.25048145069820144,0.2622047521396184,True
arm_A_membrane,dry_mass_mape_coverage_adjusted,3,0.9129493755538044,0.0028194049074752063,0.0016277841822853623,0.9059455854984513,0.9199531656091575,0.9106247605513288,0.9160855543401047,True
arm_A_membrane,dry_mass_median_relative_bias,3,0.017498555735251605,0.005307993399761573,0.0030645714182091013,0.004312769157182036,0.030684342313321174,0.013088818638181454,0.023389948118370543,True
arm_A_membrane,dry_mass_n_cells,3,384.6666666666667,12.055427546683415,6.9602043392737,354.71932446667665,414.6140088666567,372.0,396.0,True
arm_A_membrane,dry_mass_n_fields,3,113.0,0.0,0.0,113.0,113.0,113.0,113.0,True
arm_A_membrane,dry_mass_relative_bias,3,0.023701675266262056,0.00653804698298509,0.0037747431856008625,0.007460266194633327,0.03994308433789079,0.017599315074996326,0.030602135609390794,True
arm_A_membrane,false_positive_median_area_um2,3,370.09135482628045,10.545244599649068,6.088299808277838,343.8955150366607,396.2871946159002,358.9736011564635,379.951260453162,True
arm_A_membrane,forward_distance_um,3,33.77,0.0,0.0,33.77,33.77,33.77,33.77,True
arm_A_membrane,forward_residual,3,0.9199190405266123,0.0006349789285629022,0.00036660525533553173,0.9183416654240024,0.9214964156292222,0.9193947953460491,0.920625092708959,True
arm_A_membrane,forward_residual_n,3,113.0,0.0,0.0,113.0,113.0,113.0,113.0,True
arm_A_membrane,forward_residual_ratio,3,0.9969110616919146,0.0006881230738122924,0.00039728804190111976,0.9952016692139319,0.9986204541698972,0.9963429401545638,0.9976762064489033,True
arm_A_membrane,forward_residual_reference,3,0.9227694183324292,1.3597399555105182e-16,7.850462293418875e-17,0.9227694183324289,0.9227694183324295,0.9227694183324291,0.9227694183324291,True
arm_A_membrane,missed_median_area_um2,3,148.750675012953,1.6031270276317313,0.9255658209483447,144.7682867068868,152.73306331901918,147.1682210234535,150.373704745773,True
arm_A_membrane,optical_volume_bootstrap_fields,3,86.33333333333333,2.081665999466133,1.2018504251546633,81.16218832079106,91.5044783458756,84.0,88.0,True
arm_A_membrane,optical_volume_bootstrap_resamples,3,2000.0,0.0,0.0,2000.0,2000.0,2000.0,2000.0,True
arm_A_membrane,optical_volume_cell_pearson_r,3,0.9350163228656946,0.0017814342611951175,0.0010285115502446233,0.9305909948364557,0.9394416508949335,0.9334694274297386,0.9369640124282785,True
arm_A_membrane,optical_volume_cell_pearson_r_ci_lower,3,0.9138424611330823,0.0012236558368129739,0.0007064780267794273,0.9108027315226518,0.9168821907435128,0.912479100241432,0.9148454963926341,True
arm_A_membrane,optical_volume_cell_pearson_r_ci_upper,3,0.9518641936021816,0.0032332172428111232,0.0018666988454855418,0.943832436719033,0.95989595048533,0.9498816666763227,0.9555951439049514,True
arm_A_membrane,optical_volume_field_total_bias,3,0.5192648771804765,0.014580156141735523,0.00841785707325778,0.48304576146558315,0.55548399289537,0.504387645450154,0.5335285890265821,True
arm_A_membrane,optical_volume_field_total_mape,3,0.5195461467912424,0.014486260890559353,0.00836364662471559,0.48356027981075006,0.5555320137717349,0.5048802796898849,0.5338458594552087,True
arm_A_membrane,optical_volume_field_total_pearson_r,3,0.8883300343417876,0.004780925134673406,0.002760268413479139,0.8764535579176903,0.9002065107658849,0.8848611595480594,0.8937836686805237,True
arm_A_membrane,optical_volume_image_pearson_r,3,0.9473663618179433,0.001380306458290738,0.0007969203052583366,0.9439374904911307,0.9507952331447559,0.9461335670987393,0.9488576356282663,True
arm_A_membrane,optical_volume_loa_lower,3,-0.2518346076608927,0.009047695908814754,0.005223689668500074,-0.2743103302724286,-0.2293588850493568,-0.26211618982589807,-0.24508832525279345,True
arm_A_membrane,optical_volume_loa_upper,3,0.29923795819341686,0.01643105805953878,0.009486475793745085,0.2584209472237574,0.3400549691630763,0.28028695540278614,0.30950357912276816,True
arm_A_membrane,optical_volume_mae,3,72.32676445255872,1.5818416836215288,0.9132767218542606,68.39725187225585,76.25627703286159,70.51907104175301,73.45734119884679,True
arm_A_membrane,optical_volume_mape,3,0.1889482484586907,0.004115983381917393,0.002376364113530033,0.17872357891873206,0.19917291799864936,0.1842018585067568,0.1915339428896121,True
arm_A_membrane,optical_volume_mape_ci_lower,3,0.1501280245546548,0.004554304469265102,0.0026294289113017225,0.13881450507176027,0.16144154403754932,0.14551280854655804,0.15461886985632423,True
arm_A_membrane,optical_volume_mape_ci_upper,3,0.2549491379327974,0.0063394283475268496,0.0036600706629529712,0.23920112490376685,0.2706971509618279,0.25048145069820144,0.26220475213961836,True
arm_A_membrane,optical_volume_mape_coverage_adjusted,3,0.9129493755538044,0.0028194049074752063,0.0016277841822853623,0.9059455854984513,0.9199531656091575,0.9106247605513288,0.9160855543401047,True
arm_A_membrane,optical_volume_median_relative_bias,3,0.017498555735251536,0.00530799339976168,0.003064571418209163,0.004312769157181701,0.030684342313321372,0.01308881863818135,0.023389948118370616,True
arm_A_membrane,optical_volume_n_cells,3,384.6666666666667,12.055427546683415,6.9602043392737,354.71932446667665,414.6140088666567,372.0,396.0,True
arm_A_membrane,optical_volume_n_fields,3,113.0,0.0,0.0,113.0,113.0,113.0,113.0,True
arm_A_membrane,optical_volume_relative_bias,3,0.023701675266262056,0.006538046982985081,0.0037747431856008573,0.007460266194633348,0.03994308433789076,0.01759931507499634,0.03060213560939079,True
arm_A_membrane,phase_bias_rad,3,-0.005065640433104257,0.007816151888777306,0.00451265739701258,-0.024482038100784535,0.01435075723457602,-0.012963938871612339,0.0026656895962952525,True
arm_A_membrane,phase_bias_rad_background,3,-4.4795105959753017e-05,0.00857366188372654,0.004950005996510352,-0.021342951919121222,0.02125336170720172,-0.00916132660308622,0.007856271592838344,True
arm_A_membrane,phase_bias_rad_in_cell,3,-0.02113594460876696,0.006257473625158665,0.0036127540819323387,-0.03668037082130665,-0.005591518396227273,-0.02509740041675117,-0.013922041083739626,True
arm_A_membrane,phase_mae_rad,3,0.15931845673945097,0.0008003745722459765,0.00046209647473874615,0.1573302160810087,0.16130669739789325,0.15884114610674108,0.16024248084399553,True
arm_A_membrane,phase_mae_rad_background,3,0.1609784793932881,0.0009385543295421902,0.0005418745948102722,0.1586469811887458,0.16330997759783042,0.16023256768167546,0.1620323141064264,True
arm_A_membrane,phase_mae_rad_in_cell,3,0.15402831818501858,0.000910125463915918,0.0005254611815881882,0.1517674411976808,0.15628919517235637,0.15297776974935448,0.15457786889994038,True
arm_A_membrane,phase_n_images,3,113.0,0.0,0.0,113.0,113.0,113.0,113.0,True
arm_A_membrane,phase_pearson_r,3,0.8701199342367572,0.0011335628340179062,0.0006544628073635933,0.8673040080521347,0.8729358604213796,0.8688120720660792,0.8708195501724175,True
arm_A_membrane,phase_psnr_db,3,31.07144485732322,0.02719893442346647,0.015703312111059346,31.00387895860246,31.139010756043977,31.045148846943,31.099464712174168,True
arm_A_membrane,phase_rmse_rad,3,0.24291791671024723,0.0014965098084178923,0.0008640103407349855,0.23920038025915208,0.2466354531613424,0.24120105500932462,0.24394614459136507,True
arm_A_membrane,phase_ssim,3,0.6275086123331458,0.0024357183813323285,0.0014062626631323395,0.6214579524468747,0.6335592722194169,0.62509840067509,0.6299690602891213,True
arm_A_membrane,seg_aji,3,0.2349842413511178,0.001013728948600647,0.0005852766813598998,0.23246599904040594,0.2375024836618297,0.23396631390116868,0.23599371897321314,True
arm_A_membrane,seg_boundary_f1,3,0.06229687958282857,0.0011267318244623467,0.0006505189221578541,0.0594979225666524,0.06509583659900474,0.061011051871450464,0.06311157797433316,True
arm_A_membrane,seg_dice,3,0.49626038749614687,0.0054268763588794545,0.0031332085266578694,0.4827792792760481,0.5097414957162456,0.49022137113659153,0.5007285840728312,True
arm_A_membrane,seg_dice_macro,3,0.49626038749614687,0.0054268763588794545,0.0031332085266578694,0.4827792792760481,0.5097414957162456,0.49022137113659153,0.5007285840728312,True
arm_A_membrane,seg_instance_count_mape,3,0.6022710457305632,0.0074401477009508965,0.004295571277954576,0.5837886942456386,0.6207533972154878,0.5950331264434936,0.6098981459788378,True
arm_A_membrane,seg_iou,3,0.3300290318915173,0.004793104017987223,0.0027672998950388004,0.3181223014440932,0.34193576233894135,0.3246975164204306,0.3339812783419034,True
arm_A_membrane,seg_n_images,3,113.0,0.0,0.0,113.0,113.0,113.0,113.0,True
arm_B,area_bootstrap_fields,3,113.0,0.0,0.0,113.0,113.0,113.0,113.0,True
arm_B,area_bootstrap_resamples,3,2000.0,0.0,0.0,2000.0,2000.0,2000.0,2000.0,True
arm_B,area_cell_pearson_r,3,0.8929318557386171,0.0031772385163671146,0.0018343795127042008,0.8850391577208839,0.9008245537563503,0.8904941885611221,0.896525174248081,True
arm_B,area_cell_pearson_r_ci_lower,3,0.8765182554744047,0.0026016213857981947,0.001502046807420075,0.8700554696782472,0.8829810412705621,0.8745365128888464,0.8794643648801719,True
arm_B,area_cell_pearson_r_ci_upper,3,0.9084736628433779,0.0031844428859149074,0.0018385389574019607,0.9005630681795617,0.9163842575071942,0.9053466129484838,0.9117125521421785,True
arm_B,area_field_total_bias,3,-0.07284877978355343,0.003612568692841841,0.0020857175072782515,-0.08182289790973045,-0.06387466165737642,-0.07649435005700331,-0.0692701428317527,True
arm_B,area_field_total_mape,3,0.1504310479749913,0.0034341431357615905,0.00198270346386766,0.1419001635038974,0.1589619324460852,0.14796825995404747,0.15435397416060437,True
arm_B,area_field_total_pearson_r,3,0.9349231924140288,0.005828736328213387,0.00336522248812935,0.9204438086892648,0.9494025761387928,0.9284899546392877,0.9398527783133608,True
arm_B,area_image_pearson_r,3,0.8322821942678963,0.002100992526969648,0.0012130086010113184,0.8270630394995454,0.8375013490362472,0.8298602277592886,0.8336145376135363,True
arm_B,area_loa_lower,3,-0.15250861387889905,0.00810785277257619,0.004681070980796717,-0.17264963671257505,-0.13236759104522305,-0.1581844858004037,-0.1432227608102911,True
arm_B,area_loa_upper,3,0.27590208184874254,0.015286064570911256,0.008825413494865616,0.23792939238389127,0.3138747713135938,0.2605893670009106,0.2911613560193952,True
arm_B,area_mae,3,61.16151514537896,0.8815235678178105,0.5089478691766123,58.97168920676604,63.351341083991876,60.15661403735536,61.80437268973653,True
arm_B,area_mape,3,0.1630331017529842,0.0018651841432317955,0.0010768645671830987,0.15839972748342335,0.16766647602254503,0.16101776637518714,0.16469859113080232,True
arm_B,area_mape_ci_lower,3,0.15339845503664343,0.0015972883827944677,0.0009221948777798479,0.149430570728403,0.15736633934488387,0.15175665536663585,0.15494716017561416,True
arm_B,area_mape_ci_upper,3,0.1728082649067136,0.0024962664885237336,0.0014412201291182196,0.16660719518399322,0.179009334629434,0.1700222836177828,0.17484162854797244,True
arm_B,area_mape_coverage_adjusted,3,0.5008647777260385,0.0027496098026170597,0.0015874879597073933,0.49403436832275915,0.5076951871293179,0.4978219963833904,0.5031713214666887,True
arm_B,area_median_relative_bias,3,0.06764045487411363,0.012210991525653315,0.007050019244408181,0.03730667032737453,0.09797423942085273,0.05735621226564987,0.08113626276076354,True
arm_B,area_n_cells,3,1900.0,6.244997998398398,3.6055512754639896,1884.4865649623732,1915.5134350376268,1895.0,1907.0,True
arm_B,area_n_fields,3,113.0,0.0,0.0,113.0,113.0,113.0,113.0,True
arm_B,area_relative_bias,3,0.061696733984921724,0.011487128807276379,0.006632096909096922,0.033161124115032886,0.09023234385481056,0.05120244060025345,0.07396929760455204,True
arm_B,cell_count_ratio,3,0.7459719606612262,0.00800427932661021,0.004621272823887362,0.7260882285306102,0.7658556927918422,0.7379158819836786,0.7539234149403641,True
arm_B,cells_detected,3,2376.6666666666665,25.501633934580216,14.723375216905184,2313.317096098524,2440.016237234809,2351.0,2402.0,True
arm_B,cells_false_positive,3,476.6666666666667,19.60442127004348,11.31861789756643,427.96658447271136,525.366748860622,456.0,495.0,True
arm_B,cells_matched,3,1900.0,6.244997998398398,3.6055512754639896,1884.4865649623732,1915.5134350376268,1895.0,1907.0,True
arm_B,cells_missed,3,1286.0,6.244997998398398,3.6055512754639896,1270.4865649623732,1301.5134350376268,1279.0,1291.0,True
arm_B,cells_reference,3,3186.0,0.0,0.0,3186.0,3186.0,3186.0,3186.0,True
arm_B,circularity_bootstrap_fields,3,113.0,0.0,0.0,113.0,113.0,113.0,113.0,True
arm_B,circularity_bootstrap_resamples,3,2000.0,0.0,0.0,2000.0,2000.0,2000.0,2000.0,True
arm_B,circularity_cell_pearson_r,3,0.8447350278729998,0.005992666332311323,0.00345986752012355,0.8298484194429687,0.8596216363030309,0.8382764601110926,0.850115410686838,True
arm_B,circularity_cell_pearson_r_ci_lower,3,0.8213192072568506,0.007616176940982889,0.004397201807072292,0.8023995748983918,0.8402388396153094,0.8132125019902846,0.8283250416406501,True
arm_B,circularity_cell_pearson_r_ci_upper,3,0.8665714573806511,0.004126793422944751,0.0023826052936271294,0.8563199342101109,0.8768229805511913,0.8624027811114711,0.8706550522715737,True
arm_B,circularity_image_pearson_r,3,0.8874206272665655,0.00723932425641904,0.00417962580819452,0.869437148873606,0.9054041056595249,0.8802864189155211,0.8947606771205322,True
arm_B,circularity_loa_lower,3,-0.07840579232943226,0.009605300264937219,0.005545622693608687,-0.10226668095024824,-0.05454490370861628,-0.0856165646458154,-0.0675020936861134,True
arm_B,circularity_loa_upper,3,0.116499913867315,0.00377454452457536,0.0021792342973318123,0.10712342546913663,0.12587640226549338,0.1135774065394761,0.12076141744098318,True
arm_B,circularity_mae,3,0.048204063138405605,0.0006021625780621186,0.00034765872654008323,0.0467082083696367,0.04969991790717451,0.047696491583603916,0.04886940463255154,True
arm_B,circularity_mape,3,0.06772386908469141,0.0008192338733844991,0.00047298489732780036,0.06568877932507368,0.06975895884430915,0.06721418757393521,0.06866886395872383,True
arm_B,circularity_mape_ci_lower,3,0.06024120465375502,0.0008812507715935587,0.0005087903702031065,0.058052056378530385,0.06243035292897966,0.05951816115822358,0.061222814298605904,True
arm_B,circularity_mape_ci_upper,3,0.07579605521243797,0.0009121796790622429,0.0005266471832558924,0.07353007527178713,0.07806203515308881,0.07526747446494872,0.0768493472097119,True
arm_B,circularity_mape_coverage_adjusted,3,0.4440297225131973,0.0013509244428218856,0.0007799565907180609,0.44067384015905814,0.4473856048673364,0.44254598982086824,0.44518860183697656,True
arm_B,circularity_median_relative_bias,3,0.012867796319768554,0.003148752850073721,0.0018179333056016643,0.005045860619919091,0.020689732019618018,0.009884710941243659,0.0161594905940845,True
arm_B,circularity_n_cells,3,1900.0,6.244997998398398,3.6055512754639896,1884.4865649623732,1915.5134350376268,1895.0,1907.0,True
arm_B,circularity_relative_bias,3,0.019047060768941367,0.004140066988697019,0.0023902687903873073,0.008762564233146475,0.029331557304736258,0.014772176487835163,0.023037656426681354,True
arm_B,coverage,3,0.5963590709353421,0.001960137475956831,0.00113168589939235,0.5914898195111027,0.6012283223595816,0.5947897049591965,0.598556183301946,True
arm_B,detection_f1,3,0.6831286051138123,0.0011787078760497596,0.0006805273095332608,0.68020053242778,0.6860566777998447,0.6823656300557254,0.6844861838540727,True
arm_B,detection_precision,3,0.7994824002608866,0.006120325242826516,0.003533571426473951,0.7842786695170038,0.8146861310047694,0.7939217318900916,0.8060399829859635,True
arm_B,detection_recall,3,0.5963590709353421,0.001960137475956831,0.00113168589939235,0.5914898195111027,0.6012283223595816,0.5947897049591965,0.598556183301946,True
arm_B,dry_mass_bootstrap_fields,3,113.0,0.0,0.0,113.0,113.0,113.0,113.0,True
arm_B,dry_mass_bootstrap_resamples,3,2000.0,0.0,0.0,2000.0,2000.0,2000.0,2000.0,True
arm_B,dry_mass_cell_pearson_r,3,0.9226397238292331,0.009015983197770666,0.005205380326242038,0.9002427799591437,0.9450366676993225,0.9123185505967353,0.928980560567728,True
arm_B,dry_mass_cell_pearson_r_ci_lower,3,0.905331122542213,0.013306580125180534,0.007682557617266306,0.8722757450388247,0.9383865000456014,0.8901458754964119,0.9149538393502464,True
arm_B,dry_mass_cell_pearson_r_ci_upper,3,0.9365717987380414,0.006054480890705111,0.0034955561720520414,0.9215316344323691,0.9516119630437138,0.9295840599633731,0.9402537345196667,True
arm_B,dry_mass_field_total_bias,3,-0.15226881875880618,0.008142905164029915,0.004701308488438266,-0.1724969165599794,-0.13204072095763297,-0.15748143407004062,-0.14288546265100874,True
arm_B,dry_mass_field_total_mape,3,0.16852399370379198,0.004895995134109535,0.002826704108629238,0.15636166755460437,0.1806863198529796,0.16324473979684054,0.1729151562671477,True
arm_B,dry_mass_field_total_pearson_r,3,0.9852458398986359,0.0006966207808512931,0.0004021941953475814,0.9835153379461342,0.9869763418511376,0.9847811314709907,0.986046802123544,True
arm_B,dry_mass_image_pearson_r,3,0.9400224759972939,0.003996311859078308,0.0023072717276045552,0.9300950870002425,0.9499498649943454,0.9355283446101501,0.9431765123526443,True
arm_B,dry_mass_loa_lower,3,-0.24620880747851434,0.009535821912287983,0.005505509348003799,-0.26989710230336406,-0.22252051265366463,-0.2572077951905882,-0.24026366631225524,True
arm_B,dry_mass_loa_upper,3,0.17903088177017654,0.013469999037578131,0.007776907570329734,0.14556954918368806,0.21249221435666502,0.16442994385989387,0.1909735843662938,True
arm_B,dry_mass_mae,3,40.07705555711399,1.8382150715269843,1.0612939663745315,35.510676175625974,44.643434938602,38.09330840699937,41.722836681063384,True
arm_B,dry_mass_mape,3,0.19152476109613858,0.004350616543123229,0.002511829632313036,0.1807172304720013,0.20233229172027586,0.18662505388877115,0.19493509180358445,True
arm_B,dry_mass_mape_ci_lower,3,0.17994399323705723,0.0035079279888946308,0.0020253031686861375,0.17122981702973958,0.18865816944437488,0.17597821078228212,0.18264101744668187,True
arm_B,dry_mass_mape_ci_upper,3,0.20266679725586156,0.004972536011563442,0.0028708950048312613,0.19031433302650025,0.21501926148522288,0.19702805373166776,0.20642400854984394,True
arm_B,dry_mass_mape_coverage_adjusted,3,0.5178587896677512,0.002955454572722428,0.001706332493139004,0.5105170335082865,0.525200545827216,0.5154470660015341,0.5211556807808514,True
arm_B,dry_mass_median_relative_bias,3,-0.031082452967835694,0.007522981665164061,0.00434339548949109,-0.04977057542707603,-0.012394330508595355,-0.03803000344886844,-0.02309271605016562,True
arm_B,dry_mass_n_cells,3,1900.0,6.244997998398398,3.6055512754639896,1884.4865649623732,1915.5134350376268,1895.0,1907.0,True
arm_B,dry_mass_n_fields,3,113.0,0.0,0.0,113.0,113.0,113.0,113.0,True
arm_B,dry_mass_relative_bias,3,-0.03358896285416891,0.004112323273881334,0.0023742509491701514,-0.04380454018172611,-0.023373385526611706,-0.03791686122618069,-0.029732921924178837,True
arm_B,false_positive_median_area_um2,3,100.276186992729,6.731824387633526,3.886620622337504,83.55340816252797,116.99896582293002,92.756149230663,105.74038709322299,True
arm_B,forward_distance_um,3,33.77,0.0,0.0,33.77,33.77,33.77,33.77,True
arm_B,forward_residual,3,0.9215771422273642,0.00046928571844214974,0.0002709422358694221,0.9204113718765962,0.9227429125781322,0.9211794464989046,0.9220947496658933,True
arm_B,forward_residual_n,3,113.0,0.0,0.0,113.0,113.0,113.0,113.0,True
arm_B,forward_residual_ratio,3,0.9987079371277611,0.0005085622790688071,0.00029361856872006534,0.9974445983915525,0.9999712758639696,0.9982769565159649,0.9992688653816085,True
arm_B,forward_residual_reference,3,0.9227694183324292,1.3597399555105182e-16,7.850462293418875e-17,0.9227694183324289,0.9227694183324295,0.9227694183324291,0.9227694183324291,True
arm_B,missed_median_area_um2,3,98.815460233191,0.09370566531463694,0.054100991093998615,98.58268245617826,99.04823801020375,98.761359242097,98.923662215379,True
arm_B,optical_volume_bootstrap_fields,3,113.0,0.0,0.0,113.0,113.0,113.0,113.0,True
arm_B,optical_volume_bootstrap_resamples,3,2000.0,0.0,0.0,2000.0,2000.0,2000.0,2000.0,True
arm_B,optical_volume_cell_pearson_r,3,0.9226397238292331,0.009015983197770704,0.005205380326242059,0.9002427799591436,0.9450366676993226,0.9123185505967353,0.9289805605677282,True
arm_B,optical_volume_cell_pearson_r_ci_lower,3,0.905331122542213,0.013306580125180534,0.007682557617266306,0.8722757450388247,0.9383865000456014,0.8901458754964119,0.9149538393502464,True
arm_B,optical_volume_cell_pearson_r_ci_upper,3,0.9365717987380414,0.006054480890705111,0.0034955561720520414,0.9215316344323691,0.9516119630437138,0.9295840599633732,0.9402537345196668,True
arm_B,optical_volume_field_total_bias,3,-0.15226881875880616,0.008142905164029924,0.00470130848843827,-0.1724969165599794,-0.13204072095763292,-0.1574814340700406,-0.1428854626510087,True
arm_B,optical_volume_field_total_mape,3,0.16852399370379198,0.00489599513410955,0.002826704108629247,0.15636166755460434,0.18068631985297962,0.1632447397968405,0.1729151562671477,True
arm_B,optical_volume_field_total_pearson_r,3,0.9852458398986359,0.0006966207808511386,0.00040219419534749223,0.9835153379461347,0.9869763418511371,0.9847811314709907,0.9860468021235438,True
arm_B,optical_volume_image_pearson_r,3,0.9400224759972938,0.003996311859078246,0.0023072717276045192,0.9300950870002425,0.9499498649943452,0.9355283446101501,0.9431765123526442,True
arm_B,optical_volume_loa_lower,3,-0.24620880747851437,0.009535821912288005,0.005505509348003812,-0.26989710230336417,-0.2225205126536646,-0.25720779519058823,-0.24026366631225526,True
arm_B,optical_volume_loa_upper,3,0.17903088177017654,0.013469999037578104,0.007776907570329719,0.1455695491836881,0.21249221435666496,0.1644299438598939,0.19097358436629377,True
arm_B,optical_volume_mae,3,75.6190890785221,3.4684222008571868,2.002494491328171,67.00305068910068,84.23512746794351,71.8760707761919,78.72441874123452,True
arm_B,optical_volume_mape,3,0.19152476109613858,0.004350616543123219,0.0025118296323130298,0.18071723047200133,0.20233229172027584,0.18662505388877115,0.19493509180358443,True
arm_B,optical_volume_mape_ci_lower,3,0.17994399323705723,0.0035079279888946308,0.0020253031686861375,0.17122981702973958,0.18865816944437488,0.17597821078228212,0.18264101744668187,True
arm_B,optical_volume_mape_ci_upper,3,0.20266679725586156,0.004972536011563452,0.0028708950048312674,0.19031433302650022,0.2150192614852229,0.19702805373166776,0.20642400854984397,True
arm_B,optical_volume_mape_coverage_adjusted,3,0.5178587896677512,0.002955454572722428,0.001706332493139004,0.5105170335082865,0.525200545827216,0.5154470660015341,0.5211556807808514,True
arm_B,optical_volume_median_relative_bias,3,-0.031082452967835683,0.007522981665164108,0.004343395489491117,-0.049770575427076136,-0.01239433050859523,-0.038030003448868345,-0.023092716050165475,True
arm_B,optical_volume_n_cells,3,1900.0,6.244997998398398,3.6055512754639896,1884.4865649623732,1915.5134350376268,1895.0,1907.0,True
arm_B,optical_volume_n_fields,3,113.0,0.0,0.0,113.0,113.0,113.0,113.0,True
arm_B,optical_volume_relative_bias,3,-0.03358896285416891,0.004112323273881336,0.0023742509491701527,-0.043804540181726116,-0.023373385526611702,-0.03791686122618069,-0.02973292192417883,True
arm_B,phase_bias_rad,3,0.003507185882685608,0.005691515039921867,0.003285997740395694,-0.010631321264978488,0.017645693030349706,-0.00031740933756366685,0.010047949437439375,True
arm_B,phase_bias_rad_background,3,0.03800927531482393,0.007727631249120028,0.004461549981877613,0.01881277510638456,0.05720577552326331,0.03228434286105026,0.04679923224370036,True
arm_B,phase_bias_rad_in_cell,3,-0.2137715783365796,0.008578505615541746,0.0049528025263777435,-0.23508176764660882,-0.19246138902655036,-0.22050836296603743,-0.2041141035579211,True
arm_B,phase_mae_rad,3,0.16967055074057394,0.0022487019738115645,0.0012982886899073497,0.16408446536494123,0.17525663611620665,0.1670963539354569,0.1712522568032805,True
arm_B,phase_mae_rad_background,3,0.15107320402927457,0.0017896855514495757,0.0010332754348941963,0.146627378658744,0.15551902939980514,0.149115988308877,0.15262622841164075,True
arm_B,phase_mae_rad_in_cell,3,0.29786673684914905,0.005387058070125712,0.0031102194269272258,0.2844845427417608,0.3112489309565373,0.2916963738677776,0.30163409145532455,True
arm_B,phase_n_images,3,113.0,0.0,0.0,113.0,113.0,113.0,113.0,True
arm_B,phase_pearson_r,3,0.8561009627527895,0.0015966920859441594,0.0009218506056328055,0.8521345597280423,0.8600673657775366,0.8543968269255309,0.8575624290820771,True
arm_B,phase_psnr_db,3,30.5845054826403,0.0886733923152288,0.05119560692315465,30.36422856476121,30.80478240051939,30.518452782811778,30.68528691456848,True
arm_B,phase_rmse_rad,3,0.25969024382564637,0.0029677287313109417,0.0017134189819041589,0.2523179969659519,0.2670624906853408,0.2564493680195613,0.26227502442182127,True
arm_B,phase_ssim,3,0.6115534712167616,0.006421560016762257,0.003707489404295027,0.5956014318108545,0.6275055106226688,0.6067556824568099,0.6188485222843896,True
arm_B,seg_aji,3,0.6517464583637534,0.002651323350803355,0.0015307422502950576,0.6451602060419785,0.6583327106855283,0.6487205414798195,0.6536623879823046,True
arm_B,seg_boundary_f1,3,0.43534208155571713,0.0055942268904437455,0.00322982840110554,0.421445251569078,0.44923891154235623,0.4292237017772547,0.4401955529631725,True
arm_B,seg_dice,3,0.8245144865795462,0.0015077057144737551,0.0008704743001101596,0.8207691379560005,0.8282598352030919,0.822774445362705,0.8254331789891185,True
arm_B,seg_dice_macro,3,0.8245144865795462,0.0015077057144737551,0.0008704743001101596,0.8207691379560005,0.8282598352030919,0.822774445362705,0.8254331789891185,True
arm_B,seg_instance_count_mape,3,0.465577197773345,0.212845254511499,0.12288626498794836,-0.06315972572576672,0.9943141212724567,0.30275169953760317,0.7064233035367956,True
arm_B,seg_iou,3,0.7014264906299875,0.0021806828776624377,0.0012590178464356163,0.696009374056218,0.706843607203757,0.6989097731710413,0.7027554024373992,True
arm_B,seg_n_images,3,113.0,0.0,0.0,113.0,113.0,113.0,113.0,True
arm_B_membrane,area_bootstrap_fields,3,91.0,1.0,0.5773502691896258,88.51586228824966,93.48413771175034,90.0,92.0,True
arm_B_membrane,area_bootstrap_resamples,3,2000.0,0.0,0.0,2000.0,2000.0,2000.0,2000.0,True
arm_B_membrane,area_cell_pearson_r,3,0.8173332645390866,0.010456649288462011,0.006037149281515051,0.7913575077030709,0.8433090213751023,0.8056938530917975,0.8259340833874405,True
arm_B_membrane,area_cell_pearson_r_ci_lower,3,0.7615042038531082,0.0111020222672447,0.006409755544542947,0.7339252516623538,0.7890831560438627,0.7488406064114085,0.7695622335255776,True
arm_B_membrane,area_cell_pearson_r_ci_upper,3,0.8601582275444907,0.009438996785166895,0.005449607334796119,0.8367104596693674,0.8836059954196139,0.8499102837292806,0.8684961372207237,True
arm_B_membrane,area_field_total_bias,3,-0.451894083626106,0.0008483741427118644,0.000489809039668213,-0.4540015618276904,-0.4497866054245216,-0.45279295980926887,-0.45110736984383665,True
arm_B_membrane,area_field_total_mape,3,0.46693190747696006,0.0013846346485526975,0.0007994191870711828,0.46349228432949413,0.470371530624426,0.4656683789980703,0.4684121025899878,True
arm_B_membrane,area_field_total_pearson_r,3,0.2638452076065418,0.008037106571487396,0.004640225642553958,0.24387992807895353,0.28381048713413004,0.25577682551703873,0.27185066921432294,True
arm_B_membrane,area_image_pearson_r,3,0.8021114730555635,0.02696772381421246,0.015569822603567046,0.7351199333286109,0.8691030127825161,0.782457441415921,0.8328561227748149,True
arm_B_membrane,area_loa_lower,3,-0.7355618960705005,0.011661540263819567,0.006732793410481886,-0.7645307680169495,-0.7065930241240514,-0.7430831842864303,-0.7221283935946914,True
arm_B_membrane,area_loa_upper,3,0.013726952761855685,0.00843180170705183,0.00486810298531992,-0.007218803836632573,0.034672709360343945,0.004225054808642825,0.02031657829840655,True
arm_B_membrane,area_mae,3,232.22669569830973,4.188105407563483,2.418003784451304,221.8228651145958,242.63052628202365,227.47414179736748,235.3776664391532,True
arm_B_membrane,area_mape,3,0.3135059210147207,0.0013987635814307435,0.0008075765302716848,0.3100311996522656,0.31698064237717577,0.3125577335865934,0.3151123773065804,True
arm_B_membrane,area_mape_ci_lower,3,0.29894722971124754,0.00180330826325538,0.0010411405112223703,0.29446756364858384,0.30342689577391124,0.29745406897701854,0.3009507006697194,True
arm_B_membrane,area_mape_ci_upper,3,0.3279112564218674,0.0011606241794647769,0.0006700866824419775,0.3250281061284897,0.3307944067152451,0.3269664620860307,0.3292068007413853,True
arm_B_membrane,area_mape_coverage_adjusted,3,0.9238941065185916,0.000855953006187532,0.000494184698536041,0.9217678013764351,0.9260204116607481,0.9231794574992314,0.9248427119540144,True
arm_B_membrane,area_median_relative_bias,3,-0.38956867562414926,0.012092290041759001,0.006981486910728591,-0.4196075893383058,-0.35952976190999275,-0.4018437041692855,-0.37766780867140515,True
arm_B_membrane,area_n_cells,3,397.3333333333333,5.033222956847167,2.905932629027116,384.83011437458174,409.8365522920849,392.0,402.0,True
arm_B_membrane,area_n_fields,3,113.0,0.0,0.0,113.0,113.0,113.0,113.0,True
arm_B_membrane,area_relative_bias,3,-0.3609174716543224,0.009081323811503481,0.0052431047471696935,-0.3834767306070945,-0.33835821270155036,-0.36862452776086835,-0.35090590764814245,True
arm_B_membrane,cell_count_ratio,3,0.6632254464285715,0.006975446428571452,0.004027275873253542,0.645897476899063,0.68055341595808,0.65625,0.6702008928571429,True
arm_B_membrane,cells_detected,3,2377.0,25.0,14.433756729740645,2314.8965572062416,2439.1034427937584,2352.0,2402.0,True
arm_B_membrane,cells_false_positive,3,1979.6666666666667,27.392213005402343,15.814901552368612,1911.620637331649,2047.7126960016844,1950.0,2004.0,True
arm_B_membrane,cells_matched,3,397.3333333333333,5.033222956847167,2.905932629027116,384.83011437458174,409.8365522920849,392.0,402.0,True
arm_B_membrane,cells_missed,3,3186.6666666666665,5.033222956847167,2.905932629027116,3174.163447707915,3199.169885625418,3182.0,3192.0,True
arm_B_membrane,cells_reference,3,3584.0,0.0,0.0,3584.0,3584.0,3584.0,3584.0,True
arm_B_membrane,circularity_bootstrap_fields,3,91.0,1.0,0.5773502691896258,88.51586228824966,93.48413771175034,90.0,92.0,True
arm_B_membrane,circularity_bootstrap_resamples,3,2000.0,0.0,0.0,2000.0,2000.0,2000.0,2000.0,True
arm_B_membrane,circularity_cell_pearson_r,3,0.3498614977263823,0.02854880912089954,0.016482662630994592,0.278942324363594,0.4207806710891706,0.31689719938302746,0.3665689872390491,True
arm_B_membrane,circularity_cell_pearson_r_ci_lower,3,0.21670651346986594,0.029993538367027284,0.01731677745015257,0.14219843370350305,0.29121459323622884,0.18248770480103482,0.23844378920901865,True
arm_B_membrane,circularity_cell_pearson_r_ci_upper,3,0.45494676468945006,0.027054961569629398,0.015620189345140515,0.3877385143643778,0.5221550150145223,0.42376079335793077,0.4721357890816714,True
arm_B_membrane,circularity_image_pearson_r,3,0.12434464457092181,0.022237692826108907,0.012838937939310189,0.0691031531992649,0.17958613594257872,0.09880178773732166,0.13939353447192543,True
arm_B_membrane,circularity_loa_lower,3,-0.045779332224221,0.005838522526905732,0.003370872552578719,-0.06028302621421136,-0.03127563823423064,-0.05250396378172534,-0.042001272402759526,True
arm_B_membrane,circularity_loa_upper,3,0.7328666112947761,0.0225722960841245,0.013032121220397217,0.6767939193514082,0.7889393032381441,0.7127153256301736,0.7572584273258436,True
arm_B_membrane,circularity_mae,3,0.255621213067629,0.0029384483932581576,0.0016965139708474207,0.24832170259990427,0.2629207235353538,0.25346841008809545,0.25896886057188323,True
arm_B_membrane,circularity_mape,3,0.5035527035117605,0.004976245266047283,0.002873036543906,0.4911910249834534,0.5159143820400677,0.4986785156700441,0.5086250842501409,True
arm_B_membrane,circularity_mape_ci_lower,3,0.44183727240033793,0.004555937357929818,0.002630371660011853,0.4305196965971323,0.45315484820354357,0.4383557162265023,0.44699355047491507,True
arm_B_membrane,circularity_mape_ci_upper,3,0.5660203984634499,0.005403908063585756,0.0031199477751872257,0.5525963466518647,0.579444450275035,0.5613920203734662,0.5719589232478299,True
arm_B_membrane,circularity_mape_coverage_adjusted,3,0.9449576722051917,0.0012469661643390365,0.0007199362506514978,0.9418600365310804,0.9480553078793029,0.9437691861884369,0.9462558685898591,True
arm_B_membrane,circularity_median_relative_bias,3,0.35536541794067694,0.0014431250980185529,0.0008331886638153166,0.35178049646191567,0.3589503394194382,0.35389061106288255,0.35677462384565983,True
arm_B_membrane,circularity_n_cells,3,397.3333333333333,5.033222956847167,2.905932629027116,384.83011437458174,409.8365522920849,392.0,402.0,True
arm_B_membrane,circularity_relative_bias,3,0.34354363953527756,0.008528527574196627,0.004923947690753569,0.32235760256251317,0.36472967650804194,0.33535702661370703,0.35237723177205915,True
arm_B_membrane,coverage,3,0.11086309523809523,0.0014043590839417331,0.0008108070951526559,0.10737447387683642,0.11435171659935404,0.109375,0.11216517857142858,True
arm_B_membrane,detection_f1,3,0.13331441564296745,0.001983245715315059,0.0011450274476063214,0.12838776016988604,0.13824107111604886,0.1315215567857742,0.13544474393530995,True
arm_B_membrane,detection_precision,3,0.16717579271277486,0.003264633686318447,0.0018848371376014757,0.1590659930575407,0.175285592368009,0.16491375683634835,0.17091836734693877,True
arm_B_membrane,detection_recall,3,0.11086309523809523,0.0014043590839417331,0.0008108070951526559,0.10737447387683642,0.11435171659935404,0.109375,0.11216517857142858,True
arm_B_membrane,dry_mass_bootstrap_fields,3,91.0,1.0,0.5773502691896258,88.51586228824966,93.48413771175034,90.0,92.0,True
arm_B_membrane,dry_mass_bootstrap_resamples,3,2000.0,0.0,0.0,2000.0,2000.0,2000.0,2000.0,True
arm_B_membrane,dry_mass_cell_pearson_r,3,0.9262449759732059,0.009880908974104666,0.005704745456037518,0.9016994373642602,0.9507905145821516,0.9158239286828992,0.9354783956130919,True
arm_B_membrane,dry_mass_cell_pearson_r_ci_lower,3,0.8946172154154932,0.015090864014573014,0.008712714401117766,0.8571294310139964,0.93210499981699,0.8796135215746034,0.9097937646137446,True
arm_B_membrane,dry_mass_cell_pearson_r_ci_upper,3,0.9483106646773999,0.006866472256986343,0.0039643596059541625,0.9312534019971327,0.9653679273576671,0.9407090763281098,0.9540634660707602,True
arm_B_membrane,dry_mass_field_total_bias,3,0.5448020968397788,0.013837073276117709,0.007988837980763136,0.5104289012943221,0.5791752923852355,0.5345072038894021,0.5605314137169265,True
arm_B_membrane,dry_mass_field_total_mape,3,0.5454184553451543,0.013229302512308973,0.007637941366672578,0.5125550460741742,0.5782818646161344,0.5359349805957039,0.5605314137169265,True
arm_B_membrane,dry_mass_field_total_pearson_r,3,0.8678752656107408,0.003487834759465591,0.002013702337266393,0.8592110037523987,0.8765395274690829,0.8652879675895153,0.8718418171675304,True
arm_B_membrane,dry_mass_image_pearson_r,3,0.9276845453184904,0.011578464872654038,0.006684829811029435,0.8989220440841541,0.9564470465528268,0.9156424410493538,0.938735671248314,True
arm_B_membrane,dry_mass_loa_lower,3,-0.4022579739836419,0.09685143229149538,0.055917200504895674,-0.6428502693759792,-0.1616656785913045,-0.46749019758527305,-0.29097314101676053,True
arm_B_membrane,dry_mass_loa_upper,3,0.4273258883119415,0.11996635974987956,0.06926261009529246,0.1293129299158588,0.7253388467080242,0.2888381529559364,0.499360425911547,True
arm_B_membrane,dry_mass_mae,3,42.64554004022577,3.1021155526998108,1.7910072494085605,34.93945780955695,50.35162227089459,40.21968117212993,46.1409084036566,True
arm_B_membrane,dry_mass_mape,3,0.24050068980443806,0.05522312480643569,0.03188308597248794,0.10331884291207605,0.3776825366968001,0.18208885494650065,0.29185692720364553,True
arm_B_membrane,dry_mass_mape_ci_lower,3,0.16480972471110514,0.012566657747646382,0.007255363233417535,0.1335924162895173,0.19602703313269298,0.1520115837662267,0.17713134347062065,True
arm_B_membrane,dry_mass_mape_ci_upper,3,0.38148745676648305,0.1952546598033806,0.1127303303980106,-0.10355200704607603,0.8665269205790421,0.20021792688403167,0.5882273478954883,True
arm_B_membrane,dry_mass_mape_coverage_adjusted,3,0.9157735218761468,0.006689226060938775,0.0038620264669532623,0.8991565631557457,0.9323904805965479,0.909171697619617,0.9225468514128987,True
arm_B_membrane,dry_mass_median_relative_bias,3,-0.00846061051694856,0.003461168115474965,0.001998306343180021,-0.01705862875930774,0.0001374077254106213,-0.012251315208687006,-0.0054686255167211775,True
arm_B_membrane,dry_mass_n_cells,3,397.3333333333333,5.033222956847167,2.905932629027116,384.83011437458174,409.8365522920849,392.0,402.0,True
arm_B_membrane,dry_mass_n_fields,3,113.0,0.0,0.0,113.0,113.0,113.0,113.0,True
arm_B_membrane,dry_mass_relative_bias,3,0.012533957164149808,0.012259962177879714,0.007078292463653484,-0.0179214772265539,0.04298939155485351,-0.0010674940304120503,0.02273425135972449,True
arm_B_membrane,false_positive_median_area_um2,3,355.416460992033,5.8812903500617395,3.395564566790494,340.80652583969135,370.0263961443747,348.626786609736,358.933025413143,True
arm_B_membrane,forward_distance_um,3,33.77,0.0,0.0,33.77,33.77,33.77,33.77,True
arm_B_membrane,forward_residual,3,0.9215772120298538,0.00046925788572524006,0.000270926166642822,0.9204115108193874,0.9227429132403201,0.9211794501912277,0.9220947496658933,True
arm_B_membrane,forward_residual_n,3,113.0,0.0,0.0,113.0,113.0,113.0,113.0,True
arm_B_membrane,forward_residual_ratio,3,0.9987080127723242,0.0005085321169108978,0.00029360115459007706,0.9974447489630697,0.9999712765815788,0.9982769605173146,0.9992688653816085,True
arm_B_membrane,forward_residual_reference,3,0.9227694183324292,1.3597399555105182e-16,7.850462293418875e-17,0.9227694183324289,0.9227694183324295,0.9227694183324291,0.9227694183324291,True
arm_B_membrane,missed_median_area_um2,3,147.506352217791,0.5478977542899973,0.3163289159277214,146.1452987441759,148.8674056914061,146.965342306851,148.0608873765045,True
arm_B_membrane,optical_volume_bootstrap_fields,3,91.0,1.0,0.5773502691896258,88.51586228824966,93.48413771175034,90.0,92.0,True
arm_B_membrane,optical_volume_bootstrap_resamples,3,2000.0,0.0,0.0,2000.0,2000.0,2000.0,2000.0,True
arm_B_membrane,optical_volume_cell_pearson_r,3,0.9262449759732058,0.009880908974104615,0.005704745456037489,0.9016994373642602,0.9507905145821514,0.9158239286828992,0.9354783956130918,True
arm_B_membrane,optical_volume_cell_pearson_r_ci_lower,3,0.8946172154154933,0.015090864014572958,0.008712714401117734,0.8571294310139966,0.93210499981699,0.8796135215746034,0.9097937646137445,True
arm_B_membrane,optical_volume_cell_pearson_r_ci_upper,3,0.9483106646773999,0.006866472256986374,0.003964359605954181,0.9312534019971326,0.9653679273576672,0.9407090763281097,0.9540634660707601,True
arm_B_membrane,optical_volume_field_total_bias,3,0.5448020968397788,0.013837073276117709,0.007988837980763136,0.5104289012943221,0.5791752923852355,0.5345072038894021,0.5605314137169265,True
arm_B_membrane,optical_volume_field_total_mape,3,0.5454184553451543,0.013229302512308997,0.007637941366672592,0.5125550460741741,0.5782818646161345,0.5359349805957039,0.5605314137169265,True
arm_B_membrane,optical_volume_field_total_pearson_r,3,0.867875265610741,0.0034878347594655716,0.0020137023372663815,0.859211003752399,0.876539527469083,0.8652879675895155,0.8718418171675305,True
arm_B_membrane,optical_volume_image_pearson_r,3,0.9276845453184905,0.011578464872653875,0.006684829811029341,0.8989220440841545,0.9564470465528265,0.9156424410493539,0.9387356712483138,True
arm_B_membrane,optical_volume_loa_lower,3,-0.4022579739836419,0.09685143229149538,0.055917200504895674,-0.6428502693759792,-0.1616656785913045,-0.46749019758527305,-0.29097314101676053,True
arm_B_membrane,optical_volume_loa_upper,3,0.4273258883119415,0.11996635974987953,0.06926261009529243,0.1293129299158589,0.7253388467080242,0.2888381529559364,0.499360425911547,True
arm_B_membrane,optical_volume_mae,3,80.46541459383941,5.853203261830851,3.3793484788396375,65.92525163658536,95.00557755109347,75.88820114119346,87.06062394647876,True
arm_B_membrane,optical_volume_mape,3,0.2405006898044381,0.05522312480643571,0.03188308597248796,0.10331884291207599,0.3776825366968002,0.18208885494650065,0.2918569272036456,True
arm_B_membrane,optical_volume_mape_ci_lower,3,0.16480972471110517,0.012566657747646382,0.007255363233417535,0.13359241628951732,0.196027033132693,0.1520115837662267,0.17713134347062065,True
arm_B_membrane,optical_volume_mape_ci_upper,3,0.38148745676648316,0.1952546598033806,0.1127303303980106,-0.10355200704607592,0.8665269205790422,0.2002179268840317,0.5882273478954883,True
arm_B_membrane,optical_volume_mape_coverage_adjusted,3,0.9157735218761468,0.006689226060938775,0.0038620264669532623,0.8991565631557457,0.9323904805965479,0.909171697619617,0.9225468514128987,True
arm_B_membrane,optical_volume_median_relative_bias,3,-0.008460610516948576,0.003461168115474927,0.0019983063431799988,-0.017058628759307665,0.0001374077254105103,-0.012251315208686983,-0.005468625516721231,True
arm_B_membrane,optical_volume_n_cells,3,397.3333333333333,5.033222956847167,2.905932629027116,384.83011437458174,409.8365522920849,392.0,402.0,True
arm_B_membrane,optical_volume_n_fields,3,113.0,0.0,0.0,113.0,113.0,113.0,113.0,True
arm_B_membrane,optical_volume_relative_bias,3,0.012533957164149812,0.012259962177879705,0.007078292463653478,-0.01792147722655387,0.04298939155485349,-0.0010674940304120394,0.02273425135972448,True
arm_B_membrane,phase_bias_rad,3,0.003509203553036477,0.005694992953786413,0.0032880057149016076,-0.010637943211616756,0.01765635031768971,-0.00031740933756366685,0.010054002207419546,True
arm_B_membrane,phase_bias_rad_background,3,0.01327015113376713,0.006447338142932646,0.0037223724123787052,-0.002745924687498194,0.029286226955032454,0.0070488055129904765,0.019921913201636346,True
arm_B_membrane,phase_bias_rad_in_cell,3,-0.027745512974085174,0.009057694528001727,0.005229462373979198,-0.050246073532608876,-0.005244952415561475,-0.03813007332985207,-0.02147503530702438,True
arm_B_membrane,phase_mae_rad,3,0.16967029517906607,0.0022485328876553717,0.0012981910679695555,0.1640846298367305,0.17525596052140163,0.1670963539354569,0.17125225733075522,True
arm_B_membrane,phase_mae_rad_background,3,0.16793371178759234,0.0016302756067414284,0.0009412400604054442,0.1638838826723393,0.17198354090284537,0.16622843903250398,0.16947687852435409,True
arm_B_membrane,phase_mae_rad_in_cell,3,0.1753651725243678,0.004752842881383449,0.002744055116982731,0.1635584562846991,0.18717188876403654,0.1699929034947294,0.17902267697901852,True
arm_B_membrane,phase_n_images,3,113.0,0.0,0.0,113.0,113.0,113.0,113.0,True
arm_B_membrane,phase_pearson_r,3,0.8561010633246385,0.0015968291251434138,0.0009219297252513846,0.8521343198756485,0.8600678067736286,0.8543968279804803,0.8575627297426747,True
arm_B_membrane,phase_psnr_db,3,30.584521598202382,0.08866393163384698,0.05119014479621213,30.36426818195869,30.804775014446076,30.518452766617212,30.68528691456848,True
arm_B_membrane,phase_rmse_rad,3,0.2596897066549508,0.0029675509935632206,0.0017133163649676669,0.25231790132029824,0.2670615119896033,0.2564493680195613,0.26227502520742724,True
arm_B_membrane,phase_ssim,3,0.6115528309063926,0.006421933708796595,0.003707705155491646,0.5955998631980103,0.6275057986147748,0.6067556819293352,0.6188485222843896,True
arm_B_membrane,seg_aji,3,0.23601898160832405,0.002064136580227901,0.0011917298102387323,0.23089138208717655,0.24114658112947154,0.23395768902738318,0.2380859504806451,True
arm_B_membrane,seg_boundary_f1,3,0.06325691682508973,0.0016183011379803298,0.0009343265976428212,0.059236833939264315,0.06727699971091514,0.06229361194862678,0.06512526726917016,True
arm_B_membrane,seg_dice,3,0.5017426359174967,0.002969311718700974,0.0017143329200999177,0.49436645669912943,0.509118815135864,0.4987497379578138,0.5046877854996054,True
arm_B_membrane,seg_dice_macro,3,0.5017426359174967,0.002969311718700974,0.0017143329200999177,0.49436645669912943,0.509118815135864,0.4987497379578138,0.5046877854996054,True
arm_B_membrane,seg_instance_count_mape,3,0.44933387732422664,0.040344101767865875,0.023292678015891022,0.34911357267597787,0.5495541819724754,0.4245184089377506,0.4958852923973255,True
arm_B_membrane,seg_iou,3,0.3348876399039806,0.0026454172397533094,0.00152733235549045,0.32831605917539497,0.3414592206325663,0.3322229148385646,0.3375133170220435,True
arm_B_membrane,seg_n_images,3,113.0,0.0,0.0,113.0,113.0,113.0,113.0,True
arm_B1,area_bootstrap_fields,3,113.0,0.0,0.0,113.0,113.0,113.0,113.0,True
arm_B1,area_bootstrap_resamples,3,2000.0,0.0,0.0,2000.0,2000.0,2000.0,2000.0,True
arm_B1,area_cell_pearson_r,3,0.8827982787294877,0.004244466681480587,0.0024505439811192144,0.872254438979754,0.8933421184792214,0.8779079374660544,0.8855243748950566,True
arm_B1,area_cell_pearson_r_ci_lower,3,0.8656474258967276,0.004559848605856391,0.002632629820055127,0.8543201340150476,0.8769747177784076,0.8604017995929507,0.8686636508165815,True
arm_B1,area_cell_pearson_r_ci_upper,3,0.8991807635026993,0.0037207709476871657,0.002148188108240124,0.8899378560747646,0.9084236709306339,0.8948883709368533,0.9014871502680338,True
arm_B1,area_field_total_bias,3,-0.0966472616416495,0.008225259796286548,0.004748855957540645,-0.11707993969054875,-0.07621458359275024,-0.10573286326617895,-0.08970784215786679,True
arm_B1,area_field_total_mape,3,0.15863214240849025,0.0045585326395605865,0.00263187004656,0.14730811956831302,0.16995616524866747,0.15340767992839285,0.16180021865524505,True
arm_B1,area_field_total_pearson_r,3,0.9289028875625608,0.004458328523697691,0.002574017173292649,0.9178277855454712,0.9399779895796504,0.9252249246492258,0.9338613457111297,True
arm_B1,area_image_pearson_r,3,0.8148190209971643,0.017467233442583482,0.010084711930073608,0.7714280076824961,0.8582100343118325,0.7977411639988263,0.8326511913631925,True
arm_B1,area_loa_lower,3,-0.16236670466150896,0.021951914473957987,0.012673943730767287,-0.2168982832513859,-0.10783512607163201,-0.1834974413737823,-0.13967675286636688,True
arm_B1,area_loa_upper,3,0.28440127826702805,0.009051352374476266,0.005225800729934031,0.26191647249125066,0.30688608404280543,0.27831712702288,0.294802994337907,True
arm_B1,area_mae,3,63.057245132389106,1.075855062173221,0.6211452097547308,60.38467300006711,65.7298172647111,61.91741197421017,64.05500443192689,True
arm_B1,area_mape,3,0.16425935783213685,0.0021228946878651656,0.00122565381950018,0.15898579507993654,0.16953292058433717,0.16182993253725167,0.16575709240133674,True
arm_B1,area_mape_ci_lower,3,0.15451326105166877,0.0026063385712133277,0.0015047702756893194,0.14803875711732828,0.16098776498600925,0.15158224559098904,0.15657026013844308,True
arm_B1,area_mape_ci_upper,3,0.17426813389114848,0.0021630409067380854,0.0012488322497734058,0.16889484240266178,0.17964142537963518,0.1717704904252153,0.17552583267504646,True
arm_B1,area_mape_coverage_adjusted,3,0.5120005258024701,0.0032203791125589914,0.001859286747528582,0.5040006606028293,0.5200003910021109,0.5083051299159207,0.5142072203472072,True
arm_B1,area_median_relative_bias,3,0.06214558470730367,0.021875958481348906,0.012630090517987868,0.007802691263100375,0.11648847815150697,0.03798551303256715,0.08061121072737208,True
arm_B1,area_n_cells,3,1860.3333333333333,7.767453465154029,4.48454134902457,1841.0379092562785,1879.628757410388,1854.0,1869.0,True
arm_B1,area_n_fields,3,113.0,0.0,0.0,113.0,113.0,113.0,113.0,True
arm_B1,area_relative_bias,3,0.061017286802759536,0.011189048702204527,0.006460000280193617,0.033222148963002185,0.08881242464251689,0.04829313603325743,0.06932018707825653,True
arm_B1,cell_count_ratio,3,0.6848713119899562,0.006485868901372204,0.0037446181561358646,0.6687595204585889,0.7009831035213235,0.6795354676710609,0.692090395480226,True
arm_B1,cells_detected,3,2182.0,20.663978319771825,11.930353445448855,2130.6678321810637,2233.3321678189363,2165.0,2205.0,True
arm_B1,cells_false_positive,3,321.6666666666667,14.502873278538061,8.37323779138698,285.63953222671415,357.6938011066192,307.0,336.0,True
arm_B1,cells_matched,3,1860.3333333333333,7.767453465154029,4.48454134902457,1841.0379092562785,1879.628757410388,1854.0,1869.0,True
arm_B1,cells_missed,3,1325.6666666666667,7.767453465154029,4.48454134902457,1306.371242589612,1344.9620907437215,1317.0,1332.0,True
arm_B1,cells_reference,3,3186.0,0.0,0.0,3186.0,3186.0,3186.0,3186.0,True
arm_B1,circularity_bootstrap_fields,3,113.0,0.0,0.0,113.0,113.0,113.0,113.0,True
arm_B1,circularity_bootstrap_resamples,3,2000.0,0.0,0.0,2000.0,2000.0,2000.0,2000.0,True
arm_B1,circularity_cell_pearson_r,3,0.8473413916392746,0.006412976142919585,0.0037025335024212704,0.8314106757580929,0.8632721075204562,0.8427782267802966,0.8546736579691872,True
arm_B1,circularity_cell_pearson_r_ci_lower,3,0.824640596951106,0.008202758731308383,0.004735864961618448,0.8042638146462736,0.8450173792559385,0.8188284337636409,0.8340235080250521,True
arm_B1,circularity_cell_pearson_r_ci_upper,3,0.8693679415445622,0.005027151358920104,0.002902427190329515,0.8568798052711919,0.8818560778179325,0.8656830232833737,0.8750947646953999,True
arm_B1,circularity_image_pearson_r,3,0.8842509129774344,0.009054808120089027,0.005227795905593809,0.8617575226536581,0.9067443033012107,0.8753950430334199,0.8934923420797648,True
arm_B1,circularity_loa_lower,3,-0.06735942283885644,0.005619324662020115,0.0032443186062812166,-0.08131859914634929,-0.0534002465313636,-0.07299367606559874,-0.06175514667982122,True
arm_B1,circularity_loa_upper,3,0.12616931761691386,0.012630182647047973,0.007292039351187288,0.09479420459708737,0.15754443063674034,0.11174468326422161,0.1352441482941882,True
arm_B1,circularity_mae,3,0.04892367552675123,0.0011864551057493432,0.0006850001746857892,0.045976357655260564,0.0518709933982419,0.0476926851729431,0.05005991323080493,True
arm_B1,circularity_mape,3,0.06936447442671066,0.00227987383218603,0.0013162857707309883,0.0637009538621446,0.07502799499127673,0.06709869074068472,0.07165818189108245,True
arm_B1,circularity_mape_ci_lower,3,0.06109737085902354,0.001771003834816822,0.0010224895407673518,0.05669795344530062,0.06549678827274646,0.05933269386528615,0.06287463444424676,True
arm_B1,circularity_mape_ci_upper,3,0.07829995580738003,0.002701086930620412,0.001559473266498275,0.07159008390030991,0.08500982771445015,0.07571369976198418,0.08110282896006131,True
arm_B1,circularity_mape_coverage_adjusted,3,0.4565964086893381,0.0016091037025961572,0.0009290164558479149,0.4525991734996019,0.4605936438790743,0.4554077658362941,0.45842748427560215,True
arm_B1,circularity_median_relative_bias,3,0.0195439235853777,0.01000482652951291,0.005776289290009788,-0.005309443296105498,0.044397290466860896,0.00802484109782645,0.026064784649851503,True
arm_B1,circularity_n_cells,3,1860.3333333333333,7.767453465154029,4.48454134902457,1841.0379092562785,1879.628757410388,1854.0,1869.0,True
arm_B1,circularity_relative_bias,3,0.029404947389028702,0.008698048344435088,0.005021820553083977,0.007797797477989976,0.05101209730006743,0.019375503599311433,0.034881987306255254,True
arm_B1,coverage,3,0.5839087675245868,0.002437995437901478,0.0014075773223554981,0.5778524511162204,0.5899650839329531,0.5819209039548022,0.5866290018832392,True
arm_B1,detection_f1,3,0.6931201658761726,0.0014752890183236242,0.0008517585118616432,0.6894553447900238,0.6967849869623215,0.691533010070869,0.6944496355821341,True
arm_B1,detection_precision,3,0.8526132402537613,0.005314501811150514,0.0030683290512765033,0.8394112858855168,0.8658151946220057,0.8476190476190476,0.8581986143187067,True
arm_B1,detection_recall,3,0.5839087675245868,0.002437995437901478,0.0014075773223554981,0.5778524511162204,0.5899650839329531,0.5819209039548022,0.5866290018832392,True
arm_B1,dry_mass_bootstrap_fields,3,113.0,0.0,0.0,113.0,113.0,113.0,113.0,True
arm_B1,dry_mass_bootstrap_resamples,3,2000.0,0.0,0.0,2000.0,2000.0,2000.0,2000.0,True
arm_B1,dry_mass_cell_pearson_r,3,0.9181502101191849,0.0007185502180339163,0.0004148551618081459,0.9163652324247804,0.9199351878135893,0.9173388464646469,0.9187061623058324,True
arm_B1,dry_mass_cell_pearson_r_ci_lower,3,0.9038386771596683,0.0001752571019205055,0.00010118473497119752,0.9034033143835355,0.904274039935801,0.9036629712555142,0.9040134819846845,True
arm_B1,dry_mass_cell_pearson_r_ci_upper,3,0.930326860256096,0.001214200019209234,0.0007010187079405,0.9273106201987704,0.9333431003134216,0.9289248263307159,0.9310305865933195,True
arm_B1,dry_mass_field_total_bias,3,-0.1698411000161187,0.008826161096982144,0.005095786485253643,-0.19176649964711573,-0.1479157003851217,-0.1791942205784986,-0.1616587628568216,True
arm_B1,dry_mass_field_total_mape,3,0.17255682787033919,0.006900015722021439,0.003983725934521728,0.15541623860359555,0.18969741713708282,0.1666917607594965,0.18015958174209748,True
arm_B1,dry_mass_field_total_pearson_r,3,0.9907703137274426,0.0005413212362138457,0.0003125319614461248,0.9894255972303925,0.9921150302244928,0.9901474532659686,0.9911271566758408,True
arm_B1,dry_mass_image_pearson_r,3,0.9496822439789429,0.0034973408033672107,0.002019190654271921,0.9409943677984551,0.9583701201594306,0.9464480110814303,0.9533936851084454,True
arm_B1,dry_mass_loa_lower,3,-0.2255764585671176,0.011458425966800493,0.006615525316421663,-0.25404076662854597,-0.19711215050568928,-0.2382756199595378,-0.21601066883174413,True
arm_B1,dry_mass_loa_upper,3,0.1622329100474366,0.02066111781693603,0.01192870193336659,0.11090784811146914,0.21355797198340404,0.14024794434732468,0.18124896765061776,True
arm_B1,dry_mass_mae,3,39.86760151775412,0.39420842523911875,0.2275963404286237,38.88833350232791,40.846869533180325,39.44785941033518,40.229993733844864,True
arm_B1,dry_mass_mape,3,0.1934953341652393,0.0028530032344229687,0.001647182185392974,0.18640808123886354,0.20058258709161508,0.19042235988268708,0.19606004757038314,True
arm_B1,dry_mass_mape_ci_lower,3,0.18298835629959234,0.0022386373381177303,0.001292477869780219,0.1774272728650417,0.18854943973414298,0.1807016967766482,0.18517566321656712,True
arm_B1,dry_mass_mape_ci_upper,3,0.20424440267254085,0.0037286762983061053,0.002152752264548007,0.19498185726500902,0.21350694808007267,0.20007161405563859,0.20724943908025473,True
arm_B1,dry_mass_mape_coverage_adjusted,3,0.5290775935112103,0.0016620406500949612,0.0009595796167364265,0.5249488556538474,0.5332063313685732,0.527873428958579,0.5309738434428967,True
arm_B1,dry_mass_median_relative_bias,3,-0.04108714470378006,0.010685347822585373,0.006169188441754447,-0.06763102019303366,-0.01454326921452646,-0.04962809012518614,-0.029105261838568843,True
arm_B1,dry_mass_n_cells,3,1860.3333333333333,7.767453465154029,4.48454134902457,1841.0379092562785,1879.628757410388,1854.0,1869.0,True
arm_B1,dry_mass_n_fields,3,113.0,0.0,0.0,113.0,113.0,113.0,113.0,True
arm_B1,dry_mass_relative_bias,3,-0.0316717742598405,0.01258462566210928,0.007265737013669465,-0.06293371745534712,-0.0004098310643338779,-0.041097571281373105,-0.0173808505905632,True
arm_B1,false_positive_median_area_um2,3,146.18087793598798,8.24539971872585,4.760483747182434,125.69816954624554,166.66358632573042,139.7834357391225,155.486248404156,True
arm_B1,forward_distance_um,3,33.77,0.0,0.0,33.77,33.77,33.77,33.77,True
arm_B1,forward_residual,3,0.9196419278077319,0.0009564023709775711,0.000552179166337497,0.9172660926103791,0.9220177630050848,0.9187220952152151,0.9206311233275759,True
arm_B1,forward_residual_n,3,113.0,0.0,0.0,113.0,113.0,113.0,113.0,True
arm_B1,forward_residual_ratio,3,0.9966107562056522,0.0010364478405731497,0.0005983934397559143,0.9940360770386223,0.9991854353726821,0.9956139388271795,0.9976827417961929,True
arm_B1,forward_residual_reference,3,0.9227694183324292,1.3597399555105182e-16,7.850462293418875e-17,0.9227694183324289,0.9227694183324295,0.9227694183324291,0.9227694183324291,True
arm_B1,missed_median_area_um2,3,98.2338745789305,0.49195474290185764,0.28403020324350065,97.01179124961355,99.45595790824744,97.70638991576399,98.680207755456,True
arm_B1,optical_volume_bootstrap_fields,3,113.0,0.0,0.0,113.0,113.0,113.0,113.0,True
arm_B1,optical_volume_bootstrap_resamples,3,2000.0,0.0,0.0,2000.0,2000.0,2000.0,2000.0,True
arm_B1,optical_volume_cell_pearson_r,3,0.9181502101191849,0.0007185502180339593,0.0004148551618081707,0.9163652324247803,0.9199351878135894,0.9173388464646469,0.9187061623058325,True
arm_B1,optical_volume_cell_pearson_r_ci_lower,3,0.9038386771596683,0.00017525710192061654,0.00010118473497126164,0.9034033143835352,0.9042740399358014,0.9036629712555142,0.9040134819846847,True
arm_B1,optical_volume_cell_pearson_r_ci_upper,3,0.930326860256096,0.0012142000192094577,0.0007010187079406293,0.9273106201987699,0.9333431003134222,0.9289248263307157,0.9310305865933195,True
arm_B1,optical_volume_field_total_bias,3,-0.1698411000161187,0.00882616109698213,0.005095786485253636,-0.19176649964711567,-0.14791570038512175,-0.1791942205784986,-0.16165876285682163,True
arm_B1,optical_volume_field_total_mape,3,0.17255682787033919,0.006900015722021439,0.003983725934521728,0.15541623860359555,0.18969741713708282,0.1666917607594965,0.18015958174209748,True
arm_B1,optical_volume_field_total_pearson_r,3,0.9907703137274426,0.0005413212362139275,0.0003125319614461721,0.9894255972303923,0.992115030224493,0.9901474532659685,0.9911271566758407,True
arm_B1,optical_volume_image_pearson_r,3,0.949682243978943,0.003497340803367159,0.0020191906542718916,0.9409943677984554,0.9583701201594306,0.9464480110814304,0.9533936851084454,True
arm_B1,optical_volume_loa_lower,3,-0.2255764585671176,0.011458425966800467,0.006615525316421648,-0.2540407666285459,-0.19711215050568934,-0.23827561995953778,-0.21601066883174416,True
arm_B1,optical_volume_loa_upper,3,0.1622329100474366,0.02066111781693602,0.011928701933366584,0.11090784811146917,0.213557971983404,0.14024794434732468,0.18124896765061774,True
arm_B1,optical_volume_mae,3,75.2238823089619,0.7438091848134671,0.42943843307777135,73.3761578626205,77.0716067553033,74.43189508910027,75.9076593202465,True
arm_B1,optical_volume_mape,3,0.1934953341652393,0.002853003234422994,0.0016471821853929886,0.1864080812388635,0.20058258709161514,0.19042235988268708,0.1960600475703832,True
arm_B1,optical_volume_mape_ci_lower,3,0.18298835629959234,0.0022386373381177173,0.0012924778697802114,0.17742727286504176,0.18854943973414293,0.1807016967766482,0.1851756632165671,True
arm_B1,optical_volume_mape_ci_upper,3,0.20424440267254085,0.0037286762983061053,0.002152752264548007,0.19498185726500902,0.21350694808007267,0.20007161405563859,0.20724943908025473,True
arm_B1,optical_volume_mape_coverage_adjusted,3,0.5290775935112103,0.0016620406500949612,0.0009595796167364265,0.5249488556538474,0.5332063313685732,0.527873428958579,0.5309738434428967,True
arm_B1,optical_volume_median_relative_bias,3,-0.04108714470378,0.010685347822585374,0.006169188441754448,-0.0676310201930336,-0.014543269214526394,-0.04962809012518606,-0.029105261838568774,True
arm_B1,optical_volume_n_cells,3,1860.3333333333333,7.767453465154029,4.48454134902457,1841.0379092562785,1879.628757410388,1854.0,1869.0,True
arm_B1,optical_volume_n_fields,3,113.0,0.0,0.0,113.0,113.0,113.0,113.0,True
arm_B1,optical_volume_relative_bias,3,-0.0316717742598405,0.012584625662109277,0.007265737013669464,-0.06293371745534712,-0.0004098310643338779,-0.04109757128137312,-0.017380850590563202,True
arm_B1,phase_bias_rad,3,-0.006154151142522993,0.005109641956567157,0.0029500531590866542,-0.018847205420373207,0.006538903135327223,-0.009110494858051642,-0.0002540492987624922,True
arm_B1,phase_bias_rad_background,3,0.025177752264683648,0.00758529724556532,0.004379373406610465,0.00633482932213893,0.04402067520722837,0.020625161281215085,0.033934184391282304,True
arm_B1,phase_bias_rad_in_cell,3,-0.2115862494482931,0.009723545843480952,0.005613891810211395,-0.2357408763700173,-0.1874316225265689,-0.2228123497514598,-0.20580483137308497,True
arm_B1,phase_mae_rad,3,0.16662393686166554,0.0006294027271975665,0.00036338583397619965,0.16506041381115558,0.1681874599121755,0.1658983924879437,0.1670232715200534,True
arm_B1,phase_mae_rad_background,3,0.14708424539780546,0.0005012000466869786,0.00028936798187258016,0.14583919546069932,0.1483292953349116,0.14654152266747128,0.1475296484685577,True
arm_B1,phase_mae_rad_in_cell,3,0.30365945992216603,0.0023630575888040446,0.0013643119350066032,0.2977892994507801,0.309529620393552,0.30125392155837166,0.3059776124701036,True
arm_B1,phase_n_images,3,113.0,0.0,0.0,113.0,113.0,113.0,113.0,True
arm_B1,phase_pearson_r,3,0.8578685924718513,0.00039845996497350604,0.00023005096803874257,0.8568787630462379,0.8588584218974648,0.8574399404821142,0.8582277060610003,True
arm_B1,phase_psnr_db,3,30.707798499601736,0.040505468147246655,0.02338584293846467,30.60717733864506,30.808419660558414,30.66125582932754,30.73507331230692,True
arm_B1,phase_rmse_rad,3,0.2548543374030962,0.000937139753252897,0.0005410578888088596,0.2525263532008603,0.2571823216053321,0.25412535805394676,0.25591141118701227,True
arm_B1,phase_ssim,3,0.6161164982480637,0.003847876011220326,0.0022215722508863588,0.6065578443384518,0.6256751521576756,0.611970396168464,0.619572852565124,True
arm_B1,seg_aji,3,0.6541278617933882,0.0005185293721541919,0.0002993730725959503,0.6528397634253698,0.6554159601614067,0.6536019366978499,0.6546386646227883,True
arm_B1,seg_boundary_f1,3,0.4223349883398532,0.0047335218721584384,0.0027329001271056558,0.41057626814782944,0.434093708531877,0.41943389732860853,0.4277972644598811,True
arm_B1,seg_dice,3,0.8242406719341675,0.0007289546408383303,0.000420862158115037,0.8224298482207056,0.8260514956476294,0.8234317097188562,0.8248465480989835,True
arm_B1,seg_dice_macro,3,0.8242406719341675,0.0007289546408383303,0.000420862158115037,0.8224298482207056,0.8260514956476294,0.8234317097188562,0.8248465480989835,True
arm_B1,seg_instance_count_mape,3,0.31877198794870576,0.019924023706805256,0.011503140450464501,0.2692779692888232,0.3682660066085883,0.29579868222099115,0.33132500783430285,True
arm_B1,seg_iou,3,0.7010288284749784,0.0010543626587606976,0.0006087365648589783,0.6984096464324896,0.7036480105174672,0.699858832267267,0.7019053952185137,True
arm_B1,seg_n_images,3,113.0,0.0,0.0,113.0,113.0,113.0,113.0,True
arm_B1_membrane,area_bootstrap_fields,3,88.66666666666667,2.081665999466133,1.2018504251546633,83.4955216541244,93.83781167920894,87.0,91.0,True
arm_B1_membrane,area_bootstrap_resamples,3,2000.0,0.0,0.0,2000.0,2000.0,2000.0,2000.0,True
arm_B1_membrane,area_cell_pearson_r,3,0.8130582532289488,0.019291287160593137,0.011137829835182819,0.7651360392851144,0.8609804671727831,0.7908338355798551,0.8254782102828797,True
arm_B1_membrane,area_cell_pearson_r_ci_lower,3,0.7560964998126488,0.024568217033962437,0.014184466718067362,0.6950656653681159,0.8171273342571818,0.7277484770243463,0.771213639630344,True
arm_B1_membrane,area_cell_pearson_r_ci_upper,3,0.8578166016291305,0.016052527482749313,0.009267931063339183,0.8179399127403244,0.8976932905179367,0.8392875159062575,0.8675151667137745,True
arm_B1_membrane,area_field_total_bias,3,-0.4653271157126822,0.004323077843184536,0.0024959301564902985,-0.4760662364137692,-0.4545879950115952,-0.4694251993393218,-0.4608096158826981,True
arm_B1_membrane,area_field_total_mape,3,0.47709037177186203,0.0030532386818863957,0.0017627881748872888,0.4695057064192132,0.4846750371245109,0.4744816831446313,0.4804485720159616,True
arm_B1_membrane,area_field_total_pearson_r,3,0.2557177240874611,0.003852011714288684,0.0022239600001661636,0.2461487965218925,0.2652866516530296,0.2512827045472564,0.2582283984964937,True
arm_B1_membrane,area_image_pearson_r,3,0.790933178540941,0.010854838279995217,0.006267043802965093,0.7639682654146538,0.8178980916672283,0.7788167062384109,0.7997700543398332,True
arm_B1_membrane,area_loa_lower,3,-0.732362931122578,0.013888121226477557,0.008018310528644974,-0.7668629368066311,-0.6978629254385249,-0.7482556771253104,-0.7225603847535516,True
arm_B1_membrane,area_loa_upper,3,0.01708673813340365,0.01969785387357507,0.01137256123636648,-0.031845443514491506,0.0660189197812988,0.0007489481506054441,0.038960118196603166,True
arm_B1_membrane,area_mae,3,231.57233428815468,4.133320768467504,2.3863738583217846,221.3045962924437,241.84007228386565,227.41660139866485,235.68287229723413,True
arm_B1_membrane,area_mape,3,0.31100385061233743,0.004025652731003835,0.0023242116879090163,0.3010035748488401,0.32100412637583475,0.3068012976978601,0.314825531574744,True
arm_B1_membrane,area_mape_ci_lower,3,0.2967511304462873,0.004216331164215033,0.0024342999326521578,0.28627718319603257,0.30722507769654206,0.293156802547553,0.30139224476505544,True
arm_B1_membrane,area_mape_ci_upper,3,0.32585944278966594,0.004249775156150946,0.0024536088303991326,0.31530241605781173,0.33641646952152016,0.3210332438731301,0.32904159484129725,True
arm_B1_membrane,area_mape_coverage_adjusted,3,0.9239396439420989,0.0032166071301526072,0.0018571089924708775,0.9159491488662018,0.931930139017996,0.9214267001889564,0.9275647434170708,True
arm_B1_membrane,area_median_relative_bias,3,-0.38020739249588026,0.007572273383577963,0.004371854076386176,-0.39901796237170956,-0.36139682262005096,-0.38768099694414015,-0.37254016388154076,True
arm_B1_membrane,area_n_cells,3,395.6666666666667,17.243356208503418,9.955456348712053,352.8317952319792,438.5015381013542,377.0,411.0,True
arm_B1_membrane,area_n_fields,3,113.0,0.0,0.0,113.0,113.0,113.0,113.0,True
arm_B1_membrane,area_relative_bias,3,-0.35763809649458717,0.004457970498122763,0.0025738104671305874,-0.36871230912684433,-0.34656388386233,-0.36276189166913325,-0.3546477794643536,True
arm_B1_membrane,cell_count_ratio,3,0.6088169642857143,0.005765618950829205,0.0033287816533060497,0.5944943728183771,0.6231395557530515,0.6040736607142857,0.615234375,True
arm_B1_membrane,cells_detected,3,2182.0,20.663978319771825,11.930353445448855,2130.6678321810637,2233.3321678189363,2165.0,2205.0,True
arm_B1_membrane,cells_false_positive,3,1786.3333333333333,37.87259343289463,21.86575201339097,1692.2525957448918,1880.4140709217747,1754.0,1828.0,True
arm_B1_membrane,cells_matched,3,395.6666666666667,17.243356208503418,9.955456348712053,352.8317952319792,438.5015381013542,377.0,411.0,True
arm_B1_membrane,cells_missed,3,3188.3333333333335,17.243356208503418,9.955456348712053,3145.498461898646,3231.168204768021,3173.0,3207.0,True
arm_B1_membrane,cells_reference,3,3584.0,0.0,0.0,3584.0,3584.0,3584.0,3584.0,True
arm_B1_membrane,circularity_bootstrap_fields,3,88.66666666666667,2.081665999466133,1.2018504251546633,83.4955216541244,93.83781167920894,87.0,91.0,True
arm_B1_membrane,circularity_bootstrap_resamples,3,2000.0,0.0,0.0,2000.0,2000.0,2000.0,2000.0,True
arm_B1_membrane,circularity_cell_pearson_r,3,0.3585760352654254,0.008916261028384002,0.005147805704902473,0.33642681499700694,0.3807252555338439,0.3510728310005866,0.3684330575346051,True
arm_B1_membrane,circularity_cell_pearson_r_ci_lower,3,0.22646542149363194,0.006868936108018535,0.003965782111010842,0.20940203826809956,0.24352880471916433,0.22181432422324507,0.23435493938575794,True
arm_B1_membrane,circularity_cell_pearson_r_ci_upper,3,0.4623109978183162,0.003455194185712255,0.0019948572932234005,0.4537278196401679,0.4708941759964645,0.45847412149502303,0.4651766170190435,True
arm_B1_membrane,circularity_image_pearson_r,3,0.20505859817178196,0.0067849376123999905,0.003917285556953951,0.1882038787769459,0.22191331756661803,0.19879758817205986,0.21226772962446938,True
arm_B1_membrane,circularity_loa_lower,3,-0.009515975283073094,0.018537260752648933,0.010702492485580146,-0.055565083791277614,0.03653313322513142,-0.02192920514730734,0.01179242197647018,True
arm_B1_membrane,circularity_loa_upper,3,0.7392849811678249,0.016488331506107214,0.009519542633538788,0.6983256950696629,0.780244267265987,0.7227546023208509,0.7557309411685206,True
arm_B1_membrane,circularity_mae,3,0.2635835753500121,0.004513539197616166,0.002605893070741621,0.25237132241575044,0.27479582828427374,0.25885671882904887,0.26784822865269364,True
arm_B1_membrane,circularity_mape,3,0.5176125056150939,0.007832926666570515,0.004522342319487085,0.49815443708929125,0.5370705741408965,0.513027105102529,0.5266568957908261,True
arm_B1_membrane,circularity_mape_ci_lower,3,0.45419206800564993,0.0063006869528895474,0.0036377033083303434,0.4385402939360437,0.46984384207525615,0.4482475034186279,0.4607968797183612,True
arm_B1_membrane,circularity_mape_ci_upper,3,0.583305379408318,0.009300224754203274,0.005369487265363282,0.5602023403686477,0.6064084184479882,0.5740446561344195,0.5926446086174019,True
arm_B1_membrane,circularity_mape_coverage_adjusted,3,0.9467493598522653,0.002365713328648917,0.0013658452271209378,0.9408726021573781,0.9526261175471524,0.9441557310817911,0.9487887487482914,True
arm_B1_membrane,circularity_median_relative_bias,3,0.37591157338470743,0.01967953076653643,0.01136198238558533,0.3270249088580034,0.42479823791141147,0.3537701757101164,0.39140977862547255,True
arm_B1_membrane,circularity_n_cells,3,395.6666666666667,17.243356208503418,9.955456348712053,352.8317952319792,438.5015381013542,377.0,411.0,True
arm_B1_membrane,circularity_relative_bias,3,0.3648845029423759,0.011834134394884479,0.006832440678512764,0.3354868834061217,0.3942821224786301,0.3521717298212344,0.3755809109952868,True
arm_B1_membrane,coverage,3,0.11039806547619048,0.004811204299247609,0.0027777500972968917,0.09844637143749417,0.12234975951488679,0.10518973214285714,0.11467633928571429,True
arm_B1_membrane,detection_f1,3,0.1372566916483004,0.00646369876897873,0.0037318182242305226,0.12119997377888615,0.15331340951771466,0.13024702021074452,0.14298138806749,True
arm_B1_membrane,detection_precision,3,0.18139245482000857,0.009584935761843669,0.005533865242265713,0.15758215442930834,0.2052027552107088,0.1709750566893424,0.18983833718244802,True
arm_B1_membrane,detection_recall,3,0.11039806547619048,0.004811204299247609,0.0027777500972968917,0.09844637143749417,0.12234975951488679,0.10518973214285714,0.11467633928571429,True
arm_B1_membrane,dry_mass_bootstrap_fields,3,88.66666666666667,2.081665999466133,1.2018504251546633,83.4955216541244,93.83781167920894,87.0,91.0,True
arm_B1_membrane,dry_mass_bootstrap_resamples,3,2000.0,0.0,0.0,2000.0,2000.0,2000.0,2000.0,True
arm_B1_membrane,dry_mass_cell_pearson_r,3,0.9233703423151728,0.0014320997053888038,0.0008268231504126097,0.91981280943003,0.9269278752003156,0.9221263148201249,0.9249358634870705,True
arm_B1_membrane,dry_mass_cell_pearson_r_ci_lower,3,0.9038659353981225,0.0024762553568670304,0.0014296666968694328,0.8977145760822054,0.9100172947140397,0.9024087983134084,0.9067250917067253,True
arm_B1_membrane,dry_mass_cell_pearson_r_ci_upper,3,0.93982395965297,0.0015340528898651314,0.000885685848914757,0.9360131610174365,0.9436347582885036,0.9384761241134486,0.9414932782403443,True
arm_B1_membrane,dry_mass_field_total_bias,3,0.512759890169917,0.013996556375779524,0.008080915591284082,0.47799051664220354,0.5475292636976304,0.49771730618558824,0.5253991984463644,True
arm_B1_membrane,dry_mass_field_total_mape,3,0.5137838274722514,0.01341368672248177,0.007744395640050159,0.4804623824313297,0.547105272513173,0.499207995283342,0.5256089044068624,True
arm_B1_membrane,dry_mass_field_total_pearson_r,3,0.8724271740583086,0.00417109122636341,0.002408180642355401,0.8620656090437483,0.8827887390728689,0.8695762517555756,0.877214507238245,True
arm_B1_membrane,dry_mass_image_pearson_r,3,0.9354362827368724,0.005606961146579505,0.0032371805273134504,0.9215078191043354,0.9493647463694094,0.9303199275340047,0.9414303292790284,True
arm_B1_membrane,dry_mass_loa_lower,3,-0.28587723304467927,0.008369818916629673,0.004832317204584564,-0.3066690158560003,-0.2650854502333582,-0.2934572281188363,-0.2768947770625106,True
arm_B1_membrane,dry_mass_loa_upper,3,0.33011975050455794,0.019578317289735237,0.011303546757508545,0.28148451419251314,0.37875498681660275,0.3101917962669311,0.3493286174455831,True
arm_B1_membrane,dry_mass_mae,3,42.299176785860276,0.41542365092697253,0.23984495669042474,41.26720722823958,43.331146343480974,41.91063386496325,42.73707215464929,True
arm_B1_membrane,dry_mass_mape,3,0.20432682079353803,0.015895930814707377,0.009177519934890972,0.16483913959334928,0.24381450199372678,0.1861856341237134,0.21581684094567297,True
arm_B1_membrane,dry_mass_mape_ci_lower,3,0.16708381954572626,0.0031315827809302904,0.0018080201615597,0.15930453666214936,0.17486310242930317,0.16390819961604752,0.1701694243097586,True
arm_B1_membrane,dry_mass_mape_ci_upper,3,0.2622754387309208,0.04819428224750954,0.027824981829000436,0.14255420470914287,0.3819966727526987,0.20684061438642493,0.294226528828304,True
arm_B1_membrane,dry_mass_mape_coverage_adjusted,3,0.9121584347898407,0.004208984047165226,0.0024300580726456843,0.9017027387901221,0.9226141307895593,0.909399572548929,0.91700298583045,True
arm_B1_membrane,dry_mass_median_relative_bias,3,0.01651869087416881,0.013002710885874635,0.007507118630154598,-0.015781833592418915,0.04881921534075653,0.0018103397991811633,0.026484149022339816,True
arm_B1_membrane,dry_mass_n_cells,3,395.6666666666667,17.243356208503418,9.955456348712053,352.8317952319792,438.5015381013542,377.0,411.0,True
arm_B1_membrane,dry_mass_n_fields,3,113.0,0.0,0.0,113.0,113.0,113.0,113.0,True
arm_B1_membrane,dry_mass_relative_bias,3,0.022121258729939298,0.007777725273215257,0.004490471780173784,0.0028003180671116387,0.04144219939276696,0.016648509602210253,0.031024461746446,True
arm_B1_membrane,false_positive_median_area_um2,3,379.7213312410125,5.893455030288445,3.402587848193988,365.0811773477683,394.36148513425667,376.1777163243555,386.524530871083,True
arm_B1_membrane,forward_distance_um,3,33.77,0.0,0.0,33.77,33.77,33.77,33.77,True
arm_B1_membrane,forward_residual,3,0.9196419290385064,0.0009564007775552357,0.0005521782463746828,0.9172660977994341,0.9220177602775786,0.9187220952152151,0.9206311206902023,True
arm_B1_membrane,forward_residual_n,3,113.0,0.0,0.0,113.0,113.0,113.0,113.0,True
arm_B1_membrane,forward_residual_ratio,3,0.9966107575394355,0.0010364461137903418,0.0005983924427973954,0.9940360826619719,0.9991854324168992,0.9956139388271795,0.9976827389380859,True
arm_B1_membrane,forward_residual_reference,3,0.9227694183324292,1.3597399555105182e-16,7.850462293418875e-17,0.9227694183324289,0.9227694183324295,0.9227694183324291,0.9227694183324291,True
arm_B1_membrane,missed_median_area_um2,3,147.23584726232102,1.7028926134397158,0.9831655087704453,143.00562750221434,151.4660670224277,145.910372980518,149.156432446158,True
arm_B1_membrane,optical_volume_bootstrap_fields,3,88.66666666666667,2.081665999466133,1.2018504251546633,83.4955216541244,93.83781167920894,87.0,91.0,True
arm_B1_membrane,optical_volume_bootstrap_resamples,3,2000.0,0.0,0.0,2000.0,2000.0,2000.0,2000.0,True
arm_B1_membrane,optical_volume_cell_pearson_r,3,0.9233703423151729,0.0014320997053885736,0.0008268231504124767,0.9198128094300306,0.9269278752003152,0.9221263148201251,0.9249358634870702,True
arm_B1_membrane,optical_volume_cell_pearson_r_ci_lower,3,0.9038659353981225,0.002476255356866839,0.0014296666968693225,0.8977145760822058,0.9100172947140392,0.9024087983134083,0.906725091706725,True
arm_B1_membrane,optical_volume_cell_pearson_r_ci_upper,3,0.9398239596529702,0.0015340528898651314,0.000885685848914757,0.9360131610174366,0.9436347582885037,0.9384761241134487,0.9414932782403445,True
arm_B1_membrane,optical_volume_field_total_bias,3,0.512759890169917,0.013996556375779425,0.008080915591284024,0.47799051664220377,0.5475292636976301,0.49771730618558824,0.5253991984463642,True
arm_B1_membrane,optical_volume_field_total_mape,3,0.5137838274722514,0.013413686722481721,0.007744395640050131,0.4804623824313298,0.5471052725131729,0.499207995283342,0.5256089044068623,True
arm_B1_membrane,optical_volume_field_total_pearson_r,3,0.8724271740583087,0.004171091226363588,0.0024081806423555036,0.862065609043748,0.8827887390728695,0.8695762517555754,0.8772145072382452,True
arm_B1_membrane,optical_volume_image_pearson_r,3,0.9354362827368724,0.00560696114657943,0.0032371805273134066,0.9215078191043355,0.9493647463694093,0.9303199275340049,0.9414303292790284,True
arm_B1_membrane,optical_volume_loa_lower,3,-0.2858772330446793,0.008369818916629702,0.00483231720458458,-0.3066690158560005,-0.26508545023335817,-0.29345722811883634,-0.2768947770625106,True
arm_B1_membrane,optical_volume_loa_upper,3,0.33011975050455794,0.019578317289735213,0.011303546757508531,0.2814845141925132,0.3787549868166027,0.3101917962669311,0.349328617445583,True
arm_B1_membrane,optical_volume_mae,3,79.81188170772045,0.7838389729007004,0.45254964200553915,77.86471775519817,81.75904566024272,79.07876243691297,80.63812127146134,True
arm_B1_membrane,optical_volume_mape,3,0.20432682079353803,0.015895930814707394,0.009177519934890983,0.16483913959334923,0.24381450199372684,0.18618563412371336,0.21581684094567297,True
arm_B1_membrane,optical_volume_mape_ci_lower,3,0.16708381954572626,0.0031315827809302904,0.0018080201615597,0.15930453666214936,0.17486310242930317,0.16390819961604752,0.1701694243097586,True
arm_B1_membrane,optical_volume_mape_ci_upper,3,0.2622754387309208,0.048194282247509525,0.02782498182900043,0.14255420470914293,0.38199667275269866,0.20684061438642493,0.29422652882830397,True
arm_B1_membrane,optical_volume_mape_coverage_adjusted,3,0.9121584347898407,0.004208984047165226,0.0024300580726456843,0.9017027387901221,0.9226141307895593,0.909399572548929,0.91700298583045,True
arm_B1_membrane,optical_volume_median_relative_bias,3,0.016518690874168795,0.013002710885874597,0.007507118630154576,-0.01578183359241883,0.04881921534075642,0.0018103397991811893,0.02648414902233976,True
arm_B1_membrane,optical_volume_n_cells,3,395.6666666666667,17.243356208503418,9.955456348712053,352.8317952319792,438.5015381013542,377.0,411.0,True
arm_B1_membrane,optical_volume_n_fields,3,113.0,0.0,0.0,113.0,113.0,113.0,113.0,True
arm_B1_membrane,optical_volume_relative_bias,3,0.022121258729939294,0.007777725273215243,0.0044904717801737765,0.00280031806711167,0.041442199392766915,0.016648509602210263,0.031024461746445978,True
arm_B1_membrane,phase_bias_rad,3,-0.006154150987624508,0.005109641986643931,0.002950053176451488,-0.018847205340189573,0.006538903364940558,-0.009110494858051642,-0.0002540491093300382,True
arm_B1_membrane,phase_bias_rad_background,3,0.001651259012151407,0.0067011805874376985,0.00386892841604545,-0.014995396398351811,0.018297914422654625,-0.0026797058673877377,0.009369927805232088,True
arm_B1_membrane,phase_bias_rad_in_cell,3,-0.03131037408729753,0.001584789205085707,0.000914978474165046,-0.03524720871682577,-0.0273735394577693,-0.032909490389633055,-0.02974031148237252,True
arm_B1_membrane,phase_mae_rad,3,0.1666239364880376,0.0006294023831068286,0.0003633856353153195,0.1650604142922964,0.16818745868377882,0.1658983924879437,0.1670232705969726,True
arm_B1_membrane,phase_mae_rad_background,3,0.16469841975729727,0.00046695719770709467,0.00026959786379622444,0.1635384337726998,0.16585840574189473,0.16419120020834746,0.1651104444028002,True
arm_B1_membrane,phase_mae_rad_in_cell,3,0.17304684294272313,0.0014631009763568716,0.0008447217425512441,0.1694122986312563,0.17668138725418997,0.1715718860515451,0.174497792546728,True
arm_B1_membrane,phase_n_images,3,113.0,0.0,0.0,113.0,113.0,113.0,113.0,True
arm_B1_membrane,phase_pearson_r,3,0.8578685926476762,0.00039846034074914895,0.00023005118499291118,0.8568787622885844,0.8588584230067681,0.8574399399546395,0.8582277060610003,True
arm_B1_membrane,phase_psnr_db,3,30.70779850525551,0.040505464179452735,0.023385840647657783,30.60717735415538,30.808419656355643,30.66125583917768,30.73507331230692,True
arm_B1_membrane,phase_rmse_rad,3,0.2548543374466213,0.000937139587587927,0.0005410577931621445,0.25252635365591997,0.2571823212373226,0.25412535805394676,0.25591141099377834,True
arm_B1_membrane,phase_ssim,3,0.6161164979843263,0.0038478762717604025,0.002221572401309242,0.6065578434274971,0.6256751525411556,0.6119703956409893,0.619572852565124,True
arm_B1_membrane,seg_aji,3,0.23665904773897037,0.0011416303402978583,0.0006591205842860126,0.2338230807577581,0.23949501472018264,0.2354162804141146,0.23766117654725274,True
arm_B1_membrane,seg_boundary_f1,3,0.06297801892407252,0.0009125686591072744,0.0005268717609896007,0.060711072703422714,0.06524496514472233,0.06192497100648994,0.06353769586223378,True
arm_B1_membrane,seg_dice,3,0.5007627927808582,0.00353992535499696,0.0020437768566186764,0.4919691307097291,0.5095564548519873,0.4971723475548645,0.5042499370316104,True
arm_B1_membrane,seg_dice_macro,3,0.5007627927808582,0.00353992535499696,0.0020437768566186764,0.4919691307097291,0.5095564548519873,0.4971723475548645,0.5042499370316104,True
arm_B1_membrane,seg_instance_count_mape,3,0.5988254750707928,0.013403738963895927,0.007738652298952789,0.5655287416321216,0.6321222085094639,0.5837309508423327,0.6093352904671744,True
arm_B1_membrane,seg_iou,3,0.3340166739604477,0.003149498231875093,0.0018183636519853354,0.3261928866295558,0.3418404612913396,0.3308245937223432,0.3371217889377198,True
arm_B1_membrane,seg_n_images,3,113.0,0.0,0.0,113.0,113.0,113.0,113.0,True
arm_B2,area_bootstrap_fields,1,113.0,,,,,113.0,113.0,True
arm_B2,area_bootstrap_resamples,1,2000.0,,,,,2000.0,2000.0,True
arm_B2,area_cell_pearson_r,1,0.8921796896804907,,,,,0.8921796896804907,0.8921796896804907,True
arm_B2,area_cell_pearson_r_ci_lower,1,0.8742259644394897,,,,,0.8742259644394897,0.8742259644394897,True
arm_B2,area_cell_pearson_r_ci_upper,1,0.9088608687435585,,,,,0.9088608687435585,0.9088608687435585,True
arm_B2,area_field_total_bias,1,-0.012898660451602047,,,,,-0.012898660451602047,-0.012898660451602047,True
arm_B2,area_field_total_mape,1,0.14141517987577013,,,,,0.14141517987577013,0.14141517987577013,True
arm_B2,area_field_total_pearson_r,1,0.932406763679737,,,,,0.932406763679737,0.932406763679737,True
arm_B2,area_image_pearson_r,1,0.8026205398324661,,,,,0.8026205398324661,0.8026205398324661,True
arm_B2,area_loa_lower,1,-0.09413075270934274,,,,,-0.09413075270934274,-0.09413075270934274,True
arm_B2,area_loa_upper,1,0.33277847823043033,,,,,0.33277847823043033,0.33277847823043033,True
arm_B2,area_mae,1,66.67042185184785,,,,,66.67042185184785,66.67042185184785,True
arm_B2,area_mape,1,0.1851811297383571,,,,,0.1851811297383571,0.1851811297383571,True
arm_B2,area_mape_ci_lower,1,0.1740314947990122,,,,,0.1740314947990122,0.1740314947990122,True
arm_B2,area_mape_ci_upper,1,0.1975448991140402,,,,,0.1975448991140402,0.1975448991140402,True
arm_B2,area_mape_coverage_adjusted,1,0.5084488798986574,,,,,0.5084488798986574,0.5084488798986574,True
arm_B2,area_median_relative_bias,1,0.11833006061640909,,,,,0.11833006061640909,0.11833006061640909,True
arm_B2,area_n_cells,1,1922.0,,,,,1922.0,1922.0,True
arm_B2,area_n_fields,1,113.0,,,,,113.0,113.0,True
arm_B2,area_relative_bias,1,0.1193238627605438,,,,,0.1193238627605438,0.1193238627605438,True
arm_B2,cell_count_ratio,1,0.7545511613308223,,,,,0.7545511613308223,0.7545511613308223,True
arm_B2,cells_detected,1,2404.0,,,,,2404.0,2404.0,True
arm_B2,cells_false_positive,1,482.0,,,,,482.0,482.0,True
arm_B2,cells_matched,1,1922.0,,,,,1922.0,1922.0,True
arm_B2,cells_missed,1,1264.0,,,,,1264.0,1264.0,True
arm_B2,cells_reference,1,3186.0,,,,,3186.0,3186.0,True
arm_B2,circularity_bootstrap_fields,1,113.0,,,,,113.0,113.0,True
arm_B2,circularity_bootstrap_resamples,1,2000.0,,,,,2000.0,2000.0,True
arm_B2,circularity_cell_pearson_r,1,0.8621428790632775,,,,,0.8621428790632775,0.8621428790632775,True
arm_B2,circularity_cell_pearson_r_ci_lower,1,0.8439094933643077,,,,,0.8439094933643077,0.8439094933643077,True
arm_B2,circularity_cell_pearson_r_ci_upper,1,0.8795793048098014,,,,,0.8795793048098014,0.8795793048098014,True
arm_B2,circularity_image_pearson_r,1,0.9000174841818706,,,,,0.9000174841818706,0.9000174841818706,True
arm_B2,circularity_loa_lower,1,-0.07690845304791473,,,,,-0.07690845304791473,-0.07690845304791473,True
arm_B2,circularity_loa_upper,1,0.10778567695947412,,,,,0.10778567695947412,0.10778567695947412,True
arm_B2,circularity_mae,1,0.046175021141149165,,,,,0.046175021141149165,0.046175021141149165,True
arm_B2,circularity_mape,1,0.06490982813869632,,,,,0.06490982813869632,0.06490982813869632,True
arm_B2,circularity_mape_ci_lower,1,0.05809673357030306,,,,,0.05809673357030306,0.05809673357030306,True
arm_B2,circularity_mape_ci_upper,1,0.07184023782240462,,,,,0.07184023782240462,0.07184023782240462,True
arm_B2,circularity_mape_coverage_adjusted,1,0.4358934995864954,,,,,0.4358934995864954,0.4358934995864954,True
arm_B2,circularity_median_relative_bias,1,0.010699141097817022,,,,,0.010699141097817022,0.010699141097817022,True
arm_B2,circularity_n_cells,1,1922.0,,,,,1922.0,1922.0,True
arm_B2,circularity_relative_bias,1,0.015438611955779698,,,,,0.015438611955779698,0.015438611955779698,True
arm_B2,coverage,1,0.6032642812303829,,,,,0.6032642812303829,0.6032642812303829,True
arm_B2,detection_f1,1,0.6876565295169945,,,,,0.6876565295169945,0.6876565295169945,True
arm_B2,detection_precision,1,0.7995008319467554,,,,,0.7995008319467554,0.7995008319467554,True
arm_B2,detection_recall,1,0.6032642812303829,,,,,0.6032642812303829,0.6032642812303829,True
arm_B2,dry_mass_bootstrap_fields,1,113.0,,,,,113.0,113.0,True
arm_B2,dry_mass_bootstrap_resamples,1,2000.0,,,,,2000.0,2000.0,True
arm_B2,dry_mass_cell_pearson_r,1,0.9126131901145669,,,,,0.9126131901145669,0.9126131901145669,True
arm_B2,dry_mass_cell_pearson_r_ci_lower,1,0.8854678923689376,,,,,0.8854678923689376,0.8854678923689376,True
arm_B2,dry_mass_cell_pearson_r_ci_upper,1,0.9322580101794327,,,,,0.9322580101794327,0.9322580101794327,True
arm_B2,dry_mass_field_total_bias,1,-0.15097936787186106,,,,,-0.15097936787186106,-0.15097936787186106,True
arm_B2,dry_mass_field_total_mape,1,0.17934030358654257,,,,,0.17934030358654257,0.17934030358654257,True
arm_B2,dry_mass_field_total_pearson_r,1,0.9784821297831995,,,,,0.9784821297831995,0.9784821297831995,True
arm_B2,dry_mass_image_pearson_r,1,0.8914296692084502,,,,,0.8914296692084502,0.8914296692084502,True
arm_B2,dry_mass_loa_lower,1,-0.28463356058181644,,,,,-0.28463356058181644,-0.28463356058181644,True
arm_B2,dry_mass_loa_upper,1,0.1934590934815934,,,,,0.1934590934815934,0.1934590934815934,True
arm_B2,dry_mass_mae,1,41.07073799362131,,,,,41.07073799362131,41.07073799362131,True
arm_B2,dry_mass_mape,1,0.19171350124335093,,,,,0.19171350124335093,0.19171350124335093,True
arm_B2,dry_mass_mape_ci_lower,1,0.17885132784109442,,,,,0.17885132784109442,0.17885132784109442,True
arm_B2,dry_mass_mape_ci_upper,1,0.20496214469374252,,,,,0.20496214469374252,0.20496214469374252,True
arm_B2,dry_mass_mape_coverage_adjusted,1,0.5123896262993474,,,,,0.5123896262993474,0.5123896262993474,True
arm_B2,dry_mass_median_relative_bias,1,-0.0479080301773438,,,,,-0.0479080301773438,-0.0479080301773438,True
arm_B2,dry_mass_n_cells,1,1922.0,,,,,1922.0,1922.0,True
arm_B2,dry_mass_n_fields,1,113.0,,,,,113.0,113.0,True
arm_B2,dry_mass_relative_bias,1,-0.04558723355011153,,,,,-0.04558723355011153,-0.04558723355011153,True
arm_B2,false_positive_median_area_um2,1,101.3176310712885,,,,,101.3176310712885,101.3176310712885,True
arm_B2,forward_distance_um,1,33.77,,,,,33.77,33.77,True
arm_B2,forward_residual,1,0.9222045656854072,,,,,0.9222045656854072,0.9222045656854072,True
arm_B2,forward_residual_n,1,113.0,,,,,113.0,113.0,True
arm_B2,forward_residual_ratio,1,0.9993878723809002,,,,,0.9993878723809002,0.9993878723809002,True
arm_B2,forward_residual_reference,1,0.9227694183324291,,,,,0.9227694183324291,0.9227694183324291,True
arm_B2,missed_median_area_um2,1,96.24566315622599,,,,,96.24566315622599,96.24566315622599,True
arm_B2,optical_volume_bootstrap_fields,1,113.0,,,,,113.0,113.0,True
arm_B2,optical_volume_bootstrap_resamples,1,2000.0,,,,,2000.0,2000.0,True
arm_B2,optical_volume_cell_pearson_r,1,0.9126131901145668,,,,,0.9126131901145668,0.9126131901145668,True
arm_B2,optical_volume_cell_pearson_r_ci_lower,1,0.8854678923689379,,,,,0.8854678923689379,0.8854678923689379,True
arm_B2,optical_volume_cell_pearson_r_ci_upper,1,0.9322580101794326,,,,,0.9322580101794326,0.9322580101794326,True
arm_B2,optical_volume_field_total_bias,1,-0.15097936787186106,,,,,-0.15097936787186106,-0.15097936787186106,True
arm_B2,optical_volume_field_total_mape,1,0.17934030358654257,,,,,0.17934030358654257,0.17934030358654257,True
arm_B2,optical_volume_field_total_pearson_r,1,0.9784821297831992,,,,,0.9784821297831992,0.9784821297831992,True
arm_B2,optical_volume_image_pearson_r,1,0.8914296692084501,,,,,0.8914296692084501,0.8914296692084501,True
arm_B2,optical_volume_loa_lower,1,-0.28463356058181644,,,,,-0.28463356058181644,-0.28463356058181644,True
arm_B2,optical_volume_loa_upper,1,0.19345909348159337,,,,,0.19345909348159337,0.19345909348159337,True
arm_B2,optical_volume_mae,1,77.49401126622936,,,,,77.49401126622936,77.49401126622936,True
arm_B2,optical_volume_mape,1,0.19171350124335096,,,,,0.19171350124335096,0.19171350124335096,True
arm_B2,optical_volume_mape_ci_lower,1,0.17885132784109442,,,,,0.17885132784109442,0.17885132784109442,True
arm_B2,optical_volume_mape_ci_upper,1,0.2049621446937425,,,,,0.2049621446937425,0.2049621446937425,True
arm_B2,optical_volume_mape_coverage_adjusted,1,0.5123896262993474,,,,,0.5123896262993474,0.5123896262993474,True
arm_B2,optical_volume_median_relative_bias,1,-0.04790803017734415,,,,,-0.04790803017734415,-0.04790803017734415,True
arm_B2,optical_volume_n_cells,1,1922.0,,,,,1922.0,1922.0,True
arm_B2,optical_volume_n_fields,1,113.0,,,,,113.0,113.0,True
arm_B2,optical_volume_relative_bias,1,-0.04558723355011154,,,,,-0.04558723355011154,-0.04558723355011154,True
arm_B2,phase_bias_rad,1,-0.00045381353169255187,,,,,-0.00045381353169255187,-0.00045381353169255187,True
arm_B2,phase_bias_rad_background,1,0.03651790741204688,,,,,0.03651790741204688,0.03651790741204688,True
arm_B2,phase_bias_rad_in_cell,1,-0.2317430534589607,,,,,-0.2317430534589607,-0.2317430534589607,True
arm_B2,phase_mae_rad,1,0.16821833086752258,,,,,0.16821833086752258,0.16821833086752258,True
arm_B2,phase_mae_rad_background,1,0.14851307684341364,,,,,0.14851307684341364,0.14851307684341364,True
arm_B2,phase_mae_rad_in_cell,1,0.30736837226205166,,,,,0.30736837226205166,0.30736837226205166,True
arm_B2,phase_n_images,1,113.0,,,,,113.0,113.0,True
arm_B2,phase_pearson_r,1,0.8602990260166404,,,,,0.8602990260166404,0.8602990260166404,True
arm_B2,phase_psnr_db,1,30.65670638168606,,,,,30.65670638168606,30.65670638168606,True
arm_B2,phase_rmse_rad,1,0.2578319149745034,,,,,0.2578319149745034,0.2578319149745034,True
arm_B2,phase_ssim,1,0.6193515286508915,,,,,0.6193515286508915,0.6193515286508915,True
arm_B2,seg_aji,1,0.6558191542587337,,,,,0.6558191542587337,0.6558191542587337,True
arm_B2,seg_boundary_f1,1,0.4323075850978191,,,,,0.4323075850978191,0.4323075850978191,True
arm_B2,seg_dice,1,0.8273052914310034,,,,,0.8273052914310034,0.8273052914310034,True
arm_B2,seg_dice_macro,1,0.8273052914310034,,,,,0.8273052914310034,0.8273052914310034,True
arm_B2,seg_instance_count_mape,1,0.3211169939881556,,,,,0.3211169939881556,0.3211169939881556,True
arm_B2,seg_iou,1,0.7054737139903521,,,,,0.7054737139903521,0.7054737139903521,True
arm_B2,seg_n_images,1,113.0,,,,,113.0,113.0,True
arm_B2_membrane,area_bootstrap_fields,1,94.0,,,,,94.0,94.0,True
arm_B2_membrane,area_bootstrap_resamples,1,2000.0,,,,,2000.0,2000.0,True
arm_B2_membrane,area_cell_pearson_r,1,0.801610111703485,,,,,0.801610111703485,0.801610111703485,True
arm_B2_membrane,area_cell_pearson_r_ci_lower,1,0.7491915407719764,,,,,0.7491915407719764,0.7491915407719764,True
arm_B2_membrane,area_cell_pearson_r_ci_upper,1,0.8436523987101359,,,,,0.8436523987101359,0.8436523987101359,True
arm_B2_membrane,area_field_total_bias,1,-0.41488563749485946,,,,,-0.41488563749485946,-0.41488563749485946,True
arm_B2_membrane,area_field_total_mape,1,0.43929346804423575,,,,,0.43929346804423575,0.43929346804423575,True
arm_B2_membrane,area_field_total_pearson_r,1,0.26731483625778707,,,,,0.26731483625778707,0.26731483625778707,True
arm_B2_membrane,area_image_pearson_r,1,0.7166280738632608,,,,,0.7166280738632608,0.7166280738632608,True
arm_B2_membrane,area_loa_lower,1,-0.7180240434321644,,,,,-0.7180240434321644,-0.7180240434321644,True
arm_B2_membrane,area_loa_upper,1,0.02223293682603833,,,,,0.02223293682603833,0.02223293682603833,True
arm_B2_membrane,area_mae,1,229.00878963580078,,,,,229.00878963580078,229.00878963580078,True
arm_B2_membrane,area_mape,1,0.30272419546230456,,,,,0.30272419546230456,0.30272419546230456,True
arm_B2_membrane,area_mape_ci_lower,1,0.2890236270053317,,,,,0.2890236270053317,0.2890236270053317,True
arm_B2_membrane,area_mape_ci_upper,1,0.3163761941845907,,,,,0.3163761941845907,0.3163761941845907,True
arm_B2_membrane,area_mape_coverage_adjusted,1,0.910505895622952,,,,,0.910505895622952,0.910505895622952,True
arm_B2_membrane,area_median_relative_bias,1,-0.38359060458955163,,,,,-0.38359060458955163,-0.38359060458955163,True
arm_B2_membrane,area_n_cells,1,460.0,,,,,460.0,460.0,True
arm_B2_membrane,area_n_fields,1,113.0,,,,,113.0,113.0,True
arm_B2_membrane,area_relative_bias,1,-0.34789555330306304,,,,,-0.34789555330306304,-0.34789555330306304,True
arm_B2_membrane,cell_count_ratio,1,0.6707589285714286,,,,,0.6707589285714286,0.6707589285714286,True
arm_B2_membrane,cells_detected,1,2404.0,,,,,2404.0,2404.0,True
arm_B2_membrane,cells_false_positive,1,1944.0,,,,,1944.0,1944.0,True
arm_B2_membrane,cells_matched,1,460.0,,,,,460.0,460.0,True
arm_B2_membrane,cells_missed,1,3124.0,,,,,3124.0,3124.0,True
arm_B2_membrane,cells_reference,1,3584.0,,,,,3584.0,3584.0,True
arm_B2_membrane,circularity_bootstrap_fields,1,94.0,,,,,94.0,94.0,True
arm_B2_membrane,circularity_bootstrap_resamples,1,2000.0,,,,,2000.0,2000.0,True
arm_B2_membrane,circularity_cell_pearson_r,1,0.35828797523549144,,,,,0.35828797523549144,0.35828797523549144,True
arm_B2_membrane,circularity_cell_pearson_r_ci_lower,1,0.2367634712016532,,,,,0.2367634712016532,0.2367634712016532,True
arm_B2_membrane,circularity_cell_pearson_r_ci_upper,1,0.454663690906062,,,,,0.454663690906062,0.454663690906062,True
arm_B2_membrane,circularity_image_pearson_r,1,0.12038129242716414,,,,,0.12038129242716414,0.12038129242716414,True
arm_B2_membrane,circularity_loa_lower,1,-0.043593158720168,,,,,-0.043593158720168,-0.043593158720168,True
arm_B2_membrane,circularity_loa_upper,1,0.7295712978785792,,,,,0.7295712978785792,0.7295712978785792,True
arm_B2_membrane,circularity_mae,1,0.25426778351635737,,,,,0.25426778351635737,0.25426778351635737,True
arm_B2_membrane,circularity_mape,1,0.49715356470318595,,,,,0.49715356470318595,0.49715356470318595,True
arm_B2_membrane,circularity_mape_ci_lower,1,0.44156925844032896,,,,,0.44156925844032896,0.44156925844032896,True
arm_B2_membrane,circularity_mape_ci_upper,1,0.556844108357585,,,,,0.556844108357585,0.556844108357585,True
arm_B2_membrane,circularity_mape_coverage_adjusted,1,0.9354605579697169,,,,,0.9354605579697169,0.9354605579697169,True
arm_B2_membrane,circularity_median_relative_bias,1,0.3609465642173863,,,,,0.3609465642173863,0.3609465642173863,True
arm_B2_membrane,circularity_n_cells,1,460.0,,,,,460.0,460.0,True
arm_B2_membrane,circularity_relative_bias,1,0.3429890695792056,,,,,0.3429890695792056,0.3429890695792056,True
arm_B2_membrane,coverage,1,0.12834821428571427,,,,,0.12834821428571427,0.12834821428571427,True
arm_B2_membrane,detection_f1,1,0.15364061456245826,,,,,0.15364061456245826,0.15364061456245826,True
arm_B2_membrane,detection_precision,1,0.1913477537437604,,,,,0.1913477537437604,0.1913477537437604,True
arm_B2_membrane,detection_recall,1,0.12834821428571427,,,,,0.12834821428571427,0.12834821428571427,True
arm_B2_membrane,dry_mass_bootstrap_fields,1,94.0,,,,,94.0,94.0,True
arm_B2_membrane,dry_mass_bootstrap_resamples,1,2000.0,,,,,2000.0,2000.0,True
arm_B2_membrane,dry_mass_cell_pearson_r,1,0.926083792665608,,,,,0.926083792665608,0.926083792665608,True
arm_B2_membrane,dry_mass_cell_pearson_r_ci_lower,1,0.9015487701731685,,,,,0.9015487701731685,0.9015487701731685,True
arm_B2_membrane,dry_mass_cell_pearson_r_ci_upper,1,0.9457524461968302,,,,,0.9457524461968302,0.9457524461968302,True
arm_B2_membrane,dry_mass_field_total_bias,1,0.5479833339225737,,,,,0.5479833339225737,0.5479833339225737,True
arm_B2_membrane,dry_mass_field_total_mape,1,0.5479833339225737,,,,,0.5479833339225737,0.5479833339225737,True
arm_B2_membrane,dry_mass_field_total_pearson_r,1,0.8567141968230283,,,,,0.8567141968230283,0.8567141968230283,True
arm_B2_membrane,dry_mass_image_pearson_r,1,0.9051021494745518,,,,,0.9051021494745518,0.9051021494745518,True
arm_B2_membrane,dry_mass_loa_lower,1,-0.3178231417128455,,,,,-0.3178231417128455,-0.3178231417128455,True
arm_B2_membrane,dry_mass_loa_upper,1,0.34761438853847576,,,,,0.34761438853847576,0.34761438853847576,True
arm_B2_membrane,dry_mass_mae,1,41.210185072284155,,,,,41.210185072284155,41.210185072284155,True
arm_B2_membrane,dry_mass_mape,1,0.23039575289551997,,,,,0.23039575289551997,0.23039575289551997,True
arm_B2_membrane,dry_mass_mape_ci_lower,1,0.16598518768794046,,,,,0.16598518768794046,0.16598518768794046,True
arm_B2_membrane,dry_mass_mape_ci_upper,1,0.3535600320999082,,,,,0.3535600320999082,0.3535600320999082,True
arm_B2_membrane,dry_mass_mape_coverage_adjusted,1,0.9012226691774383,,,,,0.9012226691774383,0.9012226691774383,True
arm_B2_membrane,dry_mass_median_relative_bias,1,-0.014603209288965479,,,,,-0.014603209288965479,-0.014603209288965479,True
arm_B2_membrane,dry_mass_n_cells,1,460.0,,,,,460.0,460.0,True
arm_B2_membrane,dry_mass_n_fields,1,113.0,,,,,113.0,113.0,True
arm_B2_membrane,dry_mass_relative_bias,1,0.014895623412815164,,,,,0.014895623412815164,0.014895623412815164,True
arm_B2_membrane,false_positive_median_area_um2,1,377.841321800496,,,,,377.841321800496,377.841321800496,True
arm_B2_membrane,forward_distance_um,1,33.77,,,,,33.77,33.77,True
arm_B2_membrane,forward_residual,1,0.9222045656854072,,,,,0.9222045656854072,0.9222045656854072,True
arm_B2_membrane,forward_residual_n,1,113.0,,,,,113.0,113.0,True
arm_B2_membrane,forward_residual_ratio,1,0.9993878723809002,,,,,0.9993878723809002,0.9993878723809002,True
arm_B2_membrane,forward_residual_reference,1,0.9227694183324291,,,,,0.9227694183324291,0.9227694183324291,True
arm_B2_membrane,missed_median_area_um2,1,140.6761020921735,,,,,140.6761020921735,140.6761020921735,True
arm_B2_membrane,optical_volume_bootstrap_fields,1,94.0,,,,,94.0,94.0,True
arm_B2_membrane,optical_volume_bootstrap_resamples,1,2000.0,,,,,2000.0,2000.0,True
arm_B2_membrane,optical_volume_cell_pearson_r,1,0.9260837926656079,,,,,0.9260837926656079,0.9260837926656079,True
arm_B2_membrane,optical_volume_cell_pearson_r_ci_lower,1,0.9015487701731685,,,,,0.9015487701731685,0.9015487701731685,True
arm_B2_membrane,optical_volume_cell_pearson_r_ci_upper,1,0.9457524461968303,,,,,0.9457524461968303,0.9457524461968303,True
arm_B2_membrane,optical_volume_field_total_bias,1,0.5479833339225737,,,,,0.5479833339225737,0.5479833339225737,True
arm_B2_membrane,optical_volume_field_total_mape,1,0.5479833339225737,,,,,0.5479833339225737,0.5479833339225737,True
arm_B2_membrane,optical_volume_field_total_pearson_r,1,0.8567141968230284,,,,,0.8567141968230284,0.8567141968230284,True
arm_B2_membrane,optical_volume_image_pearson_r,1,0.9051021494745519,,,,,0.9051021494745519,0.9051021494745519,True
arm_B2_membrane,optical_volume_loa_lower,1,-0.31782314171284554,,,,,-0.31782314171284554,-0.31782314171284554,True
arm_B2_membrane,optical_volume_loa_upper,1,0.3476143885384758,,,,,0.3476143885384758,0.3476143885384758,True
arm_B2_membrane,optical_volume_mae,1,77.75712593162982,,,,,77.75712593162982,77.75712593162982,True
arm_B2_membrane,optical_volume_mape,1,0.23039575289552003,,,,,0.23039575289552003,0.23039575289552003,True
arm_B2_membrane,optical_volume_mape_ci_lower,1,0.16598518768794046,,,,,0.16598518768794046,0.16598518768794046,True
arm_B2_membrane,optical_volume_mape_ci_upper,1,0.3535600320999082,,,,,0.3535600320999082,0.3535600320999082,True
arm_B2_membrane,optical_volume_mape_coverage_adjusted,1,0.9012226691774384,,,,,0.9012226691774384,0.9012226691774384,True
arm_B2_membrane,optical_volume_median_relative_bias,1,-0.01460320928896561,,,,,-0.01460320928896561,-0.01460320928896561,True
arm_B2_membrane,optical_volume_n_cells,1,460.0,,,,,460.0,460.0,True
arm_B2_membrane,optical_volume_n_fields,1,113.0,,,,,113.0,113.0,True
arm_B2_membrane,optical_volume_relative_bias,1,0.014895623412815166,,,,,0.014895623412815166,0.014895623412815166,True
arm_B2_membrane,phase_bias_rad,1,-0.00045381353169255187,,,,,-0.00045381353169255187,-0.00045381353169255187,True
arm_B2_membrane,phase_bias_rad_background,1,0.0098181162830504,,,,,0.0098181162830504,0.0098181162830504,True
arm_B2_membrane,phase_bias_rad_in_cell,1,-0.033389502113264684,,,,,-0.033389502113264684,-0.033389502113264684,True
arm_B2_membrane,phase_mae_rad,1,0.16821833086752258,,,,,0.16821833086752258,0.16821833086752258,True
arm_B2_membrane,phase_mae_rad_background,1,0.1662347108389424,,,,,0.1662347108389424,0.1662347108389424,True
arm_B2_membrane,phase_mae_rad_in_cell,1,0.1747292046130231,,,,,0.1747292046130231,0.1747292046130231,True
arm_B2_membrane,phase_n_images,1,113.0,,,,,113.0,113.0,True
arm_B2_membrane,phase_pearson_r,1,0.8602990260166404,,,,,0.8602990260166404,0.8602990260166404,True
arm_B2_membrane,phase_psnr_db,1,30.65670638168606,,,,,30.65670638168606,30.65670638168606,True
arm_B2_membrane,phase_rmse_rad,1,0.2578319149745034,,,,,0.2578319149745034,0.2578319149745034,True
arm_B2_membrane,phase_ssim,1,0.6193515286508915,,,,,0.6193515286508915,0.6193515286508915,True
arm_B2_membrane,seg_aji,1,0.24074180978585688,,,,,0.24074180978585688,0.24074180978585688,True
arm_B2_membrane,seg_boundary_f1,1,0.06731858414434794,,,,,0.06731858414434794,0.06731858414434794,True
arm_B2_membrane,seg_dice,1,0.518796316882022,,,,,0.518796316882022,0.518796316882022,True
arm_B2_membrane,seg_dice_macro,1,0.518796316882022,,,,,0.518796316882022,0.518796316882022,True
arm_B2_membrane,seg_instance_count_mape,1,0.46190455911515793,,,,,0.46190455911515793,0.46190455911515793,True
arm_B2_membrane,seg_iou,1,0.35025319123561743,,,,,0.35025319123561743,0.35025319123561743,True
arm_B2_membrane,seg_n_images,1,113.0,,,,,113.0,113.0,True
arm_C,area_bootstrap_fields,1,113.0,,,,,113.0,113.0,True
arm_C,area_bootstrap_resamples,1,2000.0,,,,,2000.0,2000.0,True
arm_C,area_cell_pearson_r,1,0.8908208490589374,,,,,0.8908208490589374,0.8908208490589374,True
arm_C,area_cell_pearson_r_ci_lower,1,0.8743799829142148,,,,,0.8743799829142148,0.8743799829142148,True
arm_C,area_cell_pearson_r_ci_upper,1,0.9076357457066945,,,,,0.9076357457066945,0.9076357457066945,True
arm_C,area_field_total_bias,1,-0.07735537253589488,,,,,-0.07735537253589488,-0.07735537253589488,True
arm_C,area_field_total_mape,1,0.15143542480982375,,,,,0.15143542480982375,0.15143542480982375,True
arm_C,area_field_total_pearson_r,1,0.9353182593868766,,,,,0.9353182593868766,0.9353182593868766,True
arm_C,area_image_pearson_r,1,0.8163576634120339,,,,,0.8163576634120339,0.8163576634120339,True
arm_C,area_loa_lower,1,-0.15846954274508268,,,,,-0.15846954274508268,-0.15846954274508268,True
arm_C,area_loa_upper,1,0.2897944424673751,,,,,0.2897944424673751,0.2897944424673751,True
arm_C,area_mae,1,61.50740824148925,,,,,61.50740824148925,61.50740824148925,True
arm_C,area_mape,1,0.1647691066996816,,,,,0.1647691066996816,0.1647691066996816,True
arm_C,area_mape_ci_lower,1,0.15486055380813202,,,,,0.15486055380813202,0.15486055380813202,True
arm_C,area_mape_ci_upper,1,0.17445463041376416,,,,,0.17445463041376416,0.17445463041376416,True
arm_C,area_mape_coverage_adjusted,1,0.5013781672764577,,,,,0.5013781672764577,0.5013781672764577,True
arm_C,area_median_relative_bias,1,0.06565038388783792,,,,,0.06565038388783792,0.06565038388783792,True
arm_C,area_n_cells,1,1902.0,,,,,1902.0,1902.0,True
arm_C,area_n_fields,1,113.0,,,,,113.0,113.0,True
arm_C,area_relative_bias,1,0.06566244986114621,,,,,0.06566244986114621,0.06566244986114621,True
arm_C,cell_count_ratio,1,0.7448210922787194,,,,,0.7448210922787194,0.7448210922787194,True
arm_C,cells_detected,1,2373.0,,,,,2373.0,2373.0,True
arm_C,cells_false_positive,1,471.0,,,,,471.0,471.0,True
arm_C,cells_matched,1,1902.0,,,,,1902.0,1902.0,True
arm_C,cells_missed,1,1284.0,,,,,1284.0,1284.0,True
arm_C,cells_reference,1,3186.0,,,,,3186.0,3186.0,True
arm_C,circularity_bootstrap_fields,1,113.0,,,,,113.0,113.0,True
arm_C,circularity_bootstrap_resamples,1,2000.0,,,,,2000.0,2000.0,True
arm_C,circularity_cell_pearson_r,1,0.8554123075040269,,,,,0.8554123075040269,0.8554123075040269,True
arm_C,circularity_cell_pearson_r_ci_lower,1,0.8323801487963893,,,,,0.8323801487963893,0.8323801487963893,True
arm_C,circularity_cell_pearson_r_ci_upper,1,0.8761838103507502,,,,,0.8761838103507502,0.8761838103507502,True
arm_C,circularity_image_pearson_r,1,0.8964471657420422,,,,,0.8964471657420422,0.8964471657420422,True
arm_C,circularity_loa_lower,1,-0.08587475154127827,,,,,-0.08587475154127827,-0.08587475154127827,True
arm_C,circularity_loa_upper,1,0.10300269237998994,,,,,0.10300269237998994,0.10300269237998994,True
arm_C,circularity_mae,1,0.046821939116559026,,,,,0.046821939116559026,0.046821939116559026,True
arm_C,circularity_mape,1,0.06515396500446699,,,,,0.06515396500446699,0.06515396500446699,True
arm_C,circularity_mape_ci_lower,1,0.05854195075708826,,,,,0.05854195075708826,0.05854195075708826,True
arm_C,circularity_mape_ci_upper,1,0.07261174340970389,,,,,0.07261174340970389,0.07261174340970389,True
arm_C,circularity_mape_coverage_adjusted,1,0.4419092408783729,,,,,0.4419092408783729,0.4419092408783729,True
arm_C,circularity_median_relative_bias,1,0.0021112789402788616,,,,,0.0021112789402788616,0.0021112789402788616,True
arm_C,circularity_n_cells,1,1902.0,,,,,1902.0,1902.0,True
arm_C,circularity_relative_bias,1,0.008563970419355827,,,,,0.008563970419355827,0.008563970419355827,True
arm_C,coverage,1,0.5969868173258004,,,,,0.5969868173258004,0.5969868173258004,True
arm_C,detection_f1,1,0.6842957366432812,,,,,0.6842957366432812,0.6842957366432812,True
arm_C,detection_precision,1,0.8015170670037927,,,,,0.8015170670037927,0.8015170670037927,True
arm_C,detection_recall,1,0.5969868173258004,,,,,0.5969868173258004,0.5969868173258004,True
arm_C,dry_mass_bootstrap_fields,1,113.0,,,,,113.0,113.0,True
arm_C,dry_mass_bootstrap_resamples,1,2000.0,,,,,2000.0,2000.0,True
arm_C,dry_mass_cell_pearson_r,1,0.9258122151167152,,,,,0.9258122151167152,0.9258122151167152,True
arm_C,dry_mass_cell_pearson_r_ci_lower,1,0.9093774323491468,,,,,0.9093774323491468,0.9093774323491468,True
arm_C,dry_mass_cell_pearson_r_ci_upper,1,0.9393180605777799,,,,,0.9393180605777799,0.9393180605777799,True
arm_C,dry_mass_field_total_bias,1,-0.16705048582693174,,,,,-0.16705048582693174,-0.16705048582693174,True
arm_C,dry_mass_field_total_mape,1,0.17726021299683314,,,,,0.17726021299683314,0.17726021299683314,True
arm_C,dry_mass_field_total_pearson_r,1,0.9874231025224265,,,,,0.9874231025224265,0.9874231025224265,True
arm_C,dry_mass_image_pearson_r,1,0.9396215069050279,,,,,0.9396215069050279,0.9396215069050279,True
arm_C,dry_mass_loa_lower,1,-0.26278724659404623,,,,,-0.26278724659404623,-0.26278724659404623,True
arm_C,dry_mass_loa_upper,1,0.17067501989643924,,,,,0.17067501989643924,0.17067501989643924,True
arm_C,dry_mass_mae,1,41.70219956545246,,,,,41.70219956545246,41.70219956545246,True
arm_C,dry_mass_mape,1,0.19776231645034867,,,,,0.19776231645034867,0.19776231645034867,True
arm_C,dry_mass_mape_ci_lower,1,0.18610206478319863,,,,,0.18610206478319863,0.18610206478319863,True
arm_C,dry_mass_mape_ci_upper,1,0.20930620987631146,,,,,0.20930620987631146,0.20930620987631146,True
arm_C,dry_mass_mape_coverage_adjusted,1,0.521074678558871,,,,,0.521074678558871,0.521074678558871,True
arm_C,dry_mass_median_relative_bias,1,-0.05216807970495787,,,,,-0.05216807970495787,-0.05216807970495787,True
arm_C,dry_mass_n_cells,1,1902.0,,,,,1902.0,1902.0,True
arm_C,dry_mass_n_fields,1,113.0,,,,,113.0,113.0,True
arm_C,dry_mass_relative_bias,1,-0.04605611334880351,,,,,-0.04605611334880351,-0.04605611334880351,True
arm_C,false_positive_median_area_um2,1,111.17753669817,,,,,111.17753669817,111.17753669817,True
arm_C,forward_distance_um,1,33.77,,,,,33.77,33.77,True
arm_C,forward_residual,1,0.9216901870955408,,,,,0.9216901870955408,0.9216901870955408,True
arm_C,forward_residual_n,1,113.0,,,,,113.0,113.0,True
arm_C,forward_residual_ratio,1,0.998830443212088,,,,,0.998830443212088,0.998830443212088,True
arm_C,forward_residual_reference,1,0.9227694183324291,,,,,0.9227694183324291,0.9227694183324291,True
arm_C,missed_median_area_um2,1,98.761359242097,,,,,98.761359242097,98.761359242097,True
arm_C,optical_volume_bootstrap_fields,1,113.0,,,,,113.0,113.0,True
arm_C,optical_volume_bootstrap_resamples,1,2000.0,,,,,2000.0,2000.0,True
arm_C,optical_volume_cell_pearson_r,1,0.9258122151167151,,,,,0.9258122151167151,0.9258122151167151,True
arm_C,optical_volume_cell_pearson_r_ci_lower,1,0.9093774323491467,,,,,0.9093774323491467,0.9093774323491467,True
arm_C,optical_volume_cell_pearson_r_ci_upper,1,0.9393180605777798,,,,,0.9393180605777798,0.9393180605777798,True
arm_C,optical_volume_field_total_bias,1,-0.16705048582693174,,,,,-0.16705048582693174,-0.16705048582693174,True
arm_C,optical_volume_field_total_mape,1,0.17726021299683312,,,,,0.17726021299683312,0.17726021299683312,True
arm_C,optical_volume_field_total_pearson_r,1,0.9874231025224265,,,,,0.9874231025224265,0.9874231025224265,True
arm_C,optical_volume_image_pearson_r,1,0.9396215069050281,,,,,0.9396215069050281,0.9396215069050281,True
arm_C,optical_volume_loa_lower,1,-0.26278724659404623,,,,,-0.26278724659404623,-0.26278724659404623,True
arm_C,optical_volume_loa_upper,1,0.1706750198964392,,,,,0.1706750198964392,0.1706750198964392,True
arm_C,optical_volume_mae,1,78.68547975577232,,,,,78.68547975577232,78.68547975577232,True
arm_C,optical_volume_mape,1,0.1977623164503487,,,,,0.1977623164503487,0.1977623164503487,True
arm_C,optical_volume_mape_ci_lower,1,0.18610206478319863,,,,,0.18610206478319863,0.18610206478319863,True
arm_C,optical_volume_mape_ci_upper,1,0.20930620987631146,,,,,0.20930620987631146,0.20930620987631146,True
arm_C,optical_volume_mape_coverage_adjusted,1,0.521074678558871,,,,,0.521074678558871,0.521074678558871,True
arm_C,optical_volume_median_relative_bias,1,-0.05216807970495802,,,,,-0.05216807970495802,-0.05216807970495802,True
arm_C,optical_volume_n_cells,1,1902.0,,,,,1902.0,1902.0,True
arm_C,optical_volume_n_fields,1,113.0,,,,,113.0,113.0,True
arm_C,optical_volume_relative_bias,1,-0.04605611334880352,,,,,-0.04605611334880352,-0.04605611334880352,True
arm_C,phase_bias_rad,1,0.0010609381723493767,,,,,0.0010609381723493767,0.0010609381723493767,True
arm_C,phase_bias_rad_background,1,0.03675847100011543,,,,,0.03675847100011543,0.03675847100011543,True
arm_C,phase_bias_rad_in_cell,1,-0.2263131437048448,,,,,-0.2263131437048448,-0.2263131437048448,True
arm_C,phase_mae_rad,1,0.16765495191896912,,,,,0.16765495191896912,0.16765495191896912,True
arm_C,phase_mae_rad_background,1,0.14821194118894307,,,,,0.14821194118894307,0.14821194118894307,True
arm_C,phase_mae_rad_in_cell,1,0.30097856313253923,,,,,0.30097856313253923,0.30097856313253923,True
arm_C,phase_n_images,1,113.0,,,,,113.0,113.0,True
arm_C,phase_pearson_r,1,0.8578609162199814,,,,,0.8578609162199814,0.8578609162199814,True
arm_C,phase_psnr_db,1,30.66005472261752,,,,,30.66005472261752,30.66005472261752,True
arm_C,phase_rmse_rad,1,0.2562620096569584,,,,,0.2562620096569584,0.2562620096569584,True
arm_C,phase_ssim,1,0.6192277853204086,,,,,0.6192277853204086,0.6192277853204086,True
arm_C,seg_aji,1,0.6554118038704284,,,,,0.6554118038704284,0.6554118038704284,True
arm_C,seg_boundary_f1,1,0.4395996923260915,,,,,0.4395996923260915,0.4395996923260915,True
arm_C,seg_dice,1,0.8268992557488888,,,,,0.8268992557488888,0.8268992557488888,True
arm_C,seg_dice_macro,1,0.8268992557488888,,,,,0.8268992557488888,0.8268992557488888,True
arm_C,seg_instance_count_mape,1,0.32823820940313725,,,,,0.32823820940313725,0.32823820940313725,True
arm_C,seg_iou,1,0.7048834124444854,,,,,0.7048834124444854,0.7048834124444854,True
arm_C,seg_n_images,1,113.0,,,,,113.0,113.0,True
arm_C_membrane,area_bootstrap_fields,1,89.0,,,,,89.0,89.0,True
arm_C_membrane,area_bootstrap_resamples,1,2000.0,,,,,2000.0,2000.0,True
arm_C_membrane,area_cell_pearson_r,1,0.8129792079269101,,,,,0.8129792079269101,0.8129792079269101,True
arm_C_membrane,area_cell_pearson_r_ci_lower,1,0.7593816903137878,,,,,0.7593816903137878,0.7593816903137878,True
arm_C_membrane,area_cell_pearson_r_ci_upper,1,0.8554045484753336,,,,,0.8554045484753336,0.8554045484753336,True
arm_C_membrane,area_field_total_bias,1,-0.4537251065988244,,,,,-0.4537251065988244,-0.4537251065988244,True
arm_C_membrane,area_field_total_mape,1,0.46778192439888133,,,,,0.46778192439888133,0.46778192439888133,True
arm_C_membrane,area_field_total_pearson_r,1,0.2634270201114639,,,,,0.2634270201114639,0.2634270201114639,True
arm_C_membrane,area_image_pearson_r,1,0.7788198048145726,,,,,0.7788198048145726,0.7788198048145726,True
arm_C_membrane,area_loa_lower,1,-0.7224001035837292,,,,,-0.7224001035837292,-0.7224001035837292,True
arm_C_membrane,area_loa_upper,1,0.01618968258232578,,,,,0.01618968258232578,0.01618968258232578,True
arm_C_membrane,area_mae,1,229.98431998286,,,,,229.98431998286,229.98431998286,True
arm_C_membrane,area_mape,1,0.3143654740542773,,,,,0.3143654740542773,0.3143654740542773,True
arm_C_membrane,area_mape_ci_lower,1,0.2997664194219674,,,,,0.2997664194219674,0.2997664194219674,True
arm_C_membrane,area_mape_ci_upper,1,0.32947419235835435,,,,,0.32947419235835435,0.32947419235835435,True
arm_C_membrane,area_mape_coverage_adjusted,1,0.9229043766863487,,,,,0.9229043766863487,0.9229043766863487,True
arm_C_membrane,area_median_relative_bias,1,-0.374728378965667,,,,,-0.374728378965667,-0.374728378965667,True
arm_C_membrane,area_n_cells,1,403.0,,,,,403.0,403.0,True
arm_C_membrane,area_n_fields,1,113.0,,,,,113.0,113.0,True
arm_C_membrane,area_relative_bias,1,-0.3531052105007017,,,,,-0.3531052105007017,-0.3531052105007017,True
arm_C_membrane,cell_count_ratio,1,0.662109375,,,,,0.662109375,0.662109375,True
arm_C_membrane,cells_detected,1,2373.0,,,,,2373.0,2373.0,True
arm_C_membrane,cells_false_positive,1,1970.0,,,,,1970.0,1970.0,True
arm_C_membrane,cells_matched,1,403.0,,,,,403.0,403.0,True
arm_C_membrane,cells_missed,1,3181.0,,,,,3181.0,3181.0,True
arm_C_membrane,cells_reference,1,3584.0,,,,,3584.0,3584.0,True
arm_C_membrane,circularity_bootstrap_fields,1,89.0,,,,,89.0,89.0,True
arm_C_membrane,circularity_bootstrap_resamples,1,2000.0,,,,,2000.0,2000.0,True
arm_C_membrane,circularity_cell_pearson_r,1,0.37010799625131446,,,,,0.37010799625131446,0.37010799625131446,True
arm_C_membrane,circularity_cell_pearson_r_ci_lower,1,0.24011511404968514,,,,,0.24011511404968514,0.24011511404968514,True
arm_C_membrane,circularity_cell_pearson_r_ci_upper,1,0.4678704000748878,,,,,0.4678704000748878,0.4678704000748878,True
arm_C_membrane,circularity_image_pearson_r,1,0.12881041045574343,,,,,0.12881041045574343,0.12881041045574343,True
arm_C_membrane,circularity_loa_lower,1,-0.0701463928581122,,,,,-0.0701463928581122,-0.0701463928581122,True
arm_C_membrane,circularity_loa_upper,1,0.7402657617078442,,,,,0.7402657617078442,0.7402657617078442,True
arm_C_membrane,circularity_mae,1,0.2471763614103302,,,,,0.2471763614103302,0.2471763614103302,True
arm_C_membrane,circularity_mape,1,0.4902669385497831,,,,,0.4902669385497831,0.4902669385497831,True
arm_C_membrane,circularity_mape_ci_lower,1,0.42897283585516394,,,,,0.42897283585516394,0.42897283585516394,True
arm_C_membrane,circularity_mape_ci_upper,1,0.5517445549003805,,,,,0.5517445549003805,0.5517445549003805,True
arm_C_membrane,circularity_mape_coverage_adjusted,1,0.9426834755121548,,,,,0.9426834755121548,0.9426834755121548,True
arm_C_membrane,circularity_median_relative_bias,1,0.3398708656776199,,,,,0.3398708656776199,0.3398708656776199,True
arm_C_membrane,circularity_n_cells,1,403.0,,,,,403.0,403.0,True
arm_C_membrane,circularity_relative_bias,1,0.335059684424866,,,,,0.335059684424866,0.335059684424866,True
arm_C_membrane,coverage,1,0.11244419642857142,,,,,0.11244419642857142,0.11244419642857142,True
arm_C_membrane,detection_f1,1,0.13530300486822225,,,,,0.13530300486822225,0.13530300486822225,True
arm_C_membrane,detection_precision,1,0.16982722292456806,,,,,0.16982722292456806,0.16982722292456806,True
arm_C_membrane,detection_recall,1,0.11244419642857142,,,,,0.11244419642857142,0.11244419642857142,True
arm_C_membrane,dry_mass_bootstrap_fields,1,89.0,,,,,89.0,89.0,True
arm_C_membrane,dry_mass_bootstrap_resamples,1,2000.0,,,,,2000.0,2000.0,True
arm_C_membrane,dry_mass_cell_pearson_r,1,0.937653797390565,,,,,0.937653797390565,0.937653797390565,True
arm_C_membrane,dry_mass_cell_pearson_r_ci_lower,1,0.9157903883318489,,,,,0.9157903883318489,0.9157903883318489,True
arm_C_membrane,dry_mass_cell_pearson_r_ci_upper,1,0.953921416679641,,,,,0.953921416679641,0.953921416679641,True
arm_C_membrane,dry_mass_field_total_bias,1,0.5189802318766598,,,,,0.5189802318766598,0.5189802318766598,True
arm_C_membrane,dry_mass_field_total_mape,1,0.5197798114955673,,,,,0.5197798114955673,0.5197798114955673,True
arm_C_membrane,dry_mass_field_total_pearson_r,1,0.8749665543354608,,,,,0.8749665543354608,0.8749665543354608,True
arm_C_membrane,dry_mass_image_pearson_r,1,0.9461363377431142,,,,,0.9461363377431142,0.9461363377431142,True
arm_C_membrane,dry_mass_loa_lower,1,-0.5067541631322752,,,,,-0.5067541631322752,-0.5067541631322752,True
arm_C_membrane,dry_mass_loa_upper,1,0.532589209269293,,,,,0.532589209269293,0.532589209269293,True
arm_C_membrane,dry_mass_mae,1,42.70194551304069,,,,,42.70194551304069,42.70194551304069,True
arm_C_membrane,dry_mass_mape,1,0.25545306179615923,,,,,0.25545306179615923,0.25545306179615923,True
arm_C_membrane,dry_mass_mape_ci_lower,1,0.17047177966518332,,,,,0.17047177966518332,0.17047177966518332,True
arm_C_membrane,dry_mass_mape_ci_upper,1,0.4260838782745451,,,,,0.4260838782745451,0.4260838782745451,True
arm_C_membrane,dry_mass_mape_coverage_adjusted,1,0.9162800178303159,,,,,0.9162800178303159,0.9162800178303159,True
arm_C_membrane,dry_mass_median_relative_bias,1,-0.02494737563983385,,,,,-0.02494737563983385,-0.02494737563983385,True
arm_C_membrane,dry_mass_n_cells,1,403.0,,,,,403.0,403.0,True
arm_C_membrane,dry_mass_n_fields,1,113.0,,,,,113.0,113.0,True
arm_C_membrane,dry_mass_relative_bias,1,0.01291752306850895,,,,,0.01291752306850895,0.01291752306850895,True
arm_C_membrane,false_positive_median_area_um2,1,356.9448139904385,,,,,356.9448139904385,356.9448139904385,True
arm_C_membrane,forward_distance_um,1,33.77,,,,,33.77,33.77,True
arm_C_membrane,forward_residual,1,0.9216901870955408,,,,,0.9216901870955408,0.9216901870955408,True
arm_C_membrane,forward_residual_n,1,113.0,,,,,113.0,113.0,True
arm_C_membrane,forward_residual_ratio,1,0.998830443212088,,,,,0.998830443212088,0.998830443212088,True
arm_C_membrane,forward_residual_reference,1,0.9227694183324291,,,,,0.9227694183324291,0.9227694183324291,True
arm_C_membrane,missed_median_area_um2,1,147.208796766774,,,,,147.208796766774,147.208796766774,True
arm_C_membrane,optical_volume_bootstrap_fields,1,89.0,,,,,89.0,89.0,True
arm_C_membrane,optical_volume_bootstrap_resamples,1,2000.0,,,,,2000.0,2000.0,True
arm_C_membrane,optical_volume_cell_pearson_r,1,0.937653797390565,,,,,0.937653797390565,0.937653797390565,True
arm_C_membrane,optical_volume_cell_pearson_r_ci_lower,1,0.9157903883318489,,,,,0.9157903883318489,0.9157903883318489,True
arm_C_membrane,optical_volume_cell_pearson_r_ci_upper,1,0.953921416679641,,,,,0.953921416679641,0.953921416679641,True
arm_C_membrane,optical_volume_field_total_bias,1,0.5189802318766599,,,,,0.5189802318766599,0.5189802318766599,True
arm_C_membrane,optical_volume_field_total_mape,1,0.5197798114955675,,,,,0.5197798114955675,0.5197798114955675,True
arm_C_membrane,optical_volume_field_total_pearson_r,1,0.8749665543354608,,,,,0.8749665543354608,0.8749665543354608,True
arm_C_membrane,optical_volume_image_pearson_r,1,0.9461363377431141,,,,,0.9461363377431141,0.9461363377431141,True
arm_C_membrane,optical_volume_loa_lower,1,-0.5067541631322753,,,,,-0.5067541631322753,-0.5067541631322753,True
arm_C_membrane,optical_volume_loa_upper,1,0.5325892092692931,,,,,0.5325892092692931,0.5325892092692931,True
arm_C_membrane,optical_volume_mae,1,80.57184283348963,,,,,80.57184283348963,80.57184283348963,True
arm_C_membrane,optical_volume_mape,1,0.25545306179615923,,,,,0.25545306179615923,0.25545306179615923,True
arm_C_membrane,optical_volume_mape_ci_lower,1,0.17047177966518332,,,,,0.17047177966518332,0.17047177966518332,True
arm_C_membrane,optical_volume_mape_ci_upper,1,0.42608387827454514,,,,,0.42608387827454514,0.42608387827454514,True
arm_C_membrane,optical_volume_mape_coverage_adjusted,1,0.9162800178303159,,,,,0.9162800178303159,0.9162800178303159,True
arm_C_membrane,optical_volume_median_relative_bias,1,-0.02494737563983387,,,,,-0.02494737563983387,-0.02494737563983387,True
arm_C_membrane,optical_volume_n_cells,1,403.0,,,,,403.0,403.0,True
arm_C_membrane,optical_volume_n_fields,1,113.0,,,,,113.0,113.0,True
arm_C_membrane,optical_volume_relative_bias,1,0.012917523068508957,,,,,0.012917523068508957,0.012917523068508957,True
arm_C_membrane,phase_bias_rad,1,0.0010609381723493767,,,,,0.0010609381723493767,0.0010609381723493767,True
arm_C_membrane,phase_bias_rad_background,1,0.01063200811285266,,,,,0.01063200811285266,0.01063200811285266,True
arm_C_membrane,phase_bias_rad_in_cell,1,-0.029489884141217223,,,,,-0.029489884141217223,-0.029489884141217223,True
arm_C_membrane,phase_mae_rad,1,0.16765495191896912,,,,,0.16765495191896912,0.16765495191896912,True
arm_C_membrane,phase_mae_rad_background,1,0.165408594418416,,,,,0.165408594418416,0.165408594418416,True
arm_C_membrane,phase_mae_rad_in_cell,1,0.17499651225794732,,,,,0.17499651225794732,0.17499651225794732,True
arm_C_membrane,phase_n_images,1,113.0,,,,,113.0,113.0,True
arm_C_membrane,phase_pearson_r,1,0.8578609162199814,,,,,0.8578609162199814,0.8578609162199814,True
arm_C_membrane,phase_psnr_db,1,30.66005472261752,,,,,30.66005472261752,30.66005472261752,True
arm_C_membrane,phase_rmse_rad,1,0.2562620096569584,,,,,0.2562620096569584,0.2562620096569584,True
arm_C_membrane,phase_ssim,1,0.6192277853204086,,,,,0.6192277853204086,0.6192277853204086,True
arm_C_membrane,seg_aji,1,0.23593043917150636,,,,,0.23593043917150636,0.23593043917150636,True
arm_C_membrane,seg_boundary_f1,1,0.06432914940719761,,,,,0.06432914940719761,0.06432914940719761,True
arm_C_membrane,seg_dice,1,0.502594616902722,,,,,0.502594616902722,0.502594616902722,True
arm_C_membrane,seg_dice_macro,1,0.502594616902722,,,,,0.502594616902722,0.502594616902722,True
arm_C_membrane,seg_instance_count_mape,1,0.45880600653796866,,,,,0.45880600653796866,0.45880600653796866,True
arm_C_membrane,seg_iou,1,0.3356436557367923,,,,,0.3356436557367923,0.3356436557367923,True
arm_C_membrane,seg_n_images,1,113.0,,,,,113.0,113.0,True
arm_D0,amplitude_bias,1,0.03411250511902658,,,,,0.03411250511902658,0.03411250511902658,True
arm_D0,amplitude_bias_in_cell,1,0.028423387741163143,,,,,0.028423387741163143,0.028423387741163143,True
arm_D0,amplitude_mae,1,0.06557199827073949,,,,,0.06557199827073949,0.06557199827073949,True
arm_D0,amplitude_mae_in_cell,1,0.09211507700053992,,,,,0.09211507700053992,0.09211507700053992,True
arm_D0,amplitude_mae_over_unity,1,0.44641448094787806,,,,,0.44641448094787806,0.44641448094787806,True
arm_D0,amplitude_n_images,1,113.0,,,,,113.0,113.0,True
arm_D0,amplitude_pearson_r,1,0.9028920080281991,,,,,0.9028920080281991,0.9028920080281991,True
arm_D0,amplitude_pred_mean,1,1.0318492260654415,,,,,1.0318492260654415,1.0318492260654415,True
arm_D0,amplitude_pred_sd,1,0.12157255846314725,,,,,0.12157255846314725,0.12157255846314725,True
arm_D0,amplitude_reference_mean,1,0.9977367230221234,,,,,0.9977367230221234,0.9977367230221234,True
arm_D0,amplitude_rmse,1,0.10051347008449048,,,,,0.10051347008449048,0.10051347008449048,True
arm_D0,amplitude_unity_mae,1,0.14688591223902406,,,,,0.14688591223902406,0.14688591223902406,True
arm_D0,area_bootstrap_fields,1,113.0,,,,,113.0,113.0,True
arm_D0,area_bootstrap_resamples,1,2000.0,,,,,2000.0,2000.0,True
arm_D0,area_cell_pearson_r,1,0.8878283122176966,,,,,0.8878283122176966,0.8878283122176966,True
arm_D0,area_cell_pearson_r_ci_lower,1,0.8672278132301255,,,,,0.8672278132301255,0.8672278132301255,True
arm_D0,area_cell_pearson_r_ci_upper,1,0.9067699056471035,,,,,0.9067699056471035,0.9067699056471035,True
arm_D0,area_field_total_bias,1,-0.08669519530921185,,,,,-0.08669519530921185,-0.08669519530921185,True
arm_D0,area_field_total_mape,1,0.15615364457303962,,,,,0.15615364457303962,0.15615364457303962,True
arm_D0,area_field_total_pearson_r,1,0.9266688266090034,,,,,0.9266688266090034,0.9266688266090034,True
arm_D0,area_image_pearson_r,1,0.8249754744780945,,,,,0.8249754744780945,0.8249754744780945,True
arm_D0,area_loa_lower,1,-0.1606406298137284,,,,,-0.1606406298137284,-0.1606406298137284,True
arm_D0,area_loa_upper,1,0.2788226946637095,,,,,0.2788226946637095,0.2788226946637095,True
arm_D0,area_mae,1,61.55357418482353,,,,,61.55357418482353,61.55357418482353,True
arm_D0,area_mape,1,0.16435496918230855,,,,,0.16435496918230855,0.16435496918230855,True
arm_D0,area_mape_ci_lower,1,0.1547249877381795,,,,,0.1547249877381795,0.1547249877381795,True
arm_D0,area_mape_ci_upper,1,0.1746428134889767,,,,,0.1746428134889767,0.1746428134889767,True
arm_D0,area_mape_coverage_adjusted,1,0.5037537983970269,,,,,0.5037537983970269,0.5037537983970269,True
arm_D0,area_median_relative_bias,1,0.05635062611806802,,,,,0.05635062611806802,0.05635062611806802,True
arm_D0,area_n_cells,1,1892.0,,,,,1892.0,1892.0,True
arm_D0,area_n_fields,1,113.0,,,,,113.0,113.0,True
arm_D0,area_relative_bias,1,0.059091032424990544,,,,,0.059091032424990544,0.059091032424990544,True
arm_D0,cell_count_ratio,1,0.7209667294413057,,,,,0.7209667294413057,0.7209667294413057,True
arm_D0,cells_detected,1,2297.0,,,,,2297.0,2297.0,True
arm_D0,cells_false_positive,1,405.0,,,,,405.0,405.0,True
arm_D0,cells_matched,1,1892.0,,,,,1892.0,1892.0,True
arm_D0,cells_missed,1,1294.0,,,,,1294.0,1294.0,True
arm_D0,cells_reference,1,3186.0,,,,,3186.0,3186.0,True
arm_D0,circularity_bootstrap_fields,1,113.0,,,,,113.0,113.0,True
arm_D0,circularity_bootstrap_resamples,1,2000.0,,,,,2000.0,2000.0,True
arm_D0,circularity_cell_pearson_r,1,0.8492221593608037,,,,,0.8492221593608037,0.8492221593608037,True
arm_D0,circularity_cell_pearson_r_ci_lower,1,0.8280563674531448,,,,,0.8280563674531448,0.8280563674531448,True
arm_D0,circularity_cell_pearson_r_ci_upper,1,0.8689797648010018,,,,,0.8689797648010018,0.8689797648010018,True
arm_D0,circularity_image_pearson_r,1,0.8922938502932707,,,,,0.8922938502932707,0.8922938502932707,True
arm_D0,circularity_loa_lower,1,-0.057959745288988125,,,,,-0.057959745288988125,-0.057959745288988125,True
arm_D0,circularity_loa_upper,1,0.1289499684170397,,,,,0.1289499684170397,0.1289499684170397,True
arm_D0,circularity_mae,1,0.05015380886688558,,,,,0.05015380886688558,0.05015380886688558,True
arm_D0,circularity_mape,1,0.0710610933526831,,,,,0.0710610933526831,0.0710610933526831,True
arm_D0,circularity_mape_ci_lower,1,0.06275708740651452,,,,,0.06275708740651452,0.06275708740651452,True
arm_D0,circularity_mape_ci_upper,1,0.07982158568631414,,,,,0.07982158568631414,0.07982158568631414,True
arm_D0,circularity_mape_coverage_adjusted,1,0.44835140885853,,,,,0.44835140885853,0.44835140885853,True
arm_D0,circularity_median_relative_bias,1,0.02780113561356952,,,,,0.02780113561356952,0.02780113561356952,True
arm_D0,circularity_n_cells,1,1892.0,,,,,1892.0,1892.0,True
arm_D0,circularity_relative_bias,1,0.03549511156402579,,,,,0.03549511156402579,0.03549511156402579,True
arm_D0,coverage,1,0.5938480853735091,,,,,0.5938480853735091,0.5938480853735091,True
arm_D0,detection_f1,1,0.6901331387926317,,,,,0.6901331387926317,0.6901331387926317,True
arm_D0,detection_precision,1,0.8236830648672181,,,,,0.8236830648672181,0.8236830648672181,True
arm_D0,detection_recall,1,0.5938480853735091,,,,,0.5938480853735091,0.5938480853735091,True
arm_D0,dry_mass_bootstrap_fields,1,113.0,,,,,113.0,113.0,True
arm_D0,dry_mass_bootstrap_resamples,1,2000.0,,,,,2000.0,2000.0,True
arm_D0,dry_mass_cell_pearson_r,1,0.9153936539040095,,,,,0.9153936539040095,0.9153936539040095,True
arm_D0,dry_mass_cell_pearson_r_ci_lower,1,0.897055580325986,,,,,0.897055580325986,0.897055580325986,True
arm_D0,dry_mass_cell_pearson_r_ci_upper,1,0.9306764964108292,,,,,0.9306764964108292,0.9306764964108292,True
arm_D0,dry_mass_field_total_bias,1,-0.1552251823626286,,,,,-0.1552251823626286,-0.1552251823626286,True
arm_D0,dry_mass_field_total_mape,1,0.17764031089769838,,,,,0.17764031089769838,0.17764031089769838,True
arm_D0,dry_mass_field_total_pearson_r,1,0.9810369525668787,,,,,0.9810369525668787,0.9810369525668787,True
arm_D0,dry_mass_image_pearson_r,1,0.9349444362200887,,,,,0.9349444362200887,0.9349444362200887,True
arm_D0,dry_mass_loa_lower,1,-0.2559721647253208,,,,,-0.2559721647253208,-0.2559721647253208,True
arm_D0,dry_mass_loa_upper,1,0.1838292157116303,,,,,0.1838292157116303,0.1838292157116303,True
arm_D0,dry_mass_mae,1,41.95502559384918,,,,,41.95502559384918,41.95502559384918,True
arm_D0,dry_mass_mape,1,0.2014944734923871,,,,,0.2014944734923871,0.2014944734923871,True
arm_D0,dry_mass_mape_ci_lower,1,0.18941625910133486,,,,,0.18941625910133486,0.18941625910133486,True
arm_D0,dry_mass_mape_ci_upper,1,0.21291766766913506,,,,,0.21291766766913506,0.21291766766913506,True
arm_D0,dry_mass_mape_coverage_adjusted,1,0.5258090219232883,,,,,0.5258090219232883,0.5258090219232883,True
arm_D0,dry_mass_median_relative_bias,1,-0.03558347717137137,,,,,-0.03558347717137137,-0.03558347717137137,True
arm_D0,dry_mass_n_cells,1,1892.0,,,,,1892.0,1892.0,True
arm_D0,dry_mass_n_fields,1,113.0,,,,,113.0,113.0,True
arm_D0,dry_mass_relative_bias,1,-0.03607147450684525,,,,,-0.03607147450684525,-0.03607147450684525,True
arm_D0,false_positive_median_area_um2,1,122.05183590806399,,,,,122.05183590806399,122.05183590806399,True
arm_D0,forward_distance_um,1,33.77,,,,,33.77,33.77,True
arm_D0,forward_residual,1,0.890480168097842,,,,,0.890480168097842,0.890480168097842,True
arm_D0,forward_residual_n,1,113.0,,,,,113.0,113.0,True
arm_D0,forward_residual_ratio,1,0.9927718984772834,,,,,0.9927718984772834,0.9927718984772834,True
arm_D0,forward_residual_reference,1,0.8969635114205622,,,,,0.8969635114205622,0.8969635114205622,True
arm_D0,missed_median_area_um2,1,99.167116675302,,,,,99.167116675302,99.167116675302,True
arm_D0,optical_volume_bootstrap_fields,1,113.0,,,,,113.0,113.0,True
arm_D0,optical_volume_bootstrap_resamples,1,2000.0,,,,,2000.0,2000.0,True
arm_D0,optical_volume_cell_pearson_r,1,0.9153936539040096,,,,,0.9153936539040096,0.9153936539040096,True
arm_D0,optical_volume_cell_pearson_r_ci_lower,1,0.8970555803259858,,,,,0.8970555803259858,0.8970555803259858,True
arm_D0,optical_volume_cell_pearson_r_ci_upper,1,0.9306764964108292,,,,,0.9306764964108292,0.9306764964108292,True
arm_D0,optical_volume_field_total_bias,1,-0.1552251823626286,,,,,-0.1552251823626286,-0.1552251823626286,True
arm_D0,optical_volume_field_total_mape,1,0.17764031089769838,,,,,0.17764031089769838,0.17764031089769838,True
arm_D0,optical_volume_field_total_pearson_r,1,0.981036952566879,,,,,0.981036952566879,0.981036952566879,True
arm_D0,optical_volume_image_pearson_r,1,0.9349444362200889,,,,,0.9349444362200889,0.9349444362200889,True
arm_D0,optical_volume_loa_lower,1,-0.2559721647253208,,,,,-0.2559721647253208,-0.2559721647253208,True
arm_D0,optical_volume_loa_upper,1,0.1838292157116303,,,,,0.1838292157116303,0.1838292157116303,True
arm_D0,optical_volume_mae,1,79.1625226347197,,,,,79.1625226347197,79.1625226347197,True
arm_D0,optical_volume_mape,1,0.2014944734923871,,,,,0.2014944734923871,0.2014944734923871,True
arm_D0,optical_volume_mape_ci_lower,1,0.18941625910133486,,,,,0.18941625910133486,0.18941625910133486,True
arm_D0,optical_volume_mape_ci_upper,1,0.21291766766913506,,,,,0.21291766766913506,0.21291766766913506,True
arm_D0,optical_volume_mape_coverage_adjusted,1,0.5258090219232883,,,,,0.5258090219232883,0.5258090219232883,True
arm_D0,optical_volume_median_relative_bias,1,-0.03558347717137152,,,,,-0.03558347717137152,-0.03558347717137152,True
arm_D0,optical_volume_n_cells,1,1892.0,,,,,1892.0,1892.0,True
arm_D0,optical_volume_n_fields,1,113.0,,,,,113.0,113.0,True
arm_D0,optical_volume_relative_bias,1,-0.03607147450684525,,,,,-0.03607147450684525,-0.03607147450684525,True
arm_D0,phase_bias_rad,1,0.007822424062992347,,,,,0.007822424062992347,0.007822424062992347,True
arm_D0,phase_bias_rad_background,1,0.04322644197835331,,,,,0.04322644197835331,0.04322644197835331,True
arm_D0,phase_bias_rad_in_cell,1,-0.21627949230966315,,,,,-0.21627949230966315,-0.21627949230966315,True
arm_D0,phase_mae_rad,1,0.17083504123497853,,,,,0.17083504123497853,0.17083504123497853,True
arm_D0,phase_mae_rad_background,1,0.15158085300859098,,,,,0.15158085300859098,0.15158085300859098,True
arm_D0,phase_mae_rad_in_cell,1,0.3041284275529659,,,,,0.3041284275529659,0.3041284275529659,True
arm_D0,phase_n_images,1,113.0,,,,,113.0,113.0,True
arm_D0,phase_pearson_r,1,0.8546502624465301,,,,,0.8546502624465301,0.8546502624465301,True
arm_D0,phase_psnr_db,1,30.536200306366673,,,,,30.536200306366673,30.536200306366673,True
arm_D0,phase_rmse_rad,1,0.2620677612396349,,,,,0.2620677612396349,0.2620677612396349,True
arm_D0,phase_ssim,1,0.6085092884249392,,,,,0.6085092884249392,0.6085092884249392,True
arm_D0,seg_aji,1,0.6545063565017296,,,,,0.6545063565017296,0.6545063565017296,True
arm_D0,seg_boundary_f1,1,0.4367340427373845,,,,,0.4367340427373845,0.4367340427373845,True
arm_D0,seg_dice,1,0.826541894051523,,,,,0.826541894051523,0.826541894051523,True
arm_D0,seg_dice_macro,1,0.826541894051523,,,,,0.826541894051523,0.826541894051523,True
arm_D0,seg_instance_count_mape,1,0.2924862907308017,,,,,0.2924862907308017,0.2924862907308017,True
arm_D0,seg_iou,1,0.7043642119489643,,,,,0.7043642119489643,0.7043642119489643,True
arm_D0,seg_n_images,1,113.0,,,,,113.0,113.0,True
arm_D0_membrane,amplitude_bias,1,0.03411250511902658,,,,,0.03411250511902658,0.03411250511902658,True
arm_D0_membrane,amplitude_bias_in_cell,1,0.018505009557264734,,,,,0.018505009557264734,0.018505009557264734,True
arm_D0_membrane,amplitude_mae,1,0.06557199827073949,,,,,0.06557199827073949,0.06557199827073949,True
arm_D0_membrane,amplitude_mae_in_cell,1,0.06919979867813862,,,,,0.06919979867813862,0.06919979867813862,True
arm_D0_membrane,amplitude_mae_over_unity,1,0.44641448094787806,,,,,0.44641448094787806,0.44641448094787806,True
arm_D0_membrane,amplitude_n_images,1,113.0,,,,,113.0,113.0,True
arm_D0_membrane,amplitude_pearson_r,1,0.9028920080281991,,,,,0.9028920080281991,0.9028920080281991,True
arm_D0_membrane,amplitude_pred_mean,1,1.0318492260654415,,,,,1.0318492260654415,1.0318492260654415,True
arm_D0_membrane,amplitude_pred_sd,1,0.12157255846314725,,,,,0.12157255846314725,0.12157255846314725,True
arm_D0_membrane,amplitude_reference_mean,1,0.9977367230221234,,,,,0.9977367230221234,0.9977367230221234,True
arm_D0_membrane,amplitude_rmse,1,0.10051347008449048,,,,,0.10051347008449048,0.10051347008449048,True
arm_D0_membrane,amplitude_unity_mae,1,0.14688591223902406,,,,,0.14688591223902406,0.14688591223902406,True
arm_D0_membrane,area_bootstrap_fields,1,90.0,,,,,90.0,90.0,True
arm_D0_membrane,area_bootstrap_resamples,1,2000.0,,,,,2000.0,2000.0,True
arm_D0_membrane,area_cell_pearson_r,1,0.8222447713474625,,,,,0.8222447713474625,0.8222447713474625,True
arm_D0_membrane,area_cell_pearson_r_ci_lower,1,0.7707189126061683,,,,,0.7707189126061683,0.7707189126061683,True
arm_D0_membrane,area_cell_pearson_r_ci_upper,1,0.8633947485989243,,,,,0.8633947485989243,0.8633947485989243,True
arm_D0_membrane,area_field_total_bias,1,-0.4607390191218375,,,,,-0.4607390191218375,-0.4607390191218375,True
arm_D0_membrane,area_field_total_mape,1,0.4714648962943102,,,,,0.4714648962943102,0.4714648962943102,True
arm_D0_membrane,area_field_total_pearson_r,1,0.26770850690976095,,,,,0.26770850690976095,0.26770850690976095,True
arm_D0_membrane,area_image_pearson_r,1,0.8142768427496896,,,,,0.8142768427496896,0.8142768427496896,True
arm_D0_membrane,area_loa_lower,1,-0.715038775594687,,,,,-0.715038775594687,-0.715038775594687,True
arm_D0_membrane,area_loa_upper,1,0.014628509531931677,,,,,0.014628509531931677,0.014628509531931677,True
arm_D0_membrane,area_mae,1,228.4944565639909,,,,,228.4944565639909,228.4944565639909,True
arm_D0_membrane,area_mape,1,0.31055727258961346,,,,,0.31055727258961346,0.31055727258961346,True
arm_D0_membrane,area_mape_ci_lower,1,0.29626295341543873,,,,,0.29626295341543873,0.29626295341543873,True
arm_D0_membrane,area_mape_ci_upper,1,0.32442039106577986,,,,,0.32442039106577986,0.32442039106577986,True
arm_D0_membrane,area_mape_coverage_adjusted,1,0.922860900197666,,,,,0.922860900197666,0.922860900197666,True
arm_D0_membrane,area_median_relative_bias,1,-0.3713890520289903,,,,,-0.3713890520289903,-0.3713890520289903,True
arm_D0_membrane,area_n_cells,1,401.0,,,,,401.0,401.0,True
arm_D0_membrane,area_n_fields,1,113.0,,,,,113.0,113.0,True
arm_D0_membrane,area_relative_bias,1,-0.3502051330313776,,,,,-0.3502051330313776,-0.3502051330313776,True
arm_D0_membrane,cell_count_ratio,1,0.6409040178571429,,,,,0.6409040178571429,0.6409040178571429,True
arm_D0_membrane,cells_detected,1,2297.0,,,,,2297.0,2297.0,True
arm_D0_membrane,cells_false_positive,1,1896.0,,,,,1896.0,1896.0,True
arm_D0_membrane,cells_matched,1,401.0,,,,,401.0,401.0,True
arm_D0_membrane,cells_missed,1,3183.0,,,,,3183.0,3183.0,True
arm_D0_membrane,cells_reference,1,3584.0,,,,,3584.0,3584.0,True
arm_D0_membrane,circularity_bootstrap_fields,1,90.0,,,,,90.0,90.0,True
arm_D0_membrane,circularity_bootstrap_resamples,1,2000.0,,,,,2000.0,2000.0,True
arm_D0_membrane,circularity_cell_pearson_r,1,0.3446537074678044,,,,,0.3446537074678044,0.3446537074678044,True
arm_D0_membrane,circularity_cell_pearson_r_ci_lower,1,0.21191921619394052,,,,,0.21191921619394052,0.21191921619394052,True
arm_D0_membrane,circularity_cell_pearson_r_ci_upper,1,0.4499737149515587,,,,,0.4499737149515587,0.4499737149515587,True
arm_D0_membrane,circularity_image_pearson_r,1,0.1420808689340851,,,,,0.1420808689340851,0.1420808689340851,True
arm_D0_membrane,circularity_loa_lower,1,-0.04561723155634306,,,,,-0.04561723155634306,-0.04561723155634306,True
arm_D0_membrane,circularity_loa_upper,1,0.7389140818145072,,,,,0.7389140818145072,0.7389140818145072,True
arm_D0_membrane,circularity_mae,1,0.2631495869010138,,,,,0.2631495869010138,0.2631495869010138,True
arm_D0_membrane,circularity_mape,1,0.5136958145381066,,,,,0.5136958145381066,0.5136958145381066,True
arm_D0_membrane,circularity_mape_ci_lower,1,0.44850920190961285,,,,,0.44850920190961285,0.44850920190961285,True
arm_D0_membrane,circularity_mape_ci_upper,1,0.5771604652915929,,,,,0.5771604652915929,0.5771604652915929,True
arm_D0_membrane,circularity_mape_coverage_adjusted,1,0.9455892917493808,,,,,0.9455892917493808,0.9455892917493808,True
arm_D0_membrane,circularity_median_relative_bias,1,0.3507438911496641,,,,,0.3507438911496641,0.3507438911496641,True
arm_D0_membrane,circularity_n_cells,1,401.0,,,,,401.0,401.0,True
arm_D0_membrane,circularity_relative_bias,1,0.3466484251290821,,,,,0.3466484251290821,0.3466484251290821,True
arm_D0_membrane,coverage,1,0.11188616071428571,,,,,0.11188616071428571,0.11188616071428571,True
arm_D0_membrane,detection_f1,1,0.13637136541404524,,,,,0.13637136541404524,0.13637136541404524,True
arm_D0_membrane,detection_precision,1,0.17457553330430997,,,,,0.17457553330430997,0.17457553330430997,True
arm_D0_membrane,detection_recall,1,0.11188616071428571,,,,,0.11188616071428571,0.11188616071428571,True
arm_D0_membrane,dry_mass_bootstrap_fields,1,90.0,,,,,90.0,90.0,True
arm_D0_membrane,dry_mass_bootstrap_resamples,1,2000.0,,,,,2000.0,2000.0,True
arm_D0_membrane,dry_mass_cell_pearson_r,1,0.9343367077945453,,,,,0.9343367077945453,0.9343367077945453,True
arm_D0_membrane,dry_mass_cell_pearson_r_ci_lower,1,0.9125737420448995,,,,,0.9125737420448995,0.9125737420448995,True
arm_D0_membrane,dry_mass_cell_pearson_r_ci_upper,1,0.9509326387986684,,,,,0.9509326387986684,0.9509326387986684,True
arm_D0_membrane,dry_mass_field_total_bias,1,0.5394123760595899,,,,,0.5394123760595899,0.5394123760595899,True
arm_D0_membrane,dry_mass_field_total_mape,1,0.5403205788067531,,,,,0.5403205788067531,0.5403205788067531,True
arm_D0_membrane,dry_mass_field_total_pearson_r,1,0.8597549707384686,,,,,0.8597549707384686,0.8597549707384686,True
arm_D0_membrane,dry_mass_image_pearson_r,1,0.9514834994593654,,,,,0.9514834994593654,0.9514834994593654,True
arm_D0_membrane,dry_mass_loa_lower,1,-0.496346722767256,,,,,-0.496346722767256,-0.496346722767256,True
arm_D0_membrane,dry_mass_loa_upper,1,0.5584225482656333,,,,,0.5584225482656333,0.5584225482656333,True
arm_D0_membrane,dry_mass_mae,1,44.11885542302142,,,,,44.11885542302142,44.11885542302142,True
arm_D0_membrane,dry_mass_mape,1,0.24320987269188926,,,,,0.24320987269188926,0.24320987269188926,True
arm_D0_membrane,dry_mass_mape_ci_lower,1,0.16756860673783538,,,,,0.16756860673783538,0.16756860673783538,True
arm_D0_membrane,dry_mass_mape_ci_upper,1,0.3937479449434365,,,,,0.3937479449434365,0.3937479449434365,True
arm_D0_membrane,dry_mass_mape_coverage_adjusted,1,0.91532565818902,,,,,0.91532565818902,0.91532565818902,True
arm_D0_membrane,dry_mass_median_relative_bias,1,-0.023074552916643044,,,,,-0.023074552916643044,-0.023074552916643044,True
arm_D0_membrane,dry_mass_n_cells,1,401.0,,,,,401.0,401.0,True
arm_D0_membrane,dry_mass_n_fields,1,113.0,,,,,113.0,113.0,True
arm_D0_membrane,dry_mass_relative_bias,1,0.031037912749188646,,,,,0.031037912749188646,0.031037912749188646,True
arm_D0_membrane,false_positive_median_area_um2,1,363.1934784617955,,,,,363.1934784617955,363.1934784617955,True
arm_D0_membrane,forward_distance_um,1,33.77,,,,,33.77,33.77,True
arm_D0_membrane,forward_residual,1,0.890480168097842,,,,,0.890480168097842,0.890480168097842,True
arm_D0_membrane,forward_residual_n,1,113.0,,,,,113.0,113.0,True
arm_D0_membrane,forward_residual_ratio,1,0.9927718984772834,,,,,0.9927718984772834,0.9927718984772834,True
arm_D0_membrane,forward_residual_reference,1,0.8969635114205622,,,,,0.8969635114205622,0.8969635114205622,True
arm_D0_membrane,missed_median_area_um2,1,147.208796766774,,,,,147.208796766774,147.208796766774,True
arm_D0_membrane,optical_volume_bootstrap_fields,1,90.0,,,,,90.0,90.0,True
arm_D0_membrane,optical_volume_bootstrap_resamples,1,2000.0,,,,,2000.0,2000.0,True
arm_D0_membrane,optical_volume_cell_pearson_r,1,0.9343367077945451,,,,,0.9343367077945451,0.9343367077945451,True
arm_D0_membrane,optical_volume_cell_pearson_r_ci_lower,1,0.9125737420448996,,,,,0.9125737420448996,0.9125737420448996,True
arm_D0_membrane,optical_volume_cell_pearson_r_ci_upper,1,0.9509326387986685,,,,,0.9509326387986685,0.9509326387986685,True
arm_D0_membrane,optical_volume_field_total_bias,1,0.5394123760595899,,,,,0.5394123760595899,0.5394123760595899,True
arm_D0_membrane,optical_volume_field_total_mape,1,0.5403205788067531,,,,,0.5403205788067531,0.5403205788067531,True
arm_D0_membrane,optical_volume_field_total_pearson_r,1,0.8597549707384686,,,,,0.8597549707384686,0.8597549707384686,True
arm_D0_membrane,optical_volume_image_pearson_r,1,0.9514834994593651,,,,,0.9514834994593651,0.9514834994593651,True
arm_D0_membrane,optical_volume_loa_lower,1,-0.496346722767256,,,,,-0.496346722767256,-0.496346722767256,True
arm_D0_membrane,optical_volume_loa_upper,1,0.5584225482656333,,,,,0.5584225482656333,0.5584225482656333,True
arm_D0_membrane,optical_volume_mae,1,83.2453285776302,,,,,83.2453285776302,83.2453285776302,True
arm_D0_membrane,optical_volume_mape,1,0.24320987269188926,,,,,0.24320987269188926,0.24320987269188926,True
arm_D0_membrane,optical_volume_mape_ci_lower,1,0.1675686067378354,,,,,0.1675686067378354,0.1675686067378354,True
arm_D0_membrane,optical_volume_mape_ci_upper,1,0.3937479449434364,,,,,0.3937479449434364,0.3937479449434364,True
arm_D0_membrane,optical_volume_mape_coverage_adjusted,1,0.91532565818902,,,,,0.91532565818902,0.91532565818902,True
arm_D0_membrane,optical_volume_median_relative_bias,1,-0.023074552916643152,,,,,-0.023074552916643152,-0.023074552916643152,True
arm_D0_membrane,optical_volume_n_cells,1,401.0,,,,,401.0,401.0,True
arm_D0_membrane,optical_volume_n_fields,1,113.0,,,,,113.0,113.0,True
arm_D0_membrane,optical_volume_relative_bias,1,0.03103791274918867,,,,,0.03103791274918867,0.03103791274918867,True
arm_D0_membrane,phase_bias_rad,1,0.007822424062992347,,,,,0.007822424062992347,0.007822424062992347,True
arm_D0_membrane,phase_bias_rad_background,1,0.016142697045799764,,,,,0.016142697045799764,0.016142697045799764,True
arm_D0_membrane,phase_bias_rad_in_cell,1,-0.018790342302094584,,,,,-0.018790342302094584,-0.018790342302094584,True
arm_D0_membrane,phase_mae_rad,1,0.17083504123497853,,,,,0.17083504123497853,0.17083504123497853,True
arm_D0_membrane,phase_mae_rad_background,1,0.16858821573246896,,,,,0.16858821573246896,0.16858821573246896,True
arm_D0_membrane,phase_mae_rad_in_cell,1,0.17818534024785052,,,,,0.17818534024785052,0.17818534024785052,True
arm_D0_membrane,phase_n_images,1,113.0,,,,,113.0,113.0,True
arm_D0_membrane,phase_pearson_r,1,0.8546502624465301,,,,,0.8546502624465301,0.8546502624465301,True
arm_D0_membrane,phase_psnr_db,1,30.536200306366673,,,,,30.536200306366673,30.536200306366673,True
arm_D0_membrane,phase_rmse_rad,1,0.2620677612396349,,,,,0.2620677612396349,0.2620677612396349,True
arm_D0_membrane,phase_ssim,1,0.6085092884249392,,,,,0.6085092884249392,0.6085092884249392,True
arm_D0_membrane,seg_aji,1,0.23510172814295463,,,,,0.23510172814295463,0.23510172814295463,True
arm_D0_membrane,seg_boundary_f1,1,0.063466553497886,,,,,0.063466553497886,0.063466553497886,True
arm_D0_membrane,seg_dice,1,0.5005080045067836,,,,,0.5005080045067836,0.5005080045067836,True
arm_D0_membrane,seg_dice_macro,1,0.5005080045067836,,,,,0.5005080045067836,0.5005080045067836,True
arm_D0_membrane,seg_instance_count_mape,1,0.4900190053087138,,,,,0.4900190053087138,0.4900190053087138,True
arm_D0_membrane,seg_iou,1,0.3337850458762573,,,,,0.3337850458762573,0.3337850458762573,True
arm_D0_membrane,seg_n_images,1,113.0,,,,,113.0,113.0,True
arm_D1,amplitude_bias,1,0.027019002718234895,,,,,0.027019002718234895,0.027019002718234895,True
arm_D1,amplitude_bias_in_cell,1,0.01711480714384862,,,,,0.01711480714384862,0.01711480714384862,True
arm_D1,amplitude_mae,1,0.0637108641388142,,,,,0.0637108641388142,0.0637108641388142,True
arm_D1,amplitude_mae_in_cell,1,0.08866222967616225,,,,,0.08866222967616225,0.08866222967616225,True
arm_D1,amplitude_mae_over_unity,1,0.4337438707882277,,,,,0.4337438707882277,0.4337438707882277,True
arm_D1,amplitude_n_images,1,113.0,,,,,113.0,113.0,True
arm_D1,amplitude_pearson_r,1,0.9033857024876417,,,,,0.9033857024876417,0.9033857024876417,True
arm_D1,amplitude_pred_mean,1,1.0247557363678923,,,,,1.0247557363678923,1.0247557363678923,True
arm_D1,amplitude_pred_sd,1,0.11998316103312294,,,,,0.11998316103312294,0.11998316103312294,True
arm_D1,amplitude_reference_mean,1,0.9977367230221234,,,,,0.9977367230221234,0.9977367230221234,True
arm_D1,amplitude_rmse,1,0.0988269517357833,,,,,0.0988269517357833,0.0988269517357833,True
arm_D1,amplitude_unity_mae,1,0.14688591223902406,,,,,0.14688591223902406,0.14688591223902406,True
arm_D1,area_bootstrap_fields,1,113.0,,,,,113.0,113.0,True
arm_D1,area_bootstrap_resamples,1,2000.0,,,,,2000.0,2000.0,True
arm_D1,area_cell_pearson_r,1,0.88652738094736,,,,,0.88652738094736,0.88652738094736,True
arm_D1,area_cell_pearson_r_ci_lower,1,0.8689809618297993,,,,,0.8689809618297993,0.8689809618297993,True
arm_D1,area_cell_pearson_r_ci_upper,1,0.9033768688097007,,,,,0.9033768688097007,0.9033768688097007,True
arm_D1,area_field_total_bias,1,-0.060792538630603514,,,,,-0.060792538630603514,-0.060792538630603514,True
arm_D1,area_field_total_mape,1,0.14967361344133304,,,,,0.14967361344133304,0.14967361344133304,True
arm_D1,area_field_total_pearson_r,1,0.9322832917984152,,,,,0.9322832917984152,0.9322832917984152,True
arm_D1,area_image_pearson_r,1,0.8142738476429764,,,,,0.8142738476429764,0.8142738476429764,True
arm_D1,area_loa_lower,1,-0.145285052012931,,,,,-0.145285052012931,-0.145285052012931,True
arm_D1,area_loa_upper,1,0.29611948646981046,,,,,0.29611948646981046,0.29611948646981046,True
arm_D1,area_mae,1,63.35141259315717,,,,,63.35141259315717,63.35141259315717,True
arm_D1,area_mape,1,0.1699224072805828,,,,,0.1699224072805828,0.1699224072805828,True
arm_D1,area_mape_ci_lower,1,0.16029979826478755,,,,,0.16029979826478755,0.16029979826478755,True
arm_D1,area_mape_ci_upper,1,0.17996964989808176,,,,,0.17996964989808176,0.17996964989808176,True
arm_D1,area_mape_coverage_adjusted,1,0.5013281505131938,,,,,0.5013281505131938,0.5013281505131938,True
arm_D1,area_median_relative_bias,1,0.0801038753495805,,,,,0.0801038753495805,0.0801038753495805,True
arm_D1,area_n_cells,1,1914.0,,,,,1914.0,1914.0,True
arm_D1,area_n_fields,1,113.0,,,,,113.0,113.0,True
arm_D1,area_relative_bias,1,0.07541721722843972,,,,,0.07541721722843972,0.07541721722843972,True
arm_D1,cell_count_ratio,1,0.7441933458882611,,,,,0.7441933458882611,0.7441933458882611,True
arm_D1,cells_detected,1,2371.0,,,,,2371.0,2371.0,True
arm_D1,cells_false_positive,1,457.0,,,,,457.0,457.0,True
arm_D1,cells_matched,1,1914.0,,,,,1914.0,1914.0,True
arm_D1,cells_missed,1,1272.0,,,,,1272.0,1272.0,True
arm_D1,cells_reference,1,3186.0,,,,,3186.0,3186.0,True
arm_D1,circularity_bootstrap_fields,1,113.0,,,,,113.0,113.0,True
arm_D1,circularity_bootstrap_resamples,1,2000.0,,,,,2000.0,2000.0,True
arm_D1,circularity_cell_pearson_r,1,0.858907200958481,,,,,0.858907200958481,0.858907200958481,True
arm_D1,circularity_cell_pearson_r_ci_lower,1,0.8389821114364248,,,,,0.8389821114364248,0.8389821114364248,True
arm_D1,circularity_cell_pearson_r_ci_upper,1,0.8767825176754297,,,,,0.8767825176754297,0.8767825176754297,True
arm_D1,circularity_image_pearson_r,1,0.8820520684045067,,,,,0.8820520684045067,0.8820520684045067,True
arm_D1,circularity_loa_lower,1,-0.07322203916057049,,,,,-0.07322203916057049,-0.07322203916057049,True
arm_D1,circularity_loa_upper,1,0.12243905163170676,,,,,0.12243905163170676,0.12243905163170676,True
arm_D1,circularity_mae,1,0.04737440173225062,,,,,0.04737440173225062,0.04737440173225062,True
arm_D1,circularity_mape,1,0.06681892295003478,,,,,0.06681892295003478,0.06681892295003478,True
arm_D1,circularity_mape_ci_lower,1,0.05944716968059639,,,,,0.05944716968059639,0.05944716968059639,True
arm_D1,circularity_mape_ci_upper,1,0.07457085296172325,,,,,0.07457085296172325,0.07457085296172325,True
arm_D1,circularity_mape_coverage_adjusted,1,0.43938839250670636,,,,,0.43938839250670636,0.43938839250670636,True
arm_D1,circularity_median_relative_bias,1,0.01918278157604025,,,,,0.01918278157604025,0.01918278157604025,True
arm_D1,circularity_n_cells,1,1914.0,,,,,1914.0,1914.0,True
arm_D1,circularity_relative_bias,1,0.024608506235568144,,,,,0.024608506235568144,0.024608506235568144,True
arm_D1,coverage,1,0.60075329566855,,,,,0.60075329566855,0.60075329566855,True
arm_D1,detection_f1,1,0.6888608961669966,,,,,0.6888608961669966,0.6888608961669966,True
arm_D1,detection_precision,1,0.8072543230704344,,,,,0.8072543230704344,0.8072543230704344,True
arm_D1,detection_recall,1,0.60075329566855,,,,,0.60075329566855,0.60075329566855,True
arm_D1,dry_mass_bootstrap_fields,1,113.0,,,,,113.0,113.0,True
arm_D1,dry_mass_bootstrap_resamples,1,2000.0,,,,,2000.0,2000.0,True
arm_D1,dry_mass_cell_pearson_r,1,0.9165170197436849,,,,,0.9165170197436849,0.9165170197436849,True
arm_D1,dry_mass_cell_pearson_r_ci_lower,1,0.897001311479418,,,,,0.897001311479418,0.897001311479418,True
arm_D1,dry_mass_cell_pearson_r_ci_upper,1,0.9322999516169973,,,,,0.9322999516169973,0.9322999516169973,True
arm_D1,dry_mass_field_total_bias,1,-0.14982459731539535,,,,,-0.14982459731539535,-0.14982459731539535,True
arm_D1,dry_mass_field_total_mape,1,0.17030564697955475,,,,,0.17030564697955475,0.17030564697955475,True
arm_D1,dry_mass_field_total_pearson_r,1,0.9828932880964972,,,,,0.9828932880964972,0.9828932880964972,True
arm_D1,dry_mass_image_pearson_r,1,0.9106148526789427,,,,,0.9106148526789427,0.9106148526789427,True
arm_D1,dry_mass_loa_lower,1,-0.2795551220936867,,,,,-0.2795551220936867,-0.2795551220936867,True
arm_D1,dry_mass_loa_upper,1,0.20557211407760445,,,,,0.20557211407760445,0.20557211407760445,True
arm_D1,dry_mass_mae,1,41.9800491873957,,,,,41.9800491873957,41.9800491873957,True
arm_D1,dry_mass_mape,1,0.1980170106821819,,,,,0.1980170106821819,0.1980170106821819,True
arm_D1,dry_mass_mape_ci_lower,1,0.18644369542119027,,,,,0.18644369542119027,0.18644369542119027,True
arm_D1,dry_mass_mape_ci_upper,1,0.2093198102339354,,,,,0.2093198102339354,0.2093198102339354,True
arm_D1,dry_mass_mape_coverage_adjusted,1,0.5182060760972053,,,,,0.5182060760972053,0.5182060760972053,True
arm_D1,dry_mass_median_relative_bias,1,-0.03237170127935831,,,,,-0.03237170127935831,-0.03237170127935831,True
arm_D1,dry_mass_n_cells,1,1914.0,,,,,1914.0,1914.0,True
arm_D1,dry_mass_n_fields,1,113.0,,,,,113.0,113.0,True
arm_D1,dry_mass_relative_bias,1,-0.03699150400804114,,,,,-0.03699150400804114,-0.03699150400804114,True
arm_D1,false_positive_median_area_um2,1,102.25087316766,,,,,102.25087316766,102.25087316766,True
arm_D1,forward_distance_um,1,33.77,,,,,33.77,33.77,True
arm_D1,forward_residual,1,0.8886472646114045,,,,,0.8886472646114045,0.8886472646114045,True
arm_D1,forward_residual_n,1,113.0,,,,,113.0,113.0,True
arm_D1,forward_residual_ratio,1,0.9914982868147088,,,,,0.9914982868147088,0.9914982868147088,True
arm_D1,forward_residual_reference,1,0.8962670701794919,,,,,0.8962670701794919,0.8962670701794919,True
arm_D1,missed_median_area_um2,1,97.057178022636,,,,,97.057178022636,97.057178022636,True
arm_D1,optical_volume_bootstrap_fields,1,113.0,,,,,113.0,113.0,True
arm_D1,optical_volume_bootstrap_resamples,1,2000.0,,,,,2000.0,2000.0,True
arm_D1,optical_volume_cell_pearson_r,1,0.9165170197436852,,,,,0.9165170197436852,0.9165170197436852,True
arm_D1,optical_volume_cell_pearson_r_ci_lower,1,0.8970013114794181,,,,,0.8970013114794181,0.8970013114794181,True
arm_D1,optical_volume_cell_pearson_r_ci_upper,1,0.9322999516169973,,,,,0.9322999516169973,0.9322999516169973,True
arm_D1,optical_volume_field_total_bias,1,-0.14982459731539538,,,,,-0.14982459731539538,-0.14982459731539538,True
arm_D1,optical_volume_field_total_mape,1,0.17030564697955475,,,,,0.17030564697955475,0.17030564697955475,True
arm_D1,optical_volume_field_total_pearson_r,1,0.982893288096497,,,,,0.982893288096497,0.982893288096497,True
arm_D1,optical_volume_image_pearson_r,1,0.9106148526789428,,,,,0.9106148526789428,0.9106148526789428,True
arm_D1,optical_volume_loa_lower,1,-0.2795551220936867,,,,,-0.2795551220936867,-0.2795551220936867,True
arm_D1,optical_volume_loa_upper,1,0.20557211407760442,,,,,0.20557211407760442,0.20557211407760442,True
arm_D1,optical_volume_mae,1,79.20973821288916,,,,,79.20973821288916,79.20973821288916,True
arm_D1,optical_volume_mape,1,0.1980170106821819,,,,,0.1980170106821819,0.1980170106821819,True
arm_D1,optical_volume_mape_ci_lower,1,0.18644369542119027,,,,,0.18644369542119027,0.18644369542119027,True
arm_D1,optical_volume_mape_ci_upper,1,0.2093198102339354,,,,,0.2093198102339354,0.2093198102339354,True
arm_D1,optical_volume_mape_coverage_adjusted,1,0.5182060760972053,,,,,0.5182060760972053,0.5182060760972053,True
arm_D1,optical_volume_median_relative_bias,1,-0.032371701279358275,,,,,-0.032371701279358275,-0.032371701279358275,True
arm_D1,optical_volume_n_cells,1,1914.0,,,,,1914.0,1914.0,True
arm_D1,optical_volume_n_fields,1,113.0,,,,,113.0,113.0,True
arm_D1,optical_volume_relative_bias,1,-0.03699150400804116,,,,,-0.03699150400804116,-0.03699150400804116,True
arm_D1,phase_bias_rad,1,0.00325093161499136,,,,,0.00325093161499136,0.00325093161499136,True
arm_D1,phase_bias_rad_background,1,0.038357386627853686,,,,,0.038357386627853686,0.038357386627853686,True
arm_D1,phase_bias_rad_in_cell,1,-0.2201713991178348,,,,,-0.2201713991178348,-0.2201713991178348,True
arm_D1,phase_mae_rad,1,0.16765938481662127,,,,,0.16765938481662127,0.16765938481662127,True
arm_D1,phase_mae_rad_background,1,0.1484139407366778,,,,,0.1484139407366778,0.1484139407366778,True
arm_D1,phase_mae_rad_in_cell,1,0.3010603596942615,,,,,0.3010603596942615,0.3010603596942615,True
arm_D1,phase_n_images,1,113.0,,,,,113.0,113.0,True
arm_D1,phase_pearson_r,1,0.8589774823821752,,,,,0.8589774823821752,0.8589774823821752,True
arm_D1,phase_psnr_db,1,30.648358969310394,,,,,30.648358969310394,30.648358969310394,True
arm_D1,phase_rmse_rad,1,0.2562017495126422,,,,,0.2562017495126422,0.2562017495126422,True
arm_D1,phase_ssim,1,0.6146773049789193,,,,,0.6146773049789193,0.6146773049789193,True
arm_D1,seg_aji,1,0.6579814993235996,,,,,0.6579814993235996,0.6579814993235996,True
arm_D1,seg_boundary_f1,1,0.43599480647689326,,,,,0.43599480647689326,0.43599480647689326,True
arm_D1,seg_dice,1,0.827568714304261,,,,,0.827568714304261,0.827568714304261,True
arm_D1,seg_dice_macro,1,0.827568714304261,,,,,0.827568714304261,0.827568714304261,True
arm_D1,seg_instance_count_mape,1,0.2773597278998069,,,,,0.2773597278998069,0.2773597278998069,True
arm_D1,seg_iou,1,0.705856901296496,,,,,0.705856901296496,0.705856901296496,True
arm_D1,seg_n_images,1,113.0,,,,,113.0,113.0,True
arm_D1_membrane,amplitude_bias,1,0.02701809565280152,,,,,0.02701809565280152,0.02701809565280152,True
arm_D1_membrane,amplitude_bias_in_cell,1,0.010137910008135837,,,,,0.010137910008135837,0.010137910008135837,True
arm_D1_membrane,amplitude_mae,1,0.06371070490737932,,,,,0.06371070490737932,0.06371070490737932,True
arm_D1_membrane,amplitude_mae_in_cell,1,0.06694684154560081,,,,,0.06694684154560081,0.06694684154560081,True
arm_D1_membrane,amplitude_mae_over_unity,1,0.4337427867398499,,,,,0.4337427867398499,0.4337427867398499,True
arm_D1_membrane,amplitude_n_images,1,113.0,,,,,113.0,113.0,True
arm_D1_membrane,amplitude_pearson_r,1,0.9033850420892766,,,,,0.9033850420892766,0.9033850420892766,True
arm_D1_membrane,amplitude_pred_mean,1,1.0247548175069083,,,,,1.0247548175069083,1.0247548175069083,True
arm_D1_membrane,amplitude_pred_sd,1,0.11998314411272254,,,,,0.11998314411272254,0.11998314411272254,True
arm_D1_membrane,amplitude_reference_mean,1,0.9977367230221234,,,,,0.9977367230221234,0.9977367230221234,True
arm_D1_membrane,amplitude_rmse,1,0.09882684815764281,,,,,0.09882684815764281,0.09882684815764281,True
arm_D1_membrane,amplitude_unity_mae,1,0.14688591223902406,,,,,0.14688591223902406,0.14688591223902406,True
arm_D1_membrane,area_bootstrap_fields,1,91.0,,,,,91.0,91.0,True
arm_D1_membrane,area_bootstrap_resamples,1,2000.0,,,,,2000.0,2000.0,True
arm_D1_membrane,area_cell_pearson_r,1,0.8113597522712103,,,,,0.8113597522712103,0.8113597522712103,True
arm_D1_membrane,area_cell_pearson_r_ci_lower,1,0.7580357552467809,,,,,0.7580357552467809,0.7580357552467809,True
arm_D1_membrane,area_cell_pearson_r_ci_upper,1,0.853563204618752,,,,,0.853563204618752,0.853563204618752,True
arm_D1_membrane,area_field_total_bias,1,-0.44499915276173757,,,,,-0.44499915276173757,-0.44499915276173757,True
arm_D1_membrane,area_field_total_mape,1,0.46089881583280734,,,,,0.46089881583280734,0.46089881583280734,True
arm_D1_membrane,area_field_total_pearson_r,1,0.26302719801784724,,,,,0.26302719801784724,0.26302719801784724,True
arm_D1_membrane,area_image_pearson_r,1,0.7893152542264291,,,,,0.7893152542264291,0.7893152542264291,True
arm_D1_membrane,area_loa_lower,1,-0.758954193446734,,,,,-0.758954193446734,-0.758954193446734,True
arm_D1_membrane,area_loa_upper,1,0.0514086778992483,,,,,0.0514086778992483,0.0514086778992483,True
arm_D1_membrane,area_mae,1,235.31239368962105,,,,,235.31239368962105,235.31239368962105,True
arm_D1_membrane,area_mape,1,0.3154919251411796,,,,,0.3154919251411796,0.3154919251411796,True
arm_D1_membrane,area_mape_ci_lower,1,0.30081736419005767,,,,,0.30081736419005767,0.30081736419005767,True
arm_D1_membrane,area_mape_ci_upper,1,0.32955074360490927,,,,,0.32955074360490927,0.32955074360490927,True
arm_D1_membrane,area_mape_coverage_adjusted,1,0.9222670796686551,,,,,0.9222670796686551,0.9222670796686551,True
arm_D1_membrane,area_median_relative_bias,1,-0.38709005726184276,,,,,-0.38709005726184276,-0.38709005726184276,True
arm_D1_membrane,area_n_cells,1,407.0,,,,,407.0,407.0,True
arm_D1_membrane,area_n_fields,1,113.0,,,,,113.0,113.0,True
arm_D1_membrane,area_relative_bias,1,-0.35377275777374284,,,,,-0.35377275777374284,-0.35377275777374284,True
arm_D1_membrane,cell_count_ratio,1,0.6615513392857143,,,,,0.6615513392857143,0.6615513392857143,True
arm_D1_membrane,cells_detected,1,2371.0,,,,,2371.0,2371.0,True
arm_D1_membrane,cells_false_positive,1,1964.0,,,,,1964.0,1964.0,True
arm_D1_membrane,cells_matched,1,407.0,,,,,407.0,407.0,True
arm_D1_membrane,cells_missed,1,3177.0,,,,,3177.0,3177.0,True
arm_D1_membrane,cells_reference,1,3584.0,,,,,3584.0,3584.0,True
arm_D1_membrane,circularity_bootstrap_fields,1,91.0,,,,,91.0,91.0,True
arm_D1_membrane,circularity_bootstrap_resamples,1,2000.0,,,,,2000.0,2000.0,True
arm_D1_membrane,circularity_cell_pearson_r,1,0.3449521492831087,,,,,0.3449521492831087,0.3449521492831087,True
arm_D1_membrane,circularity_cell_pearson_r_ci_lower,1,0.21104585670961232,,,,,0.21104585670961232,0.21104585670961232,True
arm_D1_membrane,circularity_cell_pearson_r_ci_upper,1,0.4432523215911209,,,,,0.4432523215911209,0.4432523215911209,True
arm_D1_membrane,circularity_image_pearson_r,1,0.1608157804428139,,,,,0.1608157804428139,0.1608157804428139,True
arm_D1_membrane,circularity_loa_lower,1,-0.036458819373016205,,,,,-0.036458819373016205,-0.036458819373016205,True
arm_D1_membrane,circularity_loa_upper,1,0.7373851498499854,,,,,0.7373851498499854,0.7373851498499854,True
arm_D1_membrane,circularity_mae,1,0.25675200197554704,,,,,0.25675200197554704,0.25675200197554704,True
arm_D1_membrane,circularity_mape,1,0.5019016856356617,,,,,0.5019016856356617,0.5019016856356617,True
arm_D1_membrane,circularity_mape_ci_lower,1,0.4440293561268682,,,,,0.4440293561268682,0.4440293561268682,True
arm_D1_membrane,circularity_mape_ci_upper,1,0.5614014785194856,,,,,0.5614014785194856,0.5614014785194856,True
arm_D1_membrane,circularity_mape_coverage_adjusted,1,0.9434358220015944,,,,,0.9434358220015944,0.9434358220015944,True
arm_D1_membrane,circularity_median_relative_bias,1,0.3767803990003364,,,,,0.3767803990003364,0.3767803990003364,True
arm_D1_membrane,circularity_n_cells,1,407.0,,,,,407.0,407.0,True
arm_D1_membrane,circularity_relative_bias,1,0.3504631652384846,,,,,0.3504631652384846,0.3504631652384846,True
arm_D1_membrane,coverage,1,0.11356026785714286,,,,,0.11356026785714286,0.11356026785714286,True
arm_D1_membrane,detection_f1,1,0.13669185558354324,,,,,0.13669185558354324,0.13669185558354324,True
arm_D1_membrane,detection_precision,1,0.17165752846900043,,,,,0.17165752846900043,0.17165752846900043,True
arm_D1_membrane,detection_recall,1,0.11356026785714286,,,,,0.11356026785714286,0.11356026785714286,True
arm_D1_membrane,dry_mass_bootstrap_fields,1,91.0,,,,,91.0,91.0,True
arm_D1_membrane,dry_mass_bootstrap_resamples,1,2000.0,,,,,2000.0,2000.0,True
arm_D1_membrane,dry_mass_cell_pearson_r,1,0.9291266541063283,,,,,0.9291266541063283,0.9291266541063283,True
arm_D1_membrane,dry_mass_cell_pearson_r_ci_lower,1,0.9023051803087186,,,,,0.9023051803087186,0.9023051803087186,True
arm_D1_membrane,dry_mass_cell_pearson_r_ci_upper,1,0.9489767700157664,,,,,0.9489767700157664,0.9489767700157664,True
arm_D1_membrane,dry_mass_field_total_bias,1,0.5492897758392863,,,,,0.5492897758392863,0.5492897758392863,True
arm_D1_membrane,dry_mass_field_total_mape,1,0.5499426339114531,,,,,0.5499426339114531,0.5499426339114531,True
arm_D1_membrane,dry_mass_field_total_pearson_r,1,0.8610528541317878,,,,,0.8610528541317878,0.8610528541317878,True
arm_D1_membrane,dry_mass_image_pearson_r,1,0.9114226976942323,,,,,0.9114226976942323,0.9114226976942323,True
arm_D1_membrane,dry_mass_loa_lower,1,-0.45973752940354107,,,,,-0.45973752940354107,-0.45973752940354107,True
arm_D1_membrane,dry_mass_loa_upper,1,0.5200322600124129,,,,,0.5200322600124129,0.5200322600124129,True
arm_D1_membrane,dry_mass_mae,1,44.102215207531174,,,,,44.102215207531174,44.102215207531174,True
arm_D1_membrane,dry_mass_mape,1,0.27189519036779514,,,,,0.27189519036779514,0.27189519036779514,True
arm_D1_membrane,dry_mass_mape_ci_lower,1,0.1710427189073094,,,,,0.1710427189073094,0.1710427189073094,True
arm_D1_membrane,dry_mass_mape_ci_upper,1,0.42316665607337955,,,,,0.42316665607337955,0.42316665607337955,True
arm_D1_membrane,dry_mass_mape_coverage_adjusted,1,0.9173162227900927,,,,,0.9173162227900927,0.9173162227900927,True
arm_D1_membrane,dry_mass_median_relative_bias,1,-0.014787567197617424,,,,,-0.014787567197617424,-0.014787567197617424,True
arm_D1_membrane,dry_mass_n_cells,1,407.0,,,,,407.0,407.0,True
arm_D1_membrane,dry_mass_n_fields,1,113.0,,,,,113.0,113.0,True
arm_D1_membrane,dry_mass_relative_bias,1,0.030147365304435878,,,,,0.030147365304435878,0.030147365304435878,True
arm_D1_membrane,false_positive_median_area_um2,1,362.9500240018725,,,,,362.9500240018725,362.9500240018725,True
arm_D1_membrane,forward_distance_um,1,33.77,,,,,33.77,33.77,True
arm_D1_membrane,forward_residual,1,0.8886469270275758,,,,,0.8886469270275758,0.8886469270275758,True
arm_D1_membrane,forward_residual_n,1,113.0,,,,,113.0,113.0,True
arm_D1_membrane,forward_residual_ratio,1,0.9914979416694131,,,,,0.9914979416694131,0.9914979416694131,True
arm_D1_membrane,forward_residual_reference,1,0.8962670416958565,,,,,0.8962670416958565,0.8962670416958565,True
arm_D1_membrane,missed_median_area_um2,1,145.991524467159,,,,,145.991524467159,145.991524467159,True
arm_D1_membrane,optical_volume_bootstrap_fields,1,91.0,,,,,91.0,91.0,True
arm_D1_membrane,optical_volume_bootstrap_resamples,1,2000.0,,,,,2000.0,2000.0,True
arm_D1_membrane,optical_volume_cell_pearson_r,1,0.9291266541063282,,,,,0.9291266541063282,0.9291266541063282,True
arm_D1_membrane,optical_volume_cell_pearson_r_ci_lower,1,0.9023051803087189,,,,,0.9023051803087189,0.9023051803087189,True
arm_D1_membrane,optical_volume_cell_pearson_r_ci_upper,1,0.9489767700157664,,,,,0.9489767700157664,0.9489767700157664,True
arm_D1_membrane,optical_volume_field_total_bias,1,0.5492897758392863,,,,,0.5492897758392863,0.5492897758392863,True
arm_D1_membrane,optical_volume_field_total_mape,1,0.5499426339114531,,,,,0.5499426339114531,0.5499426339114531,True
arm_D1_membrane,optical_volume_field_total_pearson_r,1,0.8610528541317877,,,,,0.8610528541317877,0.8610528541317877,True
arm_D1_membrane,optical_volume_image_pearson_r,1,0.9114226976942325,,,,,0.9114226976942325,0.9114226976942325,True
arm_D1_membrane,optical_volume_loa_lower,1,-0.45973752940354107,,,,,-0.45973752940354107,-0.45973752940354107,True
arm_D1_membrane,optical_volume_loa_upper,1,0.5200322600124129,,,,,0.5200322600124129,0.5200322600124129,True
arm_D1_membrane,optical_volume_mae,1,83.21393111292251,,,,,83.21393111292251,83.21393111292251,True
arm_D1_membrane,optical_volume_mape,1,0.2718951903677952,,,,,0.2718951903677952,0.2718951903677952,True
arm_D1_membrane,optical_volume_mape_ci_lower,1,0.1710427189073094,,,,,0.1710427189073094,0.1710427189073094,True
arm_D1_membrane,optical_volume_mape_ci_upper,1,0.42316665607337944,,,,,0.42316665607337944,0.42316665607337944,True
arm_D1_membrane,optical_volume_mape_coverage_adjusted,1,0.9173162227900927,,,,,0.9173162227900927,0.9173162227900927,True
arm_D1_membrane,optical_volume_median_relative_bias,1,-0.014787567197617629,,,,,-0.014787567197617629,-0.014787567197617629,True
arm_D1_membrane,optical_volume_n_cells,1,407.0,,,,,407.0,407.0,True
arm_D1_membrane,optical_volume_n_fields,1,113.0,,,,,113.0,113.0,True
arm_D1_membrane,optical_volume_relative_bias,1,0.030147365304435875,,,,,0.030147365304435875,0.030147365304435875,True
arm_D1_membrane,phase_bias_rad,1,0.0032501314216565372,,,,,0.0032501314216565372,0.0032501314216565372,True
arm_D1_membrane,phase_bias_rad_background,1,0.013563677985880492,,,,,0.013563677985880492,0.013563677985880492,True
arm_D1_membrane,phase_bias_rad_in_cell,1,-0.02991803277817563,,,,,-0.02991803277817563,-0.02991803277817563,True
arm_D1_membrane,phase_mae_rad,1,0.16765876074807834,,,,,0.16765876074807834,0.16765876074807834,True
arm_D1_membrane,phase_mae_rad_background,1,0.16536122178081916,,,,,0.16536122178081916,0.16536122178081916,True
arm_D1_membrane,phase_mae_rad_in_cell,1,0.17517070861253065,,,,,0.17517070861253065,0.17517070861253065,True
arm_D1_membrane,phase_n_images,1,113.0,,,,,113.0,113.0,True
arm_D1_membrane,phase_pearson_r,1,0.8589763124432184,,,,,0.8589763124432184,0.8589763124432184,True
arm_D1_membrane,phase_psnr_db,1,30.64836190263244,,,,,30.64836190263244,30.64836190263244,True
arm_D1_membrane,phase_rmse_rad,1,0.25620097999323205,,,,,0.25620097999323205,0.25620097999323205,True
arm_D1_membrane,phase_ssim,1,0.6146773983419469,,,,,0.6146773983419469,0.6146773983419469,True
arm_D1_membrane,seg_aji,1,0.23774837424369874,,,,,0.23774837424369874,0.23774837424369874,True
arm_D1_membrane,seg_boundary_f1,1,0.06492333394699644,,,,,0.06492333394699644,0.06492333394699644,True
arm_D1_membrane,seg_dice,1,0.5063297017966023,,,,,0.5063297017966023,0.5063297017966023,True
arm_D1_membrane,seg_dice_macro,1,0.5063297017966023,,,,,0.5063297017966023,0.5063297017966023,True
arm_D1_membrane,seg_instance_count_mape,1,0.4946420876717007,,,,,0.4946420876717007,0.4946420876717007,True
arm_D1_membrane,seg_iou,1,0.33898357783884514,,,,,0.33898357783884514,0.33898357783884514,True
arm_D1_membrane,seg_n_images,1,113.0,,,,,113.0,113.0,True
arm_D2,amplitude_bias,1,0.03140570017904769,,,,,0.03140570017904769,0.03140570017904769,True
arm_D2,amplitude_bias_in_cell,1,0.018583210147051884,,,,,0.018583210147051884,0.018583210147051884,True
arm_D2,amplitude_mae,1,0.06415544074457304,,,,,0.06415544074457304,0.06415544074457304,True
arm_D2,amplitude_mae_in_cell,1,0.08772202169077586,,,,,0.08772202169077586,0.08772202169077586,True
arm_D2,amplitude_mae_over_unity,1,0.4367705504675926,,,,,0.4367705504675926,0.4367705504675926,True
arm_D2,amplitude_n_images,1,113.0,,,,,113.0,113.0,True
arm_D2,amplitude_pearson_r,1,0.9024825109317239,,,,,0.9024825109317239,0.9024825109317239,True
arm_D2,amplitude_pred_mean,1,1.0291424203762967,,,,,1.0291424203762967,1.0291424203762967,True
arm_D2,amplitude_pred_sd,1,0.12302607151193429,,,,,0.12302607151193429,0.12302607151193429,True
arm_D2,amplitude_reference_mean,1,0.9977367230221234,,,,,0.9977367230221234,0.9977367230221234,True
arm_D2,amplitude_rmse,1,0.09918565215935062,,,,,0.09918565215935062,0.09918565215935062,True
arm_D2,amplitude_unity_mae,1,0.14688591223902406,,,,,0.14688591223902406,0.14688591223902406,True
arm_D2,area_bootstrap_fields,1,113.0,,,,,113.0,113.0,True
arm_D2,area_bootstrap_resamples,1,2000.0,,,,,2000.0,2000.0,True
arm_D2,area_cell_pearson_r,1,0.8914902293479481,,,,,0.8914902293479481,0.8914902293479481,True
arm_D2,area_cell_pearson_r_ci_lower,1,0.8738915932754648,,,,,0.8738915932754648,0.8738915932754648,True
arm_D2,area_cell_pearson_r_ci_upper,1,0.9080029338980563,,,,,0.9080029338980563,0.9080029338980563,True
arm_D2,area_field_total_bias,1,-0.07888089785356049,,,,,-0.07888089785356049,-0.07888089785356049,True
arm_D2,area_field_total_mape,1,0.15648496600111608,,,,,0.15648496600111608,0.15648496600111608,True
arm_D2,area_field_total_pearson_r,1,0.9271677777171823,,,,,0.9271677777171823,0.9271677777171823,True
arm_D2,area_image_pearson_r,1,0.8149335407679278,,,,,0.8149335407679278,0.8149335407679278,True
arm_D2,area_loa_lower,1,-0.15637623217401458,,,,,-0.15637623217401458,-0.15637623217401458,True
arm_D2,area_loa_upper,1,0.294228590587282,,,,,0.294228590587282,0.294228590587282,True
arm_D2,area_mae,1,61.3529309362167,,,,,61.3529309362167,61.3529309362167,True
arm_D2,area_mape,1,0.162517941748139,,,,,0.162517941748139,0.162517941748139,True
arm_D2,area_mape_ci_lower,1,0.15340067309246372,,,,,0.15340067309246372,0.15340067309246372,True
arm_D2,area_mape_ci_upper,1,0.17297639291604555,,,,,0.17297639291604555,0.17297639291604555,True
arm_D2,area_mape_coverage_adjusted,1,0.5037143358507491,,,,,0.5037143358507491,0.5037143358507491,True
arm_D2,area_median_relative_bias,1,0.06999665265741807,,,,,0.06999665265741807,0.06999665265741807,True
arm_D2,area_n_cells,1,1888.0,,,,,1888.0,1888.0,True
arm_D2,area_n_fields,1,113.0,,,,,113.0,113.0,True
arm_D2,area_relative_bias,1,0.0689261792066337,,,,,0.0689261792066337,0.0689261792066337,True
arm_D2,cell_count_ratio,1,0.7181418706842435,,,,,0.7181418706842435,0.7181418706842435,True
arm_D2,cells_detected,1,2288.0,,,,,2288.0,2288.0,True
arm_D2,cells_false_positive,1,400.0,,,,,400.0,400.0,True
arm_D2,cells_matched,1,1888.0,,,,,1888.0,1888.0,True
arm_D2,cells_missed,1,1298.0,,,,,1298.0,1298.0,True
arm_D2,cells_reference,1,3186.0,,,,,3186.0,3186.0,True
arm_D2,circularity_bootstrap_fields,1,113.0,,,,,113.0,113.0,True
arm_D2,circularity_bootstrap_resamples,1,2000.0,,,,,2000.0,2000.0,True
arm_D2,circularity_cell_pearson_r,1,0.8543904358929584,,,,,0.8543904358929584,0.8543904358929584,True
arm_D2,circularity_cell_pearson_r_ci_lower,1,0.8341894863838386,,,,,0.8341894863838386,0.8341894863838386,True
arm_D2,circularity_cell_pearson_r_ci_upper,1,0.8724879820157326,,,,,0.8724879820157326,0.8724879820157326,True
arm_D2,circularity_image_pearson_r,1,0.9134726068766191,,,,,0.9134726068766191,0.9134726068766191,True
arm_D2,circularity_loa_lower,1,-0.05841627333745768,,,,,-0.05841627333745768,-0.05841627333745768,True
arm_D2,circularity_loa_upper,1,0.11224969961544164,,,,,0.11224969961544164,0.11224969961544164,True
arm_D2,circularity_mae,1,0.04794709323349821,,,,,0.04794709323349821,0.04794709323349821,True
arm_D2,circularity_mape,1,0.06778935265858069,,,,,0.06778935265858069,0.06778935265858069,True
arm_D2,circularity_mape_ci_lower,1,0.060121895439179576,,,,,0.060121895439179576,0.060121895439179576,True
arm_D2,circularity_mape_ci_upper,1,0.07595763593516944,,,,,0.07595763593516944,0.07595763593516944,True
arm_D2,circularity_mape_coverage_adjusted,1,0.4475788756495293,,,,,0.4475788756495293,0.4475788756495293,True
arm_D2,circularity_median_relative_bias,1,0.01912319299203562,,,,,0.01912319299203562,0.01912319299203562,True
arm_D2,circularity_n_cells,1,1888.0,,,,,1888.0,1888.0,True
arm_D2,circularity_relative_bias,1,0.026916713138991983,,,,,0.026916713138991983,0.026916713138991983,True
arm_D2,coverage,1,0.5925925925925926,,,,,0.5925925925925926,0.5925925925925926,True
arm_D2,detection_f1,1,0.6898063573255389,,,,,0.6898063573255389,0.6898063573255389,True
arm_D2,detection_precision,1,0.8251748251748252,,,,,0.8251748251748252,0.8251748251748252,True
arm_D2,detection_recall,1,0.5925925925925926,,,,,0.5925925925925926,0.5925925925925926,True
arm_D2,dry_mass_bootstrap_fields,1,113.0,,,,,113.0,113.0,True
arm_D2,dry_mass_bootstrap_resamples,1,2000.0,,,,,2000.0,2000.0,True
arm_D2,dry_mass_cell_pearson_r,1,0.9195127964169001,,,,,0.9195127964169001,0.9195127964169001,True
arm_D2,dry_mass_cell_pearson_r_ci_lower,1,0.902952976469348,,,,,0.902952976469348,0.902952976469348,True
arm_D2,dry_mass_cell_pearson_r_ci_upper,1,0.9334176807802278,,,,,0.9334176807802278,0.9334176807802278,True
arm_D2,dry_mass_field_total_bias,1,-0.11815598130794124,,,,,-0.11815598130794124,-0.11815598130794124,True
arm_D2,dry_mass_field_total_mape,1,0.14386622903005208,,,,,0.14386622903005208,0.14386622903005208,True
arm_D2,dry_mass_field_total_pearson_r,1,0.9840850325777848,,,,,0.9840850325777848,0.9840850325777848,True
arm_D2,dry_mass_image_pearson_r,1,0.9204956432612398,,,,,0.9204956432612398,0.9204956432612398,True
arm_D2,dry_mass_loa_lower,1,-0.21698846456876203,,,,,-0.21698846456876203,-0.21698846456876203,True
arm_D2,dry_mass_loa_upper,1,0.2370999451997997,,,,,0.2370999451997997,0.2370999451997997,True
arm_D2,dry_mass_mae,1,37.99075007232059,,,,,37.99075007232059,37.99075007232059,True
arm_D2,dry_mass_mape,1,0.1933942217283558,,,,,0.1933942217283558,0.1933942217283558,True
arm_D2,dry_mass_mape_ci_lower,1,0.18128946264574763,,,,,0.18128946264574763,0.18128946264574763,True
arm_D2,dry_mass_mape_ci_upper,1,0.20535307566950498,,,,,0.20535307566950498,0.20535307566950498,True
arm_D2,dry_mass_mape_coverage_adjusted,1,0.5220113906538405,,,,,0.5220113906538405,0.5220113906538405,True
arm_D2,dry_mass_median_relative_bias,1,0.016281531718845516,,,,,0.016281531718845516,0.016281531718845516,True
arm_D2,dry_mass_n_cells,1,1888.0,,,,,1888.0,1888.0,True
arm_D2,dry_mass_n_fields,1,113.0,,,,,113.0,113.0,True
arm_D2,dry_mass_relative_bias,1,0.010055740315518834,,,,,0.010055740315518834,0.010055740315518834,True
arm_D2,false_positive_median_area_um2,1,102.73778208750599,,,,,102.73778208750599,102.73778208750599,True
arm_D2,forward_distance_um,1,33.34821319580078,,,,,33.34821319580078,33.34821319580078,True
arm_D2,forward_residual,1,0.8899790064423485,,,,,0.8899790064423485,0.8899790064423485,True
arm_D2,forward_residual_n,1,113.0,,,,,113.0,113.0,True
arm_D2,forward_residual_ratio,1,0.9927920539255775,,,,,0.9927920539255775,0.9927920539255775,True
arm_D2,forward_residual_reference,1,0.8964405012341727,,,,,0.8964405012341727,0.8964405012341727,True
arm_D2,missed_median_area_um2,1,98.923662215379,,,,,98.923662215379,98.923662215379,True
arm_D2,optical_volume_bootstrap_fields,1,113.0,,,,,113.0,113.0,True
arm_D2,optical_volume_bootstrap_resamples,1,2000.0,,,,,2000.0,2000.0,True
arm_D2,optical_volume_cell_pearson_r,1,0.9195127964169001,,,,,0.9195127964169001,0.9195127964169001,True
arm_D2,optical_volume_cell_pearson_r_ci_lower,1,0.9029529764693481,,,,,0.9029529764693481,0.9029529764693481,True
arm_D2,optical_volume_cell_pearson_r_ci_upper,1,0.9334176807802277,,,,,0.9334176807802277,0.9334176807802277,True
arm_D2,optical_volume_field_total_bias,1,-0.11815598130794122,,,,,-0.11815598130794122,-0.11815598130794122,True
arm_D2,optical_volume_field_total_mape,1,0.14386622903005206,,,,,0.14386622903005206,0.14386622903005206,True
arm_D2,optical_volume_field_total_pearson_r,1,0.9840850325777848,,,,,0.9840850325777848,0.9840850325777848,True
arm_D2,optical_volume_image_pearson_r,1,0.9204956432612397,,,,,0.9204956432612397,0.9204956432612397,True
arm_D2,optical_volume_loa_lower,1,-0.21698846456876203,,,,,-0.21698846456876203,-0.21698846456876203,True
arm_D2,optical_volume_loa_upper,1,0.2370999451997997,,,,,0.2370999451997997,0.2370999451997997,True
arm_D2,optical_volume_mae,1,71.68255935829924,,,,,71.68255935829924,71.68255935829924,True
arm_D2,optical_volume_mape,1,0.1933942217283558,,,,,0.1933942217283558,0.1933942217283558,True
arm_D2,optical_volume_mape_ci_lower,1,0.18128946264574763,,,,,0.18128946264574763,0.18128946264574763,True
arm_D2,optical_volume_mape_ci_upper,1,0.20535307566950498,,,,,0.20535307566950498,0.20535307566950498,True
arm_D2,optical_volume_mape_coverage_adjusted,1,0.5220113906538405,,,,,0.5220113906538405,0.5220113906538405,True
arm_D2,optical_volume_median_relative_bias,1,0.016281531718845475,,,,,0.016281531718845475,0.016281531718845475,True
arm_D2,optical_volume_n_cells,1,1888.0,,,,,1888.0,1888.0,True
arm_D2,optical_volume_n_fields,1,113.0,,,,,113.0,113.0,True
arm_D2,optical_volume_relative_bias,1,0.010055740315518832,,,,,0.010055740315518832,0.010055740315518832,True
arm_D2,phase_bias_rad,1,0.011865142151683494,,,,,0.011865142151683494,0.011865142151683494,True
arm_D2,phase_bias_rad_background,1,0.04249888454127101,,,,,0.04249888454127101,0.04249888454127101,True
arm_D2,phase_bias_rad_in_cell,1,-0.18138954330202753,,,,,-0.18138954330202753,-0.18138954330202753,True
arm_D2,phase_mae_rad,1,0.16789592090433678,,,,,0.16789592090433678,0.16789592090433678,True
arm_D2,phase_mae_rad_background,1,0.15046622650285738,,,,,0.15046622650285738,0.15046622650285738,True
arm_D2,phase_mae_rad_in_cell,1,0.2902903034623745,,,,,0.2902903034623745,0.2902903034623745,True
arm_D2,phase_n_images,1,113.0,,,,,113.0,113.0,True
arm_D2,phase_pearson_r,1,0.8565390305181521,,,,,0.8565390305181521,0.8565390305181521,True
arm_D2,phase_psnr_db,1,30.645626948879716,,,,,30.645626948879716,30.645626948879716,True
arm_D2,phase_rmse_rad,1,0.25546363711012177,,,,,0.25546363711012177,0.25546363711012177,True
arm_D2,phase_ssim,1,0.6088878343590592,,,,,0.6088878343590592,0.6088878343590592,True
arm_D2,seg_aji,1,0.6589249893106737,,,,,0.6589249893106737,0.6589249893106737,True
arm_D2,seg_boundary_f1,1,0.4367320885519141,,,,,0.4367320885519141,0.4367320885519141,True
arm_D2,seg_dice,1,0.8262438196497939,,,,,0.8262438196497939,0.8262438196497939,True
arm_D2,seg_dice_macro,1,0.8262438196497939,,,,,0.8262438196497939,0.8262438196497939,True
arm_D2,seg_instance_count_mape,1,0.31250800963996955,,,,,0.31250800963996955,0.31250800963996955,True
arm_D2,seg_iou,1,0.7039313900807516,,,,,0.7039313900807516,0.7039313900807516,True
arm_D2,seg_n_images,1,113.0,,,,,113.0,113.0,True
arm_D2_membrane,amplitude_bias,1,0.03140570017904769,,,,,0.03140570017904769,0.03140570017904769,True
arm_D2_membrane,amplitude_bias_in_cell,1,0.013744198896435906,,,,,0.013744198896435906,0.013744198896435906,True
arm_D2_membrane,amplitude_mae,1,0.06415544074457304,,,,,0.06415544074457304,0.06415544074457304,True
arm_D2_membrane,amplitude_mae_in_cell,1,0.06671618759236504,,,,,0.06671618759236504,0.06671618759236504,True
arm_D2_membrane,amplitude_mae_over_unity,1,0.4367705504675926,,,,,0.4367705504675926,0.4367705504675926,True
arm_D2_membrane,amplitude_n_images,1,113.0,,,,,113.0,113.0,True
arm_D2_membrane,amplitude_pearson_r,1,0.9024825109317239,,,,,0.9024825109317239,0.9024825109317239,True
arm_D2_membrane,amplitude_pred_mean,1,1.0291424203762967,,,,,1.0291424203762967,1.0291424203762967,True
arm_D2_membrane,amplitude_pred_sd,1,0.12302607151193429,,,,,0.12302607151193429,0.12302607151193429,True
arm_D2_membrane,amplitude_reference_mean,1,0.9977367230221234,,,,,0.9977367230221234,0.9977367230221234,True
arm_D2_membrane,amplitude_rmse,1,0.09918565215935062,,,,,0.09918565215935062,0.09918565215935062,True
arm_D2_membrane,amplitude_unity_mae,1,0.14688591223902406,,,,,0.14688591223902406,0.14688591223902406,True
arm_D2_membrane,area_bootstrap_fields,1,89.0,,,,,89.0,89.0,True
arm_D2_membrane,area_bootstrap_resamples,1,2000.0,,,,,2000.0,2000.0,True
arm_D2_membrane,area_cell_pearson_r,1,0.8066589545596878,,,,,0.8066589545596878,0.8066589545596878,True
arm_D2_membrane,area_cell_pearson_r_ci_lower,1,0.7471824987870341,,,,,0.7471824987870341,0.7471824987870341,True
arm_D2_membrane,area_cell_pearson_r_ci_upper,1,0.8535003572824565,,,,,0.8535003572824565,0.8535003572824565,True
arm_D2_membrane,area_field_total_bias,1,-0.45599327868523226,,,,,-0.45599327868523226,-0.45599327868523226,True
arm_D2_membrane,area_field_total_mape,1,0.4686106626116804,,,,,0.4686106626116804,0.4686106626116804,True
arm_D2_membrane,area_field_total_pearson_r,1,0.26439327054684786,,,,,0.26439327054684786,0.26439327054684786,True
arm_D2_membrane,area_image_pearson_r,1,0.8177167945289576,,,,,0.8177167945289576,0.8177167945289576,True
arm_D2_membrane,area_loa_lower,1,-0.7323618417211972,,,,,-0.7323618417211972,-0.7323618417211972,True
arm_D2_membrane,area_loa_upper,1,0.010736049006240311,,,,,0.010736049006240311,0.010736049006240311,True
arm_D2_membrane,area_mae,1,230.0230003639878,,,,,230.0230003639878,230.0230003639878,True
arm_D2_membrane,area_mape,1,0.3094891312789004,,,,,0.3094891312789004,0.3094891312789004,True
arm_D2_membrane,area_mape_ci_lower,1,0.29496154310926626,,,,,0.29496154310926626,0.29496154310926626,True
arm_D2_membrane,area_mape_ci_upper,1,0.32385374412262813,,,,,0.32385374412262813,0.32385374412262813,True
arm_D2_membrane,area_mape_coverage_adjusted,1,0.9208147413380658,,,,,0.9208147413380658,0.9208147413380658,True
arm_D2_membrane,area_median_relative_bias,1,-0.38065313327449257,,,,,-0.38065313327449257,-0.38065313327449257,True
arm_D2_membrane,area_n_cells,1,411.0,,,,,411.0,411.0,True
arm_D2_membrane,area_n_fields,1,113.0,,,,,113.0,113.0,True
arm_D2_membrane,area_relative_bias,1,-0.36081289635747843,,,,,-0.36081289635747843,-0.36081289635747843,True
arm_D2_membrane,cell_count_ratio,1,0.6383928571428571,,,,,0.6383928571428571,0.6383928571428571,True
arm_D2_membrane,cells_detected,1,2288.0,,,,,2288.0,2288.0,True
arm_D2_membrane,cells_false_positive,1,1877.0,,,,,1877.0,1877.0,True
arm_D2_membrane,cells_matched,1,411.0,,,,,411.0,411.0,True
arm_D2_membrane,cells_missed,1,3173.0,,,,,3173.0,3173.0,True
arm_D2_membrane,cells_reference,1,3584.0,,,,,3584.0,3584.0,True
arm_D2_membrane,circularity_bootstrap_fields,1,89.0,,,,,89.0,89.0,True
arm_D2_membrane,circularity_bootstrap_resamples,1,2000.0,,,,,2000.0,2000.0,True
arm_D2_membrane,circularity_cell_pearson_r,1,0.37221506779669256,,,,,0.37221506779669256,0.37221506779669256,True
arm_D2_membrane,circularity_cell_pearson_r_ci_lower,1,0.23530645976230863,,,,,0.23530645976230863,0.23530645976230863,True
arm_D2_membrane,circularity_cell_pearson_r_ci_upper,1,0.4721137054429478,,,,,0.4721137054429478,0.4721137054429478,True
arm_D2_membrane,circularity_image_pearson_r,1,0.19929056870774006,,,,,0.19929056870774006,0.19929056870774006,True
arm_D2_membrane,circularity_loa_lower,1,-0.026535667452149636,,,,,-0.026535667452149636,-0.026535667452149636,True
arm_D2_membrane,circularity_loa_upper,1,0.7581602373121744,,,,,0.7581602373121744,0.7581602373121744,True
arm_D2_membrane,circularity_mae,1,0.2622339055637283,,,,,0.2622339055637283,0.2622339055637283,True
arm_D2_membrane,circularity_mape,1,0.5158832475243034,,,,,0.5158832475243034,0.5158832475243034,True
arm_D2_membrane,circularity_mape_ci_lower,1,0.45373387312081753,,,,,0.45373387312081753,0.45373387312081753,True
arm_D2_membrane,circularity_mape_ci_upper,1,0.5786886508417474,,,,,0.5786886508417474,0.5786886508417474,True
arm_D2_membrane,circularity_mape_coverage_adjusted,1,0.9444832630391988,,,,,0.9444832630391988,0.9444832630391988,True
arm_D2_membrane,circularity_median_relative_bias,1,0.36284726395550804,,,,,0.36284726395550804,0.36284726395550804,True
arm_D2_membrane,circularity_n_cells,1,411.0,,,,,411.0,411.0,True
arm_D2_membrane,circularity_relative_bias,1,0.3658122849300124,,,,,0.3658122849300124,0.3658122849300124,True
arm_D2_membrane,coverage,1,0.11467633928571429,,,,,0.11467633928571429,0.11467633928571429,True
arm_D2_membrane,detection_f1,1,0.13998637602179836,,,,,0.13998637602179836,0.13998637602179836,True
arm_D2_membrane,detection_precision,1,0.17963286713286714,,,,,0.17963286713286714,0.17963286713286714,True
arm_D2_membrane,detection_recall,1,0.11467633928571429,,,,,0.11467633928571429,0.11467633928571429,True
arm_D2_membrane,dry_mass_bootstrap_fields,1,89.0,,,,,89.0,89.0,True
arm_D2_membrane,dry_mass_bootstrap_resamples,1,2000.0,,,,,2000.0,2000.0,True
arm_D2_membrane,dry_mass_cell_pearson_r,1,0.9313593146636754,,,,,0.9313593146636754,0.9313593146636754,True
arm_D2_membrane,dry_mass_cell_pearson_r_ci_lower,1,0.9079292329400326,,,,,0.9079292329400326,0.9079292329400326,True
arm_D2_membrane,dry_mass_cell_pearson_r_ci_upper,1,0.9496989217871759,,,,,0.9496989217871759,0.9496989217871759,True
arm_D2_membrane,dry_mass_field_total_bias,1,0.605396239671645,,,,,0.605396239671645,0.605396239671645,True
arm_D2_membrane,dry_mass_field_total_mape,1,0.605396239671645,,,,,0.605396239671645,0.605396239671645,True
arm_D2_membrane,dry_mass_field_total_pearson_r,1,0.864850785184107,,,,,0.864850785184107,0.864850785184107,True
arm_D2_membrane,dry_mass_image_pearson_r,1,0.9438354132498363,,,,,0.9438354132498363,0.9438354132498363,True
arm_D2_membrane,dry_mass_loa_lower,1,-0.3910651890843933,,,,,-0.3910651890843933,-0.3910651890843933,True
arm_D2_membrane,dry_mass_loa_upper,1,0.5428417010696357,,,,,0.5428417010696357,0.5428417010696357,True
arm_D2_membrane,dry_mass_mae,1,40.97816654996396,,,,,40.97816654996396,40.97816654996396,True
arm_D2_membrane,dry_mass_mape,1,0.22513642637939751,,,,,0.22513642637939751,0.22513642637939751,True
arm_D2_membrane,dry_mass_mape_ci_lower,1,0.1703170086625818,,,,,0.1703170086625818,0.1703170086625818,True
arm_D2_membrane,dry_mass_mape_ci_upper,1,0.3273347715618261,,,,,0.3273347715618261,0.3273347715618261,True
arm_D2_membrane,dry_mass_mape_coverage_adjusted,1,0.9111414819313427,,,,,0.9111414819313427,0.9111414819313427,True
arm_D2_membrane,dry_mass_median_relative_bias,1,0.040932239706099945,,,,,0.040932239706099945,0.040932239706099945,True
arm_D2_membrane,dry_mass_n_cells,1,411.0,,,,,411.0,411.0,True
arm_D2_membrane,dry_mass_n_fields,1,113.0,,,,,113.0,113.0,True
arm_D2_membrane,dry_mass_relative_bias,1,0.07588825599262121,,,,,0.07588825599262121,0.07588825599262121,True
arm_D2_membrane,false_positive_median_area_um2,1,369.482718676473,,,,,369.482718676473,369.482718676473,True
arm_D2_membrane,forward_distance_um,1,33.34821319580078,,,,,33.34821319580078,33.34821319580078,True
arm_D2_membrane,forward_residual,1,0.8899790064423485,,,,,0.8899790064423485,0.8899790064423485,True
arm_D2_membrane,forward_residual_n,1,113.0,,,,,113.0,113.0,True
arm_D2_membrane,forward_residual_ratio,1,0.9927920539255775,,,,,0.9927920539255775,0.9927920539255775,True
arm_D2_membrane,forward_residual_reference,1,0.8964405012341727,,,,,0.8964405012341727,0.8964405012341727,True
arm_D2_membrane,missed_median_area_um2,1,145.910372980518,,,,,145.910372980518,145.910372980518,True
arm_D2_membrane,optical_volume_bootstrap_fields,1,89.0,,,,,89.0,89.0,True
arm_D2_membrane,optical_volume_bootstrap_resamples,1,2000.0,,,,,2000.0,2000.0,True
arm_D2_membrane,optical_volume_cell_pearson_r,1,0.9313593146636752,,,,,0.9313593146636752,0.9313593146636752,True
arm_D2_membrane,optical_volume_cell_pearson_r_ci_lower,1,0.9079292329400325,,,,,0.9079292329400325,0.9079292329400325,True
arm_D2_membrane,optical_volume_cell_pearson_r_ci_upper,1,0.9496989217871757,,,,,0.9496989217871757,0.9496989217871757,True
arm_D2_membrane,optical_volume_field_total_bias,1,0.605396239671645,,,,,0.605396239671645,0.605396239671645,True
arm_D2_membrane,optical_volume_field_total_mape,1,0.605396239671645,,,,,0.605396239671645,0.605396239671645,True
arm_D2_membrane,optical_volume_field_total_pearson_r,1,0.8648507851841071,,,,,0.8648507851841071,0.8648507851841071,True
arm_D2_membrane,optical_volume_image_pearson_r,1,0.9438354132498367,,,,,0.9438354132498367,0.9438354132498367,True
arm_D2_membrane,optical_volume_loa_lower,1,-0.39106518908439336,,,,,-0.39106518908439336,-0.39106518908439336,True
arm_D2_membrane,optical_volume_loa_upper,1,0.5428417010696358,,,,,0.5428417010696358,0.5428417010696358,True
arm_D2_membrane,optical_volume_mae,1,77.31934353810557,,,,,77.31934353810557,77.31934353810557,True
arm_D2_membrane,optical_volume_mape,1,0.22513642637939751,,,,,0.22513642637939751,0.22513642637939751,True
arm_D2_membrane,optical_volume_mape_ci_lower,1,0.1703170086625818,,,,,0.1703170086625818,0.1703170086625818,True
arm_D2_membrane,optical_volume_mape_ci_upper,1,0.3273347715618261,,,,,0.3273347715618261,0.3273347715618261,True
arm_D2_membrane,optical_volume_mape_coverage_adjusted,1,0.9111414819313427,,,,,0.9111414819313427,0.9111414819313427,True
arm_D2_membrane,optical_volume_median_relative_bias,1,0.04093223970609979,,,,,0.04093223970609979,0.04093223970609979,True
arm_D2_membrane,optical_volume_n_cells,1,411.0,,,,,411.0,411.0,True
arm_D2_membrane,optical_volume_n_fields,1,113.0,,,,,113.0,113.0,True
arm_D2_membrane,optical_volume_relative_bias,1,0.07588825599262121,,,,,0.07588825599262121,0.07588825599262121,True
arm_D2_membrane,phase_bias_rad,1,0.011865142151683494,,,,,0.011865142151683494,0.011865142151683494,True
arm_D2_membrane,phase_bias_rad_background,1,0.017335493045970304,,,,,0.017335493045970304,0.017335493045970304,True
arm_D2_membrane,phase_bias_rad_in_cell,1,-0.005502555859573927,,,,,-0.005502555859573927,-0.005502555859573927,True
arm_D2_membrane,phase_mae_rad,1,0.16789592090433678,,,,,0.16789592090433678,0.16789592090433678,True
arm_D2_membrane,phase_mae_rad_background,1,0.16658992551069343,,,,,0.16658992551069343,0.16658992551069343,True
arm_D2_membrane,phase_mae_rad_in_cell,1,0.172246625004089,,,,,0.172246625004089,0.172246625004089,True
arm_D2_membrane,phase_n_images,1,113.0,,,,,113.0,113.0,True
arm_D2_membrane,phase_pearson_r,1,0.8565390305181521,,,,,0.8565390305181521,0.8565390305181521,True
arm_D2_membrane,phase_psnr_db,1,30.645626948879716,,,,,30.645626948879716,30.645626948879716,True
arm_D2_membrane,phase_rmse_rad,1,0.25546363711012177,,,,,0.25546363711012177,0.25546363711012177,True
arm_D2_membrane,phase_ssim,1,0.6088878343590592,,,,,0.6088878343590592,0.6088878343590592,True
arm_D2_membrane,seg_aji,1,0.23702807762893624,,,,,0.23702807762893624,0.23702807762893624,True
arm_D2_membrane,seg_boundary_f1,1,0.06482891176528398,,,,,0.06482891176528398,0.06482891176528398,True
arm_D2_membrane,seg_dice,1,0.5035457029921587,,,,,0.5035457029921587,0.5035457029921587,True
arm_D2_membrane,seg_dice_macro,1,0.5035457029921587,,,,,0.5035457029921587,0.5035457029921587,True
arm_D2_membrane,seg_instance_count_mape,1,0.5124783931013697,,,,,0.5124783931013697,0.5124783931013697,True
arm_D2_membrane,seg_iou,1,0.33649253705843074,,,,,0.33649253705843074,0.33649253705843074,True
arm_D2_membrane,seg_n_images,1,113.0,,,,,113.0,113.0,True
arm_G,area_bootstrap_fields,1,107.0,,,,,107.0,107.0,True
arm_G,area_bootstrap_resamples,1,2000.0,,,,,2000.0,2000.0,True
arm_G,area_cell_pearson_r,1,0.8708059829256345,,,,,0.8708059829256345,0.8708059829256345,True
arm_G,area_cell_pearson_r_ci_lower,1,0.8508378500609818,,,,,0.8508378500609818,0.8508378500609818,True
arm_G,area_cell_pearson_r_ci_upper,1,0.8875374811792215,,,,,0.8875374811792215,0.8875374811792215,True
arm_G,area_field_total_bias,1,-0.10548437007066486,,,,,-0.10548437007066486,-0.10548437007066486,True
arm_G,area_field_total_mape,1,0.1661890119116711,,,,,0.1661890119116711,0.1661890119116711,True
arm_G,area_field_total_pearson_r,1,0.9299429254659527,,,,,0.9299429254659527,0.9299429254659527,True
arm_G,area_image_pearson_r,1,0.83010161546561,,,,,0.83010161546561,0.83010161546561,True
arm_G,area_loa_lower,1,-0.17008523206016732,,,,,-0.17008523206016732,-0.17008523206016732,True
arm_G,area_loa_upper,1,0.252154940701062,,,,,0.252154940701062,0.252154940701062,True
arm_G,area_mae,1,65.09953762275688,,,,,65.09953762275688,65.09953762275688,True
arm_G,area_mape,1,0.16611105674743107,,,,,0.16611105674743107,0.16611105674743107,True
arm_G,area_mape_ci_lower,1,0.15765228013268132,,,,,0.15765228013268132,0.15765228013268132,True
arm_G,area_mape_ci_upper,1,0.17458461572488684,,,,,0.17458461572488684,0.17458461572488684,True
arm_G,area_mape_coverage_adjusted,1,0.5406543956659579,,,,,0.5406543956659579,0.5406543956659579,True
arm_G,area_median_relative_bias,1,0.033213813927156007,,,,,0.033213813927156007,0.033213813927156007,True
arm_G,area_n_cells,1,1755.0,,,,,1755.0,1755.0,True
arm_G,area_n_fields,1,113.0,,,,,113.0,113.0,True
arm_G,area_relative_bias,1,0.04103485432044734,,,,,0.04103485432044734,0.04103485432044734,True
arm_G,cell_count_ratio,1,0.6911487758945386,,,,,0.6911487758945386,0.6911487758945386,True
arm_G,cells_detected,1,2202.0,,,,,2202.0,2202.0,True
arm_G,cells_false_positive,1,447.0,,,,,447.0,447.0,True
arm_G,cells_matched,1,1755.0,,,,,1755.0,1755.0,True
arm_G,cells_missed,1,1431.0,,,,,1431.0,1431.0,True
arm_G,cells_reference,1,3186.0,,,,,3186.0,3186.0,True
arm_G,circularity_bootstrap_fields,1,107.0,,,,,107.0,107.0,True
arm_G,circularity_bootstrap_resamples,1,2000.0,,,,,2000.0,2000.0,True
arm_G,circularity_cell_pearson_r,1,0.8383434076622513,,,,,0.8383434076622513,0.8383434076622513,True
arm_G,circularity_cell_pearson_r_ci_lower,1,0.811380970421689,,,,,0.811380970421689,0.811380970421689,True
arm_G,circularity_cell_pearson_r_ci_upper,1,0.8607846768993379,,,,,0.8607846768993379,0.8607846768993379,True
arm_G,circularity_image_pearson_r,1,0.8792624702126745,,,,,0.8792624702126745,0.8792624702126745,True
arm_G,circularity_loa_lower,1,-0.06682537355428655,,,,,-0.06682537355428655,-0.06682537355428655,True
arm_G,circularity_loa_upper,1,0.13352620931263687,,,,,0.13352620931263687,0.13352620931263687,True
arm_G,circularity_mae,1,0.051823824907964576,,,,,0.051823824907964576,0.051823824907964576,True
arm_G,circularity_mape,1,0.07310449238386021,,,,,0.07310449238386021,0.07310449238386021,True
arm_G,circularity_mape_ci_lower,1,0.06501000094540763,,,,,0.06501000094540763,0.06501000094540763,True
arm_G,circularity_mape_ci_upper,1,0.08224789301075676,,,,,0.08224789301075676,0.08224789301075676,True
arm_G,circularity_mape_coverage_adjusted,1,0.48942196614365185,,,,,0.48942196614365185,0.48942196614365185,True
arm_G,circularity_median_relative_bias,1,0.022423655434919944,,,,,0.022423655434919944,0.022423655434919944,True
arm_G,circularity_n_cells,1,1755.0,,,,,1755.0,1755.0,True
arm_G,circularity_relative_bias,1,0.03335041787917516,,,,,0.03335041787917516,0.03335041787917516,True
arm_G,coverage,1,0.5508474576271186,,,,,0.5508474576271186,0.5508474576271186,True
arm_G,detection_f1,1,0.6514476614699332,,,,,0.6514476614699332,0.6514476614699332,True
arm_G,detection_precision,1,0.7970027247956403,,,,,0.7970027247956403,0.7970027247956403,True
arm_G,detection_recall,1,0.5508474576271186,,,,,0.5508474576271186,0.5508474576271186,True
arm_G,dry_mass_bootstrap_fields,1,107.0,,,,,107.0,107.0,True
arm_G,dry_mass_bootstrap_resamples,1,2000.0,,,,,2000.0,2000.0,True
arm_G,dry_mass_cell_pearson_r,1,0.8865083252631737,,,,,0.8865083252631737,0.8865083252631737,True
arm_G,dry_mass_cell_pearson_r_ci_lower,1,0.8667957239475459,,,,,0.8667957239475459,0.8667957239475459,True
arm_G,dry_mass_cell_pearson_r_ci_upper,1,0.9048535674766593,,,,,0.9048535674766593,0.9048535674766593,True
arm_G,dry_mass_field_total_bias,1,-0.16690056769699235,,,,,-0.16690056769699235,-0.16690056769699235,True
arm_G,dry_mass_field_total_mape,1,0.1754831383500753,,,,,0.1754831383500753,0.1754831383500753,True
arm_G,dry_mass_field_total_pearson_r,1,0.9723109934625644,,,,,0.9723109934625644,0.9723109934625644,True
arm_G,dry_mass_image_pearson_r,1,0.8981088006209851,,,,,0.8981088006209851,0.8981088006209851,True
arm_G,dry_mass_loa_lower,1,-0.35493185854432335,,,,,-0.35493185854432335,-0.35493185854432335,True
arm_G,dry_mass_loa_upper,1,0.26173275737663454,,,,,0.26173275737663454,0.26173275737663454,True
arm_G,dry_mass_mae,1,47.06662266604694,,,,,47.06662266604694,47.06662266604694,True
arm_G,dry_mass_mape,1,0.23075148133614543,,,,,0.23075148133614543,0.23075148133614543,True
arm_G,dry_mass_mape_ci_lower,1,0.21613790327463825,,,,,0.21613790327463825,0.21613790327463825,True
arm_G,dry_mass_mape_ci_upper,1,0.24809113212752476,,,,,0.24809113212752476,0.24809113212752476,True
arm_G,dry_mass_mape_coverage_adjusted,1,0.5762614092105887,,,,,0.5762614092105887,0.5762614092105887,True
arm_G,dry_mass_median_relative_bias,1,-0.03482998748213353,,,,,-0.03482998748213353,-0.03482998748213353,True
arm_G,dry_mass_n_cells,1,1755.0,,,,,1755.0,1755.0,True
arm_G,dry_mass_n_fields,1,113.0,,,,,113.0,113.0,True
arm_G,dry_mass_relative_bias,1,-0.0465995505838444,,,,,-0.0465995505838444,-0.0465995505838444,True
arm_G,false_positive_median_area_um2,1,205.637867148294,,,,,205.637867148294,205.637867148294,True
arm_G,forward_distance_um,1,33.77,,,,,33.77,33.77,True
arm_G,forward_residual,1,0.8686502370159183,,,,,0.8686502370159183,0.8686502370159183,True
arm_G,forward_residual_n,1,113.0,,,,,113.0,113.0,True
arm_G,forward_residual_ratio,1,0.913279405753503,,,,,0.913279405753503,0.913279405753503,True
arm_G,forward_residual_reference,1,0.9511330612992819,,,,,0.9511330612992819,0.9511330612992819,True
arm_G,missed_median_area_um2,1,108.418386152376,,,,,108.418386152376,108.418386152376,True
arm_G,optical_volume_bootstrap_fields,1,107.0,,,,,107.0,107.0,True
arm_G,optical_volume_bootstrap_resamples,1,2000.0,,,,,2000.0,2000.0,True
arm_G,optical_volume_cell_pearson_r,1,0.8865083252631736,,,,,0.8865083252631736,0.8865083252631736,True
arm_G,optical_volume_cell_pearson_r_ci_lower,1,0.8667957239475458,,,,,0.8667957239475458,0.8667957239475458,True
arm_G,optical_volume_cell_pearson_r_ci_upper,1,0.9048535674766592,,,,,0.9048535674766592,0.9048535674766592,True
arm_G,optical_volume_field_total_bias,1,-0.16690056769699235,,,,,-0.16690056769699235,-0.16690056769699235,True
arm_G,optical_volume_field_total_mape,1,0.1754831383500753,,,,,0.1754831383500753,0.1754831383500753,True
arm_G,optical_volume_field_total_pearson_r,1,0.9723109934625643,,,,,0.9723109934625643,0.9723109934625643,True
arm_G,optical_volume_image_pearson_r,1,0.8981088006209851,,,,,0.8981088006209851,0.8981088006209851,True
arm_G,optical_volume_loa_lower,1,-0.35493185854432335,,,,,-0.35493185854432335,-0.35493185854432335,True
arm_G,optical_volume_loa_upper,1,0.26173275737663454,,,,,0.26173275737663454,0.26173275737663454,True
arm_G,optical_volume_mae,1,88.8073008990606,,,,,88.8073008990606,88.8073008990606,True
arm_G,optical_volume_mape,1,0.23075148133614537,,,,,0.23075148133614537,0.23075148133614537,True
arm_G,optical_volume_mape_ci_lower,1,0.2161379032746383,,,,,0.2161379032746383,0.2161379032746383,True
arm_G,optical_volume_mape_ci_upper,1,0.24809113212752476,,,,,0.24809113212752476,0.24809113212752476,True
arm_G,optical_volume_mape_coverage_adjusted,1,0.5762614092105885,,,,,0.5762614092105885,0.5762614092105885,True
arm_G,optical_volume_median_relative_bias,1,-0.034829987482133444,,,,,-0.034829987482133444,-0.034829987482133444,True
arm_G,optical_volume_n_cells,1,1755.0,,,,,1755.0,1755.0,True
arm_G,optical_volume_n_fields,1,113.0,,,,,113.0,113.0,True
arm_G,optical_volume_relative_bias,1,-0.0465995505838444,,,,,-0.0465995505838444,-0.0465995505838444,True
arm_G,phase_bias_rad,1,-0.018215304363438597,,,,,-0.018215304363438597,-0.018215304363438597,True
arm_G,phase_bias_rad_background,1,0.014272279631237261,,,,,0.014272279631237261,0.014272279631237261,True
arm_G,phase_bias_rad_in_cell,1,-0.23210472420715125,,,,,-0.23210472420715125,-0.23210472420715125,True
arm_G,phase_mae_rad,1,0.17517699743002918,,,,,0.17517699743002918,0.17517699743002918,True
arm_G,phase_mae_rad_background,1,0.1490975558362176,,,,,0.1490975558362176,0.1490975558362176,True
arm_G,phase_mae_rad_in_cell,1,0.35865022321190454,,,,,0.35865022321190454,0.35865022321190454,True
arm_G,phase_n_images,1,113.0,,,,,113.0,113.0,True
arm_G,phase_pearson_r,1,0.8097848389215306,,,,,0.8097848389215306,0.8097848389215306,True
arm_G,phase_psnr_db,1,30.257045894803447,,,,,30.257045894803447,30.257045894803447,True
arm_G,phase_rmse_rad,1,0.2691877580006082,,,,,0.2691877580006082,0.2691877580006082,True
arm_G,phase_ssim,1,0.5977483397036527,,,,,0.5977483397036527,0.5977483397036527,True
arm_G,seg_aji,1,0.5847765484417754,,,,,0.5847765484417754,0.5847765484417754,True
arm_G,seg_boundary_f1,1,0.35452835766106505,,,,,0.35452835766106505,0.35452835766106505,True
arm_G,seg_dice,1,0.7758276123907919,,,,,0.7758276123907919,0.7758276123907919,True
arm_G,seg_dice_macro,1,0.7758276123907919,,,,,0.7758276123907919,0.7758276123907919,True
arm_G,seg_instance_count_mape,1,0.32237949509567904,,,,,0.32237949509567904,0.32237949509567904,True
arm_G,seg_iou,1,0.6337568305277436,,,,,0.6337568305277436,0.6337568305277436,True
arm_G,seg_n_images,1,113.0,,,,,113.0,113.0,True
arm_G_membrane,area_bootstrap_fields,1,89.0,,,,,89.0,89.0,True
arm_G_membrane,area_bootstrap_resamples,1,2000.0,,,,,2000.0,2000.0,True
arm_G_membrane,area_cell_pearson_r,1,0.8200194381705069,,,,,0.8200194381705069,0.8200194381705069,True
arm_G_membrane,area_cell_pearson_r_ci_lower,1,0.7677034563357796,,,,,0.7677034563357796,0.7677034563357796,True
arm_G_membrane,area_cell_pearson_r_ci_upper,1,0.8612728244966351,,,,,0.8612728244966351,0.8612728244966351,True
arm_G_membrane,area_field_total_bias,1,-0.4676564679132653,,,,,-0.4676564679132653,-0.4676564679132653,True
arm_G_membrane,area_field_total_mape,1,0.48089363641992455,,,,,0.48089363641992455,0.48089363641992455,True
arm_G_membrane,area_field_total_pearson_r,1,0.2513316584986533,,,,,0.2513316584986533,0.2513316584986533,True
arm_G_membrane,area_image_pearson_r,1,0.8422161557108372,,,,,0.8422161557108372,0.8422161557108372,True
arm_G_membrane,area_loa_lower,1,-0.715993717520363,,,,,-0.715993717520363,-0.715993717520363,True
arm_G_membrane,area_loa_upper,1,0.019159351764552468,,,,,0.019159351764552468,0.019159351764552468,True
arm_G_membrane,area_mae,1,224.68828162138885,,,,,224.68828162138885,224.68828162138885,True
arm_G_membrane,area_mape,1,0.30680917319097273,,,,,0.30680917319097273,0.30680917319097273,True
arm_G_membrane,area_mape_ci_lower,1,0.2892233171700029,,,,,0.2892233171700029,0.2892233171700029,True
arm_G_membrane,area_mape_ci_upper,1,0.3233985192565186,,,,,0.3233985192565186,0.3233985192565186,True
arm_G_membrane,area_mape_coverage_adjusted,1,0.9237954280795879,,,,,0.9237954280795879,0.9237954280795879,True
arm_G_membrane,area_median_relative_bias,1,-0.3600734843845684,,,,,-0.3600734843845684,-0.3600734843845684,True
arm_G_membrane,area_n_cells,1,394.0,,,,,394.0,394.0,True
arm_G_membrane,area_n_fields,1,113.0,,,,,113.0,113.0,True
arm_G_membrane,area_relative_bias,1,-0.34841718287790524,,,,,-0.34841718287790524,-0.34841718287790524,True
arm_G_membrane,cell_count_ratio,1,0.6143973214285714,,,,,0.6143973214285714,0.6143973214285714,True
arm_G_membrane,cells_detected,1,2202.0,,,,,2202.0,2202.0,True
arm_G_membrane,cells_false_positive,1,1808.0,,,,,1808.0,1808.0,True
arm_G_membrane,cells_matched,1,394.0,,,,,394.0,394.0,True
arm_G_membrane,cells_missed,1,3190.0,,,,,3190.0,3190.0,True
arm_G_membrane,cells_reference,1,3584.0,,,,,3584.0,3584.0,True
arm_G_membrane,circularity_bootstrap_fields,1,89.0,,,,,89.0,89.0,True
arm_G_membrane,circularity_bootstrap_resamples,1,2000.0,,,,,2000.0,2000.0,True
arm_G_membrane,circularity_cell_pearson_r,1,0.38989961034804627,,,,,0.38989961034804627,0.38989961034804627,True
arm_G_membrane,circularity_cell_pearson_r_ci_lower,1,0.2584671597239953,,,,,0.2584671597239953,0.2584671597239953,True
arm_G_membrane,circularity_cell_pearson_r_ci_upper,1,0.49087336375469376,,,,,0.49087336375469376,0.49087336375469376,True
arm_G_membrane,circularity_image_pearson_r,1,0.12874484041765663,,,,,0.12874484041765663,0.12874484041765663,True
arm_G_membrane,circularity_loa_lower,1,-0.04589101919705596,,,,,-0.04589101919705596,-0.04589101919705596,True
arm_G_membrane,circularity_loa_upper,1,0.7595791703218207,,,,,0.7595791703218207,0.7595791703218207,True
arm_G_membrane,circularity_mae,1,0.2615865364784249,,,,,0.2615865364784249,0.2615865364784249,True
arm_G_membrane,circularity_mape,1,0.5075819915095909,,,,,0.5075819915095909,0.5075819915095909,True
arm_G_membrane,circularity_mape_ci_lower,1,0.43698464269559223,,,,,0.43698464269559223,0.43698464269559223,True
arm_G_membrane,circularity_mape_ci_upper,1,0.5754694390305144,,,,,0.5754694390305144,0.5754694390305144,True
arm_G_membrane,circularity_mape_coverage_adjusted,1,0.9458669934862665,,,,,0.9458669934862665,0.9458669934862665,True
arm_G_membrane,circularity_median_relative_bias,1,0.37309055823763515,,,,,0.37309055823763515,0.37309055823763515,True
arm_G_membrane,circularity_n_cells,1,394.0,,,,,394.0,394.0,True
arm_G_membrane,circularity_relative_bias,1,0.35684407556238235,,,,,0.35684407556238235,0.35684407556238235,True
arm_G_membrane,coverage,1,0.10993303571428571,,,,,0.10993303571428571,0.10993303571428571,True
arm_G_membrane,detection_f1,1,0.1361908053923263,,,,,0.1361908053923263,0.1361908053923263,True
arm_G_membrane,detection_precision,1,0.17892824704813806,,,,,0.17892824704813806,0.17892824704813806,True
arm_G_membrane,detection_recall,1,0.10993303571428571,,,,,0.10993303571428571,0.10993303571428571,True
arm_G_membrane,dry_mass_bootstrap_fields,1,89.0,,,,,89.0,89.0,True
arm_G_membrane,dry_mass_bootstrap_resamples,1,2000.0,,,,,2000.0,2000.0,True
arm_G_membrane,dry_mass_cell_pearson_r,1,0.8860294722262309,,,,,0.8860294722262309,0.8860294722262309,True
arm_G_membrane,dry_mass_cell_pearson_r_ci_lower,1,0.852170423005661,,,,,0.852170423005661,0.852170423005661,True
arm_G_membrane,dry_mass_cell_pearson_r_ci_upper,1,0.9126768301962376,,,,,0.9126768301962376,0.9126768301962376,True
arm_G_membrane,dry_mass_field_total_bias,1,0.5346630596853474,,,,,0.5346630596853474,0.5346630596853474,True
arm_G_membrane,dry_mass_field_total_mape,1,0.5828236203968068,,,,,0.5828236203968068,0.5828236203968068,True
arm_G_membrane,dry_mass_field_total_pearson_r,1,0.8578463462156103,,,,,0.8578463462156103,0.8578463462156103,True
arm_G_membrane,dry_mass_image_pearson_r,1,0.9206495165546783,,,,,0.9206495165546783,0.9206495165546783,True
arm_G_membrane,dry_mass_loa_lower,1,-0.24565834463728492,,,,,-0.24565834463728492,-0.24565834463728492,True
arm_G_membrane,dry_mass_loa_upper,1,0.4707264751754235,,,,,0.4707264751754235,0.4707264751754235,True
arm_G_membrane,dry_mass_mae,1,53.06334791026844,,,,,53.06334791026844,53.06334791026844,True
arm_G_membrane,dry_mass_mape,1,0.24449867097300199,,,,,0.24449867097300199,0.24449867097300199,True
arm_G_membrane,dry_mass_mape_ci_lower,1,0.21868836511884407,,,,,0.21868836511884407,0.21868836511884407,True
arm_G_membrane,dry_mass_mape_ci_upper,1,0.2739876042621818,,,,,0.2739876042621818,0.2739876042621818,True
arm_G_membrane,dry_mass_mape_coverage_adjusted,1,0.9169454454138847,,,,,0.9169454454138847,0.9169454454138847,True
arm_G_membrane,dry_mass_median_relative_bias,1,0.10244503998532044,,,,,0.10244503998532044,0.10244503998532044,True
arm_G_membrane,dry_mass_n_cells,1,394.0,,,,,394.0,394.0,True
arm_G_membrane,dry_mass_n_fields,1,113.0,,,,,113.0,113.0,True
arm_G_membrane,dry_mass_relative_bias,1,0.11253406526906927,,,,,0.11253406526906927,0.11253406526906927,True
arm_G_membrane,false_positive_median_area_um2,1,372.566475168831,,,,,372.566475168831,372.566475168831,True
arm_G_membrane,forward_distance_um,1,33.77,,,,,33.77,33.77,True
arm_G_membrane,forward_residual,1,0.8686502370159183,,,,,0.8686502370159183,0.8686502370159183,True
arm_G_membrane,forward_residual_n,1,113.0,,,,,113.0,113.0,True
arm_G_membrane,forward_residual_ratio,1,0.913279405753503,,,,,0.913279405753503,0.913279405753503,True
arm_G_membrane,forward_residual_reference,1,0.9511330612992819,,,,,0.9511330612992819,0.9511330612992819,True
arm_G_membrane,missed_median_area_um2,1,147.1682210234535,,,,,147.1682210234535,147.1682210234535,True
arm_G_membrane,optical_volume_bootstrap_fields,1,89.0,,,,,89.0,89.0,True
arm_G_membrane,optical_volume_bootstrap_resamples,1,2000.0,,,,,2000.0,2000.0,True
arm_G_membrane,optical_volume_cell_pearson_r,1,0.8860294722262311,,,,,0.8860294722262311,0.8860294722262311,True
arm_G_membrane,optical_volume_cell_pearson_r_ci_lower,1,0.8521704230056608,,,,,0.8521704230056608,0.8521704230056608,True
arm_G_membrane,optical_volume_cell_pearson_r_ci_upper,1,0.9126768301962374,,,,,0.9126768301962374,0.9126768301962374,True
arm_G_membrane,optical_volume_field_total_bias,1,0.5346630596853476,,,,,0.5346630596853476,0.5346630596853476,True
arm_G_membrane,optical_volume_field_total_mape,1,0.5828236203968068,,,,,0.5828236203968068,0.5828236203968068,True
arm_G_membrane,optical_volume_field_total_pearson_r,1,0.8578463462156102,,,,,0.8578463462156102,0.8578463462156102,True
arm_G_membrane,optical_volume_image_pearson_r,1,0.9206495165546785,,,,,0.9206495165546785,0.9206495165546785,True
arm_G_membrane,optical_volume_loa_lower,1,-0.24565834463728503,,,,,-0.24565834463728503,-0.24565834463728503,True
arm_G_membrane,optical_volume_loa_upper,1,0.4707264751754235,,,,,0.4707264751754235,0.4707264751754235,True
arm_G_membrane,optical_volume_mae,1,100.1221765584256,,,,,100.1221765584256,100.1221765584256,True
arm_G_membrane,optical_volume_mape,1,0.24449867097300207,,,,,0.24449867097300207,0.24449867097300207,True
arm_G_membrane,optical_volume_mape_ci_lower,1,0.21868836511884407,,,,,0.21868836511884407,0.21868836511884407,True
arm_G_membrane,optical_volume_mape_ci_upper,1,0.27398760426218177,,,,,0.27398760426218177,0.27398760426218177,True
arm_G_membrane,optical_volume_mape_coverage_adjusted,1,0.9169454454138848,,,,,0.9169454454138848,0.9169454454138848,True
arm_G_membrane,optical_volume_median_relative_bias,1,0.10244503998532066,,,,,0.10244503998532066,0.10244503998532066,True
arm_G_membrane,optical_volume_n_cells,1,394.0,,,,,394.0,394.0,True
arm_G_membrane,optical_volume_n_fields,1,113.0,,,,,113.0,113.0,True
arm_G_membrane,optical_volume_relative_bias,1,0.11253406526906924,,,,,0.11253406526906924,0.11253406526906924,True
arm_G_membrane,phase_bias_rad,1,-0.018215304363438597,,,,,-0.018215304363438597,-0.018215304363438597,True
arm_G_membrane,phase_bias_rad_background,1,-0.012102716674758287,,,,,-0.012102716674758287,-0.012102716674758287,True
arm_G_membrane,phase_bias_rad_in_cell,1,-0.03801379607029072,,,,,-0.03801379607029072,-0.03801379607029072,True
arm_G_membrane,phase_mae_rad,1,0.17517699743002918,,,,,0.17517699743002918,0.17517699743002918,True
arm_G_membrane,phase_mae_rad_background,1,0.167196706794532,,,,,0.167196706794532,0.167196706794532,True
arm_G_membrane,phase_mae_rad_in_cell,1,0.20146716834433312,,,,,0.20146716834433312,0.20146716834433312,True
arm_G_membrane,phase_n_images,1,113.0,,,,,113.0,113.0,True
arm_G_membrane,phase_pearson_r,1,0.8097848389215306,,,,,0.8097848389215306,0.8097848389215306,True
arm_G_membrane,phase_psnr_db,1,30.257045894803447,,,,,30.257045894803447,30.257045894803447,True
arm_G_membrane,phase_rmse_rad,1,0.2691877580006082,,,,,0.2691877580006082,0.2691877580006082,True
arm_G_membrane,phase_ssim,1,0.5977483397036527,,,,,0.5977483397036527,0.5977483397036527,True
arm_G_membrane,seg_aji,1,0.22553711359909245,,,,,0.22553711359909245,0.22553711359909245,True
arm_G_membrane,seg_boundary_f1,1,0.06387437962900046,,,,,0.06387437962900046,0.06387437962900046,True
arm_G_membrane,seg_dice,1,0.48275833358239184,,,,,0.48275833358239184,0.48275833358239184,True
arm_G_membrane,seg_dice_macro,1,0.48275833358239184,,,,,0.48275833358239184,0.48275833358239184,True
arm_G_membrane,seg_instance_count_mape,1,0.6029797732810755,,,,,0.6029797732810755,0.6029797732810755,True
arm_G_membrane,seg_iou,1,0.3181815687426006,,,,,0.3181815687426006,0.3181815687426006,True
arm_G_membrane,seg_n_images,1,113.0,,,,,113.0,113.0,True
arm_W01,area_bootstrap_fields,1,113.0,,,,,113.0,113.0,True
arm_W01,area_bootstrap_resamples,1,2000.0,,,,,2000.0,2000.0,True
arm_W01,area_cell_pearson_r,1,0.8991882762391235,,,,,0.8991882762391235,0.8991882762391235,True
arm_W01,area_cell_pearson_r_ci_lower,1,0.883334724320476,,,,,0.883334724320476,0.883334724320476,True
arm_W01,area_cell_pearson_r_ci_upper,1,0.9143627592842052,,,,,0.9143627592842052,0.9143627592842052,True
arm_W01,area_field_total_bias,1,-0.08651523669607535,,,,,-0.08651523669607535,-0.08651523669607535,True
arm_W01,area_field_total_mape,1,0.1552428960112095,,,,,0.1552428960112095,0.1552428960112095,True
arm_W01,area_field_total_pearson_r,1,0.9360480991063839,,,,,0.9360480991063839,0.9360480991063839,True
arm_W01,area_image_pearson_r,1,0.8264404847536853,,,,,0.8264404847536853,0.8264404847536853,True
arm_W01,area_loa_lower,1,-0.15394145257559155,,,,,-0.15394145257559155,-0.15394145257559155,True
arm_W01,area_loa_upper,1,0.2809342445659973,,,,,0.2809342445659973,0.2809342445659973,True
arm_W01,area_mae,1,59.73240080340361,,,,,59.73240080340361,59.73240080340361,True
arm_W01,area_mape,1,0.15956587937801242,,,,,0.15956587937801242,0.15956587937801242,True
arm_W01,area_mape_ci_lower,1,0.15048801669618472,,,,,0.15048801669618472,0.15048801669618472,True
arm_W01,area_mape_ci_upper,1,0.16978785941782776,,,,,0.16978785941782776,0.16978785941782776,True
arm_W01,area_mape_coverage_adjusted,1,0.4982719091578718,,,,,0.4982719091578718,0.4982719091578718,True
arm_W01,area_median_relative_bias,1,0.056115499863797304,,,,,0.056115499863797304,0.056115499863797304,True
arm_W01,area_n_cells,1,1902.0,,,,,1902.0,1902.0,True
arm_W01,area_n_fields,1,113.0,,,,,113.0,113.0,True
arm_W01,area_relative_bias,1,0.06349639599520288,,,,,0.06349639599520288,0.06349639599520288,True
arm_W01,cell_count_ratio,1,0.7011927181418707,,,,,0.7011927181418707,0.7011927181418707,True
arm_W01,cells_detected,1,2234.0,,,,,2234.0,2234.0,True
arm_W01,cells_false_positive,1,332.0,,,,,332.0,332.0,True
arm_W01,cells_matched,1,1902.0,,,,,1902.0,1902.0,True
arm_W01,cells_missed,1,1284.0,,,,,1284.0,1284.0,True
arm_W01,cells_reference,1,3186.0,,,,,3186.0,3186.0,True
arm_W01,circularity_bootstrap_fields,1,113.0,,,,,113.0,113.0,True
arm_W01,circularity_bootstrap_resamples,1,2000.0,,,,,2000.0,2000.0,True
arm_W01,circularity_cell_pearson_r,1,0.8713705868663899,,,,,0.8713705868663899,0.8713705868663899,True
arm_W01,circularity_cell_pearson_r_ci_lower,1,0.8530409184306335,,,,,0.8530409184306335,0.8530409184306335,True
arm_W01,circularity_cell_pearson_r_ci_upper,1,0.8888675188929607,,,,,0.8888675188929607,0.8888675188929607,True
arm_W01,circularity_image_pearson_r,1,0.9247151637916959,,,,,0.9247151637916959,0.9247151637916959,True
arm_W01,circularity_loa_lower,1,-0.0446033307164144,,,,,-0.0446033307164144,-0.0446033307164144,True
arm_W01,circularity_loa_upper,1,0.11786162312239709,,,,,0.11786162312239709,0.11786162312239709,True
arm_W01,circularity_mae,1,0.04741789257648564,,,,,0.04741789257648564,0.04741789257648564,True
arm_W01,circularity_mape,1,0.06732369641392626,,,,,0.06732369641392626,0.06732369641392626,True
arm_W01,circularity_mape_ci_lower,1,0.05920850947064722,,,,,0.05920850947064722,0.05920850947064722,True
arm_W01,circularity_mape_ci_upper,1,0.07571098747201033,,,,,0.07571098747201033,0.07571098747201033,True
arm_W01,circularity_mape_coverage_adjusted,1,0.44320454192695785,,,,,0.44320454192695785,0.44320454192695785,True
arm_W01,circularity_median_relative_bias,1,0.02956935672330969,,,,,0.02956935672330969,0.02956935672330969,True
arm_W01,circularity_n_cells,1,1902.0,,,,,1902.0,1902.0,True
arm_W01,circularity_relative_bias,1,0.03662914620299135,,,,,0.03662914620299135,0.03662914620299135,True
arm_W01,coverage,1,0.5969868173258004,,,,,0.5969868173258004,0.5969868173258004,True
arm_W01,detection_f1,1,0.7018450184501845,,,,,0.7018450184501845,0.7018450184501845,True
arm_W01,detection_precision,1,0.8513876454789615,,,,,0.8513876454789615,0.8513876454789615,True
arm_W01,detection_recall,1,0.5969868173258004,,,,,0.5969868173258004,0.5969868173258004,True
arm_W01,dry_mass_bootstrap_fields,1,113.0,,,,,113.0,113.0,True
arm_W01,dry_mass_bootstrap_resamples,1,2000.0,,,,,2000.0,2000.0,True
arm_W01,dry_mass_cell_pearson_r,1,0.9274290289993786,,,,,0.9274290289993786,0.9274290289993786,True
arm_W01,dry_mass_cell_pearson_r_ci_lower,1,0.9120809784185765,,,,,0.9120809784185765,0.9120809784185765,True
arm_W01,dry_mass_cell_pearson_r_ci_upper,1,0.9398528864384431,,,,,0.9398528864384431,0.9398528864384431,True
arm_W01,dry_mass_field_total_bias,1,-0.10527426846869671,,,,,-0.10527426846869671,-0.10527426846869671,True
arm_W01,dry_mass_field_total_mape,1,0.13570403329099137,,,,,0.13570403329099137,0.13570403329099137,True
arm_W01,dry_mass_field_total_pearson_r,1,0.9815544748756763,,,,,0.9815544748756763,0.9815544748756763,True
arm_W01,dry_mass_image_pearson_r,1,0.9196004374642572,,,,,0.9196004374642572,0.9196004374642572,True
arm_W01,dry_mass_loa_lower,1,-0.20711988039109375,,,,,-0.20711988039109375,-0.20711988039109375,True
arm_W01,dry_mass_loa_upper,1,0.23931451225418016,,,,,0.23931451225418016,0.23931451225418016,True
arm_W01,dry_mass_mae,1,35.82236653417335,,,,,35.82236653417335,35.82236653417335,True
arm_W01,dry_mass_mape,1,0.18529666583316887,,,,,0.18529666583316887,0.18529666583316887,True
arm_W01,dry_mass_mape_ci_lower,1,0.17345402598801132,,,,,0.17345402598801132,0.17345402598801132,True
arm_W01,dry_mass_mape_ci_upper,1,0.19770417295645532,,,,,0.19770417295645532,0.19770417295645532,True
arm_W01,dry_mass_mape_coverage_adjusted,1,0.5136328494710255,,,,,0.5136328494710255,0.5136328494710255,True
arm_W01,dry_mass_median_relative_bias,1,0.012083206969220587,,,,,0.012083206969220587,0.012083206969220587,True
arm_W01,dry_mass_n_cells,1,1902.0,,,,,1902.0,1902.0,True
arm_W01,dry_mass_n_fields,1,113.0,,,,,113.0,113.0,True
arm_W01,dry_mass_relative_bias,1,0.016097315931543208,,,,,0.016097315931543208,0.016097315931543208,True
arm_W01,false_positive_median_area_um2,1,117.3044739395655,,,,,117.3044739395655,117.3044739395655,True
arm_W01,forward_distance_um,1,33.77,,,,,33.77,33.77,True
arm_W01,forward_residual,1,0.9202375976385269,,,,,0.9202375976385269,0.9202375976385269,True
arm_W01,forward_residual_n,1,113.0,,,,,113.0,113.0,True
arm_W01,forward_residual_ratio,1,0.9972562802325227,,,,,0.9972562802325227,0.9972562802325227,True
arm_W01,forward_residual_reference,1,0.9227694183324291,,,,,0.9227694183324291,0.9227694183324291,True
arm_W01,missed_median_area_um2,1,97.5846626858025,,,,,97.5846626858025,97.5846626858025,True
arm_W01,optical_volume_bootstrap_fields,1,113.0,,,,,113.0,113.0,True
arm_W01,optical_volume_bootstrap_resamples,1,2000.0,,,,,2000.0,2000.0,True
arm_W01,optical_volume_cell_pearson_r,1,0.9274290289993788,,,,,0.9274290289993788,0.9274290289993788,True
arm_W01,optical_volume_cell_pearson_r_ci_lower,1,0.9120809784185766,,,,,0.9120809784185766,0.9120809784185766,True
arm_W01,optical_volume_cell_pearson_r_ci_upper,1,0.9398528864384432,,,,,0.9398528864384432,0.9398528864384432,True
arm_W01,optical_volume_field_total_bias,1,-0.10527426846869675,,,,,-0.10527426846869675,-0.10527426846869675,True
arm_W01,optical_volume_field_total_mape,1,0.1357040332909914,,,,,0.1357040332909914,0.1357040332909914,True
arm_W01,optical_volume_field_total_pearson_r,1,0.981554474875676,,,,,0.981554474875676,0.981554474875676,True
arm_W01,optical_volume_image_pearson_r,1,0.9196004374642573,,,,,0.9196004374642573,0.9196004374642573,True
arm_W01,optical_volume_loa_lower,1,-0.20711988039109372,,,,,-0.20711988039109372,-0.20711988039109372,True
arm_W01,optical_volume_loa_upper,1,0.23931451225418013,,,,,0.23931451225418013,0.23931451225418013,True
arm_W01,optical_volume_mae,1,67.59116128405995,,,,,67.59116128405995,67.59116128405995,True
arm_W01,optical_volume_mape,1,0.18529666583316884,,,,,0.18529666583316884,0.18529666583316884,True
arm_W01,optical_volume_mape_ci_lower,1,0.17345402598801132,,,,,0.17345402598801132,0.17345402598801132,True
arm_W01,optical_volume_mape_ci_upper,1,0.19770417295645532,,,,,0.19770417295645532,0.19770417295645532,True
arm_W01,optical_volume_mape_coverage_adjusted,1,0.5136328494710255,,,,,0.5136328494710255,0.5136328494710255,True
arm_W01,optical_volume_median_relative_bias,1,0.012083206969220661,,,,,0.012083206969220661,0.012083206969220661,True
arm_W01,optical_volume_n_cells,1,1902.0,,,,,1902.0,1902.0,True
arm_W01,optical_volume_n_fields,1,113.0,,,,,113.0,113.0,True
arm_W01,optical_volume_relative_bias,1,0.016097315931543198,,,,,0.016097315931543198,0.016097315931543198,True
arm_W01,phase_bias_rad,1,0.0022936895974799455,,,,,0.0022936895974799455,0.0022936895974799455,True
arm_W01,phase_bias_rad_background,1,0.027768420936092653,,,,,0.027768420936092653,0.027768420936092653,True
arm_W01,phase_bias_rad_in_cell,1,-0.1582248732777296,,,,,-0.1582248732777296,-0.1582248732777296,True
arm_W01,phase_mae_rad,1,0.15826099339575894,,,,,0.15826099339575894,0.15826099339575894,True
arm_W01,phase_mae_rad_background,1,0.14155031582423017,,,,,0.14155031582423017,0.14155031582423017,True
arm_W01,phase_mae_rad_in_cell,1,0.2747449803668841,,,,,0.2747449803668841,0.2747449803668841,True
arm_W01,phase_n_images,1,113.0,,,,,113.0,113.0,True
arm_W01,phase_pearson_r,1,0.8691955883946039,,,,,0.8691955883946039,0.8691955883946039,True
arm_W01,phase_psnr_db,1,31.08700978169525,,,,,31.08700978169525,31.08700978169525,True
arm_W01,phase_rmse_rad,1,0.24289737497880004,,,,,0.24289737497880004,0.24289737497880004,True
arm_W01,phase_ssim,1,0.630362120877325,,,,,0.630362120877325,0.630362120877325,True
arm_W01,seg_aji,1,0.6687310464042299,,,,,0.6687310464042299,0.6687310464042299,True
arm_W01,seg_boundary_f1,1,0.45392882648314037,,,,,0.45392882648314037,0.45392882648314037,True
arm_W01,seg_dice,1,0.8321844988853656,,,,,0.8321844988853656,0.8321844988853656,True
arm_W01,seg_dice_macro,1,0.8321844988853656,,,,,0.8321844988853656,0.8321844988853656,True
arm_W01,seg_instance_count_mape,1,0.3155949561769771,,,,,0.3155949561769771,0.3155949561769771,True
arm_W01,seg_iou,1,0.7125992916612923,,,,,0.7125992916612923,0.7125992916612923,True
arm_W01,seg_n_images,1,113.0,,,,,113.0,113.0,True
arm_W01_membrane,area_bootstrap_fields,1,89.0,,,,,89.0,89.0,True
arm_W01_membrane,area_bootstrap_resamples,1,2000.0,,,,,2000.0,2000.0,True
arm_W01_membrane,area_cell_pearson_r,1,0.8068988752846069,,,,,0.8068988752846069,0.8068988752846069,True
arm_W01_membrane,area_cell_pearson_r_ci_lower,1,0.7479591450509201,,,,,0.7479591450509201,0.7479591450509201,True
arm_W01_membrane,area_cell_pearson_r_ci_upper,1,0.853114861750263,,,,,0.853114861750263,0.853114861750263,True
arm_W01_membrane,area_field_total_bias,1,-0.4603974766083967,,,,,-0.4603974766083967,-0.4603974766083967,True
arm_W01_membrane,area_field_total_mape,1,0.47508531620999184,,,,,0.47508531620999184,0.47508531620999184,True
arm_W01_membrane,area_field_total_pearson_r,1,0.25746885483804915,,,,,0.25746885483804915,0.25746885483804915,True
arm_W01_membrane,area_image_pearson_r,1,0.803267736725569,,,,,0.803267736725569,0.803267736725569,True
arm_W01_membrane,area_loa_lower,1,-0.7245788651052509,,,,,-0.7245788651052509,-0.7245788651052509,True
arm_W01_membrane,area_loa_upper,1,0.010235118133582577,,,,,0.010235118133582577,0.010235118133582577,True
arm_W01_membrane,area_mae,1,229.36788105348157,,,,,229.36788105348157,229.36788105348157,True
arm_W01_membrane,area_mape,1,0.30693669981008986,,,,,0.30693669981008986,0.30693669981008986,True
arm_W01_membrane,area_mape_ci_lower,1,0.2916019610111496,,,,,0.2916019610111496,0.2916019610111496,True
arm_W01_membrane,area_mape_ci_upper,1,0.32259687922357866,,,,,0.32259687922357866,0.32259687922357866,True
arm_W01_membrane,area_mape_coverage_adjusted,1,0.9214889230253618,,,,,0.9214889230253618,0.9214889230253618,True
arm_W01_membrane,area_median_relative_bias,1,-0.39419404125286484,,,,,-0.39419404125286484,-0.39419404125286484,True
arm_W01_membrane,area_n_cells,1,406.0,,,,,406.0,406.0,True
arm_W01_membrane,area_n_fields,1,113.0,,,,,113.0,113.0,True
arm_W01_membrane,area_relative_bias,1,-0.3571718734858342,,,,,-0.3571718734858342,-0.3571718734858342,True
arm_W01_membrane,cell_count_ratio,1,0.6233258928571429,,,,,0.6233258928571429,0.6233258928571429,True
arm_W01_membrane,cells_detected,1,2234.0,,,,,2234.0,2234.0,True
arm_W01_membrane,cells_false_positive,1,1828.0,,,,,1828.0,1828.0,True
arm_W01_membrane,cells_matched,1,406.0,,,,,406.0,406.0,True
arm_W01_membrane,cells_missed,1,3178.0,,,,,3178.0,3178.0,True
arm_W01_membrane,cells_reference,1,3584.0,,,,,3584.0,3584.0,True
arm_W01_membrane,circularity_bootstrap_fields,1,89.0,,,,,89.0,89.0,True
arm_W01_membrane,circularity_bootstrap_resamples,1,2000.0,,,,,2000.0,2000.0,True
arm_W01_membrane,circularity_cell_pearson_r,1,0.3424915156625163,,,,,0.3424915156625163,0.3424915156625163,True
arm_W01_membrane,circularity_cell_pearson_r_ci_lower,1,0.1964486530814283,,,,,0.1964486530814283,0.1964486530814283,True
arm_W01_membrane,circularity_cell_pearson_r_ci_upper,1,0.44877869064702053,,,,,0.44877869064702053,0.44877869064702053,True
arm_W01_membrane,circularity_image_pearson_r,1,0.06794358684016795,,,,,0.06794358684016795,0.06794358684016795,True
arm_W01_membrane,circularity_loa_lower,1,-0.05649417709736482,,,,,-0.05649417709736482,-0.05649417709736482,True
arm_W01_membrane,circularity_loa_upper,1,0.7721193052707317,,,,,0.7721193052707317,0.7721193052707317,True
arm_W01_membrane,circularity_mae,1,0.26483977271721676,,,,,0.26483977271721676,0.26483977271721676,True
arm_W01_membrane,circularity_mape,1,0.5235349684577254,,,,,0.5235349684577254,0.5235349684577254,True
arm_W01_membrane,circularity_mape_ci_lower,1,0.4603216629892398,,,,,0.4603216629892398,0.4603216629892398,True
arm_W01_membrane,circularity_mape_ci_upper,1,0.587939342666151,,,,,0.587939342666151,0.587939342666151,True
arm_W01_membrane,circularity_mape_coverage_adjusted,1,0.9460254456456016,,,,,0.9460254456456016,0.9460254456456016,True
arm_W01_membrane,circularity_median_relative_bias,1,0.34891761617434325,,,,,0.34891761617434325,0.34891761617434325,True
arm_W01_membrane,circularity_n_cells,1,406.0,,,,,406.0,406.0,True
arm_W01_membrane,circularity_relative_bias,1,0.35781256408668344,,,,,0.35781256408668344,0.35781256408668344,True
arm_W01_membrane,coverage,1,0.11328125,,,,,0.11328125,0.11328125,True
arm_W01_membrane,detection_f1,1,0.13956686146442077,,,,,0.13956686146442077,0.13956686146442077,True
arm_W01_membrane,detection_precision,1,0.18173679498657117,,,,,0.18173679498657117,0.18173679498657117,True
arm_W01_membrane,detection_recall,1,0.11328125,,,,,0.11328125,0.11328125,True
arm_W01_membrane,dry_mass_bootstrap_fields,1,89.0,,,,,89.0,89.0,True
arm_W01_membrane,dry_mass_bootstrap_resamples,1,2000.0,,,,,2000.0,2000.0,True
arm_W01_membrane,dry_mass_cell_pearson_r,1,0.9310695924595332,,,,,0.9310695924595332,0.9310695924595332,True
arm_W01_membrane,dry_mass_cell_pearson_r_ci_lower,1,0.9117769211735223,,,,,0.9117769211735223,0.9117769211735223,True
arm_W01_membrane,dry_mass_cell_pearson_r_ci_upper,1,0.946265722856386,,,,,0.946265722856386,0.946265722856386,True
arm_W01_membrane,dry_mass_field_total_bias,1,0.6313698453934001,,,,,0.6313698453934001,0.6313698453934001,True
arm_W01_membrane,dry_mass_field_total_mape,1,0.6313698453934001,,,,,0.6313698453934001,0.6313698453934001,True
arm_W01_membrane,dry_mass_field_total_pearson_r,1,0.872673354422076,,,,,0.872673354422076,0.872673354422076,True
arm_W01_membrane,dry_mass_image_pearson_r,1,0.9441128815953554,,,,,0.9441128815953554,0.9441128815953554,True
arm_W01_membrane,dry_mass_loa_lower,1,-0.20327166308737327,,,,,-0.20327166308737327,-0.20327166308737327,True
arm_W01_membrane,dry_mass_loa_upper,1,0.3672419561514743,,,,,0.3672419561514743,0.3672419561514743,True
arm_W01_membrane,dry_mass_mae,1,40.52669475843617,,,,,40.52669475843617,40.52669475843617,True
arm_W01_membrane,dry_mass_mape,1,0.18476319654034443,,,,,0.18476319654034443,0.18476319654034443,True
arm_W01_membrane,dry_mass_mape_ci_lower,1,0.16643319961672323,,,,,0.16643319961672323,0.16643319961672323,True
arm_W01_membrane,dry_mass_mape_ci_upper,1,0.2041970625072853,,,,,0.2041970625072853,0.2041970625072853,True
arm_W01_membrane,dry_mass_mape_coverage_adjusted,1,0.9076489558580859,,,,,0.9076489558580859,0.9076489558580859,True
arm_W01_membrane,dry_mass_median_relative_bias,1,0.0684452120780493,,,,,0.0684452120780493,0.0684452120780493,True
arm_W01_membrane,dry_mass_n_cells,1,406.0,,,,,406.0,406.0,True
arm_W01_membrane,dry_mass_n_fields,1,113.0,,,,,113.0,113.0,True
arm_W01_membrane,dry_mass_relative_bias,1,0.08198514653205054,,,,,0.08198514653205054,0.08198514653205054,True
arm_W01_membrane,false_positive_median_area_um2,1,372.5258994255105,,,,,372.5258994255105,372.5258994255105,True
arm_W01_membrane,forward_distance_um,1,33.77,,,,,33.77,33.77,True
arm_W01_membrane,forward_residual,1,0.9202372394831835,,,,,0.9202372394831835,0.9202372394831835,True
arm_W01_membrane,forward_residual_n,1,113.0,,,,,113.0,113.0,True
arm_W01_membrane,forward_residual_ratio,1,0.9972558921016026,,,,,0.9972558921016026,0.9972558921016026,True
arm_W01_membrane,forward_residual_reference,1,0.9227694183324291,,,,,0.9227694183324291,0.9227694183324291,True
arm_W01_membrane,missed_median_area_um2,1,146.1944031837615,,,,,146.1944031837615,146.1944031837615,True
arm_W01_membrane,optical_volume_bootstrap_fields,1,89.0,,,,,89.0,89.0,True
arm_W01_membrane,optical_volume_bootstrap_resamples,1,2000.0,,,,,2000.0,2000.0,True
arm_W01_membrane,optical_volume_cell_pearson_r,1,0.9310695924595332,,,,,0.9310695924595332,0.9310695924595332,True
arm_W01_membrane,optical_volume_cell_pearson_r_ci_lower,1,0.9117769211735222,,,,,0.9117769211735222,0.9117769211735222,True
arm_W01_membrane,optical_volume_cell_pearson_r_ci_upper,1,0.946265722856386,,,,,0.946265722856386,0.946265722856386,True
arm_W01_membrane,optical_volume_field_total_bias,1,0.6313698453934001,,,,,0.6313698453934001,0.6313698453934001,True
arm_W01_membrane,optical_volume_field_total_mape,1,0.6313698453934001,,,,,0.6313698453934001,0.6313698453934001,True
arm_W01_membrane,optical_volume_field_total_pearson_r,1,0.8726733544220762,,,,,0.8726733544220762,0.8726733544220762,True
arm_W01_membrane,optical_volume_image_pearson_r,1,0.9441128815953559,,,,,0.9441128815953559,0.9441128815953559,True
arm_W01_membrane,optical_volume_loa_lower,1,-0.20327166308737324,,,,,-0.20327166308737324,-0.20327166308737324,True
arm_W01_membrane,optical_volume_loa_upper,1,0.36724195615147437,,,,,0.36724195615147437,0.36724195615147437,True
arm_W01_membrane,optical_volume_mae,1,76.46748740383126,,,,,76.46748740383126,76.46748740383126,True
arm_W01_membrane,optical_volume_mape,1,0.18476319654034443,,,,,0.18476319654034443,0.18476319654034443,True
arm_W01_membrane,optical_volume_mape_ci_lower,1,0.16643319961672323,,,,,0.16643319961672323,0.16643319961672323,True
arm_W01_membrane,optical_volume_mape_ci_upper,1,0.2041970625072853,,,,,0.2041970625072853,0.2041970625072853,True
arm_W01_membrane,optical_volume_mape_coverage_adjusted,1,0.9076489558580859,,,,,0.9076489558580859,0.9076489558580859,True
arm_W01_membrane,optical_volume_median_relative_bias,1,0.06844521207804935,,,,,0.06844521207804935,0.06844521207804935,True
arm_W01_membrane,optical_volume_n_cells,1,406.0,,,,,406.0,406.0,True
arm_W01_membrane,optical_volume_n_fields,1,113.0,,,,,113.0,113.0,True
arm_W01_membrane,optical_volume_relative_bias,1,0.08198514653205055,,,,,0.08198514653205055,0.08198514653205055,True
arm_W01_membrane,phase_bias_rad,1,0.00228519505140963,,,,,0.00228519505140963,0.00228519505140963,True
arm_W01_membrane,phase_bias_rad_background,1,0.004529213715670218,,,,,0.004529213715670218,0.004529213715670218,True
arm_W01_membrane,phase_bias_rad_in_cell,1,-0.004537166713374312,,,,,-0.004537166713374312,-0.004537166713374312,True
arm_W01_membrane,phase_mae_rad,1,0.1582606736801367,,,,,0.1582606736801367,0.1582606736801367,True
arm_W01_membrane,phase_mae_rad_background,1,0.15915420005279304,,,,,0.15915420005279304,0.15915420005279304,True
arm_W01_membrane,phase_mae_rad_in_cell,1,0.15535494988471005,,,,,0.15535494988471005,0.15535494988471005,True
arm_W01_membrane,phase_n_images,1,113.0,,,,,113.0,113.0,True
arm_W01_membrane,phase_pearson_r,1,0.8691968094986097,,,,,0.8691968094986097,0.8691968094986097,True
arm_W01_membrane,phase_psnr_db,1,31.087036977067466,,,,,31.087036977067466,31.087036977067466,True
arm_W01_membrane,phase_rmse_rad,1,0.24289662163774312,,,,,0.24289662163774312,0.24289662163774312,True
arm_W01_membrane,phase_ssim,1,0.6303657343429802,,,,,0.6303657343429802,0.6303657343429802,True
arm_W01_membrane,seg_aji,1,0.23698094340949566,,,,,0.23698094340949566,0.23698094340949566,True
arm_W01_membrane,seg_boundary_f1,1,0.06345749912049245,,,,,0.06345749912049245,0.06345749912049245,True
arm_W01_membrane,seg_dice,1,0.5026482871329824,,,,,0.5026482871329824,0.5026482871329824,True
arm_W01_membrane,seg_dice_macro,1,0.5026482871329824,,,,,0.5026482871329824,0.5026482871329824,True
arm_W01_membrane,seg_instance_count_mape,1,0.5899678036144685,,,,,0.5899678036144685,0.5899678036144685,True
arm_W01_membrane,seg_iou,1,0.3356915297946593,,,,,0.3356915297946593,0.3356915297946593,True
arm_W01_membrane,seg_n_images,1,113.0,,,,,113.0,113.0,True
arm_W03,area_bootstrap_fields,1,113.0,,,,,113.0,113.0,True
arm_W03,area_bootstrap_resamples,1,2000.0,,,,,2000.0,2000.0,True
arm_W03,area_cell_pearson_r,1,0.8989545964970389,,,,,0.8989545964970389,0.8989545964970389,True
arm_W03,area_cell_pearson_r_ci_lower,1,0.8849072314967482,,,,,0.8849072314967482,0.8849072314967482,True
arm_W03,area_cell_pearson_r_ci_upper,1,0.9130824281470656,,,,,0.9130824281470656,0.9130824281470656,True
arm_W03,area_field_total_bias,1,-0.09184622456052327,,,,,-0.09184622456052327,-0.09184622456052327,True
arm_W03,area_field_total_mape,1,0.15780803751540023,,,,,0.15780803751540023,0.15780803751540023,True
arm_W03,area_field_total_pearson_r,1,0.9320135109844269,,,,,0.9320135109844269,0.9320135109844269,True
arm_W03,area_image_pearson_r,1,0.8332899181782176,,,,,0.8332899181782176,0.8332899181782176,True
arm_W03,area_loa_lower,1,-0.15717943066419623,,,,,-0.15717943066419623,-0.15717943066419623,True
arm_W03,area_loa_upper,1,0.25855517297622715,,,,,0.25855517297622715,0.25855517297622715,True
arm_W03,area_mae,1,58.613743685246426,,,,,58.613743685246426,58.613743685246426,True
arm_W03,area_mape,1,0.1574560938630767,,,,,0.1574560938630767,0.1574560938630767,True
arm_W03,area_mape_ci_lower,1,0.14902026945901434,,,,,0.14902026945901434,0.14902026945901434,True
arm_W03,area_mape_ci_upper,1,0.16625341964090604,,,,,0.16625341964090604,0.16625341964090604,True
arm_W03,area_mape_coverage_adjusted,1,0.5001858183933506,,,,,0.5001858183933506,0.5001858183933506,True
arm_W03,area_median_relative_bias,1,0.05202898006681942,,,,,0.05202898006681942,0.05202898006681942,True
arm_W03,area_n_cells,1,1890.0,,,,,1890.0,1890.0,True
arm_W03,area_n_fields,1,113.0,,,,,113.0,113.0,True
arm_W03,area_relative_bias,1,0.05068787115601545,,,,,0.05068787115601545,0.05068787115601545,True
arm_W03,cell_count_ratio,1,0.7065285624607659,,,,,0.7065285624607659,0.7065285624607659,True
arm_W03,cells_detected,1,2251.0,,,,,2251.0,2251.0,True
arm_W03,cells_false_positive,1,361.0,,,,,361.0,361.0,True
arm_W03,cells_matched,1,1890.0,,,,,1890.0,1890.0,True
arm_W03,cells_missed,1,1296.0,,,,,1296.0,1296.0,True
arm_W03,cells_reference,1,3186.0,,,,,3186.0,3186.0,True
arm_W03,circularity_bootstrap_fields,1,113.0,,,,,113.0,113.0,True
arm_W03,circularity_bootstrap_resamples,1,2000.0,,,,,2000.0,2000.0,True
arm_W03,circularity_cell_pearson_r,1,0.8645534646679045,,,,,0.8645534646679045,0.8645534646679045,True
arm_W03,circularity_cell_pearson_r_ci_lower,1,0.844529556130377,,,,,0.844529556130377,0.844529556130377,True
arm_W03,circularity_cell_pearson_r_ci_upper,1,0.8830948159557307,,,,,0.8830948159557307,0.8830948159557307,True
arm_W03,circularity_image_pearson_r,1,0.9173508265032613,,,,,0.9173508265032613,0.9173508265032613,True
arm_W03,circularity_loa_lower,1,-0.049023024590106656,,,,,-0.049023024590106656,-0.049023024590106656,True
arm_W03,circularity_loa_upper,1,0.10766498757038998,,,,,0.10766498757038998,0.10766498757038998,True
arm_W03,circularity_mae,1,0.0457065037667286,,,,,0.0457065037667286,0.0457065037667286,True
arm_W03,circularity_mape,1,0.06419462340124059,,,,,0.06419462340124059,0.06419462340124059,True
arm_W03,circularity_mape_ci_lower,1,0.0568392937764111,,,,,0.0568392937764111,0.0568392937764111,True
arm_W03,circularity_mape_ci_upper,1,0.0719220247785037,,,,,0.0719220247785037,0.0719220247785037,True
arm_W03,circularity_mape_coverage_adjusted,1,0.4448612172719224,,,,,0.4448612172719224,0.4448612172719224,True
arm_W03,circularity_median_relative_bias,1,0.02069933249319298,,,,,0.02069933249319298,0.02069933249319298,True
arm_W03,circularity_n_cells,1,1890.0,,,,,1890.0,1890.0,True
arm_W03,circularity_relative_bias,1,0.029320981490141656,,,,,0.029320981490141656,0.029320981490141656,True
arm_W03,coverage,1,0.5932203389830508,,,,,0.5932203389830508,0.5932203389830508,True
arm_W03,detection_f1,1,0.6952363435718227,,,,,0.6952363435718227,0.6952363435718227,True
arm_W03,detection_precision,1,0.8396268325188805,,,,,0.8396268325188805,0.8396268325188805,True
arm_W03,detection_recall,1,0.5932203389830508,,,,,0.5932203389830508,0.5932203389830508,True
arm_W03,dry_mass_bootstrap_fields,1,113.0,,,,,113.0,113.0,True
arm_W03,dry_mass_bootstrap_resamples,1,2000.0,,,,,2000.0,2000.0,True
arm_W03,dry_mass_cell_pearson_r,1,0.9336653401417121,,,,,0.9336653401417121,0.9336653401417121,True
arm_W03,dry_mass_cell_pearson_r_ci_lower,1,0.9219451843916318,,,,,0.9219451843916318,0.9219451843916318,True
arm_W03,dry_mass_cell_pearson_r_ci_upper,1,0.9436944836234497,,,,,0.9436944836234497,0.9436944836234497,True
arm_W03,dry_mass_field_total_bias,1,-0.163862094912256,,,,,-0.163862094912256,-0.163862094912256,True
arm_W03,dry_mass_field_total_mape,1,0.17842984999907432,,,,,0.17842984999907432,0.17842984999907432,True
arm_W03,dry_mass_field_total_pearson_r,1,0.9870201654808671,,,,,0.9870201654808671,0.9870201654808671,True
arm_W03,dry_mass_image_pearson_r,1,0.9477497828143897,,,,,0.9477497828143897,0.9477497828143897,True
arm_W03,dry_mass_loa_lower,1,-0.24264620660247563,,,,,-0.24264620660247563,-0.24264620660247563,True
arm_W03,dry_mass_loa_upper,1,0.1571739054259226,,,,,0.1571739054259226,0.1571739054259226,True
arm_W03,dry_mass_mae,1,37.75794098152565,,,,,37.75794098152565,37.75794098152565,True
arm_W03,dry_mass_mape,1,0.18277592593045752,,,,,0.18277592593045752,0.18277592593045752,True
arm_W03,dry_mass_mape_ci_lower,1,0.17292502086736694,,,,,0.17292502086736694,0.17292502086736694,True
arm_W03,dry_mass_mape_ci_upper,1,0.19259708519394125,,,,,0.19259708519394125,0.19259708519394125,True
arm_W03,dry_mass_mape_coverage_adjusted,1,0.5152060577553562,,,,,0.5152060577553562,0.5152060577553562,True
arm_W03,dry_mass_median_relative_bias,1,-0.04099702320256294,,,,,-0.04099702320256294,-0.04099702320256294,True
arm_W03,dry_mass_n_cells,1,1890.0,,,,,1890.0,1890.0,True
arm_W03,dry_mass_n_fields,1,113.0,,,,,113.0,113.0,True
arm_W03,dry_mass_relative_bias,1,-0.04273615058827651,,,,,-0.04273615058827651,-0.04273615058827651,True
arm_W03,false_positive_median_area_um2,1,125.70365280690899,,,,,125.70365280690899,125.70365280690899,True
arm_W03,forward_distance_um,1,33.77,,,,,33.77,33.77,True
arm_W03,forward_residual,1,0.9208796156191192,,,,,0.9208796156191192,0.9208796156191192,True
arm_W03,forward_residual_n,1,113.0,,,,,113.0,113.0,True
arm_W03,forward_residual_ratio,1,0.9979520314872106,,,,,0.9979520314872106,0.9979520314872106,True
arm_W03,forward_residual_reference,1,0.9227694183324291,,,,,0.9227694183324291,0.9227694183324291,True
arm_W03,missed_median_area_um2,1,98.51790478217399,,,,,98.51790478217399,98.51790478217399,True
arm_W03,optical_volume_bootstrap_fields,1,113.0,,,,,113.0,113.0,True
arm_W03,optical_volume_bootstrap_resamples,1,2000.0,,,,,2000.0,2000.0,True
arm_W03,optical_volume_cell_pearson_r,1,0.933665340141712,,,,,0.933665340141712,0.933665340141712,True
arm_W03,optical_volume_cell_pearson_r_ci_lower,1,0.921945184391632,,,,,0.921945184391632,0.921945184391632,True
arm_W03,optical_volume_cell_pearson_r_ci_upper,1,0.9436944836234497,,,,,0.9436944836234497,0.9436944836234497,True
arm_W03,optical_volume_field_total_bias,1,-0.163862094912256,,,,,-0.163862094912256,-0.163862094912256,True
arm_W03,optical_volume_field_total_mape,1,0.17842984999907432,,,,,0.17842984999907432,0.17842984999907432,True
arm_W03,optical_volume_field_total_pearson_r,1,0.9870201654808671,,,,,0.9870201654808671,0.9870201654808671,True
arm_W03,optical_volume_image_pearson_r,1,0.9477497828143899,,,,,0.9477497828143899,0.9477497828143899,True
arm_W03,optical_volume_loa_lower,1,-0.24264620660247563,,,,,-0.24264620660247563,-0.24264620660247563,True
arm_W03,optical_volume_loa_upper,1,0.1571739054259226,,,,,0.1571739054259226,0.1571739054259226,True
arm_W03,optical_volume_mae,1,71.24328528662939,,,,,71.24328528662939,71.24328528662939,True
arm_W03,optical_volume_mape,1,0.18277592593045752,,,,,0.18277592593045752,0.18277592593045752,True
arm_W03,optical_volume_mape_ci_lower,1,0.17292502086736694,,,,,0.17292502086736694,0.17292502086736694,True
arm_W03,optical_volume_mape_ci_upper,1,0.19259708519394125,,,,,0.19259708519394125,0.19259708519394125,True
arm_W03,optical_volume_mape_coverage_adjusted,1,0.5152060577553562,,,,,0.5152060577553562,0.5152060577553562,True
arm_W03,optical_volume_median_relative_bias,1,-0.040997023202562995,,,,,-0.040997023202562995,-0.040997023202562995,True
arm_W03,optical_volume_n_cells,1,1890.0,,,,,1890.0,1890.0,True
arm_W03,optical_volume_n_fields,1,113.0,,,,,113.0,113.0,True
arm_W03,optical_volume_relative_bias,1,-0.04273615058827651,,,,,-0.04273615058827651,-0.04273615058827651,True
arm_W03,phase_bias_rad,1,-0.005448735003845496,,,,,-0.005448735003845496,-0.005448735003845496,True
arm_W03,phase_bias_rad_background,1,0.027058055179309003,,,,,0.027058055179309003,0.027058055179309003,True
arm_W03,phase_bias_rad_in_cell,1,-0.21014795317190937,,,,,-0.21014795317190937,-0.21014795317190937,True
arm_W03,phase_mae_rad,1,0.16101799852552667,,,,,0.16101799852552667,0.16101799852552667,True
arm_W03,phase_mae_rad_background,1,0.14287626763096953,,,,,0.14287626763096953,0.14287626763096953,True
arm_W03,phase_mae_rad_in_cell,1,0.28698056896703433,,,,,0.28698056896703433,0.28698056896703433,True
arm_W03,phase_n_images,1,113.0,,,,,113.0,113.0,True
arm_W03,phase_pearson_r,1,0.8670939903343673,,,,,0.8670939903343673,0.8670939903343673,True
arm_W03,phase_psnr_db,1,30.96154352875772,,,,,30.96154352875772,30.96154352875772,True
arm_W03,phase_rmse_rad,1,0.24700841021808237,,,,,0.24700841021808237,0.24700841021808237,True
arm_W03,phase_ssim,1,0.6306310160233911,,,,,0.6306310160233911,0.6306310160233911,True
arm_W03,seg_aji,1,0.6673335383056694,,,,,0.6673335383056694,0.6673335383056694,True
arm_W03,seg_boundary_f1,1,0.45381834942807214,,,,,0.45381834942807214,0.45381834942807214,True
arm_W03,seg_dice,1,0.8319193893492112,,,,,0.8319193893492112,0.8319193893492112,True
arm_W03,seg_dice_macro,1,0.8319193893492112,,,,,0.8319193893492112,0.8319193893492112,True
arm_W03,seg_instance_count_mape,1,0.3003645018044068,,,,,0.3003645018044068,0.3003645018044068,True
arm_W03,seg_iou,1,0.712210597251257,,,,,0.712210597251257,0.712210597251257,True
arm_W03,seg_n_images,1,113.0,,,,,113.0,113.0,True
arm_W03_membrane,area_bootstrap_fields,1,86.0,,,,,86.0,86.0,True
arm_W03_membrane,area_bootstrap_resamples,1,2000.0,,,,,2000.0,2000.0,True
arm_W03_membrane,area_cell_pearson_r,1,0.8042125596204963,,,,,0.8042125596204963,0.8042125596204963,True
arm_W03_membrane,area_cell_pearson_r_ci_lower,1,0.7475768605340777,,,,,0.7475768605340777,0.7475768605340777,True
arm_W03_membrane,area_cell_pearson_r_ci_upper,1,0.8534555572505247,,,,,0.8534555572505247,0.8534555572505247,True
arm_W03_membrane,area_field_total_bias,1,-0.4621299573094419,,,,,-0.4621299573094419,-0.4621299573094419,True
arm_W03_membrane,area_field_total_mape,1,0.47562689269786224,,,,,0.47562689269786224,0.47562689269786224,True
arm_W03_membrane,area_field_total_pearson_r,1,0.26488449896948363,,,,,0.26488449896948363,0.26488449896948363,True
arm_W03_membrane,area_image_pearson_r,1,0.7858305011884003,,,,,0.7858305011884003,0.7858305011884003,True
arm_W03_membrane,area_loa_lower,1,-0.7227695145014994,,,,,-0.7227695145014994,-0.7227695145014994,True
arm_W03_membrane,area_loa_upper,1,0.012680991692490429,,,,,0.012680991692490429,0.012680991692490429,True
arm_W03_membrane,area_mae,1,229.5360363421308,,,,,229.5360363421308,229.5360363421308,True
arm_W03_membrane,area_mape,1,0.31036503665612136,,,,,0.31036503665612136,0.31036503665612136,True
arm_W03_membrane,area_mape_ci_lower,1,0.2952753884938185,,,,,0.2952753884938185,0.2952753884938185,True
arm_W03_membrane,area_mape_ci_upper,1,0.3268682197069196,,,,,0.3268682197069196,0.3268682197069196,True
arm_W03_membrane,area_mape_coverage_adjusted,1,0.9255332782326783,,,,,0.9255332782326783,0.9255332782326783,True
arm_W03_membrane,area_median_relative_bias,1,-0.3832024532925445,,,,,-0.3832024532925445,-0.3832024532925445,True
arm_W03_membrane,area_n_cells,1,387.0,,,,,387.0,387.0,True
arm_W03_membrane,area_n_fields,1,113.0,,,,,113.0,113.0,True
arm_W03_membrane,area_relative_bias,1,-0.35504426140450446,,,,,-0.35504426140450446,-0.35504426140450446,True
arm_W03_membrane,cell_count_ratio,1,0.6280691964285714,,,,,0.6280691964285714,0.6280691964285714,True
arm_W03_membrane,cells_detected,1,2251.0,,,,,2251.0,2251.0,True
arm_W03_membrane,cells_false_positive,1,1864.0,,,,,1864.0,1864.0,True
arm_W03_membrane,cells_matched,1,387.0,,,,,387.0,387.0,True
arm_W03_membrane,cells_missed,1,3197.0,,,,,3197.0,3197.0,True
arm_W03_membrane,cells_reference,1,3584.0,,,,,3584.0,3584.0,True
arm_W03_membrane,circularity_bootstrap_fields,1,86.0,,,,,86.0,86.0,True
arm_W03_membrane,circularity_bootstrap_resamples,1,2000.0,,,,,2000.0,2000.0,True
arm_W03_membrane,circularity_cell_pearson_r,1,0.3504080493857903,,,,,0.3504080493857903,0.3504080493857903,True
arm_W03_membrane,circularity_cell_pearson_r_ci_lower,1,0.20482943777280535,,,,,0.20482943777280535,0.20482943777280535,True
arm_W03_membrane,circularity_cell_pearson_r_ci_upper,1,0.4489007580634969,,,,,0.4489007580634969,0.4489007580634969,True
arm_W03_membrane,circularity_image_pearson_r,1,0.14134955363022136,,,,,0.14134955363022136,0.14134955363022136,True
arm_W03_membrane,circularity_loa_lower,1,-0.037783740450405556,,,,,-0.037783740450405556,-0.037783740450405556,True
arm_W03_membrane,circularity_loa_upper,1,0.7658174868056515,,,,,0.7658174868056515,0.7658174868056515,True
arm_W03_membrane,circularity_mae,1,0.26259820207354695,,,,,0.26259820207354695,0.26259820207354695,True
arm_W03_membrane,circularity_mape,1,0.5111282615553313,,,,,0.5111282615553313,0.5111282615553313,True
arm_W03_membrane,circularity_mape_ci_lower,1,0.449999556226864,,,,,0.449999556226864,0.449999556226864,True
arm_W03_membrane,circularity_mape_ci_upper,1,0.5767111870515252,,,,,0.5767111870515252,0.5767111870515252,True
arm_W03_membrane,circularity_mape_coverage_adjusted,1,0.9472116733320071,,,,,0.9472116733320071,0.9472116733320071,True
arm_W03_membrane,circularity_median_relative_bias,1,0.37002846770269676,,,,,0.37002846770269676,0.37002846770269676,True
arm_W03_membrane,circularity_n_cells,1,387.0,,,,,387.0,387.0,True
arm_W03_membrane,circularity_relative_bias,1,0.364016873177623,,,,,0.364016873177623,0.364016873177623,True
arm_W03_membrane,coverage,1,0.10797991071428571,,,,,0.10797991071428571,0.10797991071428571,True
arm_W03_membrane,detection_f1,1,0.1326478149100257,,,,,0.1326478149100257,0.1326478149100257,True
arm_W03_membrane,detection_precision,1,0.17192358951577077,,,,,0.17192358951577077,0.17192358951577077,True
arm_W03_membrane,detection_recall,1,0.10797991071428571,,,,,0.10797991071428571,0.10797991071428571,True
arm_W03_membrane,dry_mass_bootstrap_fields,1,86.0,,,,,86.0,86.0,True
arm_W03_membrane,dry_mass_bootstrap_resamples,1,2000.0,,,,,2000.0,2000.0,True
arm_W03_membrane,dry_mass_cell_pearson_r,1,0.9380018843175733,,,,,0.9380018843175733,0.9380018843175733,True
arm_W03_membrane,dry_mass_cell_pearson_r_ci_lower,1,0.9154636621730754,,,,,0.9154636621730754,0.9154636621730754,True
arm_W03_membrane,dry_mass_cell_pearson_r_ci_upper,1,0.9544385004245408,,,,,0.9544385004245408,0.9544385004245408,True
arm_W03_membrane,dry_mass_field_total_bias,1,0.5220446163995357,,,,,0.5220446163995357,0.5220446163995357,True
arm_W03_membrane,dry_mass_field_total_mape,1,0.5220446163995357,,,,,0.5220446163995357,0.5220446163995357,True
arm_W03_membrane,dry_mass_field_total_pearson_r,1,0.877673542720718,,,,,0.877673542720718,0.877673542720718,True
arm_W03_membrane,dry_mass_image_pearson_r,1,0.9572037610601654,,,,,0.9572037610601654,0.9572037610601654,True
arm_W03_membrane,dry_mass_loa_lower,1,-0.26168413677724905,,,,,-0.26168413677724905,-0.26168413677724905,True
arm_W03_membrane,dry_mass_loa_upper,1,0.2749352475748495,,,,,0.2749352475748495,0.2749352475748495,True
arm_W03_membrane,dry_mass_mae,1,38.798203249877396,,,,,38.798203249877396,38.798203249877396,True
arm_W03_membrane,dry_mass_mape,1,0.16536555456943355,,,,,0.16536555456943355,0.16536555456943355,True
arm_W03_membrane,dry_mass_mape_ci_lower,1,0.14677055022319074,,,,,0.14677055022319074,0.14677055022319074,True
arm_W03_membrane,dry_mass_mape_ci_upper,1,0.18767260056686128,,,,,0.18767260056686128,0.18767260056686128,True
arm_W03_membrane,dry_mass_mape_coverage_adjusted,1,0.90987624710334,,,,,0.90987624710334,0.90987624710334,True
arm_W03_membrane,dry_mass_median_relative_bias,1,-0.018129003593523776,,,,,-0.018129003593523776,-0.018129003593523776,True
arm_W03_membrane,dry_mass_n_cells,1,387.0,,,,,387.0,387.0,True
arm_W03_membrane,dry_mass_n_fields,1,113.0,,,,,113.0,113.0,True
arm_W03_membrane,dry_mass_relative_bias,1,0.006625555398800224,,,,,0.006625555398800224,0.006625555398800224,True
arm_W03_membrane,false_positive_median_area_um2,1,371.9578390190235,,,,,371.9578390190235,371.9578390190235,True
arm_W03_membrane,forward_distance_um,1,33.77,,,,,33.77,33.77,True
arm_W03_membrane,forward_residual,1,0.9208796156191192,,,,,0.9208796156191192,0.9208796156191192,True
arm_W03_membrane,forward_residual_n,1,113.0,,,,,113.0,113.0,True
arm_W03_membrane,forward_residual_ratio,1,0.9979520314872106,,,,,0.9979520314872106,0.9979520314872106,True
arm_W03_membrane,forward_residual_reference,1,0.9227694183324291,,,,,0.9227694183324291,0.9227694183324291,True
arm_W03_membrane,missed_median_area_um2,1,148.426069066389,,,,,148.426069066389,148.426069066389,True
arm_W03_membrane,optical_volume_bootstrap_fields,1,86.0,,,,,86.0,86.0,True
arm_W03_membrane,optical_volume_bootstrap_resamples,1,2000.0,,,,,2000.0,2000.0,True
arm_W03_membrane,optical_volume_cell_pearson_r,1,0.9380018843175734,,,,,0.9380018843175734,0.9380018843175734,True
arm_W03_membrane,optical_volume_cell_pearson_r_ci_lower,1,0.9154636621730754,,,,,0.9154636621730754,0.9154636621730754,True
arm_W03_membrane,optical_volume_cell_pearson_r_ci_upper,1,0.9544385004245406,,,,,0.9544385004245406,0.9544385004245406,True
arm_W03_membrane,optical_volume_field_total_bias,1,0.5220446163995358,,,,,0.5220446163995358,0.5220446163995358,True
arm_W03_membrane,optical_volume_field_total_mape,1,0.5220446163995358,,,,,0.5220446163995358,0.5220446163995358,True
arm_W03_membrane,optical_volume_field_total_pearson_r,1,0.877673542720718,,,,,0.877673542720718,0.877673542720718,True
arm_W03_membrane,optical_volume_image_pearson_r,1,0.9572037610601646,,,,,0.9572037610601646,0.9572037610601646,True
arm_W03_membrane,optical_volume_loa_lower,1,-0.2616841367772491,,,,,-0.2616841367772491,-0.2616841367772491,True
arm_W03_membrane,optical_volume_loa_upper,1,0.27493524757484955,,,,,0.27493524757484955,0.27493524757484955,True
arm_W03_membrane,optical_volume_mae,1,73.20609627765671,,,,,73.20609627765671,73.20609627765671,True
arm_W03_membrane,optical_volume_mape,1,0.16536555456943355,,,,,0.16536555456943355,0.16536555456943355,True
arm_W03_membrane,optical_volume_mape_ci_lower,1,0.14677055022319074,,,,,0.14677055022319074,0.14677055022319074,True
arm_W03_membrane,optical_volume_mape_ci_upper,1,0.18767260056686128,,,,,0.18767260056686128,0.18767260056686128,True
arm_W03_membrane,optical_volume_mape_coverage_adjusted,1,0.90987624710334,,,,,0.90987624710334,0.90987624710334,True
arm_W03_membrane,optical_volume_median_relative_bias,1,-0.01812900359352386,,,,,-0.01812900359352386,-0.01812900359352386,True
arm_W03_membrane,optical_volume_n_cells,1,387.0,,,,,387.0,387.0,True
arm_W03_membrane,optical_volume_n_fields,1,113.0,,,,,113.0,113.0,True
arm_W03_membrane,optical_volume_relative_bias,1,0.006625555398800218,,,,,0.006625555398800218,0.006625555398800218,True
arm_W03_membrane,phase_bias_rad,1,-0.005448735003845496,,,,,-0.005448735003845496,-0.005448735003845496,True
arm_W03_membrane,phase_bias_rad_background,1,0.0006161099084729197,,,,,0.0006161099084729197,0.0006161099084729197,True
arm_W03_membrane,phase_bias_rad_in_cell,1,-0.024766298535844493,,,,,-0.024766298535844493,-0.024766298535844493,True
arm_W03_membrane,phase_mae_rad,1,0.16101799852552667,,,,,0.16101799852552667,0.16101799852552667,True
arm_W03_membrane,phase_mae_rad_background,1,0.16138738974005776,,,,,0.16138738974005776,0.16138738974005776,True
arm_W03_membrane,phase_mae_rad_in_cell,1,0.15991118009638997,,,,,0.15991118009638997,0.15991118009638997,True
arm_W03_membrane,phase_n_images,1,113.0,,,,,113.0,113.0,True
arm_W03_membrane,phase_pearson_r,1,0.8670939903343673,,,,,0.8670939903343673,0.8670939903343673,True
arm_W03_membrane,phase_psnr_db,1,30.96154352875772,,,,,30.96154352875772,30.96154352875772,True
arm_W03_membrane,phase_rmse_rad,1,0.24700841021808237,,,,,0.24700841021808237,0.24700841021808237,True
arm_W03_membrane,phase_ssim,1,0.6306310160233911,,,,,0.6306310160233911,0.6306310160233911,True
arm_W03_membrane,seg_aji,1,0.23584928288206677,,,,,0.23584928288206677,0.23584928288206677,True
arm_W03_membrane,seg_boundary_f1,1,0.06360961879133778,,,,,0.06360961879133778,0.06360961879133778,True
arm_W03_membrane,seg_dice,1,0.5021015102873528,,,,,0.5021015102873528,0.5021015102873528,True
arm_W03_membrane,seg_dice_macro,1,0.5021015102873528,,,,,0.5021015102873528,0.5021015102873528,True
arm_W03_membrane,seg_instance_count_mape,1,0.585886406855372,,,,,0.585886406855372,0.585886406855372,True
arm_W03_membrane,seg_iou,1,0.33520396324297974,,,,,0.33520396324297974,0.33520396324297974,True
arm_W03_membrane,seg_n_images,1,113.0,,,,,113.0,113.0,True
arm_W30,area_bootstrap_fields,1,113.0,,,,,113.0,113.0,True
arm_W30,area_bootstrap_resamples,1,2000.0,,,,,2000.0,2000.0,True
arm_W30,area_cell_pearson_r,1,0.8793827161941291,,,,,0.8793827161941291,0.8793827161941291,True
arm_W30,area_cell_pearson_r_ci_lower,1,0.8615244883699831,,,,,0.8615244883699831,0.8615244883699831,True
arm_W30,area_cell_pearson_r_ci_upper,1,0.8973356961926174,,,,,0.8973356961926174,0.8973356961926174,True
arm_W30,area_field_total_bias,1,0.000548098344501441,,,,,0.000548098344501441,0.000548098344501441,True
arm_W30,area_field_total_mape,1,0.1437636551397111,,,,,0.1437636551397111,0.1437636551397111,True
arm_W30,area_field_total_pearson_r,1,0.9261980193035584,,,,,0.9261980193035584,0.9261980193035584,True
arm_W30,area_image_pearson_r,1,0.8195068548666413,,,,,0.8195068548666413,0.8195068548666413,True
arm_W30,area_loa_lower,1,-0.09675226984639457,,,,,-0.09675226984639457,-0.09675226984639457,True
arm_W30,area_loa_upper,1,0.3221826746107559,,,,,0.3221826746107559,0.3221826746107559,True
arm_W30,area_mae,1,70.64215375080303,,,,,70.64215375080303,70.64215375080303,True
arm_W30,area_mape,1,0.1926924973073014,,,,,0.1926924973073014,0.1926924973073014,True
arm_W30,area_mape_ci_lower,1,0.18139178327516176,,,,,0.18139178327516176,0.18139178327516176,True
arm_W30,area_mape_ci_upper,1,0.20485465245513404,,,,,0.20485465245513404,0.20485465245513404,True
arm_W30,area_mape_coverage_adjusted,1,0.5226091227014927,,,,,0.5226091227014927,0.5226091227014927,True
arm_W30,area_median_relative_bias,1,0.1286207059490621,,,,,0.1286207059490621,0.1286207059490621,True
arm_W30,area_n_cells,1,1884.0,,,,,1884.0,1884.0,True
arm_W30,area_n_fields,1,113.0,,,,,113.0,113.0,True
arm_W30,area_relative_bias,1,0.11271520238218066,,,,,0.11271520238218066,0.11271520238218066,True
arm_W30,cell_count_ratio,1,0.815442561205273,,,,,0.815442561205273,0.815442561205273,True
arm_W30,cells_detected,1,2598.0,,,,,2598.0,2598.0,True
arm_W30,cells_false_positive,1,714.0,,,,,714.0,714.0,True
arm_W30,cells_matched,1,1884.0,,,,,1884.0,1884.0,True
arm_W30,cells_missed,1,1302.0,,,,,1302.0,1302.0,True
arm_W30,cells_reference,1,3186.0,,,,,3186.0,3186.0,True
arm_W30,circularity_bootstrap_fields,1,113.0,,,,,113.0,113.0,True
arm_W30,circularity_bootstrap_resamples,1,2000.0,,,,,2000.0,2000.0,True
arm_W30,circularity_cell_pearson_r,1,0.813541706346455,,,,,0.813541706346455,0.813541706346455,True
arm_W30,circularity_cell_pearson_r_ci_lower,1,0.7851986557110873,,,,,0.7851986557110873,0.7851986557110873,True
arm_W30,circularity_cell_pearson_r_ci_upper,1,0.8384591787971313,,,,,0.8384591787971313,0.8384591787971313,True
arm_W30,circularity_image_pearson_r,1,0.8756644838118838,,,,,0.8756644838118838,0.8756644838118838,True
arm_W30,circularity_loa_lower,1,-0.09569301684219826,,,,,-0.09569301684219826,-0.09569301684219826,True
arm_W30,circularity_loa_upper,1,0.11947736940678429,,,,,0.11947736940678429,0.11947736940678429,True
arm_W30,circularity_mae,1,0.05321350241110995,,,,,0.05321350241110995,0.05321350241110995,True
arm_W30,circularity_mape,1,0.07521340204406808,,,,,0.07521340204406808,0.07521340204406808,True
arm_W30,circularity_mape_ci_lower,1,0.06761966976813646,,,,,0.06761966976813646,0.06761966976813646,True
arm_W30,circularity_mape_ci_upper,1,0.08298415556813023,,,,,0.08298415556813023,0.08298415556813023,True
arm_W30,circularity_mape_coverage_adjusted,1,0.4531393752200328,,,,,0.4531393752200328,0.4531393752200328,True
arm_W30,circularity_median_relative_bias,1,0.010038825128700501,,,,,0.010038825128700501,0.010038825128700501,True
arm_W30,circularity_n_cells,1,1884.0,,,,,1884.0,1884.0,True
arm_W30,circularity_relative_bias,1,0.01189217628229301,,,,,0.01189217628229301,0.01189217628229301,True
arm_W30,coverage,1,0.591337099811676,,,,,0.591337099811676,0.591337099811676,True
arm_W30,detection_f1,1,0.6514522821576763,,,,,0.6514522821576763,0.6514522821576763,True
arm_W30,detection_precision,1,0.7251732101616628,,,,,0.7251732101616628,0.7251732101616628,True
arm_W30,detection_recall,1,0.591337099811676,,,,,0.591337099811676,0.591337099811676,True
arm_W30,dry_mass_bootstrap_fields,1,113.0,,,,,113.0,113.0,True
arm_W30,dry_mass_bootstrap_resamples,1,2000.0,,,,,2000.0,2000.0,True
arm_W30,dry_mass_cell_pearson_r,1,0.9010509972101501,,,,,0.9010509972101501,0.9010509972101501,True
arm_W30,dry_mass_cell_pearson_r_ci_lower,1,0.8811384628397706,,,,,0.8811384628397706,0.8811384628397706,True
arm_W30,dry_mass_cell_pearson_r_ci_upper,1,0.9188407676080121,,,,,0.9188407676080121,0.9188407676080121,True
arm_W30,dry_mass_field_total_bias,1,-0.0906574028890034,,,,,-0.0906574028890034,-0.0906574028890034,True
arm_W30,dry_mass_field_total_mape,1,0.11482300827332817,,,,,0.11482300827332817,0.11482300827332817,True
arm_W30,dry_mass_field_total_pearson_r,1,0.9864757508421812,,,,,0.9864757508421812,0.9864757508421812,True
arm_W30,dry_mass_image_pearson_r,1,0.9325581267134254,,,,,0.9325581267134254,0.9325581267134254,True
arm_W30,dry_mass_loa_lower,1,-0.21001525470561588,,,,,-0.21001525470561588,-0.21001525470561588,True
arm_W30,dry_mass_loa_upper,1,0.23390378912714122,,,,,0.23390378912714122,0.23390378912714122,True
arm_W30,dry_mass_mae,1,41.20862922558464,,,,,41.20862922558464,41.20862922558464,True
arm_W30,dry_mass_mape,1,0.2101753073242614,,,,,0.2101753073242614,0.2101753073242614,True
arm_W30,dry_mass_mape_ci_lower,1,0.19473611105436173,,,,,0.19473611105436173,0.19473611105436173,True
arm_W30,dry_mass_mape_ci_upper,1,0.22657455924976094,,,,,0.22657455924976094,0.22657455924976094,True
arm_W30,dry_mass_mape_coverage_adjusted,1,0.5329473568734804,,,,,0.5329473568734804,0.5329473568734804,True
arm_W30,dry_mass_median_relative_bias,1,0.01842254383609083,,,,,0.01842254383609083,0.01842254383609083,True
arm_W30,dry_mass_n_cells,1,1884.0,,,,,1884.0,1884.0,True
arm_W30,dry_mass_n_fields,1,113.0,,,,,113.0,113.0,True
arm_W30,dry_mass_relative_bias,1,0.011944267210762671,,,,,0.011944267210762671,0.011944267210762671,True
arm_W30,false_positive_median_area_um2,1,75.2680038595275,,,,,75.2680038595275,75.2680038595275,True
arm_W30,forward_distance_um,1,33.77,,,,,33.77,33.77,True
arm_W30,forward_residual,1,0.923115088348895,,,,,0.923115088348895,0.923115088348895,True
arm_W30,forward_residual_n,1,113.0,,,,,113.0,113.0,True
arm_W30,forward_residual_ratio,1,1.0003746006419356,,,,,1.0003746006419356,1.0003746006419356,True
arm_W30,forward_residual_reference,1,0.9227694183324291,,,,,0.9227694183324291,0.9227694183324291,True
arm_W30,missed_median_area_um2,1,98.51790478217399,,,,,98.51790478217399,98.51790478217399,True
arm_W30,optical_volume_bootstrap_fields,1,113.0,,,,,113.0,113.0,True
arm_W30,optical_volume_bootstrap_resamples,1,2000.0,,,,,2000.0,2000.0,True
arm_W30,optical_volume_cell_pearson_r,1,0.9010509972101499,,,,,0.9010509972101499,0.9010509972101499,True
arm_W30,optical_volume_cell_pearson_r_ci_lower,1,0.8811384628397707,,,,,0.8811384628397707,0.8811384628397707,True
arm_W30,optical_volume_cell_pearson_r_ci_upper,1,0.918840767608012,,,,,0.918840767608012,0.918840767608012,True
arm_W30,optical_volume_field_total_bias,1,-0.09065740288900336,,,,,-0.09065740288900336,-0.09065740288900336,True
arm_W30,optical_volume_field_total_mape,1,0.11482300827332816,,,,,0.11482300827332816,0.11482300827332816,True
arm_W30,optical_volume_field_total_pearson_r,1,0.9864757508421815,,,,,0.9864757508421815,0.9864757508421815,True
arm_W30,optical_volume_image_pearson_r,1,0.9325581267134254,,,,,0.9325581267134254,0.9325581267134254,True
arm_W30,optical_volume_loa_lower,1,-0.21001525470561588,,,,,-0.21001525470561588,-0.21001525470561588,True
arm_W30,optical_volume_loa_upper,1,0.23390378912714122,,,,,0.23390378912714122,0.23390378912714122,True
arm_W30,optical_volume_mae,1,77.75419029405546,,,,,77.75419029405546,77.75419029405546,True
arm_W30,optical_volume_mape,1,0.2101753073242614,,,,,0.2101753073242614,0.2101753073242614,True
arm_W30,optical_volume_mape_ci_lower,1,0.19473611105436173,,,,,0.19473611105436173,0.19473611105436173,True
arm_W30,optical_volume_mape_ci_upper,1,0.22657455924976094,,,,,0.22657455924976094,0.22657455924976094,True
arm_W30,optical_volume_mape_coverage_adjusted,1,0.5329473568734804,,,,,0.5329473568734804,0.5329473568734804,True
arm_W30,optical_volume_median_relative_bias,1,0.018422543836090693,,,,,0.018422543836090693,0.018422543836090693,True
arm_W30,optical_volume_n_cells,1,1884.0,,,,,1884.0,1884.0,True
arm_W30,optical_volume_n_fields,1,113.0,,,,,113.0,113.0,True
arm_W30,optical_volume_relative_bias,1,0.011944267210762655,,,,,0.011944267210762655,0.011944267210762655,True
arm_W30,phase_bias_rad,1,0.020461038530674665,,,,,0.020461038530674665,0.020461038530674665,True
arm_W30,phase_bias_rad_background,1,0.05675379468737978,,,,,0.05675379468737978,0.05675379468737978,True
arm_W30,phase_bias_rad_in_cell,1,-0.20745691743605169,,,,,-0.20745691743605169,-0.20745691743605169,True
arm_W30,phase_mae_rad,1,0.18507799176515732,,,,,0.18507799176515732,0.18507799176515732,True
arm_W30,phase_mae_rad_background,1,0.1635237495719859,,,,,0.1635237495719859,0.1635237495719859,True
arm_W30,phase_mae_rad_in_cell,1,0.33483851892230787,,,,,0.33483851892230787,0.33483851892230787,True
arm_W30,phase_n_images,1,113.0,,,,,113.0,113.0,True
arm_W30,phase_pearson_r,1,0.8152202220089668,,,,,0.8152202220089668,0.8152202220089668,True
arm_W30,phase_psnr_db,1,29.64881225865934,,,,,29.64881225865934,29.64881225865934,True
arm_W30,phase_rmse_rad,1,0.2842226334155804,,,,,0.2842226334155804,0.2842226334155804,True
arm_W30,phase_ssim,1,0.5925232535969894,,,,,0.5925232535969894,0.5925232535969894,True
arm_W30,seg_aji,1,0.6274234251837812,,,,,0.6274234251837812,0.6274234251837812,True
arm_W30,seg_boundary_f1,1,0.4006241085315583,,,,,0.4006241085315583,0.4006241085315583,True
arm_W30,seg_dice,1,0.8100802577181817,,,,,0.8100802577181817,0.8100802577181817,True
arm_W30,seg_dice_macro,1,0.8100802577181817,,,,,0.8100802577181817,0.8100802577181817,True
arm_W30,seg_instance_count_mape,1,1.3059471673938945,,,,,1.3059471673938945,1.3059471673938945,True
arm_W30,seg_iou,1,0.6807856269068641,,,,,0.6807856269068641,0.6807856269068641,True
arm_W30,seg_n_images,1,113.0,,,,,113.0,113.0,True
arm_W30_membrane,area_bootstrap_fields,1,94.0,,,,,94.0,94.0,True
arm_W30_membrane,area_bootstrap_resamples,1,2000.0,,,,,2000.0,2000.0,True
arm_W30_membrane,area_cell_pearson_r,1,0.8178716874078236,,,,,0.8178716874078236,0.8178716874078236,True
arm_W30_membrane,area_cell_pearson_r_ci_lower,1,0.769228392949341,,,,,0.769228392949341,0.769228392949341,True
arm_W30_membrane,area_cell_pearson_r_ci_upper,1,0.855384997381869,,,,,0.855384997381869,0.855384997381869,True
arm_W30_membrane,area_field_total_bias,1,-0.40747773713153257,,,,,-0.40747773713153257,-0.40747773713153257,True
arm_W30_membrane,area_field_total_mape,1,0.43251900154007134,,,,,0.43251900154007134,0.43251900154007134,True
arm_W30_membrane,area_field_total_pearson_r,1,0.2604522183795609,,,,,0.2604522183795609,0.2604522183795609,True
arm_W30_membrane,area_image_pearson_r,1,0.8013536518480427,,,,,0.8013536518480427,0.8013536518480427,True
arm_W30_membrane,area_loa_lower,1,-0.7451958531950351,,,,,-0.7451958531950351,-0.7451958531950351,True
arm_W30_membrane,area_loa_upper,1,0.06895774423225431,,,,,0.06895774423225431,0.06895774423225431,True
arm_W30_membrane,area_mae,1,225.57955001978823,,,,,225.57955001978823,225.57955001978823,True
arm_W30_membrane,area_mape,1,0.30094234546362675,,,,,0.30094234546362675,0.30094234546362675,True
arm_W30_membrane,area_mape_ci_lower,1,0.28468970181488856,,,,,0.28468970181488856,0.28468970181488856,True
arm_W30_membrane,area_mape_ci_upper,1,0.3172928538015463,,,,,0.3172928538015463,0.3172928538015463,True
arm_W30_membrane,area_mape_coverage_adjusted,1,0.9083267026696162,,,,,0.9083267026696162,0.9083267026696162,True
arm_W30_membrane,area_median_relative_bias,1,-0.3796229415100242,,,,,-0.3796229415100242,-0.3796229415100242,True
arm_W30_membrane,area_n_cells,1,470.0,,,,,470.0,470.0,True
arm_W30_membrane,area_n_fields,1,113.0,,,,,113.0,113.0,True
arm_W30_membrane,area_relative_bias,1,-0.3381190544813904,,,,,-0.3381190544813904,-0.3381190544813904,True
arm_W30_membrane,cell_count_ratio,1,0.7240513392857143,,,,,0.7240513392857143,0.7240513392857143,True
arm_W30_membrane,cells_detected,1,2595.0,,,,,2595.0,2595.0,True
arm_W30_membrane,cells_false_positive,1,2125.0,,,,,2125.0,2125.0,True
arm_W30_membrane,cells_matched,1,470.0,,,,,470.0,470.0,True
arm_W30_membrane,cells_missed,1,3114.0,,,,,3114.0,3114.0,True
arm_W30_membrane,cells_reference,1,3584.0,,,,,3584.0,3584.0,True
arm_W30_membrane,circularity_bootstrap_fields,1,94.0,,,,,94.0,94.0,True
arm_W30_membrane,circularity_bootstrap_resamples,1,2000.0,,,,,2000.0,2000.0,True
arm_W30_membrane,circularity_cell_pearson_r,1,0.35841440839892585,,,,,0.35841440839892585,0.35841440839892585,True
arm_W30_membrane,circularity_cell_pearson_r_ci_lower,1,0.23503987534206375,,,,,0.23503987534206375,0.23503987534206375,True
arm_W30_membrane,circularity_cell_pearson_r_ci_upper,1,0.45505322699584366,,,,,0.45505322699584366,0.45505322699584366,True
arm_W30_membrane,circularity_image_pearson_r,1,0.05188156956999338,,,,,0.05188156956999338,0.05188156956999338,True
arm_W30_membrane,circularity_loa_lower,1,-0.0441431500383464,,,,,-0.0441431500383464,-0.0441431500383464,True
arm_W30_membrane,circularity_loa_upper,1,0.7338290780879535,,,,,0.7338290780879535,0.7338290780879535,True
arm_W30_membrane,circularity_mae,1,0.2503067167090307,,,,,0.2503067167090307,0.2503067167090307,True
arm_W30_membrane,circularity_mape,1,0.4924421281732554,,,,,0.4924421281732554,0.4924421281732554,True
arm_W30_membrane,circularity_mape_ci_lower,1,0.4346759177738549,,,,,0.4346759177738549,0.4346759177738549,True
arm_W30_membrane,circularity_mape_ci_upper,1,0.5557561263566213,,,,,0.5557561263566213,0.5557561263566213,True
arm_W30_membrane,circularity_mape_coverage_adjusted,1,0.933439676406649,,,,,0.933439676406649,0.933439676406649,True
arm_W30_membrane,circularity_median_relative_bias,1,0.3562785057100146,,,,,0.3562785057100146,0.3562785057100146,True
arm_W30_membrane,circularity_n_cells,1,470.0,,,,,470.0,470.0,True
arm_W30_membrane,circularity_relative_bias,1,0.3448429640248035,,,,,0.3448429640248035,0.3448429640248035,True
arm_W30_membrane,coverage,1,0.13113839285714285,,,,,0.13113839285714285,0.13113839285714285,True
arm_W30_membrane,detection_f1,1,0.15212817608027188,,,,,0.15212817608027188,0.15212817608027188,True
arm_W30_membrane,detection_precision,1,0.1811175337186898,,,,,0.1811175337186898,0.1811175337186898,True
arm_W30_membrane,detection_recall,1,0.13113839285714285,,,,,0.13113839285714285,0.13113839285714285,True
arm_W30_membrane,dry_mass_bootstrap_fields,1,94.0,,,,,94.0,94.0,True
arm_W30_membrane,dry_mass_bootstrap_resamples,1,2000.0,,,,,2000.0,2000.0,True
arm_W30_membrane,dry_mass_cell_pearson_r,1,0.9115338533261393,,,,,0.9115338533261393,0.9115338533261393,True
arm_W30_membrane,dry_mass_cell_pearson_r_ci_lower,1,0.8779226685314606,,,,,0.8779226685314606,0.8779226685314606,True
arm_W30_membrane,dry_mass_cell_pearson_r_ci_upper,1,0.9381578505168113,,,,,0.9381578505168113,0.9381578505168113,True
arm_W30_membrane,dry_mass_field_total_bias,1,0.6652868501638131,,,,,0.6652868501638131,0.6652868501638131,True
arm_W30_membrane,dry_mass_field_total_mape,1,0.6654495559820602,,,,,0.6654495559820602,0.6654495559820602,True
arm_W30_membrane,dry_mass_field_total_pearson_r,1,0.8517855081261706,,,,,0.8517855081261706,0.8517855081261706,True
arm_W30_membrane,dry_mass_image_pearson_r,1,0.9082280771971677,,,,,0.9082280771971677,0.9082280771971677,True
arm_W30_membrane,dry_mass_loa_lower,1,-0.41749106172442957,,,,,-0.41749106172442957,-0.41749106172442957,True
arm_W30_membrane,dry_mass_loa_upper,1,0.5961333582606547,,,,,0.5961333582606547,0.5961333582606547,True
arm_W30_membrane,dry_mass_mae,1,44.99238205109973,,,,,44.99238205109973,44.99238205109973,True
arm_W30_membrane,dry_mass_mape,1,0.3255823835999368,,,,,0.3255823835999368,0.3255823835999368,True
arm_W30_membrane,dry_mass_mape_ci_lower,1,0.22393064588745748,,,,,0.22393064588745748,0.22393064588745748,True
arm_W30_membrane,dry_mass_mape_ci_upper,1,0.4968055650956328,,,,,0.4968055650956328,0.4968055650956328,True
arm_W30_membrane,dry_mass_mape_coverage_adjusted,1,0.9115579576707507,,,,,0.9115579576707507,0.9115579576707507,True
arm_W30_membrane,dry_mass_median_relative_bias,1,0.039588116470509964,,,,,0.039588116470509964,0.039588116470509964,True
arm_W30_membrane,dry_mass_n_cells,1,470.0,,,,,470.0,470.0,True
arm_W30_membrane,dry_mass_n_fields,1,113.0,,,,,113.0,113.0,True
arm_W30_membrane,dry_mass_relative_bias,1,0.08932114826811259,,,,,0.08932114826811259,0.08932114826811259,True
arm_W30_membrane,false_positive_median_area_um2,1,349.03254404294097,,,,,349.03254404294097,349.03254404294097,True
arm_W30_membrane,forward_distance_um,1,33.77,,,,,33.77,33.77,True
arm_W30_membrane,forward_residual,1,0.9231147344133496,,,,,0.9231147344133496,0.9231147344133496,True
arm_W30_membrane,forward_residual_n,1,113.0,,,,,113.0,113.0,True
arm_W30_membrane,forward_residual_ratio,1,1.0003742170839867,,,,,1.0003742170839867,1.0003742170839867,True
arm_W30_membrane,forward_residual_reference,1,0.9227694183324291,,,,,0.9227694183324291,0.9227694183324291,True
arm_W30_membrane,missed_median_area_um2,1,140.310920402289,,,,,140.310920402289,140.310920402289,True
arm_W30_membrane,optical_volume_bootstrap_fields,1,94.0,,,,,94.0,94.0,True
arm_W30_membrane,optical_volume_bootstrap_resamples,1,2000.0,,,,,2000.0,2000.0,True
arm_W30_membrane,optical_volume_cell_pearson_r,1,0.9115338533261392,,,,,0.9115338533261392,0.9115338533261392,True
arm_W30_membrane,optical_volume_cell_pearson_r_ci_lower,1,0.8779226685314607,,,,,0.8779226685314607,0.8779226685314607,True
arm_W30_membrane,optical_volume_cell_pearson_r_ci_upper,1,0.9381578505168113,,,,,0.9381578505168113,0.9381578505168113,True
arm_W30_membrane,optical_volume_field_total_bias,1,0.6652868501638131,,,,,0.6652868501638131,0.6652868501638131,True
arm_W30_membrane,optical_volume_field_total_mape,1,0.6654495559820602,,,,,0.6654495559820602,0.6654495559820602,True
arm_W30_membrane,optical_volume_field_total_pearson_r,1,0.8517855081261706,,,,,0.8517855081261706,0.8517855081261706,True
arm_W30_membrane,optical_volume_image_pearson_r,1,0.9082280771971674,,,,,0.9082280771971674,0.9082280771971674,True
arm_W30_membrane,optical_volume_loa_lower,1,-0.4174910617244296,,,,,-0.4174910617244296,-0.4174910617244296,True
arm_W30_membrane,optical_volume_loa_upper,1,0.5961333582606547,,,,,0.5961333582606547,0.5961333582606547,True
arm_W30_membrane,optical_volume_mae,1,84.89353568723132,,,,,84.89353568723132,84.89353568723132,True
arm_W30_membrane,optical_volume_mape,1,0.3255823835999368,,,,,0.3255823835999368,0.3255823835999368,True
arm_W30_membrane,optical_volume_mape_ci_lower,1,0.22393064588745745,,,,,0.22393064588745745,0.22393064588745745,True
arm_W30_membrane,optical_volume_mape_ci_upper,1,0.4968055650956328,,,,,0.4968055650956328,0.4968055650956328,True
arm_W30_membrane,optical_volume_mape_coverage_adjusted,1,0.9115579576707507,,,,,0.9115579576707507,0.9115579576707507,True
arm_W30_membrane,optical_volume_median_relative_bias,1,0.03958811647050987,,,,,0.03958811647050987,0.03958811647050987,True
arm_W30_membrane,optical_volume_n_cells,1,470.0,,,,,470.0,470.0,True
arm_W30_membrane,optical_volume_n_fields,1,113.0,,,,,113.0,113.0,True
arm_W30_membrane,optical_volume_relative_bias,1,0.08932114826811255,,,,,0.08932114826811255,0.08932114826811255,True
arm_W30_membrane,phase_bias_rad,1,0.020480357875989025,,,,,0.020480357875989025,0.020480357875989025,True
arm_W30_membrane,phase_bias_rad_background,1,0.02942738613624752,,,,,0.02942738613624752,0.02942738613624752,True
arm_W30_membrane,phase_bias_rad_in_cell,1,-0.007929599956471259,,,,,-0.007929599956471259,-0.007929599956471259,True
arm_W30_membrane,phase_mae_rad,1,0.18508223206859775,,,,,0.18508223206859775,0.18508223206859775,True
arm_W30_membrane,phase_mae_rad_background,1,0.1778808728651663,,,,,0.1778808728651663,0.1778808728651663,True
arm_W30_membrane,phase_mae_rad_in_cell,1,0.20870949380693182,,,,,0.20870949380693182,0.20870949380693182,True
arm_W30_membrane,phase_n_images,1,113.0,,,,,113.0,113.0,True
arm_W30_membrane,phase_pearson_r,1,0.815207379581654,,,,,0.815207379581654,0.815207379581654,True
arm_W30_membrane,phase_psnr_db,1,29.64850542931024,,,,,29.64850542931024,29.64850542931024,True
arm_W30_membrane,phase_rmse_rad,1,0.2842294577021189,,,,,0.2842294577021189,0.2842294577021189,True
arm_W30_membrane,phase_ssim,1,0.5925197460218868,,,,,0.5925197460218868,0.5925197460218868,True
arm_W30_membrane,seg_aji,1,0.23891098290711507,,,,,0.23891098290711507,0.23891098290711507,True
arm_W30_membrane,seg_boundary_f1,1,0.06410071249000286,,,,,0.06410071249000286,0.06410071249000286,True
arm_W30_membrane,seg_dice,1,0.5161537345559305,,,,,0.5161537345559305,0.5161537345559305,True
arm_W30_membrane,seg_dice_macro,1,0.5161537345559305,,,,,0.5161537345559305,0.5161537345559305,True
arm_W30_membrane,seg_instance_count_mape,1,0.5760656276695711,,,,,0.5760656276695711,0.5760656276695711,True
arm_W30_membrane,seg_iou,1,0.3478485248614765,,,,,0.3478485248614765,0.3478485248614765,True
arm_W30_membrane,seg_n_images,1,113.0,,,,,113.0,113.0,True
arm_KA,area_bootstrap_fields,1,113.0,,,,,113.0,113.0,True
arm_KA,area_bootstrap_resamples,1,2000.0,,,,,2000.0,2000.0,True
arm_KA,area_cell_pearson_r,1,0.8934108409201963,,,,,0.8934108409201963,0.8934108409201963,True
arm_KA,area_cell_pearson_r_ci_lower,1,0.8767176213413964,,,,,0.8767176213413964,0.8767176213413964,True
arm_KA,area_cell_pearson_r_ci_upper,1,0.9094322357523223,,,,,0.9094322357523223,0.9094322357523223,True
arm_KA,area_field_total_bias,1,-0.10738684779413346,,,,,-0.10738684779413346,-0.10738684779413346,True
arm_KA,area_field_total_mape,1,0.158656585109916,,,,,0.158656585109916,0.158656585109916,True
arm_KA,area_field_total_pearson_r,1,0.936080949426296,,,,,0.936080949426296,0.936080949426296,True
arm_KA,area_image_pearson_r,1,0.8448857237647306,,,,,0.8448857237647306,0.8448857237647306,True
arm_KA,area_loa_lower,1,-0.17430332007366028,,,,,-0.17430332007366028,-0.17430332007366028,True
arm_KA,area_loa_upper,1,0.25394898392286774,,,,,0.25394898392286774,0.25394898392286774,True
arm_KA,area_mae,1,59.190328123647554,,,,,59.190328123647554,59.190328123647554,True
arm_KA,area_mape,1,0.15332022595877795,,,,,0.15332022595877795,0.15332022595877795,True
arm_KA,area_mape_ci_lower,1,0.14416732246673275,,,,,0.14416732246673275,0.14416732246673275,True
arm_KA,area_mape_ci_upper,1,0.16257990844367898,,,,,0.16257990844367898,0.16257990844367898,True
arm_KA,area_mape_coverage_adjusted,1,0.4987953377772302,,,,,0.4987953377772302,0.4987953377772302,True
arm_KA,area_median_relative_bias,1,0.028025923979681223,,,,,0.028025923979681223,0.028025923979681223,True
arm_KA,area_n_cells,1,1886.0,,,,,1886.0,1886.0,True
arm_KA,area_n_fields,1,113.0,,,,,113.0,113.0,True
arm_KA,area_relative_bias,1,0.03982283192460373,,,,,0.03982283192460373,0.03982283192460373,True
arm_KA,cell_count_ratio,1,0.6902071563088512,,,,,0.6902071563088512,0.6902071563088512,True
arm_KA,cells_detected,1,2199.0,,,,,2199.0,2199.0,True
arm_KA,cells_false_positive,1,313.0,,,,,313.0,313.0,True
arm_KA,cells_matched,1,1886.0,,,,,1886.0,1886.0,True
arm_KA,cells_missed,1,1300.0,,,,,1300.0,1300.0,True
arm_KA,cells_reference,1,3186.0,,,,,3186.0,3186.0,True
arm_KA,circularity_bootstrap_fields,1,113.0,,,,,113.0,113.0,True
arm_KA,circularity_bootstrap_resamples,1,2000.0,,,,,2000.0,2000.0,True
arm_KA,circularity_cell_pearson_r,1,0.8787179808780435,,,,,0.8787179808780435,0.8787179808780435,True
arm_KA,circularity_cell_pearson_r_ci_lower,1,0.8611374699758328,,,,,0.8611374699758328,0.8611374699758328,True
arm_KA,circularity_cell_pearson_r_ci_upper,1,0.8949663158510809,,,,,0.8949663158510809,0.8949663158510809,True
arm_KA,circularity_image_pearson_r,1,0.9152869782632345,,,,,0.9152869782632345,0.9152869782632345,True
arm_KA,circularity_loa_lower,1,-0.05235239777059278,,,,,-0.05235239777059278,-0.05235239777059278,True
arm_KA,circularity_loa_upper,1,0.11438749567935716,,,,,0.11438749567935716,0.11438749567935716,True
arm_KA,circularity_mae,1,0.044254562710195615,,,,,0.044254562710195615,0.044254562710195615,True
arm_KA,circularity_mape,1,0.06213709924417023,,,,,0.06213709924417023,0.06213709924417023,True
arm_KA,circularity_mape_ci_lower,1,0.055076243045387434,,,,,0.055076243045387434,0.055076243045387434,True
arm_KA,circularity_mape_ci_upper,1,0.06969363988236044,,,,,0.06969363988236044,0.06969363988236044,True
arm_KA,circularity_mape_coverage_adjusted,1,0.4448181321953877,,,,,0.4448181321953877,0.4448181321953877,True
arm_KA,circularity_median_relative_bias,1,0.023599634876837874,,,,,0.023599634876837874,0.023599634876837874,True
arm_KA,circularity_n_cells,1,1886.0,,,,,1886.0,1886.0,True
arm_KA,circularity_relative_bias,1,0.031017548954382187,,,,,0.031017548954382187,0.031017548954382187,True
arm_KA,coverage,1,0.5919648462021343,,,,,0.5919648462021343,0.5919648462021343,True
arm_KA,detection_f1,1,0.700464252553389,,,,,0.700464252553389,0.700464252553389,True
arm_KA,detection_precision,1,0.857662573897226,,,,,0.857662573897226,0.857662573897226,True
arm_KA,detection_recall,1,0.5919648462021343,,,,,0.5919648462021343,0.5919648462021343,True
arm_KA,dry_mass_bootstrap_fields,1,113.0,,,,,113.0,113.0,True
arm_KA,dry_mass_bootstrap_resamples,1,2000.0,,,,,2000.0,2000.0,True
arm_KA,dry_mass_cell_pearson_r,1,0.9303174829338459,,,,,0.9303174829338459,0.9303174829338459,True
arm_KA,dry_mass_cell_pearson_r_ci_lower,1,0.9146953849432198,,,,,0.9146953849432198,0.9146953849432198,True
arm_KA,dry_mass_cell_pearson_r_ci_upper,1,0.9435729370171341,,,,,0.9435729370171341,0.9435729370171341,True
arm_KA,dry_mass_field_total_bias,1,-0.16216139687085937,,,,,-0.16216139687085937,-0.16216139687085937,True
arm_KA,dry_mass_field_total_mape,1,0.17086181921809573,,,,,0.17086181921809573,0.17086181921809573,True
arm_KA,dry_mass_field_total_pearson_r,1,0.9874956388210036,,,,,0.9874956388210036,0.9874956388210036,True
arm_KA,dry_mass_image_pearson_r,1,0.9350986538432824,,,,,0.9350986538432824,0.9350986538432824,True
arm_KA,dry_mass_loa_lower,1,-0.28075234146465056,,,,,-0.28075234146465056,-0.28075234146465056,True
arm_KA,dry_mass_loa_upper,1,0.17933026203260713,,,,,0.17933026203260713,0.17933026203260713,True
arm_KA,dry_mass_mae,1,36.58827302754954,,,,,36.58827302754954,36.58827302754954,True
arm_KA,dry_mass_mape,1,0.17825633061648882,,,,,0.17825633061648882,0.17825633061648882,True
arm_KA,dry_mass_mape_ci_lower,1,0.16784130120439342,,,,,0.16784130120439342,0.16784130120439342,True
arm_KA,dry_mass_mape_ci_upper,1,0.18896595963879345,,,,,0.18896595963879345,0.18896595963879345,True
arm_KA,dry_mass_mape_coverage_adjusted,1,0.5135566351358123,,,,,0.5135566351358123,0.5135566351358123,True
arm_KA,dry_mass_median_relative_bias,1,-0.03587859840241705,,,,,-0.03587859840241705,-0.03587859840241705,True
arm_KA,dry_mass_n_cells,1,1886.0,,,,,1886.0,1886.0,True
arm_KA,dry_mass_n_fields,1,113.0,,,,,113.0,113.0,True
arm_KA,dry_mass_relative_bias,1,-0.05071103971602172,,,,,-0.05071103971602172,-0.05071103971602172,True
arm_KA,false_positive_median_area_um2,1,125.622501320268,,,,,125.622501320268,125.622501320268,True
arm_KA,forward_distance_um,1,33.77,,,,,33.77,33.77,True
arm_KA,forward_residual,1,0.9193142146135853,,,,,0.9193142146135853,0.9193142146135853,True
arm_KA,forward_residual_n,1,113.0,,,,,113.0,113.0,True
arm_KA,forward_residual_ratio,1,0.9962556152705105,,,,,0.9962556152705105,0.9962556152705105,True
arm_KA,forward_residual_reference,1,0.9227694183324291,,,,,0.9227694183324291,0.9227694183324291,True
arm_KA,missed_median_area_um2,1,97.3817839692,,,,,97.3817839692,97.3817839692,True
arm_KA,optical_volume_bootstrap_fields,1,113.0,,,,,113.0,113.0,True
arm_KA,optical_volume_bootstrap_resamples,1,2000.0,,,,,2000.0,2000.0,True
arm_KA,optical_volume_cell_pearson_r,1,0.9303174829338456,,,,,0.9303174829338456,0.9303174829338456,True
arm_KA,optical_volume_cell_pearson_r_ci_lower,1,0.9146953849432198,,,,,0.9146953849432198,0.9146953849432198,True
arm_KA,optical_volume_cell_pearson_r_ci_upper,1,0.9435729370171342,,,,,0.9435729370171342,0.9435729370171342,True
arm_KA,optical_volume_field_total_bias,1,-0.16216139687085934,,,,,-0.16216139687085934,-0.16216139687085934,True
arm_KA,optical_volume_field_total_mape,1,0.17086181921809573,,,,,0.17086181921809573,0.17086181921809573,True
arm_KA,optical_volume_field_total_pearson_r,1,0.9874956388210036,,,,,0.9874956388210036,0.9874956388210036,True
arm_KA,optical_volume_image_pearson_r,1,0.9350986538432822,,,,,0.9350986538432822,0.9350986538432822,True
arm_KA,optical_volume_loa_lower,1,-0.28075234146465056,,,,,-0.28075234146465056,-0.28075234146465056,True
arm_KA,optical_volume_loa_upper,1,0.1793302620326071,,,,,0.1793302620326071,0.1793302620326071,True
arm_KA,optical_volume_mae,1,69.03630615668901,,,,,69.03630615668901,69.03630615668901,True
arm_KA,optical_volume_mape,1,0.17825633061648882,,,,,0.17825633061648882,0.17825633061648882,True
arm_KA,optical_volume_mape_ci_lower,1,0.16784130120439342,,,,,0.16784130120439342,0.16784130120439342,True
arm_KA,optical_volume_mape_ci_upper,1,0.18896595963879348,,,,,0.18896595963879348,0.18896595963879348,True
arm_KA,optical_volume_mape_coverage_adjusted,1,0.5135566351358123,,,,,0.5135566351358123,0.5135566351358123,True
arm_KA,optical_volume_median_relative_bias,1,-0.03587859840241709,,,,,-0.03587859840241709,-0.03587859840241709,True
arm_KA,optical_volume_n_cells,1,1886.0,,,,,1886.0,1886.0,True
arm_KA,optical_volume_n_fields,1,113.0,,,,,113.0,113.0,True
arm_KA,optical_volume_relative_bias,1,-0.05071103971602174,,,,,-0.05071103971602174,-0.05071103971602174,True
arm_KA,phase_bias_rad,1,-0.009012559586435358,,,,,-0.009012559586435358,-0.009012559586435358,True
arm_KA,phase_bias_rad_background,1,0.020484008813695158,,,,,0.020484008813695158,0.020484008813695158,True
arm_KA,phase_bias_rad_in_cell,1,-0.1968228178082314,,,,,-0.1968228178082314,-0.1968228178082314,True
arm_KA,phase_mae_rad,1,0.15987089678513267,,,,,0.15987089678513267,0.15987089678513267,True
arm_KA,phase_mae_rad_background,1,0.14250221373760594,,,,,0.14250221373760594,0.14250221373760594,True
arm_KA,phase_mae_rad_in_cell,1,0.27794498759033404,,,,,0.27794498759033404,0.27794498759033404,True
arm_KA,phase_n_images,1,113.0,,,,,113.0,113.0,True
arm_KA,phase_pearson_r,1,0.8698748518935348,,,,,0.8698748518935348,0.8698748518935348,True
arm_KA,phase_psnr_db,1,31.062046154140404,,,,,31.062046154140404,31.062046154140404,True
arm_KA,phase_rmse_rad,1,0.2453712550721306,,,,,0.2453712550721306,0.2453712550721306,True
arm_KA,phase_ssim,1,0.6291203812687798,,,,,0.6291203812687798,0.6291203812687798,True
arm_KA,seg_aji,1,0.6674938917159902,,,,,0.6674938917159902,0.6674938917159902,True
arm_KA,seg_boundary_f1,1,0.45979490283077035,,,,,0.45979490283077035,0.45979490283077035,True
arm_KA,seg_dice,1,0.8321437947952877,,,,,0.8321437947952877,0.8321437947952877,True
arm_KA,seg_dice_macro,1,0.8321437947952877,,,,,0.8321437947952877,0.8321437947952877,True
arm_KA,seg_instance_count_mape,1,0.3263714435454468,,,,,0.3263714435454468,0.3263714435454468,True
arm_KA,seg_iou,1,0.7125396012683104,,,,,0.7125396012683104,0.7125396012683104,True
arm_KA,seg_n_images,1,113.0,,,,,113.0,113.0,True
arm_KA_membrane,area_bootstrap_fields,1,89.0,,,,,89.0,89.0,True
arm_KA_membrane,area_bootstrap_resamples,1,2000.0,,,,,2000.0,2000.0,True
arm_KA_membrane,area_cell_pearson_r,1,0.8293706531860707,,,,,0.8293706531860707,0.8293706531860707,True
arm_KA_membrane,area_cell_pearson_r_ci_lower,1,0.7734621443762099,,,,,0.7734621443762099,0.7734621443762099,True
arm_KA_membrane,area_cell_pearson_r_ci_upper,1,0.8730568672210604,,,,,0.8730568672210604,0.8730568672210604,True
arm_KA_membrane,area_field_total_bias,1,-0.47093589619630866,,,,,-0.47093589619630866,-0.47093589619630866,True
arm_KA_membrane,area_field_total_mape,1,0.4826406341047061,,,,,0.4826406341047061,0.4826406341047061,True
arm_KA_membrane,area_field_total_pearson_r,1,0.2501295876321293,,,,,0.2501295876321293,0.2501295876321293,True
arm_KA_membrane,area_image_pearson_r,1,0.8300255940503524,,,,,0.8300255940503524,0.8300255940503524,True
arm_KA_membrane,area_loa_lower,1,-0.7298295670146705,,,,,-0.7298295670146705,-0.7298295670146705,True
arm_KA_membrane,area_loa_upper,1,-0.005695986579619783,,,,,-0.005695986579619783,-0.005695986579619783,True
arm_KA_membrane,area_mae,1,233.77024308162996,,,,,233.77024308162996,233.77024308162996,True
arm_KA_membrane,area_mape,1,0.31169356101417284,,,,,0.31169356101417284,0.31169356101417284,True
arm_KA_membrane,area_mape_ci_lower,1,0.29720497777053545,,,,,0.29720497777053545,0.29720497777053545,True
arm_KA_membrane,area_mape_ci_upper,1,0.32565144862341366,,,,,0.32565144862341366,0.32565144862341366,True
arm_KA_membrane,area_mape_coverage_adjusted,1,0.925484682386579,,,,,0.925484682386579,0.925484682386579,True
arm_KA_membrane,area_median_relative_bias,1,-0.3909513172357551,,,,,-0.3909513172357551,-0.3909513172357551,True
arm_KA_membrane,area_n_cells,1,388.0,,,,,388.0,388.0,True
arm_KA_membrane,area_n_fields,1,113.0,,,,,113.0,113.0,True
arm_KA_membrane,area_relative_bias,1,-0.36776277679714514,,,,,-0.36776277679714514,-0.36776277679714514,True
arm_KA_membrane,cell_count_ratio,1,0.6135602678571429,,,,,0.6135602678571429,0.6135602678571429,True
arm_KA_membrane,cells_detected,1,2199.0,,,,,2199.0,2199.0,True
arm_KA_membrane,cells_false_positive,1,1811.0,,,,,1811.0,1811.0,True
arm_KA_membrane,cells_matched,1,388.0,,,,,388.0,388.0,True
arm_KA_membrane,cells_missed,1,3196.0,,,,,3196.0,3196.0,True
arm_KA_membrane,cells_reference,1,3584.0,,,,,3584.0,3584.0,True
arm_KA_membrane,circularity_bootstrap_fields,1,89.0,,,,,89.0,89.0,True
arm_KA_membrane,circularity_bootstrap_resamples,1,2000.0,,,,,2000.0,2000.0,True
arm_KA_membrane,circularity_cell_pearson_r,1,0.35698829097738805,,,,,0.35698829097738805,0.35698829097738805,True
arm_KA_membrane,circularity_cell_pearson_r_ci_lower,1,0.22912394220108495,,,,,0.22912394220108495,0.22912394220108495,True
arm_KA_membrane,circularity_cell_pearson_r_ci_upper,1,0.45713111773578047,,,,,0.45713111773578047,0.45713111773578047,True
arm_KA_membrane,circularity_image_pearson_r,1,0.16572638591798305,,,,,0.16572638591798305,0.16572638591798305,True
arm_KA_membrane,circularity_loa_lower,1,-0.06406064729427502,,,,,-0.06406064729427502,-0.06406064729427502,True
arm_KA_membrane,circularity_loa_upper,1,0.7692494486657198,,,,,0.7692494486657198,0.7692494486657198,True
arm_KA_membrane,circularity_mae,1,0.2666275324258543,,,,,0.2666275324258543,0.2666275324258543,True
arm_KA_membrane,circularity_mape,1,0.5275323677632924,,,,,0.5275323677632924,0.5275323677632924,True
arm_KA_membrane,circularity_mape_ci_lower,1,0.4627969067679561,,,,,0.4627969067679561,0.4627969067679561,True
arm_KA_membrane,circularity_mape_ci_upper,1,0.5928558989345273,,,,,0.5928558989345273,0.5928558989345273,True
arm_KA_membrane,circularity_mape_coverage_adjusted,1,0.9488511603493742,,,,,0.9488511603493742,0.9488511603493742,True
arm_KA_membrane,circularity_median_relative_bias,1,0.338853812375268,,,,,0.338853812375268,0.338853812375268,True
arm_KA_membrane,circularity_n_cells,1,388.0,,,,,388.0,388.0,True
arm_KA_membrane,circularity_relative_bias,1,0.3525944006857224,,,,,0.3525944006857224,0.3525944006857224,True
arm_KA_membrane,coverage,1,0.10825892857142858,,,,,0.10825892857142858,0.10825892857142858,True
arm_KA_membrane,detection_f1,1,0.13418640843852672,,,,,0.13418640843852672,0.13418640843852672,True
arm_KA_membrane,detection_precision,1,0.17644383810823103,,,,,0.17644383810823103,0.17644383810823103,True
arm_KA_membrane,detection_recall,1,0.10825892857142858,,,,,0.10825892857142858,0.10825892857142858,True
arm_KA_membrane,dry_mass_bootstrap_fields,1,89.0,,,,,89.0,89.0,True
arm_KA_membrane,dry_mass_bootstrap_resamples,1,2000.0,,,,,2000.0,2000.0,True
arm_KA_membrane,dry_mass_cell_pearson_r,1,0.9442959499375763,,,,,0.9442959499375763,0.9442959499375763,True
arm_KA_membrane,dry_mass_cell_pearson_r_ci_lower,1,0.9258744137542405,,,,,0.9258744137542405,0.9258744137542405,True
arm_KA_membrane,dry_mass_cell_pearson_r_ci_upper,1,0.958217499894782,,,,,0.958217499894782,0.958217499894782,True
arm_KA_membrane,dry_mass_field_total_bias,1,0.5237613954900471,,,,,0.5237613954900471,0.5237613954900471,True
arm_KA_membrane,dry_mass_field_total_mape,1,0.5239642056001781,,,,,0.5239642056001781,0.5239642056001781,True
arm_KA_membrane,dry_mass_field_total_pearson_r,1,0.8859330044157936,,,,,0.8859330044157936,0.8859330044157936,True
arm_KA_membrane,dry_mass_image_pearson_r,1,0.9506886085535006,,,,,0.9506886085535006,0.9506886085535006,True
arm_KA_membrane,dry_mass_loa_lower,1,-0.24590019045716055,,,,,-0.24590019045716055,-0.24590019045716055,True
arm_KA_membrane,dry_mass_loa_upper,1,0.2853907877310758,,,,,0.2853907877310758,0.2853907877310758,True
arm_KA_membrane,dry_mass_mae,1,36.51529608687921,,,,,36.51529608687921,36.51529608687921,True
arm_KA_membrane,dry_mass_mape,1,0.15851380338907967,,,,,0.15851380338907967,0.15851380338907967,True
arm_KA_membrane,dry_mass_mape_ci_lower,1,0.1406477482597673,,,,,0.1406477482597673,0.1406477482597673,True
arm_KA_membrane,dry_mass_mape_ci_upper,1,0.17857612213081767,,,,,0.17857612213081767,0.17857612213081767,True
arm_KA_membrane,dry_mass_mape_coverage_adjusted,1,0.9089016059472552,,,,,0.9089016059472552,0.9089016059472552,True
arm_KA_membrane,dry_mass_median_relative_bias,1,0.002019206818078925,,,,,0.002019206818078925,0.002019206818078925,True
arm_KA_membrane,dry_mass_n_cells,1,388.0,,,,,388.0,388.0,True
arm_KA_membrane,dry_mass_n_fields,1,113.0,,,,,113.0,113.0,True
arm_KA_membrane,dry_mass_relative_bias,1,0.019745298636957627,,,,,0.019745298636957627,0.019745298636957627,True
arm_KA_membrane,false_positive_median_area_um2,1,371.51150584249797,,,,,371.51150584249797,371.51150584249797,True
arm_KA_membrane,forward_distance_um,1,33.77,,,,,33.77,33.77,True
arm_KA_membrane,forward_residual,1,0.9193142146135853,,,,,0.9193142146135853,0.9193142146135853,True
arm_KA_membrane,forward_residual_n,1,113.0,,,,,113.0,113.0,True
arm_KA_membrane,forward_residual_ratio,1,0.9962556152705105,,,,,0.9962556152705105,0.9962556152705105,True
arm_KA_membrane,forward_residual_reference,1,0.9227694183324291,,,,,0.9227694183324291,0.9227694183324291,True
arm_KA_membrane,missed_median_area_um2,1,148.588372039671,,,,,148.588372039671,148.588372039671,True
arm_KA_membrane,optical_volume_bootstrap_fields,1,89.0,,,,,89.0,89.0,True
arm_KA_membrane,optical_volume_bootstrap_resamples,1,2000.0,,,,,2000.0,2000.0,True
arm_KA_membrane,optical_volume_cell_pearson_r,1,0.9442959499375762,,,,,0.9442959499375762,0.9442959499375762,True
arm_KA_membrane,optical_volume_cell_pearson_r_ci_lower,1,0.9258744137542406,,,,,0.9258744137542406,0.9258744137542406,True
arm_KA_membrane,optical_volume_cell_pearson_r_ci_upper,1,0.9582174998947819,,,,,0.9582174998947819,0.9582174998947819,True
arm_KA_membrane,optical_volume_field_total_bias,1,0.523761395490047,,,,,0.523761395490047,0.523761395490047,True
arm_KA_membrane,optical_volume_field_total_mape,1,0.523964205600178,,,,,0.523964205600178,0.523964205600178,True
arm_KA_membrane,optical_volume_field_total_pearson_r,1,0.8859330044157938,,,,,0.8859330044157938,0.8859330044157938,True
arm_KA_membrane,optical_volume_image_pearson_r,1,0.9506886085535003,,,,,0.9506886085535003,0.9506886085535003,True
arm_KA_membrane,optical_volume_loa_lower,1,-0.24590019045716052,,,,,-0.24590019045716052,-0.24590019045716052,True
arm_KA_membrane,optical_volume_loa_upper,1,0.2853907877310758,,,,,0.2853907877310758,0.2853907877310758,True
arm_KA_membrane,optical_volume_mae,1,68.8986101682858,,,,,68.8986101682858,68.8986101682858,True
arm_KA_membrane,optical_volume_mape,1,0.15851380338907967,,,,,0.15851380338907967,0.15851380338907967,True
arm_KA_membrane,optical_volume_mape_ci_lower,1,0.14064774825976734,,,,,0.14064774825976734,0.14064774825976734,True
arm_KA_membrane,optical_volume_mape_ci_upper,1,0.17857612213081767,,,,,0.17857612213081767,0.17857612213081767,True
arm_KA_membrane,optical_volume_mape_coverage_adjusted,1,0.9089016059472552,,,,,0.9089016059472552,0.9089016059472552,True
arm_KA_membrane,optical_volume_median_relative_bias,1,0.0020192068180788563,,,,,0.0020192068180788563,0.0020192068180788563,True
arm_KA_membrane,optical_volume_n_cells,1,388.0,,,,,388.0,388.0,True
arm_KA_membrane,optical_volume_n_fields,1,113.0,,,,,113.0,113.0,True
arm_KA_membrane,optical_volume_relative_bias,1,0.01974529863695764,,,,,0.01974529863695764,0.01974529863695764,True
arm_KA_membrane,phase_bias_rad,1,-0.009012559586435358,,,,,-0.009012559586435358,-0.009012559586435358,True
arm_KA_membrane,phase_bias_rad_background,1,-0.004202598098055583,,,,,-0.004202598098055583,-0.004202598098055583,True
arm_KA_membrane,phase_bias_rad_in_cell,1,-0.024376888626535316,,,,,-0.024376888626535316,-0.024376888626535316,True
arm_KA_membrane,phase_mae_rad,1,0.15987089678513267,,,,,0.15987089678513267,0.15987089678513267,True
arm_KA_membrane,phase_mae_rad_background,1,0.16139130828391135,,,,,0.16139130828391135,0.16139130828391135,True
arm_KA_membrane,phase_mae_rad_in_cell,1,0.15498321127575054,,,,,0.15498321127575054,0.15498321127575054,True
arm_KA_membrane,phase_n_images,1,113.0,,,,,113.0,113.0,True
arm_KA_membrane,phase_pearson_r,1,0.8698748518935348,,,,,0.8698748518935348,0.8698748518935348,True
arm_KA_membrane,phase_psnr_db,1,31.062046154140404,,,,,31.062046154140404,31.062046154140404,True
arm_KA_membrane,phase_rmse_rad,1,0.2453712550721306,,,,,0.2453712550721306,0.2453712550721306,True
arm_KA_membrane,phase_ssim,1,0.6291203812687798,,,,,0.6291203812687798,0.6291203812687798,True
arm_KA_membrane,seg_aji,1,0.2354884864524327,,,,,0.2354884864524327,0.2354884864524327,True
arm_KA_membrane,seg_boundary_f1,1,0.06276397229947094,,,,,0.06276397229947094,0.06276397229947094,True
arm_KA_membrane,seg_dice,1,0.49864073125927677,,,,,0.49864073125927677,0.49864073125927677,True
arm_KA_membrane,seg_dice_macro,1,0.49864073125927677,,,,,0.49864073125927677,0.49864073125927677,True
arm_KA_membrane,seg_instance_count_mape,1,0.6046372105781768,,,,,0.6046372105781768,0.6046372105781768,True
arm_KA_membrane,seg_iou,1,0.33212618834232516,,,,,0.33212618834232516,0.33212618834232516,True
arm_KA_membrane,seg_n_images,1,113.0,,,,,113.0,113.0,True
arm_KB,area_bootstrap_fields,1,113.0,,,,,113.0,113.0,True
arm_KB,area_bootstrap_resamples,1,2000.0,,,,,2000.0,2000.0,True
arm_KB,area_cell_pearson_r,1,0.8894248939338403,,,,,0.8894248939338403,0.8894248939338403,True
arm_KB,area_cell_pearson_r_ci_lower,1,0.871368158633952,,,,,0.871368158633952,0.871368158633952,True
arm_KB,area_cell_pearson_r_ci_upper,1,0.9059622543321935,,,,,0.9059622543321935,0.9059622543321935,True
arm_KB,area_field_total_bias,1,-0.05978939474712253,,,,,-0.05978939474712253,-0.05978939474712253,True
arm_KB,area_field_total_mape,1,0.14475202892817307,,,,,0.14475202892817307,0.14475202892817307,True
arm_KB,area_field_total_pearson_r,1,0.9363944839434065,,,,,0.9363944839434065,0.9363944839434065,True
arm_KB,area_image_pearson_r,1,0.8183109410558472,,,,,0.8183109410558472,0.8183109410558472,True
arm_KB,area_loa_lower,1,-0.1435198730681036,,,,,-0.1435198730681036,-0.1435198730681036,True
arm_KB,area_loa_upper,1,0.3085629214177537,,,,,0.3085629214177537,0.3085629214177537,True
arm_KB,area_mae,1,62.717420587731624,,,,,62.717420587731624,62.717420587731624,True
arm_KB,area_mape,1,0.16845093491069082,,,,,0.16845093491069082,0.16845093491069082,True
arm_KB,area_mape_ci_lower,1,0.15889201665693126,,,,,0.15889201665693126,0.15889201665693126,True
arm_KB,area_mape_ci_upper,1,0.1782812082426216,,,,,0.1782812082426216,0.1782812082426216,True
arm_KB,area_mape_coverage_adjusted,1,0.5038371711441378,,,,,0.5038371711441378,0.5038371711441378,True
arm_KB,area_median_relative_bias,1,0.07662997459779848,,,,,0.07662997459779848,0.07662997459779848,True
arm_KB,area_n_cells,1,1901.0,,,,,1901.0,1901.0,True
arm_KB,area_n_fields,1,113.0,,,,,113.0,113.0,True
arm_KB,area_relative_bias,1,0.08252152417482507,,,,,0.08252152417482507,0.08252152417482507,True
arm_KB,cell_count_ratio,1,0.7401129943502824,,,,,0.7401129943502824,0.7401129943502824,True
arm_KB,cells_detected,1,2358.0,,,,,2358.0,2358.0,True
arm_KB,cells_false_positive,1,457.0,,,,,457.0,457.0,True
arm_KB,cells_matched,1,1901.0,,,,,1901.0,1901.0,True
arm_KB,cells_missed,1,1285.0,,,,,1285.0,1285.0,True
arm_KB,cells_reference,1,3186.0,,,,,3186.0,3186.0,True
arm_KB,circularity_bootstrap_fields,1,113.0,,,,,113.0,113.0,True
arm_KB,circularity_bootstrap_resamples,1,2000.0,,,,,2000.0,2000.0,True
arm_KB,circularity_cell_pearson_r,1,0.8505302255079656,,,,,0.8505302255079656,0.8505302255079656,True
arm_KB,circularity_cell_pearson_r_ci_lower,1,0.8296780320449865,,,,,0.8296780320449865,0.8296780320449865,True
arm_KB,circularity_cell_pearson_r_ci_upper,1,0.8689515891680968,,,,,0.8689515891680968,0.8689515891680968,True
arm_KB,circularity_image_pearson_r,1,0.9005804487803399,,,,,0.9005804487803399,0.9005804487803399,True
arm_KB,circularity_loa_lower,1,-0.06959676166716149,,,,,-0.06959676166716149,-0.06959676166716149,True
arm_KB,circularity_loa_upper,1,0.11339056280733233,,,,,0.11339056280733233,0.11339056280733233,True
arm_KB,circularity_mae,1,0.04741664030730024,,,,,0.04741664030730024,0.04741664030730024,True
arm_KB,circularity_mape,1,0.06690846836875247,,,,,0.06690846836875247,0.06690846836875247,True
arm_KB,circularity_mape_ci_lower,1,0.05972669022603537,,,,,0.05972669022603537,0.05972669022603537,True
arm_KB,circularity_mape_ci_upper,1,0.07465224866000728,,,,,0.07465224866000728,0.07465224866000728,True
arm_KB,circularity_mape_coverage_adjusted,1,0.4432495286782795,,,,,0.4432495286782795,0.4432495286782795,True
arm_KB,circularity_median_relative_bias,1,0.012774118714380793,,,,,0.012774118714380793,0.012774118714380793,True
arm_KB,circularity_n_cells,1,1901.0,,,,,1901.0,1901.0,True
arm_KB,circularity_relative_bias,1,0.021896900570085424,,,,,0.021896900570085424,0.021896900570085424,True
arm_KB,coverage,1,0.5966729441305713,,,,,0.5966729441305713,0.5966729441305713,True
arm_KB,detection_f1,1,0.6857864357864358,,,,,0.6857864357864358,0.6857864357864358,True
arm_KB,detection_precision,1,0.8061916878710772,,,,,0.8061916878710772,0.8061916878710772,True
arm_KB,detection_recall,1,0.5966729441305713,,,,,0.5966729441305713,0.5966729441305713,True
arm_KB,dry_mass_bootstrap_fields,1,113.0,,,,,113.0,113.0,True
arm_KB,dry_mass_bootstrap_resamples,1,2000.0,,,,,2000.0,2000.0,True
arm_KB,dry_mass_cell_pearson_r,1,0.9246881515745727,,,,,0.9246881515745727,0.9246881515745727,True
arm_KB,dry_mass_cell_pearson_r_ci_lower,1,0.903198509803153,,,,,0.903198509803153,0.903198509803153,True
arm_KB,dry_mass_cell_pearson_r_ci_upper,1,0.9407431580480258,,,,,0.9407431580480258,0.9407431580480258,True
arm_KB,dry_mass_field_total_bias,1,-0.1424821589658191,,,,,-0.1424821589658191,-0.1424821589658191,True
arm_KB,dry_mass_field_total_mape,1,0.17272247010301836,,,,,0.17272247010301836,0.17272247010301836,True
arm_KB,dry_mass_field_total_pearson_r,1,0.9784697126951583,,,,,0.9784697126951583,0.9784697126951583,True
arm_KB,dry_mass_image_pearson_r,1,0.9130714222091899,,,,,0.9130714222091899,0.9130714222091899,True
arm_KB,dry_mass_loa_lower,1,-0.2654387276188284,,,,,-0.2654387276188284,-0.2654387276188284,True
arm_KB,dry_mass_loa_upper,1,0.20412961772029467,,,,,0.20412961772029467,0.20412961772029467,True
arm_KB,dry_mass_mae,1,37.65060127366063,,,,,37.65060127366063,37.65060127366063,True
arm_KB,dry_mass_mape,1,0.1835747902256139,,,,,0.1835747902256139,0.1835747902256139,True
arm_KB,dry_mass_mape_ci_lower,1,0.17210605264807974,,,,,0.17210605264807974,0.17210605264807974,True
arm_KB,dry_mass_mape_ci_upper,1,0.19532188713841217,,,,,0.19532188713841217,0.19532188713841217,True
arm_KB,dry_mass_mape_coverage_adjusted,1,0.5128611664214978,,,,,0.5128611664214978,0.5128611664214978,True
arm_KB,dry_mass_median_relative_bias,1,-0.03419738767645443,,,,,-0.03419738767645443,-0.03419738767645443,True
arm_KB,dry_mass_n_cells,1,1901.0,,,,,1901.0,1901.0,True
arm_KB,dry_mass_n_fields,1,113.0,,,,,113.0,113.0,True
arm_KB,dry_mass_relative_bias,1,-0.030654554949266877,,,,,-0.030654554949266877,-0.030654554949266877,True
arm_KB,false_positive_median_area_um2,1,94.13572450356,,,,,94.13572450356,94.13572450356,True
arm_KB,forward_distance_um,1,33.77,,,,,33.77,33.77,True
arm_KB,forward_residual,1,0.9215620307795769,,,,,0.9215620307795769,0.9215620307795769,True
arm_KB,forward_residual_n,1,113.0,,,,,113.0,113.0,True
arm_KB,forward_residual_ratio,1,0.9986915609372554,,,,,0.9986915609372554,0.9986915609372554,True
arm_KB,forward_residual_reference,1,0.9227694183324291,,,,,0.9227694183324291,0.9227694183324291,True
arm_KB,missed_median_area_um2,1,98.761359242097,,,,,98.761359242097,98.761359242097,True
arm_KB,optical_volume_bootstrap_fields,1,113.0,,,,,113.0,113.0,True
arm_KB,optical_volume_bootstrap_resamples,1,2000.0,,,,,2000.0,2000.0,True
arm_KB,optical_volume_cell_pearson_r,1,0.9246881515745727,,,,,0.9246881515745727,0.9246881515745727,True
arm_KB,optical_volume_cell_pearson_r_ci_lower,1,0.9031985098031531,,,,,0.9031985098031531,0.9031985098031531,True
arm_KB,optical_volume_cell_pearson_r_ci_upper,1,0.9407431580480258,,,,,0.9407431580480258,0.9407431580480258,True
arm_KB,optical_volume_field_total_bias,1,-0.14248215896581912,,,,,-0.14248215896581912,-0.14248215896581912,True
arm_KB,optical_volume_field_total_mape,1,0.1727224701030184,,,,,0.1727224701030184,0.1727224701030184,True
arm_KB,optical_volume_field_total_pearson_r,1,0.9784697126951583,,,,,0.9784697126951583,0.9784697126951583,True
arm_KB,optical_volume_image_pearson_r,1,0.9130714222091899,,,,,0.9130714222091899,0.9130714222091899,True
arm_KB,optical_volume_loa_lower,1,-0.2654387276188284,,,,,-0.2654387276188284,-0.2654387276188284,True
arm_KB,optical_volume_loa_upper,1,0.20412961772029467,,,,,0.20412961772029467,0.20412961772029467,True
arm_KB,optical_volume_mae,1,71.04075217091334,,,,,71.04075217091334,71.04075217091334,True
arm_KB,optical_volume_mape,1,0.1835747902256139,,,,,0.1835747902256139,0.1835747902256139,True
arm_KB,optical_volume_mape_ci_lower,1,0.17210605264807974,,,,,0.17210605264807974,0.17210605264807974,True
arm_KB,optical_volume_mape_ci_upper,1,0.19532188713841217,,,,,0.19532188713841217,0.19532188713841217,True
arm_KB,optical_volume_mape_coverage_adjusted,1,0.5128611664214978,,,,,0.5128611664214978,0.5128611664214978,True
arm_KB,optical_volume_median_relative_bias,1,-0.03419738767645442,,,,,-0.03419738767645442,-0.03419738767645442,True
arm_KB,optical_volume_n_cells,1,1901.0,,,,,1901.0,1901.0,True
arm_KB,optical_volume_n_fields,1,113.0,,,,,113.0,113.0,True
arm_KB,optical_volume_relative_bias,1,-0.03065455494926688,,,,,-0.03065455494926688,-0.03065455494926688,True
arm_KB,phase_bias_rad,1,0.007608048778554771,,,,,0.007608048778554771,0.007608048778554771,True
arm_KB,phase_bias_rad_background,1,0.041958887665738576,,,,,0.041958887665738576,0.041958887665738576,True
arm_KB,phase_bias_rad_in_cell,1,-0.20610001946972534,,,,,-0.20610001946972534,-0.20610001946972534,True
arm_KB,phase_mae_rad,1,0.17015676391599452,,,,,0.17015676391599452,0.17015676391599452,True
arm_KB,phase_mae_rad_background,1,0.15218118855119805,,,,,0.15218118855119805,0.15218118855119805,True
arm_KB,phase_mae_rad_in_cell,1,0.2954442065901461,,,,,0.2954442065901461,0.2954442065901461,True
arm_KB,phase_n_images,1,113.0,,,,,113.0,113.0,True
arm_KB,phase_pearson_r,1,0.8572320028216438,,,,,0.8572320028216438,0.8572320028216438,True
arm_KB,phase_psnr_db,1,30.64044657261118,,,,,30.64044657261118,30.64044657261118,True
arm_KB,phase_rmse_rad,1,0.2617883184814999,,,,,0.2617883184814999,0.2617883184814999,True
arm_KB,phase_ssim,1,0.6115042154504134,,,,,0.6115042154504134,0.6115042154504134,True
arm_KB,seg_aji,1,0.656671269076727,,,,,0.656671269076727,0.656671269076727,True
arm_KB,seg_boundary_f1,1,0.44223046144813527,,,,,0.44223046144813527,0.44223046144813527,True
arm_KB,seg_dice,1,0.8279307937302046,,,,,0.8279307937302046,0.8279307937302046,True
arm_KB,seg_dice_macro,1,0.8279307937302046,,,,,0.8279307937302046,0.8279307937302046,True
arm_KB,seg_instance_count_mape,1,0.3608102938777089,,,,,0.3608102938777089,0.3608102938777089,True
arm_KB,seg_iou,1,0.7063838801508668,,,,,0.7063838801508668,0.7063838801508668,True
arm_KB,seg_n_images,1,113.0,,,,,113.0,113.0,True
arm_KB_membrane,area_bootstrap_fields,1,90.0,,,,,90.0,90.0,True
arm_KB_membrane,area_bootstrap_resamples,1,2000.0,,,,,2000.0,2000.0,True
arm_KB_membrane,area_cell_pearson_r,1,0.8164327371384837,,,,,0.8164327371384837,0.8164327371384837,True
arm_KB_membrane,area_cell_pearson_r_ci_lower,1,0.7635640174071501,,,,,0.7635640174071501,0.7635640174071501,True
arm_KB_membrane,area_cell_pearson_r_ci_upper,1,0.8601675851959534,,,,,0.8601675851959534,0.8601675851959534,True
arm_KB_membrane,area_field_total_bias,1,-0.4439742828773679,,,,,-0.4439742828773679,-0.4439742828773679,True
arm_KB_membrane,area_field_total_mape,1,0.4594741770729813,,,,,0.4594741770729813,0.4594741770729813,True
arm_KB_membrane,area_field_total_pearson_r,1,0.2611402162024834,,,,,0.2611402162024834,0.2611402162024834,True
arm_KB_membrane,area_image_pearson_r,1,0.8082575002313218,,,,,0.8082575002313218,0.8082575002313218,True
arm_KB_membrane,area_loa_lower,1,-0.7143040338723905,,,,,-0.7143040338723905,-0.7143040338723905,True
arm_KB_membrane,area_loa_upper,1,0.024633876677368494,,,,,0.024633876677368494,0.024633876677368494,True
arm_KB_membrane,area_mae,1,228.74279936509137,,,,,228.74279936509137,228.74279936509137,True
arm_KB_membrane,area_mape,1,0.3090984416961279,,,,,0.3090984416961279,0.3090984416961279,True
arm_KB_membrane,area_mape_ci_lower,1,0.2940506628611026,,,,,0.2940506628611026,0.2940506628611026,True
arm_KB_membrane,area_mape_ci_upper,1,0.3236369111843136,,,,,0.3236369111843136,0.3236369111843136,True
arm_KB_membrane,area_mape_coverage_adjusted,1,0.9192277475085596,,,,,0.9192277475085596,0.9192277475085596,True
arm_KB_membrane,area_median_relative_bias,1,-0.36531080001045024,,,,,-0.36531080001045024,-0.36531080001045024,True
arm_KB_membrane,area_n_cells,1,419.0,,,,,419.0,419.0,True
arm_KB_membrane,area_n_fields,1,113.0,,,,,113.0,113.0,True
arm_KB_membrane,area_relative_bias,1,-0.344835078597511,,,,,-0.344835078597511,-0.344835078597511,True
arm_KB_membrane,cell_count_ratio,1,0.6579241071428571,,,,,0.6579241071428571,0.6579241071428571,True
arm_KB_membrane,cells_detected,1,2358.0,,,,,2358.0,2358.0,True
arm_KB_membrane,cells_false_positive,1,1939.0,,,,,1939.0,1939.0,True
arm_KB_membrane,cells_matched,1,419.0,,,,,419.0,419.0,True
arm_KB_membrane,cells_missed,1,3165.0,,,,,3165.0,3165.0,True
arm_KB_membrane,cells_reference,1,3584.0,,,,,3584.0,3584.0,True
arm_KB_membrane,circularity_bootstrap_fields,1,90.0,,,,,90.0,90.0,True
arm_KB_membrane,circularity_bootstrap_resamples,1,2000.0,,,,,2000.0,2000.0,True
arm_KB_membrane,circularity_cell_pearson_r,1,0.3378326256420383,,,,,0.3378326256420383,0.3378326256420383,True
arm_KB_membrane,circularity_cell_pearson_r_ci_lower,1,0.20238358721812902,,,,,0.20238358721812902,0.20238358721812902,True
arm_KB_membrane,circularity_cell_pearson_r_ci_upper,1,0.4432200170974371,,,,,0.4432200170974371,0.4432200170974371,True
arm_KB_membrane,circularity_image_pearson_r,1,0.1796394525913478,,,,,0.1796394525913478,0.1796394525913478,True
arm_KB_membrane,circularity_loa_lower,1,-0.03272117842802924,,,,,-0.03272117842802924,-0.03272117842802924,True
arm_KB_membrane,circularity_loa_upper,1,0.7223139948857769,,,,,0.7223139948857769,0.7223139948857769,True
arm_KB_membrane,circularity_mae,1,0.25809854729814197,,,,,0.25809854729814197,0.25809854729814197,True
arm_KB_membrane,circularity_mape,1,0.507158363123731,,,,,0.507158363123731,0.507158363123731,True
arm_KB_membrane,circularity_mape_ci_lower,1,0.44424754148819046,,,,,0.44424754148819046,0.44424754148819046,True
arm_KB_membrane,circularity_mape_ci_upper,1,0.570221536179303,,,,,0.570221536179303,0.570221536179303,True
arm_KB_membrane,circularity_mape_coverage_adjusted,1,0.9423826322959943,,,,,0.9423826322959943,0.9423826322959943,True
arm_KB_membrane,circularity_median_relative_bias,1,0.350869496499087,,,,,0.350869496499087,0.350869496499087,True
arm_KB_membrane,circularity_n_cells,1,419.0,,,,,419.0,419.0,True
arm_KB_membrane,circularity_relative_bias,1,0.3447964082288738,,,,,0.3447964082288738,0.3447964082288738,True
arm_KB_membrane,coverage,1,0.11690848214285714,,,,,0.11690848214285714,0.11690848214285714,True
arm_KB_membrane,detection_f1,1,0.141029956243689,,,,,0.141029956243689,0.141029956243689,True
arm_KB_membrane,detection_precision,1,0.17769296013570823,,,,,0.17769296013570823,0.17769296013570823,True
arm_KB_membrane,detection_recall,1,0.11690848214285714,,,,,0.11690848214285714,0.11690848214285714,True
arm_KB_membrane,dry_mass_bootstrap_fields,1,90.0,,,,,90.0,90.0,True
arm_KB_membrane,dry_mass_bootstrap_resamples,1,2000.0,,,,,2000.0,2000.0,True
arm_KB_membrane,dry_mass_cell_pearson_r,1,0.9419563778793283,,,,,0.9419563778793283,0.9419563778793283,True
arm_KB_membrane,dry_mass_cell_pearson_r_ci_lower,1,0.9209713108471536,,,,,0.9209713108471536,0.9209713108471536,True
arm_KB_membrane,dry_mass_cell_pearson_r_ci_upper,1,0.9577473221726427,,,,,0.9577473221726427,0.9577473221726427,True
arm_KB_membrane,dry_mass_field_total_bias,1,0.5612104009399893,,,,,0.5612104009399893,0.5612104009399893,True
arm_KB_membrane,dry_mass_field_total_mape,1,0.5612104009399893,,,,,0.5612104009399893,0.5612104009399893,True
arm_KB_membrane,dry_mass_field_total_pearson_r,1,0.8690307570027356,,,,,0.8690307570027356,0.8690307570027356,True
arm_KB_membrane,dry_mass_image_pearson_r,1,0.9415085718858507,,,,,0.9415085718858507,0.9415085718858507,True
arm_KB_membrane,dry_mass_loa_lower,1,-0.4405435875276144,,,,,-0.4405435875276144,-0.4405435875276144,True
arm_KB_membrane,dry_mass_loa_upper,1,0.5339066674907513,,,,,0.5339066674907513,0.5339066674907513,True
arm_KB_membrane,dry_mass_mae,1,37.69764988494372,,,,,37.69764988494372,37.69764988494372,True
arm_KB_membrane,dry_mass_mape,1,0.26297847290793475,,,,,0.26297847290793475,0.26297847290793475,True
arm_KB_membrane,dry_mass_mape_ci_lower,1,0.1621103430194153,,,,,0.1621103430194153,0.1621103430194153,True
arm_KB_membrane,dry_mass_mape_ci_upper,1,0.44029298140062495,,,,,0.44029298140062495,0.44029298140062495,True
arm_KB_membrane,dry_mass_mape_coverage_adjusted,1,0.9138359319610561,,,,,0.9138359319610561,0.9138359319610561,True
arm_KB_membrane,dry_mass_median_relative_bias,1,-0.00098081842272296,,,,,-0.00098081842272296,-0.00098081842272296,True
arm_KB_membrane,dry_mass_n_cells,1,419.0,,,,,419.0,419.0,True
arm_KB_membrane,dry_mass_n_fields,1,113.0,,,,,113.0,113.0,True
arm_KB_membrane,dry_mass_relative_bias,1,0.046681539981568446,,,,,0.046681539981568446,0.046681539981568446,True
arm_KB_membrane,false_positive_median_area_um2,1,362.909448258552,,,,,362.909448258552,362.909448258552,True
arm_KB_membrane,forward_distance_um,1,33.77,,,,,33.77,33.77,True
arm_KB_membrane,forward_residual,1,0.9215620307795769,,,,,0.9215620307795769,0.9215620307795769,True
arm_KB_membrane,forward_residual_n,1,113.0,,,,,113.0,113.0,True
arm_KB_membrane,forward_residual_ratio,1,0.9986915609372554,,,,,0.9986915609372554,0.9986915609372554,True
arm_KB_membrane,forward_residual_reference,1,0.9227694183324291,,,,,0.9227694183324291,0.9227694183324291,True
arm_KB_membrane,missed_median_area_um2,1,145.748070007236,,,,,145.748070007236,145.748070007236,True
arm_KB_membrane,optical_volume_bootstrap_fields,1,90.0,,,,,90.0,90.0,True
arm_KB_membrane,optical_volume_bootstrap_resamples,1,2000.0,,,,,2000.0,2000.0,True
arm_KB_membrane,optical_volume_cell_pearson_r,1,0.9419563778793284,,,,,0.9419563778793284,0.9419563778793284,True
arm_KB_membrane,optical_volume_cell_pearson_r_ci_lower,1,0.9209713108471536,,,,,0.9209713108471536,0.9209713108471536,True
arm_KB_membrane,optical_volume_cell_pearson_r_ci_upper,1,0.9577473221726427,,,,,0.9577473221726427,0.9577473221726427,True
arm_KB_membrane,optical_volume_field_total_bias,1,0.5612104009399893,,,,,0.5612104009399893,0.5612104009399893,True
arm_KB_membrane,optical_volume_field_total_mape,1,0.5612104009399893,,,,,0.5612104009399893,0.5612104009399893,True
arm_KB_membrane,optical_volume_field_total_pearson_r,1,0.8690307570027357,,,,,0.8690307570027357,0.8690307570027357,True
arm_KB_membrane,optical_volume_image_pearson_r,1,0.9415085718858508,,,,,0.9415085718858508,0.9415085718858508,True
arm_KB_membrane,optical_volume_loa_lower,1,-0.44054358752761447,,,,,-0.44054358752761447,-0.44054358752761447,True
arm_KB_membrane,optical_volume_loa_upper,1,0.5339066674907513,,,,,0.5339066674907513,0.5339066674907513,True
arm_KB_membrane,optical_volume_mae,1,71.12952548717074,,,,,71.12952548717074,71.12952548717074,True
arm_KB_membrane,optical_volume_mape,1,0.26297847290793475,,,,,0.26297847290793475,0.26297847290793475,True
arm_KB_membrane,optical_volume_mape_ci_lower,1,0.1621103430194153,,,,,0.1621103430194153,0.1621103430194153,True
arm_KB_membrane,optical_volume_mape_ci_upper,1,0.44029298140062495,,,,,0.44029298140062495,0.44029298140062495,True
arm_KB_membrane,optical_volume_mape_coverage_adjusted,1,0.9138359319610561,,,,,0.9138359319610561,0.9138359319610561,True
arm_KB_membrane,optical_volume_median_relative_bias,1,-0.0009808184227229069,,,,,-0.0009808184227229069,-0.0009808184227229069,True
arm_KB_membrane,optical_volume_n_cells,1,419.0,,,,,419.0,419.0,True
arm_KB_membrane,optical_volume_n_fields,1,113.0,,,,,113.0,113.0,True
arm_KB_membrane,optical_volume_relative_bias,1,0.04668153998156844,,,,,0.04668153998156844,0.04668153998156844,True
arm_KB_membrane,phase_bias_rad,1,0.007608048778554771,,,,,0.007608048778554771,0.007608048778554771,True
arm_KB_membrane,phase_bias_rad_background,1,0.015370290171390036,,,,,0.015370290171390036,0.015370290171390036,True
arm_KB_membrane,phase_bias_rad_in_cell,1,-0.017375178529522424,,,,,-0.017375178529522424,-0.017375178529522424,True
arm_KB_membrane,phase_mae_rad,1,0.17015676391599452,,,,,0.17015676391599452,0.17015676391599452,True
arm_KB_membrane,phase_mae_rad_background,1,0.16896687085385872,,,,,0.16896687085385872,0.16896687085385872,True
arm_KB_membrane,phase_mae_rad_in_cell,1,0.17407444449125137,,,,,0.17407444449125137,0.17407444449125137,True
arm_KB_membrane,phase_n_images,1,113.0,,,,,113.0,113.0,True
arm_KB_membrane,phase_pearson_r,1,0.8572320028216438,,,,,0.8572320028216438,0.8572320028216438,True
arm_KB_membrane,phase_psnr_db,1,30.64044657261118,,,,,30.64044657261118,30.64044657261118,True
arm_KB_membrane,phase_rmse_rad,1,0.2617883184814999,,,,,0.2617883184814999,0.2617883184814999,True
arm_KB_membrane,phase_ssim,1,0.6115042154504134,,,,,0.6115042154504134,0.6115042154504134,True
arm_KB_membrane,seg_aji,1,0.23775732137042566,,,,,0.23775732137042566,0.23775732137042566,True
arm_KB_membrane,seg_boundary_f1,1,0.06466126730668346,,,,,0.06466126730668346,0.06466126730668346,True
arm_KB_membrane,seg_dice,1,0.5071444200474045,,,,,0.5071444200474045,0.5071444200474045,True
arm_KB_membrane,seg_dice_macro,1,0.5071444200474045,,,,,0.5071444200474045,0.5071444200474045,True
arm_KB_membrane,seg_instance_count_mape,1,0.4399767647369332,,,,,0.4399767647369332,0.4399767647369332,True
arm_KB_membrane,seg_iou,1,0.3397143212362904,,,,,0.3397143212362904,0.3397143212362904,True
arm_KB_membrane,seg_n_images,1,113.0,,,,,113.0,113.0,True
hardware_arm_A,gmacs,3,45.84943616,0.0,0.0,45.84943616,45.84943616,45.84943616,45.84943616,True
hardware_arm_A,input_size,3,900.0,0.0,0.0,900.0,900.0,900.0,900.0,True
hardware_arm_A,onnx_fp16.foreign_gpu_memory_mb,3,0.0,0.0,0.0,0.0,0.0,0.0,0.0,True
hardware_arm_A,onnx_fp16.fps,3,118.7960170286499,0.87375825290399,0.5044645625207758,116.62548120165802,120.96655285564178,118.06484554438627,119.76367808165871,True
hardware_arm_A,onnx_fp16.latency_mean_ms,3,8.41809340318044,0.06174613025302915,0.03564914492300408,8.264707512464243,8.571479293896639,8.349776960909367,8.469921723008156,True
hardware_arm_A,onnx_fp16.latency_p50_ms,3,8.40724321703116,0.06738052364781216,0.038902163466202296,8.239860717200145,8.574625716862176,8.33231396973133,8.462855592370033,True
hardware_arm_A,onnx_fp16.latency_p99_ms,3,8.566950472692648,0.08892803942415943,0.051342627500044105,8.346040976327073,8.787859969058223,8.50432075560093,8.668737560510635,True
hardware_arm_A,onnx_fp16.latency_p99_over_p50,3,1.019092350751613,0.01844836848836485,0.010651170512866855,0.9732640628693994,1.0649206386338266,1.007673238528954,1.0403757698043334,True
hardware_arm_A,onnx_fp16.latency_std_ms,3,0.13148223273668483,0.04875302754528673,0.028147573577080535,0.010372998449435442,0.2525914670239342,0.09540692769053738,0.18694697396836696,True
hardware_arm_A,onnx_fp16.timed_runs,3,500.0,0.0,0.0,500.0,500.0,500.0,500.0,True
hardware_arm_A,onnx_fp32.foreign_gpu_memory_mb,3,0.0,0.0,0.0,0.0,0.0,0.0,0.0,True
hardware_arm_A,onnx_fp32.fps,3,70.42714626989978,0.47966123853931425,0.2769325451905024,69.2356016983794,71.61869084142016,70.04101134492856,70.964088373127,True
hardware_arm_A,onnx_fp32.latency_mean_ms,3,14.199508130550385,0.0964311214330197,0.055674533917611416,13.959959945212244,14.439056315888525,14.091634556651115,14.277349524199963,True
hardware_arm_A,onnx_fp32.latency_p50_ms,3,14.160054425398508,0.09238159864742837,0.05333654084726074,13.930565812326648,14.389543038470368,14.056390151381493,14.233672991394997,True
hardware_arm_A,onnx_fp32.latency_p99_ms,3,15.584085149069628,0.14532526562406492,0.08390358122810776,15.223077176262754,15.945093121876502,15.441752336919308,15.732228569686411,True
hardware_arm_A,onnx_fp32.latency_p99_over_p50,3,1.100566688129658,0.0073150271617618435,0.004223332900972624,1.0823951532946474,1.1187382229646687,1.0944662386174704,1.1086763604039351,True
hardware_arm_A,onnx_fp32.latency_std_ms,3,0.36381057285833834,0.02127525816268801,0.012283276027306706,0.31095990172918103,0.41666124398749566,0.3428769047808872,0.38541171269070684,True
hardware_arm_A,onnx_fp32.timed_runs,3,500.0,0.0,0.0,500.0,500.0,500.0,500.0,True
hardware_arm_A,params_frozen,3,0.0,0.0,0.0,0.0,0.0,0.0,0.0,True
hardware_arm_A,params_total,3,9598099.0,0.0,0.0,9598099.0,9598099.0,9598099.0,9598099.0,True
hardware_arm_A,params_trainable,3,9598099.0,0.0,0.0,9598099.0,9598099.0,9598099.0,9598099.0,True
hardware_arm_A,params_trainable_fraction,3,1.0,0.0,0.0,1.0,1.0,1.0,1.0,True
hardware_arm_A,pytorch_fp16.foreign_gpu_memory_mb,3,0.0,0.0,0.0,0.0,0.0,0.0,0.0,True
hardware_arm_A,pytorch_fp16.fps,3,108.00480700774769,1.8282293708632753,1.0555287194082923,103.46323348185665,112.54638053363873,106.27143736129321,109.91504100760717,True
hardware_arm_A,pytorch_fp16.latency_mean_ms,3,9.260612001021704,0.1563976547363886,0.09029622806268012,8.872098688861733,9.649125313181674,9.097935922443867,9.409866139292717,True
hardware_arm_A,pytorch_fp16.latency_p50_ms,3,9.194696322083473,0.1582208121520778,0.09134882848740335,8.801654035832732,9.587738608334215,9.033430367708206,9.349685162305832,True
hardware_arm_A,pytorch_fp16.latency_p99_ms,3,10.683745481073856,0.16888709992186304,0.09750701260254285,10.26420666712981,11.103284295017902,10.50785779953003,10.844631046056747,True
hardware_arm_A,pytorch_fp16.latency_p99_over_p50,3,1.1619653184238063,0.001808098539941493,0.0010439061787565903,1.157473752654177,1.1664568841934357,1.1598926442761877,1.163218995642282,True
hardware_arm_A,pytorch_fp16.latency_std_ms,3,0.3249835541044951,0.12317751833036755,0.07111657336614777,0.0189936355802115,0.6309734726287787,0.21807585468182727,0.4596824582815774,True
hardware_arm_A,pytorch_fp16.peak_activation_mb,3,93.59033203125,0.0,0.0,93.59033203125,93.59033203125,93.59033203125,93.59033203125,True
hardware_arm_A,pytorch_fp16.peak_allocated_mb,3,111.97492790222168,0.0,0.0,111.97492790222168,111.97492790222168,111.97492790222168,111.97492790222168,True
hardware_arm_A,pytorch_fp16.process_peak_allocated_mb,3,151.046875,0.0,0.0,151.046875,151.046875,151.046875,151.046875,True
hardware_arm_A,pytorch_fp16.process_peak_reserved_mb,3,238.0,0.0,0.0,238.0,238.0,238.0,238.0,True
hardware_arm_A,pytorch_fp16.timed_runs,3,500.0,0.0,0.0,500.0,500.0,500.0,500.0,True
hardware_arm_A,pytorch_fp16.weights_mb,3,18.38459587097168,0.0,0.0,18.38459587097168,18.38459587097168,18.38459587097168,18.38459587097168,True
hardware_arm_A,pytorch_fp32.foreign_gpu_memory_mb,3,0.0,0.0,0.0,0.0,0.0,0.0,0.0,True
hardware_arm_A,pytorch_fp32.fps,3,81.19905856608885,0.7465615341335821,0.4310275026986436,79.34449690500544,83.05362022717226,80.74249091778687,82.0605987452343,True
hardware_arm_A,pytorch_fp32.latency_mean_ms,3,12.316104158759117,0.11264222529546182,0.06503401909645336,12.036285358967184,12.59592295855105,12.186116300523281,12.385052636265755,True
hardware_arm_A,pytorch_fp32.latency_p50_ms,3,12.244267389178276,0.08090544077741037,0.046710778011743205,12.043287132657328,12.445247645699224,12.150930240750313,12.294374406337738,True
hardware_arm_A,pytorch_fp32.latency_p99_ms,3,14.022444126506647,0.6108557677387122,0.352677741939981,12.50499427742671,15.539893975586583,13.409202583134174,14.6308858320117,True
hardware_arm_A,pytorch_fp32.latency_p99_over_p50,3,1.145062499533395,0.0433514393352216,0.025028965169947924,1.0373715542221142,1.2527534448446755,1.1035535812858197,1.190047199511794,True
hardware_arm_A,pytorch_fp32.latency_std_ms,3,0.4848950230427029,0.1405121367125014,0.08112471995537218,0.13584352527656013,0.8339465208088457,0.3226527300946782,0.5673350128501722,True
hardware_arm_A,pytorch_fp32.peak_activation_mb,3,187.111328125,0.0,0.0,187.111328125,187.111328125,187.111328125,187.111328125,True
hardware_arm_A,pytorch_fp32.peak_allocated_mb,3,223.8805809020996,0.0,0.0,223.8805809020996,223.8805809020996,223.8805809020996,223.8805809020996,True
hardware_arm_A,pytorch_fp32.process_peak_allocated_mb,3,227.15234375,0.0,0.0,227.15234375,227.15234375,227.15234375,227.15234375,True
hardware_arm_A,pytorch_fp32.process_peak_reserved_mb,3,340.0,0.0,0.0,340.0,340.0,340.0,340.0,True
hardware_arm_A,pytorch_fp32.timed_runs,3,500.0,0.0,0.0,500.0,500.0,500.0,500.0,True
hardware_arm_A,pytorch_fp32.weights_mb,3,36.76925277709961,0.0,0.0,36.76925277709961,36.76925277709961,36.76925277709961,36.76925277709961,True
hardware_arm_B,gmacs,3,45.84943616,0.0,0.0,45.84943616,45.84943616,45.84943616,45.84943616,True
hardware_arm_B,input_size,3,900.0,0.0,0.0,900.0,900.0,900.0,900.0,True
hardware_arm_B,onnx_fp16.foreign_gpu_memory_mb,3,0.0,0.0,0.0,0.0,0.0,0.0,0.0,True
hardware_arm_B,onnx_fp16.fps,3,118.23099191295019,0.1754391272238446,0.10128982732907969,117.79517696089687,118.66680686500351,118.09934576377647,118.43015986339235,True
hardware_arm_B,onnx_fp16.latency_mean_ms,3,8.458031609654427,0.012541449853861601,0.007240809449155189,8.426876921112424,8.48918629819643,8.443795070052147,8.46744741499424,True
hardware_arm_B,onnx_fp16.latency_p50_ms,3,8.444327861070633,0.01376981588247358,0.007950006906437705,8.410121742153121,8.478533979988145,8.429955691099167,8.457403630018234,True
hardware_arm_B,onnx_fp16.latency_p99_ms,3,8.58787847061952,0.14167346641741974,0.0817952139731247,8.235942069937614,8.939814871301426,8.497813604772091,8.75118013471365,True
hardware_arm_B,onnx_fp16.latency_p99_over_p50,3,1.0170174577014315,0.01826481737341272,0.010545197227239188,0.9716451360659043,1.0623897793369586,1.0061794535321478,1.0381051164899537,True
hardware_arm_B,onnx_fp16.latency_std_ms,3,0.14669419894078908,0.12478461598185077,0.07204443162784563,-0.1632879714660094,0.4566763693475876,0.027835305895668325,0.2766617418638363,True
hardware_arm_B,onnx_fp16.timed_runs,3,500.0,0.0,0.0,500.0,500.0,500.0,500.0,True
hardware_arm_B,onnx_fp32.foreign_gpu_memory_mb,3,0.0,0.0,0.0,0.0,0.0,0.0,0.0,True
hardware_arm_B,onnx_fp32.fps,3,70.27147466889615,0.10134727866282654,0.058512878617618926,70.01971407198656,70.52323526580574,70.18655973446671,70.38366994024531,True
hardware_arm_B,onnx_fp32.latency_mean_ms,3,14.230545048912367,0.020512581014396784,0.011842944170435991,14.179588972849169,14.281501124975565,14.207841120660305,14.24774207174778,True
hardware_arm_B,onnx_fp32.latency_p50_ms,3,14.19403093556563,0.03253723634001012,0.01878538215959132,14.113203959737277,14.274857911393983,14.157500118017197,14.219898730516434,True
hardware_arm_B,onnx_fp32.latency_p99_ms,3,15.18529636164506,0.4166916663085426,0.24057704571231078,14.150176879195925,16.220415844094195,14.844290688633912,15.649769082665443,True
hardware_arm_B,onnx_fp32.latency_p99_over_p50,3,1.069839430518969,0.02936884478963098,0.016956110445081784,0.9968831756265044,1.1427956854114334,1.0439097331106522,1.101732225189668,True
hardware_arm_B,onnx_fp32.latency_std_ms,3,0.2739887999898569,0.09508901852939705,0.054899670444924706,0.03777458308765577,0.510203016892058,0.165475338133001,0.34275562711936225,True
hardware_arm_B,onnx_fp32.timed_runs,3,500.0,0.0,0.0,500.0,500.0,500.0,500.0,True
hardware_arm_B,params_frozen,3,0.0,0.0,0.0,0.0,0.0,0.0,0.0,True
hardware_arm_B,params_total,3,9598099.0,0.0,0.0,9598099.0,9598099.0,9598099.0,9598099.0,True
hardware_arm_B,params_trainable,3,9598099.0,0.0,0.0,9598099.0,9598099.0,9598099.0,9598099.0,True
hardware_arm_B,params_trainable_fraction,3,1.0,0.0,0.0,1.0,1.0,1.0,1.0,True
hardware_arm_B,pytorch_fp16.foreign_gpu_memory_mb,3,0.0,0.0,0.0,0.0,0.0,0.0,0.0,True
hardware_arm_B,pytorch_fp16.fps,3,103.00291633043314,7.408138647785005,4.277090842492743,84.60007974159531,121.40575291927097,94.4802097527698,107.8991890378498,True
hardware_arm_B,pytorch_fp16.latency_mean_ms,3,9.743472767372927,0.730202953869256,0.42158287197947486,7.929548072434821,11.557397462311032,9.267910249531269,10.58422713726759,True
hardware_arm_B,pytorch_fp16.latency_p50_ms,3,9.677961468696594,0.7448881917891148,0.43006139804561905,7.827556620435741,11.528366316957447,9.20896977186203,10.53687185049057,True
hardware_arm_B,pytorch_fp16.latency_p99_ms,3,10.837535547713435,0.0914538035503705,0.052800878098221565,10.610351705430952,11.064719389995917,10.745256394147873,10.92814102768897,True
hardware_arm_B,pytorch_fp16.latency_p99_over_p50,3,1.123655058022366,0.07493006648559433,0.04326089405585445,0.9375184541215417,1.3097916619231904,1.037133333569031,1.1670068144262085,True
hardware_arm_B,pytorch_fp16.latency_std_ms,3,0.26596670440399156,0.01795938517297739,0.01036885586409867,0.2213531184159487,0.31058029039203444,0.24549145568129602,0.27905260159271683,True
hardware_arm_B,pytorch_fp16.peak_activation_mb,3,93.59033203125,0.0,0.0,93.59033203125,93.59033203125,93.59033203125,93.59033203125,True
hardware_arm_B,pytorch_fp16.peak_allocated_mb,3,111.97492790222168,0.0,0.0,111.97492790222168,111.97492790222168,111.97492790222168,111.97492790222168,True
hardware_arm_B,pytorch_fp16.process_peak_allocated_mb,3,151.046875,0.0,0.0,151.046875,151.046875,151.046875,151.046875,True
hardware_arm_B,pytorch_fp16.process_peak_reserved_mb,3,238.0,0.0,0.0,238.0,238.0,238.0,238.0,True
hardware_arm_B,pytorch_fp16.timed_runs,3,500.0,0.0,0.0,500.0,500.0,500.0,500.0,True
hardware_arm_B,pytorch_fp16.weights_mb,3,18.38459587097168,0.0,0.0,18.38459587097168,18.38459587097168,18.38459587097168,18.38459587097168,True
hardware_arm_B,pytorch_fp32.foreign_gpu_memory_mb,3,0.0,0.0,0.0,0.0,0.0,0.0,0.0,True
hardware_arm_B,pytorch_fp32.fps,3,80.92212794563032,0.4225472443512752,0.24395776527154334,79.87246240094113,81.97179349031951,80.63627885662048,81.40749065600323,True
hardware_arm_B,pytorch_fp32.latency_mean_ms,3,12.357783349851767,0.06434322632563548,0.037148579039634665,12.197945914840568,12.517620784862965,12.283881887793541,12.401365913450718,True
hardware_arm_B,pytorch_fp32.latency_p50_ms,3,12.281483660141626,0.07446913273736894,0.04299477383223793,12.096492079147387,12.466475241135866,12.195775285363197,12.330355122685432,True
hardware_arm_B,pytorch_fp32.latency_p99_ms,3,14.19077382733424,0.39740252216740174,0.22944045314998562,13.2035712352735,15.17797641939498,13.731981813907616,14.42799165844917,True
hardware_arm_B,pytorch_fp32.latency_p99_over_p50,3,1.1553582791829982,0.025457841427708693,0.01469809160127442,1.092117495232667,1.2185990631333292,1.1259621871180345,1.1701197179556084,True
hardware_arm_B,pytorch_fp32.latency_std_ms,3,0.49876374090521286,0.09891883891211435,0.05711081827383445,0.2530357227610736,0.744491759049352,0.40627080803946763,0.6030509664573491,True
hardware_arm_B,pytorch_fp32.peak_activation_mb,3,187.111328125,0.0,0.0,187.111328125,187.111328125,187.111328125,187.111328125,True
hardware_arm_B,pytorch_fp32.peak_allocated_mb,3,223.8805809020996,0.0,0.0,223.8805809020996,223.8805809020996,223.8805809020996,223.8805809020996,True
hardware_arm_B,pytorch_fp32.process_peak_allocated_mb,3,227.15234375,0.0,0.0,227.15234375,227.15234375,227.15234375,227.15234375,True
hardware_arm_B,pytorch_fp32.process_peak_reserved_mb,3,340.0,0.0,0.0,340.0,340.0,340.0,340.0,True
hardware_arm_B,pytorch_fp32.timed_runs,3,500.0,0.0,0.0,500.0,500.0,500.0,500.0,True
hardware_arm_B,pytorch_fp32.weights_mb,3,36.76925277709961,0.0,0.0,36.76925277709961,36.76925277709961,36.76925277709961,36.76925277709961,True
hardware_arm_D0,gmacs,1,47.868051456,,,,,47.868051456,47.868051456,True
hardware_arm_D0,input_size,1,900.0,,,,,900.0,900.0,True
hardware_arm_D0,onnx_fp16.foreign_gpu_memory_mb,1,0.0,,,,,0.0,0.0,True
hardware_arm_D0,onnx_fp16.fps,1,108.64252583050535,,,,,108.64252583050535,108.64252583050535,True
hardware_arm_D0,onnx_fp16.latency_mean_ms,1,9.204498812556267,,,,,9.204498812556267,9.204498812556267,True
hardware_arm_D0,onnx_fp16.latency_p50_ms,1,9.172817692160606,,,,,9.172817692160606,9.172817692160606,True
hardware_arm_D0,onnx_fp16.latency_p99_ms,1,10.531571507453918,,,,,10.531571507453918,10.531571507453918,True
hardware_arm_D0,onnx_fp16.latency_p99_over_p50,1,1.1481282917521132,,,,,1.1481282917521132,1.1481282917521132,True
hardware_arm_D0,onnx_fp16.latency_std_ms,1,0.25919174393101935,,,,,0.25919174393101935,0.25919174393101935,True
hardware_arm_D0,onnx_fp16.timed_runs,1,500.0,,,,,500.0,500.0,True
hardware_arm_D0,onnx_fp32.foreign_gpu_memory_mb,1,0.0,,,,,0.0,0.0,True
hardware_arm_D0,onnx_fp32.fps,1,64.82347924409838,,,,,64.82347924409838,64.82347924409838,True
hardware_arm_D0,onnx_fp32.latency_mean_ms,1,15.426509216427803,,,,,15.426509216427803,15.426509216427803,True
hardware_arm_D0,onnx_fp32.latency_p50_ms,1,15.415864065289497,,,,,15.415864065289497,15.415864065289497,True
hardware_arm_D0,onnx_fp32.latency_p99_ms,1,15.622869357466694,,,,,15.622869357466694,15.622869357466694,True
hardware_arm_D0,onnx_fp32.latency_p99_over_p50,1,1.0134280693771354,,,,,1.0134280693771354,1.0134280693771354,True
hardware_arm_D0,onnx_fp32.latency_std_ms,1,0.105005913520382,,,,,0.105005913520382,0.105005913520382,True
hardware_arm_D0,onnx_fp32.timed_runs,1,500.0,,,,,500.0,500.0,True
hardware_arm_D0,params_frozen,1,0.0,,,,,0.0,0.0,True
hardware_arm_D0,params_total,1,9607412.0,,,,,9607412.0,9607412.0,True
hardware_arm_D0,params_trainable,1,9607412.0,,,,,9607412.0,9607412.0,True
hardware_arm_D0,params_trainable_fraction,1,1.0,,,,,1.0,1.0,True
hardware_arm_D0,pytorch_fp16.foreign_gpu_memory_mb,1,0.0,,,,,0.0,0.0,True
hardware_arm_D0,pytorch_fp16.fps,1,104.11606440342457,,,,,104.11606440342457,104.11606440342457,True
hardware_arm_D0,pytorch_fp16.latency_mean_ms,1,9.604665771126747,,,,,9.604665771126747,9.604665771126747,True
hardware_arm_D0,pytorch_fp16.latency_p50_ms,1,9.547239169478416,,,,,9.547239169478416,9.547239169478416,True
hardware_arm_D0,pytorch_fp16.latency_p99_ms,1,10.943716727197168,,,,,10.943716727197168,10.943716727197168,True
hardware_arm_D0,pytorch_fp16.latency_p99_over_p50,1,1.1462703021186642,,,,,1.1462703021186642,1.1462703021186642,True
hardware_arm_D0,pytorch_fp16.latency_std_ms,1,0.3576483698290816,,,,,0.3576483698290816,0.3576483698290816,True
hardware_arm_D0,pytorch_fp16.peak_activation_mb,1,93.01220703125,,,,,93.01220703125,93.01220703125,True
hardware_arm_D0,pytorch_fp16.peak_allocated_mb,1,111.41470336914062,,,,,111.41470336914062,111.41470336914062,True
hardware_arm_D0,pytorch_fp16.process_peak_allocated_mb,1,150.5322265625,,,,,150.5322265625,150.5322265625,True
hardware_arm_D0,pytorch_fp16.process_peak_reserved_mb,1,268.0,,,,,268.0,268.0,True
hardware_arm_D0,pytorch_fp16.timed_runs,1,500.0,,,,,500.0,500.0,True
hardware_arm_D0,pytorch_fp16.weights_mb,1,18.402496337890625,,,,,18.402496337890625,18.402496337890625,True
hardware_arm_D0,pytorch_fp32.foreign_gpu_memory_mb,1,0.0,,,,,0.0,0.0,True
hardware_arm_D0,pytorch_fp32.fps,1,77.26691026469351,,,,,77.26691026469351,77.26691026469351,True
hardware_arm_D0,pytorch_fp32.latency_mean_ms,1,12.942150741815567,,,,,12.942150741815567,12.942150741815567,True
hardware_arm_D0,pytorch_fp32.latency_p50_ms,1,12.860869988799095,,,,,12.860869988799095,12.860869988799095,True
hardware_arm_D0,pytorch_fp32.latency_p99_ms,1,15.029627941548823,,,,,15.029627941548823,15.029627941548823,True
hardware_arm_D0,pytorch_fp32.latency_p99_over_p50,1,1.1686322896225965,,,,,1.1686322896225965,1.1686322896225965,True
hardware_arm_D0,pytorch_fp32.latency_std_ms,1,0.5391079512682498,,,,,0.5391079512682498,0.5391079512682498,True
hardware_arm_D0,pytorch_fp32.peak_activation_mb,1,187.111328125,,,,,187.111328125,187.111328125,True
hardware_arm_D0,pytorch_fp32.peak_allocated_mb,1,223.91638946533203,,,,,223.91638946533203,223.91638946533203,True
hardware_arm_D0,pytorch_fp32.process_peak_allocated_mb,1,227.19287109375,,,,,227.19287109375,227.19287109375,True
hardware_arm_D0,pytorch_fp32.process_peak_reserved_mb,1,368.0,,,,,368.0,368.0,True
hardware_arm_D0,pytorch_fp32.timed_runs,1,500.0,,,,,500.0,500.0,True
hardware_arm_D0,pytorch_fp32.weights_mb,1,36.80506134033203,,,,,36.80506134033203,36.80506134033203,True
hardware_arm_KA,gmacs,1,24.034784256,,,,,24.034784256,24.034784256,True
hardware_arm_KA,input_size,1,900.0,,,,,900.0,900.0,True
hardware_arm_KA,onnx_fp16.foreign_gpu_memory_mb,1,0.0,,,,,0.0,0.0,True
hardware_arm_KA,onnx_fp16.fps,1,125.26809209142147,,,,,125.26809209142147,125.26809209142147,True
hardware_arm_KA,onnx_fp16.latency_mean_ms,1,7.98287882655859,,,,,7.98287882655859,7.98287882655859,True
hardware_arm_KA,onnx_fp16.latency_p50_ms,1,7.9498570412397385,,,,,7.9498570412397385,7.9498570412397385,True
hardware_arm_KA,onnx_fp16.latency_p99_ms,1,9.1489727422595,,,,,9.1489727422595,9.1489727422595,True
hardware_arm_KA,onnx_fp16.latency_p99_over_p50,1,1.1508348759983194,,,,,1.1508348759983194,1.1508348759983194,True
hardware_arm_KA,onnx_fp16.latency_std_ms,1,0.48395908622874506,,,,,0.48395908622874506,0.48395908622874506,True
hardware_arm_KA,onnx_fp16.timed_runs,1,500.0,,,,,500.0,500.0,True
hardware_arm_KA,onnx_fp32.foreign_gpu_memory_mb,1,0.0,,,,,0.0,0.0,True
hardware_arm_KA,onnx_fp32.fps,1,74.94846496629826,,,,,74.94846496629826,74.94846496629826,True
hardware_arm_KA,onnx_fp32.latency_mean_ms,1,13.342501416802406,,,,,13.342501416802406,13.342501416802406,True
hardware_arm_KA,onnx_fp32.latency_p50_ms,1,13.300184160470963,,,,,13.300184160470963,13.300184160470963,True
hardware_arm_KA,onnx_fp32.latency_p99_ms,1,14.595472738146782,,,,,14.595472738146782,14.595472738146782,True
hardware_arm_KA,onnx_fp32.latency_p99_over_p50,1,1.0973887701138383,,,,,1.0973887701138383,1.0973887701138383,True
hardware_arm_KA,onnx_fp32.latency_std_ms,1,0.4845973956973619,,,,,0.4845973956973619,0.4845973956973619,True
hardware_arm_KA,onnx_fp32.timed_runs,1,500.0,,,,,500.0,500.0,True
hardware_arm_KA,params_frozen,1,0.0,,,,,0.0,0.0,True
hardware_arm_KA,params_total,1,3360403.0,,,,,3360403.0,3360403.0,True
hardware_arm_KA,params_trainable,1,3360403.0,,,,,3360403.0,3360403.0,True
hardware_arm_KA,params_trainable_fraction,1,1.0,,,,,1.0,1.0,True
hardware_arm_KA,pytorch_fp16.foreign_gpu_memory_mb,1,0.0,,,,,0.0,0.0,True
hardware_arm_KA,pytorch_fp16.fps,1,109.01779874919428,,,,,109.01779874919428,109.01779874919428,True
hardware_arm_KA,pytorch_fp16.latency_mean_ms,1,9.172814086079597,,,,,9.172814086079597,9.172814086079597,True
hardware_arm_KA,pytorch_fp16.latency_p50_ms,1,9.096486493945122,,,,,9.096486493945122,9.096486493945122,True
hardware_arm_KA,pytorch_fp16.latency_p99_ms,1,10.573353171348572,,,,,10.573353171348572,10.573353171348572,True
hardware_arm_KA,pytorch_fp16.latency_p99_over_p50,1,1.1623557269486955,,,,,1.1623557269486955,1.1623557269486955,True
hardware_arm_KA,pytorch_fp16.latency_std_ms,1,0.4335775818866407,,,,,0.4335775818866407,0.4335775818866407,True
hardware_arm_KA,pytorch_fp16.peak_activation_mb,1,92.23681640625,,,,,92.23681640625,92.23681640625,True
hardware_arm_KA,pytorch_fp16.peak_allocated_mb,1,98.72102928161621,,,,,98.72102928161621,98.72102928161621,True
hardware_arm_KA,pytorch_fp16.process_peak_allocated_mb,1,113.61328125,,,,,113.61328125,113.61328125,True
hardware_arm_KA,pytorch_fp16.process_peak_reserved_mb,1,204.0,,,,,204.0,204.0,True
hardware_arm_KA,pytorch_fp16.timed_runs,1,500.0,,,,,500.0,500.0,True
hardware_arm_KA,pytorch_fp16.weights_mb,1,6.484212875366211,,,,,6.484212875366211,6.484212875366211,True
hardware_arm_KA,pytorch_fp32.foreign_gpu_memory_mb,1,0.0,,,,,0.0,0.0,True
hardware_arm_KA,pytorch_fp32.fps,1,85.23860061851146,,,,,85.23860061851146,85.23860061851146,True
hardware_arm_KA,pytorch_fp32.latency_mean_ms,1,11.731774017214775,,,,,11.731774017214775,11.731774017214775,True
hardware_arm_KA,pytorch_fp32.latency_p50_ms,1,11.663950979709625,,,,,11.663950979709625,11.663950979709625,True
hardware_arm_KA,pytorch_fp32.latency_p99_ms,1,13.389882706105707,,,,,13.389882706105707,13.389882706105707,True
hardware_arm_KA,pytorch_fp32.latency_p99_over_p50,1,1.1479714489025612,,,,,1.1479714489025612,1.1479714489025612,True
hardware_arm_KA,pytorch_fp32.latency_std_ms,1,0.4004021502606887,,,,,0.4004021502606887,0.4004021502606887,True
hardware_arm_KA,pytorch_fp32.peak_activation_mb,1,182.73681640625,,,,,182.73681640625,182.73681640625,True
hardware_arm_KA,pytorch_fp32.peak_allocated_mb,1,195.70529556274414,,,,,195.70529556274414,195.70529556274414,True
hardware_arm_KA,pytorch_fp32.process_peak_allocated_mb,1,198.9775390625,,,,,198.9775390625,198.9775390625,True
hardware_arm_KA,pytorch_fp32.process_peak_reserved_mb,1,316.0,,,,,316.0,316.0,True
hardware_arm_KA,pytorch_fp32.timed_runs,1,500.0,,,,,500.0,500.0,True
hardware_arm_KA,pytorch_fp32.weights_mb,1,12.96847915649414,,,,,12.96847915649414,12.96847915649414,True
hardware_arm_KB,gmacs,1,24.034784256,,,,,24.034784256,24.034784256,True
hardware_arm_KB,input_size,1,900.0,,,,,900.0,900.0,True
hardware_arm_KB,onnx_fp16.foreign_gpu_memory_mb,1,0.0,,,,,0.0,0.0,True
hardware_arm_KB,onnx_fp16.fps,1,125.17086562359023,,,,,125.17086562359023,125.17086562359023,True
hardware_arm_KB,onnx_fp16.latency_mean_ms,1,7.989079527556896,,,,,7.989079527556896,7.989079527556896,True
hardware_arm_KB,onnx_fp16.latency_p50_ms,1,7.978182286024094,,,,,7.978182286024094,7.978182286024094,True
hardware_arm_KB,onnx_fp16.latency_p99_ms,1,8.436458706855769,,,,,8.436458706855769,8.436458706855769,True
hardware_arm_KB,onnx_fp16.latency_p99_over_p50,1,1.0574412070822783,,,,,1.0574412070822783,1.0574412070822783,True
hardware_arm_KB,onnx_fp16.latency_std_ms,1,0.14141955274151163,,,,,0.14141955274151163,0.14141955274151163,True
hardware_arm_KB,onnx_fp16.timed_runs,1,500.0,,,,,500.0,500.0,True
hardware_arm_KB,onnx_fp32.foreign_gpu_memory_mb,1,0.0,,,,,0.0,0.0,True
hardware_arm_KB,onnx_fp32.fps,1,74.84203812206474,,,,,74.84203812206474,74.84203812206474,True
hardware_arm_KB,onnx_fp32.latency_mean_ms,1,13.361474715173244,,,,,13.361474715173244,13.361474715173244,True
hardware_arm_KB,onnx_fp32.latency_p50_ms,1,13.316469267010689,,,,,13.316469267010689,13.316469267010689,True
hardware_arm_KB,onnx_fp32.latency_p99_ms,1,14.819453656673431,,,,,14.819453656673431,14.819453656673431,True
hardware_arm_KB,onnx_fp32.latency_p99_over_p50,1,1.1128665834408624,,,,,1.1128665834408624,1.1128665834408624,True
hardware_arm_KB,onnx_fp32.latency_std_ms,1,0.2605785039805713,,,,,0.2605785039805713,0.2605785039805713,True
hardware_arm_KB,onnx_fp32.timed_runs,1,500.0,,,,,500.0,500.0,True
hardware_arm_KB,params_frozen,1,0.0,,,,,0.0,0.0,True
hardware_arm_KB,params_total,1,3360403.0,,,,,3360403.0,3360403.0,True
hardware_arm_KB,params_trainable,1,3360403.0,,,,,3360403.0,3360403.0,True
hardware_arm_KB,params_trainable_fraction,1,1.0,,,,,1.0,1.0,True
hardware_arm_KB,pytorch_fp16.foreign_gpu_memory_mb,1,0.0,,,,,0.0,0.0,True
hardware_arm_KB,pytorch_fp16.fps,1,109.97460630901041,,,,,109.97460630901041,109.97460630901041,True
hardware_arm_KB,pytorch_fp16.latency_mean_ms,1,9.09300822764635,,,,,9.09300822764635,9.09300822764635,True
hardware_arm_KB,pytorch_fp16.latency_p50_ms,1,9.026002138853073,,,,,9.026002138853073,9.026002138853073,True
hardware_arm_KB,pytorch_fp16.latency_p99_ms,1,10.485895574092865,,,,,10.485895574092865,10.485895574092865,True
hardware_arm_KB,pytorch_fp16.latency_p99_over_p50,1,1.161743085452592,,,,,1.161743085452592,1.161743085452592,True
hardware_arm_KB,pytorch_fp16.latency_std_ms,1,0.515919205730846,,,,,0.515919205730846,0.515919205730846,True
hardware_arm_KB,pytorch_fp16.peak_activation_mb,1,92.23681640625,,,,,92.23681640625,92.23681640625,True
hardware_arm_KB,pytorch_fp16.peak_allocated_mb,1,98.72102928161621,,,,,98.72102928161621,98.72102928161621,True
hardware_arm_KB,pytorch_fp16.process_peak_allocated_mb,1,113.61328125,,,,,113.61328125,113.61328125,True
hardware_arm_KB,pytorch_fp16.process_peak_reserved_mb,1,204.0,,,,,204.0,204.0,True
hardware_arm_KB,pytorch_fp16.timed_runs,1,500.0,,,,,500.0,500.0,True
hardware_arm_KB,pytorch_fp16.weights_mb,1,6.484212875366211,,,,,6.484212875366211,6.484212875366211,True
hardware_arm_KB,pytorch_fp32.foreign_gpu_memory_mb,1,0.0,,,,,0.0,0.0,True
hardware_arm_KB,pytorch_fp32.fps,1,87.31046980275141,,,,,87.31046980275141,87.31046980275141,True
hardware_arm_KB,pytorch_fp32.latency_mean_ms,1,11.45338013023138,,,,,11.45338013023138,11.45338013023138,True
hardware_arm_KB,pytorch_fp32.latency_p50_ms,1,11.404570192098618,,,,,11.404570192098618,11.404570192098618,True
hardware_arm_KB,pytorch_fp32.latency_p99_ms,1,12.934476509690283,,,,,12.934476509690283,12.934476509690283,True
hardware_arm_KB,pytorch_fp32.latency_p99_over_p50,1,1.134148529214334,,,,,1.134148529214334,1.134148529214334,True
hardware_arm_KB,pytorch_fp32.latency_std_ms,1,0.35967308193715947,,,,,0.35967308193715947,0.35967308193715947,True
hardware_arm_KB,pytorch_fp32.peak_activation_mb,1,182.73681640625,,,,,182.73681640625,182.73681640625,True
hardware_arm_KB,pytorch_fp32.peak_allocated_mb,1,195.70529556274414,,,,,195.70529556274414,195.70529556274414,True
hardware_arm_KB,pytorch_fp32.process_peak_allocated_mb,1,198.9775390625,,,,,198.9775390625,198.9775390625,True
hardware_arm_KB,pytorch_fp32.process_peak_reserved_mb,1,316.0,,,,,316.0,316.0,True
hardware_arm_KB,pytorch_fp32.timed_runs,1,500.0,,,,,500.0,500.0,True
hardware_arm_KB,pytorch_fp32.weights_mb,1,12.96847915649414,,,,,12.96847915649414,12.96847915649414,True
synthetic_validation,area_abs_relative_error_mean,3,0.002239684627806788,0.0001836556081923956,0.00010603361482806405,0.001783458805521615,0.002695910450091961,0.0021060601184421527,0.0024491073670030923,True
synthetic_validation,area_abs_relative_error_p95,3,0.0064167671371631665,0.00035580045403159485,0.00020542148791293237,0.005532909811445392,0.007300624462880941,0.006077617603126865,0.006787158134255753,True
synthetic_validation,area_relative_error_mean,3,9.027700252242186e-05,0.0003480175040836197,0.00020092799966537952,-0.0007742464037209223,0.000954800408765766,-0.0002889441323682005,0.00039503825944805495,True
synthetic_validation,area_relative_error_median,3,0.00014010522468965793,0.0003082897573297537,0.00017799117438273773,-0.0006257289876395411,0.0009059394370188569,-0.0002155977850248286,0.0003301674270896444,True
synthetic_validation,cells_measured,3,130.66666666666666,3.5118845842842465,2.0275875100994067,121.94266173153153,139.39067160180178,127.0,134.0,True
synthetic_validation,cells_paired,3,130.66666666666666,3.5118845842842465,2.0275875100994067,121.94266173153153,139.39067160180178,127.0,134.0,True
synthetic_validation,cells_per_field,3,12.0,0.0,0.0,12.0,12.0,12.0,12.0,True
synthetic_validation,cells_placed,3,144.0,0.0,0.0,144.0,144.0,144.0,144.0,True
synthetic_validation,field_total_mass_abs_error_mean,3,0.02594865668409542,0.008869301490421741,0.005120693603018941,0.003916090374855366,0.04798122299333547,0.016707938636281137,0.034392803934172635,True
synthetic_validation,field_total_mass_error_mean,3,-0.025920812471225952,0.008887980031461821,0.005131477663716502,-0.047999778848664146,-0.003841846093787755,-0.034374735702969665,-0.01665454777521474,True
synthetic_validation,field_total_mass_error_median,3,-0.02506578525994627,0.004577301331324485,0.002642706155802224,-0.036436432115134414,-0.013695138404758124,-0.029208701135368498,-0.02015199139651741,True
synthetic_validation,fields,3,12.0,0.0,0.0,12.0,12.0,12.0,12.0,True
synthetic_validation,mass_abs_relative_error_mean,3,0.0003641563828776034,3.7497373014654135e-05,2.1649118403914375e-05,0.0002710077444803319,0.0004573050212748749,0.00033276908480564467,0.0004056798813673954,True
synthetic_validation,mass_abs_relative_error_p95,3,0.0011653669911418473,0.00022615133606634593,0.00013056853475549836,0.0006035759286567149,0.00172715805362698,0.0009117253096051922,0.0013459823469190201,True
synthetic_validation,mass_relative_error_mean,3,-1.807050439807685e-05,9.778065728663024e-05,5.6453688805974514e-05,-0.0002609711226435297,0.00022483011384737603,-0.00012088701281918721,7.374358028871334e-05,True
synthetic_validation,mass_relative_error_median,3,9.54813780076692e-06,7.291004202469299e-05,4.209463238958343e-05,-0.00017157044715807433,0.0001906667227596082,-6.178387384840245e-05,8.393987555651813e-05,True
conventional_off_axis,aberration_order,1,3.0,,,,,3.0,3.0,True
conventional_off_axis,area_bootstrap_fields,1,112.0,,,,,112.0,112.0,True
conventional_off_axis,area_bootstrap_resamples,1,2000.0,,,,,2000.0,2000.0,True
conventional_off_axis,area_cell_pearson_r,1,0.8943094202130106,,,,,0.8943094202130106,0.8943094202130106,True
conventional_off_axis,area_cell_pearson_r_ci_lower,1,0.8780490240887908,,,,,0.8780490240887908,0.8780490240887908,True
conventional_off_axis,area_cell_pearson_r_ci_upper,1,0.9087444238518326,,,,,0.9087444238518326,0.9087444238518326,True
conventional_off_axis,area_field_total_bias,1,-0.12111305463473121,,,,,-0.12111305463473121,-0.12111305463473121,True
conventional_off_axis,area_field_total_mape,1,0.14898335372222155,,,,,0.14898335372222155,0.14898335372222155,True
conventional_off_axis,area_field_total_pearson_r,1,0.9570421670350455,,,,,0.9570421670350455,0.9570421670350455,True
conventional_off_axis,area_image_pearson_r,1,0.8796479926100566,,,,,0.8796479926100566,0.8796479926100566,True
conventional_off_axis,area_loa_lower,1,-0.19748522682627173,,,,,-0.19748522682627173,-0.19748522682627173,True
conventional_off_axis,area_loa_upper,1,0.19631414242930872,,,,,0.19631414242930872,0.19631414242930872,True
conventional_off_axis,area_mae,1,61.809586722084795,,,,,61.809586722084795,61.809586722084795,True
conventional_off_axis,area_mape,1,0.15671140642735196,,,,,0.15671140642735196,0.15671140642735196,True
conventional_off_axis,area_mape_ci_lower,1,0.14887446341848518,,,,,0.14887446341848518,0.14887446341848518,True
conventional_off_axis,area_mape_ci_upper,1,0.16472216247426497,,,,,0.16472216247426497,0.16472216247426497,True
conventional_off_axis,area_mape_coverage_adjusted,1,0.5140370816699994,,,,,0.5140370816699994,0.5140370816699994,True
conventional_off_axis,area_median_relative_bias,1,-0.0020573577403264504,,,,,-0.0020573577403264504,-0.0020573577403264504,True
conventional_off_axis,area_n_cells,1,1836.0,,,,,1836.0,1836.0,True
conventional_off_axis,area_n_fields,1,113.0,,,,,113.0,113.0,True
conventional_off_axis,area_relative_bias,1,-0.000585542198481498,,,,,-0.000585542198481498,-0.000585542198481498,True
conventional_off_axis,cell_count_ratio,1,0.741368487131199,,,,,0.741368487131199,0.741368487131199,True
conventional_off_axis,cells_detected,1,2362.0,,,,,2362.0,2362.0,True
conventional_off_axis,cells_false_positive,1,526.0,,,,,526.0,526.0,True
conventional_off_axis,cells_matched,1,1836.0,,,,,1836.0,1836.0,True
conventional_off_axis,cells_missed,1,1350.0,,,,,1350.0,1350.0,True
conventional_off_axis,cells_reference,1,3186.0,,,,,3186.0,3186.0,True
conventional_off_axis,circularity_bootstrap_fields,1,112.0,,,,,112.0,112.0,True
conventional_off_axis,circularity_bootstrap_resamples,1,2000.0,,,,,2000.0,2000.0,True
conventional_off_axis,circularity_cell_pearson_r,1,0.8174628248398098,,,,,0.8174628248398098,0.8174628248398098,True
conventional_off_axis,circularity_cell_pearson_r_ci_lower,1,0.7905790456659972,,,,,0.7905790456659972,0.7905790456659972,True
conventional_off_axis,circularity_cell_pearson_r_ci_upper,1,0.8419665625836045,,,,,0.8419665625836045,0.8419665625836045,True
conventional_off_axis,circularity_image_pearson_r,1,0.8956832583170902,,,,,0.8956832583170902,0.8956832583170902,True
conventional_off_axis,circularity_loa_lower,1,-0.09591218837547927,,,,,-0.09591218837547927,-0.09591218837547927,True
conventional_off_axis,circularity_loa_upper,1,0.08760217437983883,,,,,0.08760217437983883,0.08760217437983883,True
conventional_off_axis,circularity_mae,1,0.049672526430064576,,,,,0.049672526430064576,0.049672526430064576,True
conventional_off_axis,circularity_mape,1,0.06715980040031858,,,,,0.06715980040031858,0.06715980040031858,True
conventional_off_axis,circularity_mape_ci_lower,1,0.06170795403402443,,,,,0.06170795403402443,0.06170795403402443,True
conventional_off_axis,circularity_mape_ci_upper,1,0.07286758915904704,,,,,0.07286758915904704,0.07286758915904704,True
conventional_off_axis,circularity_mape_coverage_adjusted,1,0.46243107141713274,,,,,0.46243107141713274,0.46243107141713274,True
conventional_off_axis,circularity_median_relative_bias,1,-0.0029962711191123268,,,,,-0.0029962711191123268,-0.0029962711191123268,True
conventional_off_axis,circularity_n_cells,1,1836.0,,,,,1836.0,1836.0,True
conventional_off_axis,circularity_relative_bias,1,-0.004155006997820221,,,,,-0.004155006997820221,-0.004155006997820221,True
conventional_off_axis,coverage,1,0.576271186440678,,,,,0.576271186440678,0.576271186440678,True
conventional_off_axis,detection_f1,1,0.6618601297764961,,,,,0.6618601297764961,0.6618601297764961,True
conventional_off_axis,detection_precision,1,0.777307366638442,,,,,0.777307366638442,0.777307366638442,True
conventional_off_axis,detection_recall,1,0.576271186440678,,,,,0.576271186440678,0.576271186440678,True
conventional_off_axis,distance_um,1,33.77,,,,,33.77,33.77,True
conventional_off_axis,dry_mass_bootstrap_fields,1,112.0,,,,,112.0,112.0,True
conventional_off_axis,dry_mass_bootstrap_resamples,1,2000.0,,,,,2000.0,2000.0,True
conventional_off_axis,dry_mass_cell_pearson_r,1,0.8904146989442491,,,,,0.8904146989442491,0.8904146989442491,True
conventional_off_axis,dry_mass_cell_pearson_r_ci_lower,1,0.874530324938951,,,,,0.874530324938951,0.874530324938951,True
conventional_off_axis,dry_mass_cell_pearson_r_ci_upper,1,0.9038543233404831,,,,,0.9038543233404831,0.9038543233404831,True
conventional_off_axis,dry_mass_field_total_bias,1,-0.0903849769718403,,,,,-0.0903849769718403,-0.0903849769718403,True
conventional_off_axis,dry_mass_field_total_mape,1,0.10951811143681066,,,,,0.10951811143681066,0.10951811143681066,True
conventional_off_axis,dry_mass_field_total_pearson_r,1,0.9821253038313926,,,,,0.9821253038313926,0.9821253038313926,True
conventional_off_axis,dry_mass_image_pearson_r,1,0.9001226526636493,,,,,0.9001226526636493,0.9001226526636493,True
conventional_off_axis,dry_mass_loa_lower,1,-0.2549787732281003,,,,,-0.2549787732281003,-0.2549787732281003,True
conventional_off_axis,dry_mass_loa_upper,1,0.25329528278401686,,,,,0.25329528278401686,0.25329528278401686,True
conventional_off_axis,dry_mass_mae,1,44.71102532308955,,,,,44.71102532308955,44.71102532308955,True
conventional_off_axis,dry_mass_mape,1,0.22451973944050768,,,,,0.22451973944050768,0.22451973944050768,True
conventional_off_axis,dry_mass_mape_ci_lower,1,0.21132665949551788,,,,,0.21132665949551788,0.21132665949551788,True
conventional_off_axis,dry_mass_mape_ci_upper,1,0.23850401806062269,,,,,0.23850401806062269,0.23850401806062269,True
conventional_off_axis,dry_mass_mape_coverage_adjusted,1,0.5531130701860553,,,,,0.5531130701860553,0.5531130701860553,True
conventional_off_axis,dry_mass_median_relative_bias,1,-0.013117210162537345,,,,,-0.013117210162537345,-0.013117210162537345,True
conventional_off_axis,dry_mass_n_cells,1,1836.0,,,,,1836.0,1836.0,True
conventional_off_axis,dry_mass_n_fields,1,113.0,,,,,113.0,113.0,True
conventional_off_axis,dry_mass_relative_bias,1,-0.0008417452220416984,,,,,-0.0008417452220416984,-0.0008417452220416984,True
conventional_off_axis,false_positive_median_area_um2,1,96.6919963327515,,,,,96.6919963327515,96.6919963327515,True
conventional_off_axis,forward_distance_um,1,33.77,,,,,33.77,33.77,True
conventional_off_axis,forward_residual,1,0.9213352472381254,,,,,0.9213352472381254,0.9213352472381254,True
conventional_off_axis,forward_residual_n,1,113.0,,,,,113.0,113.0,True
conventional_off_axis,forward_residual_ratio,1,0.9984457968959403,,,,,0.9984457968959403,0.9984457968959403,True
conventional_off_axis,forward_residual_reference,1,0.9227694183324291,,,,,0.9227694183324291,0.9227694183324291,True
conventional_off_axis,gs_iterations,1,20.0,,,,,20.0,20.0,True
conventional_off_axis,min_recovered_contrast_rad,1,0.1,,,,,0.1,0.1,True
conventional_off_axis,missed_median_area_um2,1,99.2076924186225,,,,,99.2076924186225,99.2076924186225,True
conventional_off_axis,optical_volume_bootstrap_fields,1,112.0,,,,,112.0,112.0,True
conventional_off_axis,optical_volume_bootstrap_resamples,1,2000.0,,,,,2000.0,2000.0,True
conventional_off_axis,optical_volume_cell_pearson_r,1,0.8904146989442491,,,,,0.8904146989442491,0.8904146989442491,True
conventional_off_axis,optical_volume_cell_pearson_r_ci_lower,1,0.8745303249389509,,,,,0.8745303249389509,0.8745303249389509,True
conventional_off_axis,optical_volume_cell_pearson_r_ci_upper,1,0.903854323340483,,,,,0.903854323340483,0.903854323340483,True
conventional_off_axis,optical_volume_field_total_bias,1,-0.09038497697184031,,,,,-0.09038497697184031,-0.09038497697184031,True
conventional_off_axis,optical_volume_field_total_mape,1,0.10951811143681064,,,,,0.10951811143681064,0.10951811143681064,True
conventional_off_axis,optical_volume_field_total_pearson_r,1,0.9821253038313926,,,,,0.9821253038313926,0.9821253038313926,True
conventional_off_axis,optical_volume_image_pearson_r,1,0.9001226526636494,,,,,0.9001226526636494,0.9001226526636494,True
conventional_off_axis,optical_volume_loa_lower,1,-0.2549787732281003,,,,,-0.2549787732281003,-0.2549787732281003,True
conventional_off_axis,optical_volume_loa_upper,1,0.25329528278401686,,,,,0.25329528278401686,0.25329528278401686,True
conventional_off_axis,optical_volume_mae,1,84.36265987356477,,,,,84.36265987356477,84.36265987356477,True
conventional_off_axis,optical_volume_mape,1,0.22451973944050768,,,,,0.22451973944050768,0.22451973944050768,True
conventional_off_axis,optical_volume_mape_ci_lower,1,0.21132665949551788,,,,,0.21132665949551788,0.21132665949551788,True
conventional_off_axis,optical_volume_mape_ci_upper,1,0.23850401806062269,,,,,0.23850401806062269,0.23850401806062269,True
conventional_off_axis,optical_volume_mape_coverage_adjusted,1,0.5531130701860553,,,,,0.5531130701860553,0.5531130701860553,True
conventional_off_axis,optical_volume_median_relative_bias,1,-0.013117210162537366,,,,,-0.013117210162537366,-0.013117210162537366,True
conventional_off_axis,optical_volume_n_cells,1,1836.0,,,,,1836.0,1836.0,True
conventional_off_axis,optical_volume_n_fields,1,113.0,,,,,113.0,113.0,True
conventional_off_axis,optical_volume_relative_bias,1,-0.0008417452220416999,,,,,-0.0008417452220416999,-0.0008417452220416999,True
conventional_off_axis,phase_bias_rad,1,0.0023342683383724043,,,,,0.0023342683383724043,0.0023342683383724043,True
conventional_off_axis,phase_bias_rad_background,1,0.026954561670257223,,,,,0.026954561670257223,0.026954561670257223,True
conventional_off_axis,phase_bias_rad_in_cell,1,-0.15934077409854308,,,,,-0.15934077409854308,-0.15934077409854308,True
conventional_off_axis,phase_mae_rad,1,0.21139939999685878,,,,,0.21139939999685878,0.21139939999685878,True
conventional_off_axis,phase_mae_rad_background,1,0.18994234344073102,,,,,0.18994234344073102,0.18994234344073102,True
conventional_off_axis,phase_mae_rad_in_cell,1,0.3655207622631461,,,,,0.3655207622631461,0.3655207622631461,True
conventional_off_axis,phase_n_images,1,113.0,,,,,113.0,113.0,True
conventional_off_axis,phase_pearson_r,1,0.7579654969143129,,,,,0.7579654969143129,0.7579654969143129,True
conventional_off_axis,phase_psnr_db,1,28.451346945242918,,,,,28.451346945242918,28.451346945242918,True
conventional_off_axis,phase_rmse_rad,1,0.3234319381607491,,,,,0.3234319381607491,0.3234319381607491,True
conventional_off_axis,phase_ssim,1,0.5021573858978474,,,,,0.5021573858978474,0.5021573858978474,True
conventional_off_axis,recovered_phase_contrast_rad,1,0.9023562669754028,,,,,0.9023562669754028,0.9023562669754028,True
conventional_off_axis,seg_aji,1,0.5931252304145118,,,,,0.5931252304145118,0.5931252304145118,True
conventional_off_axis,seg_boundary_f1,1,0.24627234581807295,,,,,0.24627234581807295,0.24627234581807295,True
conventional_off_axis,seg_dice,1,0.7884543496737513,,,,,0.7884543496737513,0.7884543496737513,True
conventional_off_axis,seg_dice_macro,1,0.7884543496737513,,,,,0.7884543496737513,0.7884543496737513,True
conventional_off_axis,seg_instance_count_mape,1,0.5320100842016071,,,,,0.5320100842016071,0.5320100842016071,True
conventional_off_axis,seg_iou,1,0.650783855698243,,,,,0.650783855698243,0.650783855698243,True
conventional_off_axis,seg_n_images,1,113.0,,,,,113.0,113.0,True
conventional_gabor,aberration_order,1,3.0,,,,,3.0,3.0,True
conventional_gabor,area_bootstrap_fields,1,57.0,,,,,57.0,57.0,True
conventional_gabor,area_bootstrap_resamples,1,2000.0,,,,,2000.0,2000.0,True
conventional_gabor,area_cell_pearson_r,1,0.8968473210761772,,,,,0.8968473210761772,0.8968473210761772,True
conventional_gabor,area_cell_pearson_r_ci_lower,1,0.8286582608693585,,,,,0.8286582608693585,0.8286582608693585,True
conventional_gabor,area_cell_pearson_r_ci_upper,1,0.9563826941127381,,,,,0.9563826941127381,0.9563826941127381,True
conventional_gabor,area_field_total_bias,1,0.6182194304870728,,,,,0.6182194304870728,0.6182194304870728,True
conventional_gabor,area_field_total_mape,1,0.876852392345374,,,,,0.876852392345374,0.876852392345374,True
conventional_gabor,area_field_total_pearson_r,1,0.1174533124197433,,,,,0.1174533124197433,0.1174533124197433,True
conventional_gabor,area_image_pearson_r,1,0.9339899085391475,,,,,0.9339899085391475,0.9339899085391475,True
conventional_gabor,area_loa_lower,1,-0.513424877779594,,,,,-0.513424877779594,-0.513424877779594,True
conventional_gabor,area_loa_upper,1,0.864270015666772,,,,,0.864270015666772,0.864270015666772,True
conventional_gabor,area_mae,1,146.58686856312013,,,,,146.58686856312013,146.58686856312013,True
conventional_gabor,area_mape,1,0.49062399620894226,,,,,0.49062399620894226,0.49062399620894226,True
conventional_gabor,area_mape_ci_lower,1,0.36511796010135167,,,,,0.36511796010135167,0.36511796010135167,True
conventional_gabor,area_mape_ci_upper,1,0.6058608763096864,,,,,0.6058608763096864,0.6058608763096864,True
conventional_gabor,area_mape_coverage_adjusted,1,0.9814539810295785,,,,,0.9814539810295785,0.9814539810295785,True
conventional_gabor,area_median_relative_bias,1,0.21233738984473344,,,,,0.21233738984473344,0.21233738984473344,True
conventional_gabor,area_n_cells,1,116.0,,,,,116.0,116.0,True
conventional_gabor,area_n_fields,1,113.0,,,,,113.0,113.0,True
conventional_gabor,area_relative_bias,1,0.175422568943589,,,,,0.175422568943589,0.175422568943589,True
conventional_gabor,cell_count_ratio,1,4.440050219711237,,,,,4.440050219711237,4.440050219711237,True
conventional_gabor,cells_detected,1,14146.0,,,,,14146.0,14146.0,True
conventional_gabor,cells_false_positive,1,14030.0,,,,,14030.0,14030.0,True
conventional_gabor,cells_matched,1,116.0,,,,,116.0,116.0,True
conventional_gabor,cells_missed,1,3070.0,,,,,3070.0,3070.0,True
conventional_gabor,cells_reference,1,3186.0,,,,,3186.0,3186.0,True
conventional_gabor,circularity_bootstrap_fields,1,57.0,,,,,57.0,57.0,True
conventional_gabor,circularity_bootstrap_resamples,1,2000.0,,,,,2000.0,2000.0,True
conventional_gabor,circularity_cell_pearson_r,1,0.4514858856537762,,,,,0.4514858856537762,0.4514858856537762,True
conventional_gabor,circularity_cell_pearson_r_ci_lower,1,0.189926429240616,,,,,0.189926429240616,0.189926429240616,True
conventional_gabor,circularity_cell_pearson_r_ci_upper,1,0.6272569939014373,,,,,0.6272569939014373,0.6272569939014373,True
conventional_gabor,circularity_image_pearson_r,1,0.24267473514223026,,,,,0.24267473514223026,0.24267473514223026,True
conventional_gabor,circularity_loa_lower,1,-0.5176663063503013,,,,,-0.5176663063503013,-0.5176663063503013,True
conventional_gabor,circularity_loa_upper,1,0.46973692051726473,,,,,0.46973692051726473,0.46973692051726473,True
conventional_gabor,circularity_mae,1,0.1300400963225989,,,,,0.1300400963225989,0.1300400963225989,True
conventional_gabor,circularity_mape,1,0.1797233617118653,,,,,0.1797233617118653,0.1797233617118653,True
conventional_gabor,circularity_mape_ci_lower,1,0.13905163189179806,,,,,0.13905163189179806,0.13905163189179806,True
conventional_gabor,circularity_mape_ci_upper,1,0.23445826724951796,,,,,0.23445826724951796,0.23445826724951796,True
conventional_gabor,circularity_mape_coverage_adjusted,1,0.9701343094659687,,,,,0.9701343094659687,0.9701343094659687,True
conventional_gabor,circularity_median_relative_bias,1,-0.047168599556402735,,,,,-0.047168599556402735,-0.047168599556402735,True
conventional_gabor,circularity_n_cells,1,116.0,,,,,116.0,116.0,True
conventional_gabor,circularity_relative_bias,1,-0.02396469291651827,,,,,-0.02396469291651827,-0.02396469291651827,True
conventional_gabor,coverage,1,0.03640929064657878,,,,,0.03640929064657878,0.03640929064657878,True
conventional_gabor,detection_f1,1,0.0133856450496192,,,,,0.0133856450496192,0.0133856450496192,True
conventional_gabor,detection_precision,1,0.008200197935812243,,,,,0.008200197935812243,0.008200197935812243,True
conventional_gabor,detection_recall,1,0.03640929064657878,,,,,0.03640929064657878,0.03640929064657878,True
conventional_gabor,distance_um,1,33.77,,,,,33.77,33.77,True
conventional_gabor,dry_mass_bootstrap_fields,1,57.0,,,,,57.0,57.0,True
conventional_gabor,dry_mass_bootstrap_resamples,1,2000.0,,,,,2000.0,2000.0,True
conventional_gabor,dry_mass_cell_pearson_r,1,0.8883699027720127,,,,,0.8883699027720127,0.8883699027720127,True
conventional_gabor,dry_mass_cell_pearson_r_ci_lower,1,0.8485119581387883,,,,,0.8485119581387883,0.8485119581387883,True
conventional_gabor,dry_mass_cell_pearson_r_ci_upper,1,0.929599095148806,,,,,0.929599095148806,0.929599095148806,True
conventional_gabor,dry_mass_field_total_bias,1,-0.6653528236756151,,,,,-0.6653528236756151,-0.6653528236756151,True
conventional_gabor,dry_mass_field_total_mape,1,0.6759116934022418,,,,,0.6759116934022418,0.6759116934022418,True
conventional_gabor,dry_mass_field_total_pearson_r,1,0.5406264650263289,,,,,0.5406264650263289,0.5406264650263289,True
conventional_gabor,dry_mass_image_pearson_r,1,0.8959163972897157,,,,,0.8959163972897157,0.8959163972897157,True
conventional_gabor,dry_mass_loa_lower,1,-1.927599332489637,,,,,-1.927599332489637,-1.927599332489637,True
conventional_gabor,dry_mass_loa_upper,1,0.002515905222259751,,,,,0.002515905222259751,0.002515905222259751,True
conventional_gabor,dry_mass_mae,1,185.9776265783082,,,,,185.9776265783082,185.9776265783082,True
conventional_gabor,dry_mass_mape,1,0.6694825035245794,,,,,0.6694825035245794,0.6694825035245794,True
conventional_gabor,dry_mass_mape_ci_lower,1,0.6014187328601899,,,,,0.6014187328601899,0.6014187328601899,True
conventional_gabor,dry_mass_mape_ci_upper,1,0.7202051292890871,,,,,0.7202051292890871,0.7202051292890871,True
conventional_gabor,dry_mass_mape_coverage_adjusted,1,0.9879660924070468,,,,,0.9879660924070468,0.9879660924070468,True
conventional_gabor,dry_mass_median_relative_bias,1,-1.0405941566702714,,,,,-1.0405941566702714,-1.0405941566702714,True
conventional_gabor,dry_mass_n_cells,1,116.0,,,,,116.0,116.0,True
conventional_gabor,dry_mass_n_fields,1,113.0,,,,,113.0,113.0,True
conventional_gabor,dry_mass_relative_bias,1,-0.9625417136336886,,,,,-0.9625417136336886,-0.9625417136336886,True
conventional_gabor,false_positive_median_area_um2,1,72.468277570413,,,,,72.468277570413,72.468277570413,True
conventional_gabor,forward_distance_um,1,33.77,,,,,33.77,33.77,True
conventional_gabor,forward_residual,1,0.8174315279563972,,,,,0.8174315279563972,0.8174315279563972,True
conventional_gabor,forward_residual_n,1,113.0,,,,,113.0,113.0,True
conventional_gabor,forward_residual_ratio,1,0.8594292020926666,,,,,0.8594292020926666,0.8594292020926666,True
conventional_gabor,forward_residual_reference,1,0.9511330612992819,,,,,0.9511330612992819,0.9511330612992819,True
conventional_gabor,gs_iterations,1,20.0,,,,,20.0,20.0,True
conventional_gabor,min_recovered_contrast_rad,1,0.1,,,,,0.1,0.1,True
conventional_gabor,missed_median_area_um2,1,311.74343593140145,,,,,311.74343593140145,311.74343593140145,True
conventional_gabor,optical_volume_bootstrap_fields,1,57.0,,,,,57.0,57.0,True
conventional_gabor,optical_volume_bootstrap_resamples,1,2000.0,,,,,2000.0,2000.0,True
conventional_gabor,optical_volume_cell_pearson_r,1,0.8883699027720129,,,,,0.8883699027720129,0.8883699027720129,True
conventional_gabor,optical_volume_cell_pearson_r_ci_lower,1,0.8485119581387885,,,,,0.8485119581387885,0.8485119581387885,True
conventional_gabor,optical_volume_cell_pearson_r_ci_upper,1,0.9295990951488061,,,,,0.9295990951488061,0.9295990951488061,True
conventional_gabor,optical_volume_field_total_bias,1,-0.6653528236756152,,,,,-0.6653528236756152,-0.6653528236756152,True
conventional_gabor,optical_volume_field_total_mape,1,0.6759116934022418,,,,,0.6759116934022418,0.6759116934022418,True
conventional_gabor,optical_volume_field_total_pearson_r,1,0.5406264650263288,,,,,0.5406264650263288,0.5406264650263288,True
conventional_gabor,optical_volume_image_pearson_r,1,0.8959163972897161,,,,,0.8959163972897161,0.8959163972897161,True
conventional_gabor,optical_volume_loa_lower,1,-1.927599332489637,,,,,-1.927599332489637,-1.927599332489637,True
conventional_gabor,optical_volume_loa_upper,1,0.002515905222259751,,,,,0.002515905222259751,0.002515905222259751,True
conventional_gabor,optical_volume_mae,1,350.9104777119993,,,,,350.9104777119993,350.9104777119993,True
conventional_gabor,optical_volume_mape,1,0.6694825035245795,,,,,0.6694825035245795,0.6694825035245795,True
conventional_gabor,optical_volume_mape_ci_lower,1,0.6014187328601899,,,,,0.6014187328601899,0.6014187328601899,True
conventional_gabor,optical_volume_mape_ci_upper,1,0.7202051292890871,,,,,0.7202051292890871,0.7202051292890871,True
conventional_gabor,optical_volume_mape_coverage_adjusted,1,0.9879660924070468,,,,,0.9879660924070468,0.9879660924070468,True
conventional_gabor,optical_volume_median_relative_bias,1,-1.0405941566702717,,,,,-1.0405941566702717,-1.0405941566702717,True
conventional_gabor,optical_volume_n_cells,1,116.0,,,,,116.0,116.0,True
conventional_gabor,optical_volume_n_fields,1,113.0,,,,,113.0,113.0,True
conventional_gabor,optical_volume_relative_bias,1,-0.9625417136336886,,,,,-0.9625417136336886,-0.9625417136336886,True
conventional_gabor,phase_bias_rad,1,0.04324390596001351,,,,,0.04324390596001351,0.04324390596001351,True
conventional_gabor,phase_bias_rad_background,1,0.20878790022261376,,,,,0.20878790022261376,0.20878790022261376,True
conventional_gabor,phase_bias_rad_in_cell,1,-1.008253722064263,,,,,-1.008253722064263,-1.008253722064263,True
conventional_gabor,phase_mae_rad,1,0.3854974669165316,,,,,0.3854974669165316,0.3854974669165316,True
conventional_gabor,phase_mae_rad_background,1,0.299094047562211,,,,,0.299094047562211,0.299094047562211,True
conventional_gabor,phase_mae_rad_in_cell,1,1.0168149144248624,,,,,1.0168149144248624,1.0168149144248624,True
conventional_gabor,phase_n_images,1,113.0,,,,,113.0,113.0,True
conventional_gabor,phase_pearson_r,1,-0.13593027504177485,,,,,-0.13593027504177485,-0.13593027504177485,True
conventional_gabor,phase_psnr_db,1,23.78366115949209,,,,,23.78366115949209,23.78366115949209,True
conventional_gabor,phase_rmse_rad,1,0.5819220334800307,,,,,0.5819220334800307,0.5819220334800307,True
conventional_gabor,phase_ssim,1,0.07856895371579227,,,,,0.07856895371579227,0.07856895371579227,True
conventional_gabor,recovered_phase_contrast_rad,1,-0.06728540360927582,,,,,-0.06728540360927582,-0.06728540360927582,True
conventional_gabor,seg_aji,1,0.05692277564044288,,,,,0.05692277564044288,0.05692277564044288,True
conventional_gabor,seg_boundary_f1,1,0.09516084786219701,,,,,0.09516084786219701,0.09516084786219701,True
conventional_gabor,seg_dice,1,0.1627443626913615,,,,,0.1627443626913615,0.1627443626913615,True
conventional_gabor,seg_dice_macro,1,0.1627443626913615,,,,,0.1627443626913615,0.1627443626913615,True
conventional_gabor,seg_instance_count_mape,1,4.671388604277454,,,,,4.671388604277454,4.671388604277454,True
conventional_gabor,seg_iou,1,0.0885801406111144,,,,,0.0885801406111144,0.0885801406111144,True
conventional_gabor,seg_n_images,1,113.0,,,,,113.0,113.0,True
error_propagation,shift_+0px.area_relative_error,1,0.0,,,,,0.0,0.0,True
error_propagation,shift_+0px.area_signed,1,0.0,,,,,0.0,0.0,True
error_propagation,shift_+0px.dice,1,1.0,,,,,1.0,1.0,True
error_propagation,shift_+0px.mass_over_area,0,,,,,,,,True
error_propagation,shift_+0px.mass_relative_error,1,0.0,,,,,0.0,0.0,True
error_propagation,shift_+0px.mass_signed,1,0.0,,,,,0.0,0.0,True
error_propagation,shift_+0px.shift_um,1,0.0,,,,,0.0,0.0,True
error_propagation,shift_+1px.area_relative_error,1,0.07066985341157613,,,,,0.07066985341157613,0.07066985341157613,True
error_propagation,shift_+1px.area_signed,1,0.0693330230803015,,,,,0.0693330230803015,0.0693330230803015,True
error_propagation,shift_+1px.dice,1,0.974142315349982,,,,,0.974142315349982,0.974142315349982,True
error_propagation,shift_+1px.mass_over_area,1,0.7033449737785523,,,,,0.7033449737785523,0.7033449737785523,True
error_propagation,shift_+1px.mass_relative_error,1,0.04970528619469915,,,,,0.04970528619469915,0.04970528619469915,True
error_propagation,shift_+1px.mass_signed,1,0.04841446253047908,,,,,0.04841446253047908,0.04841446253047908,True
error_propagation,shift_+1px.shift_um,1,0.284871,,,,,0.284871,0.284871,True
error_propagation,shift_+2px.area_relative_error,1,0.162055143886403,,,,,0.162055143886403,0.162055143886403,True
error_propagation,shift_+2px.area_signed,1,0.15031516987992694,,,,,0.15031516987992694,0.15031516987992694,True
error_propagation,shift_+2px.dice,1,0.949263356906423,,,,,0.949263356906423,0.949263356906423,True
error_propagation,shift_+2px.mass_over_area,1,0.6777696785996896,,,,,0.6777696785996896,0.6777696785996896,True
error_propagation,shift_+2px.mass_relative_error,1,0.10983606278731381,,,,,0.10983606278731381,0.10983606278731381,True
error_propagation,shift_+2px.mass_signed,1,0.09641633655173652,,,,,0.09641633655173652,0.09641633655173652,True
error_propagation,shift_+2px.shift_um,1,0.569742,,,,,0.569742,0.569742,True
error_propagation,shift_+3px.area_relative_error,1,0.21646294808030186,,,,,0.21646294808030186,0.21646294808030186,True
error_propagation,shift_+3px.area_signed,1,0.21376228039795436,,,,,0.21376228039795436,0.21376228039795436,True
error_propagation,shift_+3px.dice,1,0.9254896571394577,,,,,0.9254896571394577,0.9254896571394577,True
error_propagation,shift_+3px.mass_over_area,1,0.574876590424689,,,,,0.574876590424689,0.574876590424689,True
error_propagation,shift_+3px.mass_relative_error,1,0.12443948154568041,,,,,0.12443948154568041,0.12443948154568041,True
error_propagation,shift_+3px.mass_signed,1,0.11935275620727853,,,,,0.11935275620727853,0.11935275620727853,True
error_propagation,shift_+3px.shift_um,1,0.854613,,,,,0.854613,0.854613,True
error_propagation,shift_+4px.area_relative_error,1,0.2653678830798094,,,,,0.2653678830798094,0.2653678830798094,True
error_propagation,shift_+4px.area_signed,1,0.2635982139567308,,,,,0.2635982139567308,0.2635982139567308,True
error_propagation,shift_+4px.dice,1,0.9056162613310194,,,,,0.9056162613310194,0.9056162613310194,True
error_propagation,shift_+4px.mass_over_area,1,0.5184855696058498,,,,,0.5184855696058498,0.5184855696058498,True
error_propagation,shift_+4px.mass_relative_error,1,0.13758941801373353,,,,,0.13758941801373353,0.13758941801373353,True
error_propagation,shift_+4px.mass_signed,1,0.1317044704170723,,,,,0.1317044704170723,0.1317044704170723,True
error_propagation,shift_+4px.shift_um,1,1.139484,,,,,1.139484,1.139484,True
error_propagation,shift_+5px.area_relative_error,1,0.3277080272544789,,,,,0.3277080272544789,0.3277080272544789,True
error_propagation,shift_+5px.area_signed,1,0.3262471225788862,,,,,0.3262471225788862,0.3262471225788862,True
error_propagation,shift_+5px.dice,1,0.8807908209288444,,,,,0.8807908209288444,0.8807908209288444,True
error_propagation,shift_+5px.mass_over_area,1,0.44987613858199943,,,,,0.44987613858199943,0.44987613858199943,True
error_propagation,shift_+5px.mass_relative_error,1,0.1474280218835696,,,,,0.1474280218835696,0.1474280218835696,True
error_propagation,shift_+5px.mass_signed,1,0.14162771254555173,,,,,0.14162771254555173,0.14162771254555173,True
error_propagation,shift_+5px.shift_um,1,1.4243549999999998,,,,,1.4243549999999998,1.4243549999999998,True
error_propagation,shift_-1px.area_relative_error,1,0.0663801579205224,,,,,0.0663801579205224,0.0663801579205224,True
error_propagation,shift_-1px.area_signed,1,-0.06493370751992965,,,,,-0.06493370751992965,-0.06493370751992965,True
error_propagation,shift_-1px.dice,1,0.9731140163852733,,,,,0.9731140163852733,0.9731140163852733,True
error_propagation,shift_-1px.mass_over_area,1,0.7353010137913971,,,,,0.7353010137913971,0.7353010137913971,True
error_propagation,shift_-1px.mass_relative_error,1,0.04880939741459316,,,,,0.04880939741459316,0.04880939741459316,True
error_propagation,shift_-1px.mass_signed,1,-0.047382372505801684,,,,,-0.047382372505801684,-0.047382372505801684,True
error_propagation,shift_-1px.shift_um,1,-0.284871,,,,,-0.284871,-0.284871,True
error_propagation,shift_-2px.area_relative_error,1,0.1250126704132194,,,,,0.1250126704132194,0.1250126704132194,True
error_propagation,shift_-2px.area_signed,1,-0.1229159332250047,,,,,-0.1229159332250047,-0.1229159332250047,True
error_propagation,shift_-2px.dice,1,0.9453273311016057,,,,,0.9453273311016057,0.9453273311016057,True
error_propagation,shift_-2px.mass_over_area,1,0.7467310239289532,,,,,0.7467310239289532,0.7467310239289532,True
error_propagation,shift_-2px.mass_relative_error,1,0.09335083938175608,,,,,0.09335083938175608,0.09335083938175608,True
error_propagation,shift_-2px.mass_signed,1,-0.09019988711767979,,,,,-0.09019988711767979,-0.09019988711767979,True
error_propagation,shift_-2px.shift_um,1,-0.569742,,,,,-0.569742,-0.569742,True
error_propagation,shift_-3px.area_relative_error,1,0.18281144596211973,,,,,0.18281144596211973,0.18281144596211973,True
error_propagation,shift_-3px.area_signed,1,-0.18178732561856914,,,,,-0.18178732561856914,-0.18178732561856914,True
error_propagation,shift_-3px.dice,1,0.912697320148082,,,,,0.912697320148082,0.912697320148082,True
error_propagation,shift_-3px.mass_over_area,1,0.7330091007204372,,,,,0.7330091007204372,0.7330091007204372,True
error_propagation,shift_-3px.mass_relative_error,1,0.1340024536060962,,,,,0.1340024536060962,0.1340024536060962,True
error_propagation,shift_-3px.mass_signed,1,-0.13324399711042412,,,,,-0.13324399711042412,-0.13324399711042412,True
error_propagation,shift_-3px.shift_um,1,-0.854613,,,,,-0.854613,-0.854613,True
error_propagation,shift_-4px.area_relative_error,1,0.22769974255900022,,,,,0.22769974255900022,0.22769974255900022,True
error_propagation,shift_-4px.area_signed,1,-0.22692835766909697,,,,,-0.22692835766909697,-0.22692835766909697,True
error_propagation,shift_-4px.dice,1,0.8831230751018861,,,,,0.8831230751018861,0.8831230751018861,True
error_propagation,shift_-4px.mass_over_area,1,0.7285355435957865,,,,,0.7285355435957865,0.7285355435957865,True
error_propagation,shift_-4px.mass_relative_error,1,0.16588735572184188,,,,,0.16588735572184188,0.16588735572184188,True
error_propagation,shift_-4px.mass_signed,1,-0.16510335687323985,,,,,-0.16510335687323985,-0.16510335687323985,True
error_propagation,shift_-4px.shift_um,1,-1.139484,,,,,-1.139484,-1.139484,True
error_propagation,shift_-5px.area_relative_error,1,0.2749296485557031,,,,,0.2749296485557031,0.2749296485557031,True
error_propagation,shift_-5px.area_signed,1,-0.2747799676870978,,,,,-0.2747799676870978,-0.2747799676870978,True
error_propagation,shift_-5px.dice,1,0.8452103960352562,,,,,0.8452103960352562,0.8452103960352562,True
error_propagation,shift_-5px.mass_over_area,1,0.7171816229632166,,,,,0.7171816229632166,0.7171816229632166,True
error_propagation,shift_-5px.mass_relative_error,1,0.19717449155188593,,,,,0.19717449155188593,0.19717449155188593,True
error_propagation,shift_-5px.mass_signed,1,-0.19655980716249694,,,,,-0.19655980716249694,-0.19655980716249694,True
error_propagation,shift_-5px.shift_um,1,-1.4243549999999998,,,,,-1.4243549999999998,-1.4243549999999998,True
z_calibration,gabor.field_px,1,900.0,,,,,900.0,900.0,True
z_calibration,gabor.forward_residual_min,1,0.807953879237175,,,,,0.807953879237175,0.807953879237175,True
z_calibration,gabor.forward_well_depth,1,2.612761021452355,,,,,2.612761021452355,2.612761021452355,True
z_calibration,gabor.grid_step_um,1,4.812010135135139,,,,,4.812010135135139,4.812010135135139,True
z_calibration,gabor.inverse_prominence,1,1.1954370854928793,,,,,1.1954370854928793,1.1954370854928793,True
z_calibration,gabor.per_image_iqr_um,1,6.015012668918935,,,,,6.015012668918935,6.015012668918935,True
z_calibration,gabor.per_image_median_z_um,1,50.5261064189189,,,,,50.5261064189189,50.5261064189189,True
z_calibration,gabor.recommended_z_um,1,50.5261064189189,,,,,50.5261064189189,50.5261064189189,True
z_calibration,gabor.reference_floor,1,0.807953879237175,,,,,0.807953879237175,0.807953879237175,True
z_calibration,gabor.sweep_border_px,1,225.0,,,,,225.0,225.0,True
z_calibration,gabor.sweep_pad_px,1,225.0,,,,,225.0,225.0,True
z_calibration,gabor.verdict_border_px,1,79.0,,,,,79.0,79.0,True
z_calibration,gabor.z_forward_um,1,48.12010135135132,,,,,48.12010135135132,48.12010135135132,True
z_calibration,gabor.z_inverse_um,1,-91.42819256756755,,,,,-91.42819256756755,-91.42819256756755,True
z_calibration,off_axis.field_px,1,900.0,,,,,900.0,900.0,True
z_calibration,off_axis.forward_residual_min,1,0.8061649799346924,,,,,0.8061649799346924,0.8061649799346924,True
z_calibration,off_axis.forward_well_depth,1,1.5639958905786646,,,,,1.5639958905786646,1.5639958905786646,True
z_calibration,off_axis.grid_step_um,1,4.812010135135139,,,,,4.812010135135139,4.812010135135139,True
z_calibration,off_axis.inverse_prominence,1,2.8118039155465406,,,,,2.8118039155465406,2.8118039155465406,True
z_calibration,off_axis.per_image_iqr_um,1,156.39032939189184,,,,,156.39032939189184,156.39032939189184,True
z_calibration,off_axis.per_image_median_z_um,1,-24.060050675675683,,,,,-24.060050675675683,-24.060050675675683,True
z_calibration,off_axis.reference_floor,1,0.8061649799346924,,,,,0.8061649799346924,0.8061649799346924,True
z_calibration,off_axis.sweep_border_px,1,225.0,,,,,225.0,225.0,True
z_calibration,off_axis.sweep_pad_px,1,225.0,,,,,225.0,225.0,True
z_calibration,off_axis.verdict_border_px,1,79.0,,,,,79.0,79.0,True
z_calibration,off_axis.z_forward_um,1,96.24020270270269,,,,,96.24020270270269,96.24020270270269,True
z_calibration,off_axis.z_inverse_um,1,-52.932111486486484,,,,,-52.932111486486484,-52.932111486486484,True
