run,stem,status,S_ref,S_domain,S_pred,domain,phase,total,field_total_mass_pred,field_total_mass_ref,n_ref_cells,n_pred_cells,n_matched,n_ref_edge
A_s42,NCI_06,ok,242980.28125,222635.59375,196658.625,0.9162702117417193,0.883320684206633,0.809360430353852,8449.055736422686,10447.119796730985,47,40,35,16
A_s42,NCI_08,ok,328910.1875,306683.3125,287167.625,0.9324226617334558,0.9363653426692397,0.8730882651666118,12343.134403728449,14107.507197252842,48,38,37,16
A_s42,NCI_19,ok,124130.171875,101978.21875,92953.21875,0.8215425565727309,0.9115007095571572,0.7488366232474453,3997.838650422649,5325.992526596819,31,22,16,14
A_s42,NCI_25,ok,197617.890625,207286.15625,182108.640625,1.0489240401991058,0.8785373993107656,0.9215189983510634,7827.458843376704,8499.377238297931,33,32,25,12
A_s42,NCI_35,ok,140972.1875,119900.6796875,119277.9296875,0.8505271984057139,0.9948061178500148,0.8461096603718375,5113.786027955524,6051.156497514245,37,21,17,22
A_s42,NCI_36,ok,119341.8046875,106870.359375,105871.078125,0.895498100224336,0.9906495939955288,0.8871248294110057,4548.3008674487055,5128.017831745776,41,23,22,24
A_s42,NCI_41,ok,113844.3984375,110227.46875,99886.5,0.9682291817854729,0.9061851926088069,0.8773949475857363,4287.860994697251,4885.681999758208,23,16,15,11
A_s42,NCI_Blebbistatin_5uM_02,ok,214946.375,183231.59375,153880.125,0.8524525884653789,0.8398121844093822,0.715900070424542,6618.253375594499,9244.660753867354,56,45,37,24
A_s42,NCI_Blebbistatin_5uM_08,ok,415839.34375,384947.25,355387.03125,0.925711469551154,0.9232096897691826,0.8546257986200951,15280.326083990305,17884.895832197093,63,67,60,13
A_s42,NCI_Blebbistatin_5uM_09,ok,284780.0625,288236.9375,251991.609375,1.0121387535688178,0.8742516193817109,0.8848639443465253,10835.162575030801,12244.850978367349,51,51,47,17
A_s42,NCI_Blebbistatin_5uM_15,ok,208744.53125,200834.859375,179752.8125,0.9621083636173103,0.8950279501247566,0.8611138764862852,7729.920059839346,8975.014029177188,33,30,23,10
A_s42,NCI_Blebbistatin_5uM_16,ok,256063.75,241423.25,210163.09375,0.9428247848436181,0.8705172088852254,0.8207452001698796,9027.908358324308,10982.698201616899,52,42,38,22
A_s42,NCI_Blebbistatin_5uM_18,ok,59576.765625,63821.78125,59790.71875,1.071252871492216,0.9368387653705607,1.0035912175284356,2571.5479282081374,2557.5259167393024,11,8,6,3
A_s42,NCI_Blebbistatin_5uM_41,ok,85115.4765625,75296.65625,68829.90625,0.8846411873721922,0.9141163721994627,0.8086649928988935,2944.2797580545443,3660.744396930721,15,12,11,7
A_s42,NCI_FCCP_10uM_14,ok,145658.703125,128565.15625,122566.5625,0.8826465806143363,0.9533419946355022,0.841464051721077,5271.483399356494,6252.211724602074,35,23,18,19
A_s42,NCI_FCCP_10uM_21,ok,149540.8125,135268.0625,130378.9765625,0.9045561558654766,0.9638563172478352,0.8718621651363571,5599.710761926132,6419.087190955035,29,19,19,15
A_s42,NCI_FCCP_10uM_32,ok,207032.09375,180216.84375,169963.546875,0.8704778108828839,0.9431057793397849,0.8209526542306922,7309.934421792857,8889.231097745347,59,29,28,33
A_s42,NCI_FCCP_10uM_37,ok,115663.03125,96449.7890625,91762.1875,0.8338860569374884,0.9513985296591742,0.7933579684736128,3940.82989992792,4954.264740126681,30,19,15,19
A_s42,NCI_FCCP_10uM_42,ok,172523.09375,158603.78125,149295.609375,0.9193191346303456,0.9413117909192344,0.8653659410452115,6420.984926323048,7409.939117434339,33,28,24,11
A_s42,NCI_FCCP_10uM_46,ok,92630.078125,82032.21875,77081.7734375,0.8855894371513032,0.939652426961815,0.8321462639109698,3315.1220204385686,3977.0029164254997,18,13,11,7
A_s42,NCI_FCCP_10uM_50,ok,97655.0625,88574.5078125,80165.40625,0.9070139892901098,0.9050618313307379,0.820903742189505,3446.990789597671,4181.60005216528,20,11,11,9
A_s42,NCI_Staurosporine_100nM_05,ok,131926.34375,100876.125,94993.6484375,0.7646397386041406,0.9416861367097517,0.7200506414208876,4066.5717482440364,5663.811120276574,37,19,15,21
A_s42,NCI_Staurosporine_100nM_08,ok,100544.484375,102075.1015625,94225.296875,1.015223283475116,0.9230977528570607,0.9371503316240464,4052.5500045323524,4324.332857707012,16,15,12,3
A_s42,NCI_Staurosporine_100nM_15,ok,90707.765625,91701.09375,85468.8984375,1.0109508609120257,0.9320379391603494,0.9422445569968255,3663.7720819124283,3879.6165943347423,14,16,12,5
A_s42,NCI_Staurosporine_100nM_16,ok,116495.484375,98825.84375,91109.953125,0.8483233859252324,0.9219243637876858,0.7820899978553353,3918.561181505546,4987.764651018124,35,18,17,22
A_s42,NCI_Staurosporine_100nM_29,ok,119660.7578125,99900.546875,87087.9609375,0.8348647351167301,0.8717465885994431,0.7277904847799871,3745.321543754889,5127.60419223046,28,11,10,19
A_s42,NCI_Staurosporine_100nM_34,ok,114245.84375,101116.78125,92738.3203125,0.8850806115211521,0.9171407472238937,0.8117434934038903,3987.4225638778726,4913.616472614005,20,17,14,8
A_s42,NCI_Staurosporine_100nM_50,ok,38124.328125,35000.92578125,33721.7109375,0.9180732488318442,0.9634519711922799,0.8845194812859407,1450.3421132758094,1635.5218889597334,13,7,5,5
A_s42,NCI_rotenone_500nM_01,ok,222627.203125,198003.5625,185653.25,0.8893951849578131,0.9376258066063836,0.8339198776879033,7973.426392867314,9574.190420278546,36,30,29,11
A_s42,NCI_rotenone_500nM_11,ok,162441.1875,169828.34375,154145.46875,1.0454758818480072,0.9076545489774878,0.9489309400055943,6629.66542817483,6986.456677315503,17,17,16,2
A_s42,NCI_rotenone_500nM_12,ok,70163.390625,68731.609375,60885.10546875,0.9795936137457725,0.8858384958885592,0.8677617333825933,2618.6164392722117,3004.2479344893195,12,9,8,6
A_s42,NCI_rotenone_500nM_17,ok,206175.15625,199576.0625,183865.34375,0.9679927791979059,0.9212795434823252,0.891791945713634,7907.892152973941,8866.616378020235,33,27,24,9
A_s42,NCI_rotenone_500nM_30,ok,189229.84375,163889.046875,150756.5625,0.8660845648190734,0.9198696641086924,0.7966849177298441,6461.709395026986,8130.107423094847,44,28,25,23
A_s42,NCI_rotenone_500nM_33,ok,195512.53125,193198.125,172364.3125,0.988162363633661,0.8921634850234701,0.8816023781084364,7405.4505796269095,8408.827025333343,26,26,24,5
A_s42,NCI_rotenone_500nM_47,ok,83984.0703125,94696.3671875,85576.625,1.1275515325125365,0.9036949097588634,1.0189625804223847,3676.042909114511,3612.0833857751813,13,12,10,4
A_s42,SNU_07,ok,50064.5078125,54459.8828125,51367.046875,1.0877942317232283,0.9432089130975855,1.026017214977489,2209.2529938372245,2153.231981752076,9,9,9,1
A_s42,SNU_08,ok,76268.59375,72243.7890625,68650.25,0.9472285446786541,0.950258159086989,0.9001116531009856,2945.1675987650287,3280.2472901127408,22,18,17,5
A_s42,SNU_09,ok,57930.34375,54395.09375,49880.2578125,0.9389741235567931,0.9169992066150268,0.8610385263336194,2143.500340235942,2491.534831958028,18,13,11,8
A_s42,SNU_100,ok,46063.9921875,44626.81640625,41149.34375,0.9688004510030289,0.9220766136532432,0.8933082391666077,1769.798231977487,1978.951673021982,13,11,9,4
A_s42,SNU_20,ok,79441.34375,81281.609375,71563.71875,1.0231650868191664,0.880441705082811,0.9008372136202694,3071.751540038649,3414.5368313267136,22,18,14,10
A_s42,SNU_23,ok,69499.984375,65610.7265625,55690.96875,0.9440394433541914,0.8488089016503947,0.8013090830281212,2394.880905738978,2973.135662017885,20,15,12,11
A_s42,SNU_40,ok,67042.296875,56881.92578125,55706.18359375,0.8484483442938425,0.9793301269014426,0.8309110246866076,2388.9988665294986,2844.4518182272163,40,17,12,27
A_s42,SNU_61,ok,29756.234375,29121.744140625,27160.30078125,0.9786770655729182,0.9326467758969569,0.9127600098508768,1168.1413281320895,1277.5168139653858,11,6,6,5
A_s42,SNU_64,ok,125773.15625,101310.109375,92915.65625,0.8054986643861058,0.9171410121182687,0.7387558603149867,3987.9148793692943,5409.329774058501,64,48,35,20
A_s42,SNU_65,ok,83071.703125,73452.25,65567.9140625,0.8842030106145125,0.892660389062282,0.7892930034651917,2819.944995222002,3560.7055661901363,29,22,17,14
A_s42,SNU_67,ok,67180.078125,52159.078125,51067.1171875,0.7764069286723534,0.9790647960670796,0.7601526912856653,2196.3531473366875,2877.2036648597677,27,13,13,17
A_s42,SNU_74,ok,53852.21484375,45165.953125,43063.0,0.8387018668785893,0.9534394166513008,0.7996514187010791,1844.4681240331295,2311.6909457107245,23,12,10,13
A_s42,SNU_76,ok,76091.515625,68465.390625,60219.7421875,0.8997769339017552,0.8795647207701884,0.7914120476227536,2589.737250280776,3271.2111044818025,18,15,12,8
A_s42,SNU_95,ok,73439.484375,68934.546875,62027.96875,0.9386578277565691,0.8998096246643386,0.8446133476818818,2667.7702666512964,3158.5695267687065,21,19,19,7
A_s42,SNU_97,ok,60369.75,57611.80078125,54562.89453125,0.9543157091299864,0.9470784421133338,0.903811835087109,2343.5095517016002,2572.138933866408,24,14,12,11
A_s42,SNU_FCCP_10uM_01,ok,93132.0,84413.765625,81315.21875,0.9063884124146373,0.9632933461496671,0.8731179267061805,3497.298550543459,3984.6667600319656,28,20,17,15
A_s42,SNU_FCCP_10uM_05,ok,125489.1875,118618.9375,107880.609375,0.9452522552988878,0.9094720594255871,0.8596805153033603,4638.495010654175,5380.3997912730765,37,30,28,17
A_s42,SNU_FCCP_10uM_08,ok,72968.21875,68273.5703125,58710.92578125,0.9356617371518337,0.859936363552102,0.8046095517611905,2514.5440216240186,3123.0225993350773,23,14,12,15
A_s42,SNU_FCCP_10uM_28,ok,98874.59375,86095.640625,79265.796875,0.8707559481123026,0.920671433531133,0.8016801270043145,3407.755725294448,4196.532771330281,42,23,23,23
A_s42,SNU_FCCP_10uM_36,ok,92784.015625,86137.4375,79174.6875,0.9283650521026908,0.9191669708075539,0.8533224927448272,3403.550775779218,3933.2716031714153,33,23,19,16
A_s42,SNU_FCCP_10uM_46,ok,82771.359375,78942.9375,68229.421875,0.9537470218695439,0.8642878519056882,0.8243119647930756,2934.489339906234,3559.9259479323196,31,25,21,13
A_s42,SNU_FCCP_10uM_50,ok,59817.48046875,52756.0546875,48138.73046875,0.8819504645479168,0.9124778331870972,0.8047602488690369,2070.405811814123,2568.517812411514,15,11,11,6
A_s42,SNU_Rotenone_500nM_03,ok,96090.9765625,97763.7109375,88453.7421875,1.0174078194939773,0.9047707103103745,0.9205207955188951,3804.319907727559,4132.791215436943,20,18,18,4
A_s42,SNU_Rotenone_500nM_13,ok,114273.34375,101353.765625,96850.65625,0.8869414537018832,0.9555703791839258,0.8475349812278509,4158.979922826953,4908.088827056389,35,27,25,10
A_s42,SNU_Rotenone_500nM_15,ok,44209.6328125,38085.6484375,35212.8984375,0.8614785062573855,0.9245713249515946,0.7964983239477115,1514.4768232936372,1885.1827933503673,9,6,6,4
A_s42,SNU_Rotenone_500nM_23,ok,63206.0234375,57806.26171875,51655.84375,0.9145688745299814,0.8936029110708771,0.817261408654807,2217.5606424495086,2694.5844153692083,16,7,6,10
A_s42,SNU_Rotenone_500nM_25,ok,76585.46875,62776.0234375,60893.59375,0.819685828945194,0.9700135563799426,0.7951063660493689,2618.9815799610806,3285.3284854038043,33,13,13,19
A_s42,SNU_Rotenone_500nM_30,ok,141975.15625,117998.9296875,111946.890625,0.8311237881627618,0.948711068155213,0.7884963368371006,4811.593770080064,6106.23109569967,52,39,36,24
A_s42,SNU_Rotenone_500nM_31,ok,101669.796875,98340.671875,87630.3984375,0.9672555163644808,0.8910900929056724,0.8619118079407494,3755.428276288121,4370.9626224290205,33,32,27,10
A_s42,SNU_blebbistatin_07,ok,105175.84375,101547.375,87911.984375,0.9655009304358445,0.865723849336332,0.8358571820347294,3780.9972991289687,4510.581547499626,27,24,23,9
A_s42,SNU_blebbistatin_13,ok,114327.046875,102707.234375,92463.59375,0.8983633985341668,0.9002636894339995,0.8087639476168356,3975.00723050414,4915.14445176364,49,46,41,17
A_s42,SNU_blebbistatin_16,ok,98752.015625,82258.1875,73080.375,0.8329773015709014,0.8884267599501874,0.7400393251466861,3133.1460870345213,4239.020551796719,39,27,23,20
A_s42,SNU_blebbistatin_22,ok,69039.6640625,48893.8046875,48543.53125,0.7081987630072704,0.9928360363907301,0.7031252528409564,2086.9976107236507,2968.2532580357,28,11,11,18
A_s42,SNU_blebbistatin_35,ok,80870.03125,64154.3984375,60136.9609375,0.7933025058340137,0.9373786116330927,0.7436248015237412,2578.793609959762,3458.400852374863,42,19,17,22
A_s42,SNU_blebbistatin_46,ok,79734.1875,68571.203125,65674.7265625,0.8599975151813016,0.9577595779204873,0.8236708571527113,2811.3467198483013,3421.2640696078975,28,23,20,10
A_s42,SNU_blebbistatin_47,ok,78538.4609375,60896.8125,56523.6171875,0.7753756792924804,0.928186794464817,0.7196934662684674,2419.8864769699067,3376.83044345737,28,14,13,14
A_s42,SNU_staurosporine_05,ok,116480.09375,102732.1171875,93662.1875,0.8819714500573194,0.9117128125477434,0.8041046713185702,3994.5365255180577,4969.514179249936,59,39,32,20
A_s42,SNU_staurosporine_08,ok,112406.1015625,77892.515625,79135.6015625,0.692956294562802,1.0159589907647177,0.7040151776680829,3396.7244187884885,4816.579543416561,38,21,16,21
A_s42,SNU_staurosporine_21,ok,59310.1796875,55497.46875,52512.359375,0.9357157412506786,0.9462117923171045,0.8853852686281326,2244.588054487785,2531.6130864980596,30,25,19,7
A_s42,SNU_staurosporine_22,ok,64578.6484375,60241.69921875,54031.203125,0.932842366266811,0.8969070233029381,0.8366728699392347,2310.676778095331,2767.135097517186,27,23,18,10
A_s42,SNU_staurosporine_40,ok,83434.09375,79282.2890625,69065.296875,0.95023851160965,0.8711314682217901,0.827782669779403,2960.4708833262675,3565.70347128812,33,29,24,10
A_s42,SNU_staurosporine_43,ok,54756.0703125,46424.22265625,46017.94921875,0.8478370049439439,0.9912486754919244,0.8404173081837245,1963.3308081357604,2342.285877241162,31,14,10,21
A_s42,SNU_staurosporine_49,ok,43532.984375,33393.4296875,30764.87890625,0.7670834004818904,0.9212853903942089,0.7067027300778755,1313.7809368022824,1855.472151466829,26,11,9,15
A_s42,T24_11,ok,98672.9375,88317.8046875,93657.046875,0.8950559993969978,1.060454878904567,0.9491665014533494,4028.1101805351473,4243.838960179227,22,21,16,7
A_s42,T24_16,ok,77226.6953125,71469.4609375,73026.34375,0.9254502040815914,1.021783889119599,0.9456101087130149,3140.8009850583376,3281.2807191800266,15,10,10,5
A_s42,T24_17,ok,32479.625,31954.44921875,33223.453125,0.9838306082274657,1.0397129018736264,1.0229013766322732,1428.9125582327026,1396.9210519993899,8,6,6,2
A_s42,T24_29,ok,102308.5625,98433.484375,93176.0859375,0.9621236186853862,0.9465893291202514,0.9107359507421483,4007.424088659309,4387.896569038373,24,19,18,10
A_s42,T24_31,ok,98545.8203125,81931.03125,76485.2265625,0.8314003677699103,0.933531842521511,0.7761387171973063,3289.564698847712,4230.862741201603,30,18,12,17
A_s42,T24_41,ok,101718.78125,75903.625,68360.890625,0.7462105234376272,0.9006274815596752,0.6720577044369571,2940.0299913736862,4367.628719082011,58,21,18,41
A_s42,T24_48,ok,86433.859375,63099.74609375,59408.21484375,0.7300350412445065,0.9414968921663277,0.6873257225042197,2555.0967109904536,3707.9344933668285,33,20,16,15
A_s42,T24_Blebbistatin_5uM_02,ok,120402.46875,106201.328125,94402.0625,0.8820527454923968,0.8888971933466581,0.7840542098519055,4060.1521839295265,5169.703231643386,31,24,20,11
A_s42,T24_Blebbistatin_5uM_03,ok,60845.33984375,63255.8359375,55654.6171875,1.0396167742663631,0.8798337159355479,0.9146898896517021,2393.657716260242,2607.4337600674758,13,12,11,5
A_s42,T24_Blebbistatin_5uM_10,ok,58338.59375,57910.0546875,54088.01953125,0.9926542784980997,0.9340004913330708,0.9271395838411001,2326.2796271254256,2479.818793634518,12,10,10,2
A_s42,T24_Blebbistatin_5uM_13,ok,113723.65625,99786.28125,88820.328125,0.8774452435000744,0.8901056038201645,0.7810189282847648,3809.397782961207,4866.604535748287,42,21,20,23
A_s42,T24_Blebbistatin_5uM_15,ok,83500.234375,71595.25,63141.04296875,0.8574257370160825,0.881916649061914,0.7561780328086654,2713.707224183844,3582.598043158436,26,16,14,14
A_s42,T24_Blebbistatin_5uM_20,ok,107356.359375,90793.9375,86687.03125,0.8457248180599455,0.9547667348384357,0.8074699231109242,3725.92119349704,4583.804331924747,39,22,20,23
A_s42,T24_Blebbistatin_5uM_44,ok,118133.5625,89837.84375,88484.6171875,0.7604768860669888,0.9849370097721206,0.7490218301636337,3805.6480803224517,5047.356485589894,39,20,17,23
A_s42,T24_FCCP_10uM_02,ok,65243.0703125,60742.0,57238.109375,0.9310107526984727,0.9423151917124889,0.8773055759154499,2461.762246295232,2806.0489687426943,9,7,7,2
A_s42,T24_FCCP_10uM_15,ok,92954.65625,70716.5703125,66109.3046875,0.7607641528177885,0.9348488536047455,0.711199496125295,2843.304919192127,3976.3198587464067,37,11,10,29
A_s42,T24_FCCP_10uM_18,ok,89367.75,67332.0390625,66056.734375,0.7534265891498891,0.9810594673017965,0.7391562882023996,2829.800582048192,3832.5498775060846,35,14,11,24
A_s42,T24_FCCP_10uM_25,ok,54670.78125,52842.26953125,50949.4765625,0.9665541322632919,0.9641803240939408,0.9319324764999586,2191.2937315960144,2321.187411133795,13,8,7,5
A_s42,T24_FCCP_10uM_28,ok,95548.265625,99319.140625,85316.6328125,1.0394656561826001,0.8590150123693743,0.892916603503236,3669.3095412946323,4109.449638081777,14,15,13,2
A_s42,T24_FCCP_10uM_32,ok,86563.484375,67830.4453125,62125.19921875,0.7835919013917351,0.9158895969580401,0.7176836707452605,2671.8633232095885,3689.7750452482464,36,10,10,27
A_s42,T24_FCCP_10uM_50,ok,64716.71875,57882.34375,53619.109375,0.8943955266582486,0.9263465488990328,0.8285202094706015,2306.1123895434985,2758.906780492264,19,10,10,9
A_s42,T24_Staurosporine_100nM_10,ok,48704.70703125,41339.1953125,72472.84375,0.848772076300056,1.753126619958321,1.4880049212389235,3090.369789378629,2080.6851322064513,15,22,8,5
A_s42,T24_Staurosporine_100nM_12,ok,62468.41796875,46203.0234375,43530.6640625,0.7396221153001376,0.9421605086382503,0.6968427483512762,1859.3381998376888,2683.1181819981866,32,8,8,23
A_s42,T24_Staurosporine_100nM_28,ok,64519.765625,65154.3671875,58057.3515625,1.0098357698040692,0.891073830790554,0.8998382278686401,2496.7374990868416,2763.8501057889002,13,10,10,4
A_s42,T24_Staurosporine_100nM_30,ok,69288.546875,55844.7734375,51393.53125,0.8059740888814823,0.9202925911682368,0.7417319826711981,2206.6849205673097,2980.041665604388,19,14,9,8
A_s42,T24_Staurosporine_100nM_34,ok,26413.22265625,28525.38671875,23762.4140625,1.0799661627809816,0.8330268857277489,0.8996408492727882,1022.0011973450604,1136.0102180455463,4,4,4,0
A_s42,T24_Staurosporine_100nM_41,ok,49712.31640625,38033.07421875,33115.0859375,0.7650634081892904,0.8706918022728367,0.6661344377293322,1413.1462172114266,2092.7907932788926,19,9,5,14
A_s42,T24_Staurosporine_100nM_46,ok,63210.84765625,66470.75,57041.3828125,1.0515718814827137,0.8581426087790495,0.9023986376942694,2421.1464738691134,2675.0033664419107,19,19,14,6
A_s42,T24_rotenone_500nM_02,ok,72796.984375,67830.125,61290.83203125,0.9317710834089753,0.9035930868659021,0.841941909509902,2632.018439370656,3086.5463629585224,17,13,10,9
A_s42,T24_rotenone_500nM_09,ok,101903.6171875,92635.890625,82406.921875,0.9090539980985403,0.88957877253636,0.80867513979777,3534.605213409706,4275.005297938266,16,8,8,8
A_s42,T24_rotenone_500nM_10,ok,102998.2109375,81712.40625,77841.125,0.7933381124414252,0.9526230908173751,0.7557522047371728,3347.88074278599,4388.174437959081,26,11,10,16
A_s42,T24_rotenone_500nM_16,ok,92133.328125,90475.546875,79329.5625,0.9820067147932522,0.876806664784252,0.8610300323936116,3411.897119893645,3925.127073790358,16,11,10,6
A_s42,T24_rotenone_500nM_31,ok,105941.5078125,82947.9375,71548.7109375,0.7829597597082057,0.8625737190572098,0.6753605118036463,3077.109119117009,4520.412486230071,32,16,13,19
A_s42,T24_rotenone_500nM_40,ok,92684.203125,94402.5234375,86620.4453125,1.0185395164932536,0.9175649353255669,0.9345761455776663,3725.471467142994,3966.7715895336255,21,16,14,5
A_s42,T24_rotenone_500nM_43,ok,111245.296875,115798.6953125,99654.1953125,1.0409311545333588,0.8605813307617011,0.8958059181996317,4286.042096747153,4784.565330326844,20,23,16,5
A_s1337,NCI_06,ok,242980.28125,220853.15625,196328.3125,0.9089344827235852,0.888954071717053,0.8080010093411644,8436.152245668574,10447.119796730985,47,39,35,16
A_s1337,NCI_08,ok,328910.1875,305422.0625,288834.3125,0.9285880283048393,0.9456890904860549,0.8781555679238424,12411.160929805283,14107.507197252842,48,38,36,16
A_s1337,NCI_19,ok,124130.171875,105120.5234375,103035.5625,0.846857148827258,0.9801659954752829,0.8300605803056292,4431.471741810102,5325.992526596819,31,20,19,14
A_s1337,NCI_25,ok,197617.890625,207013.71875,183872.875,1.0475454327302256,0.888215892696725,0.9304465016728543,7895.854090738032,8499.377238297931,33,31,25,12
A_s1337,NCI_35,ok,140972.1875,117681.859375,115392.96875,0.8347877795043792,0.9805501830345295,0.8185513099880074,4957.578832725879,6051.156497514245,37,21,18,22
A_s1337,NCI_36,ok,119341.8046875,105012.71875,101575.359375,0.8799323843390744,0.9672672090017668,0.8511297415099264,4365.157800969202,5128.017831745776,41,23,22,24
A_s1337,NCI_41,ok,113844.3984375,111570.171875,102537.453125,0.9800233775775227,0.9190400211974219,0.9006807057028154,4400.177643201608,4885.681999758208,23,16,16,11
A_s1337,NCI_Blebbistatin_5uM_02,ok,214946.375,181016.53125,157230.25,0.8421474018810505,0.8685960829889673,0.7314859345732162,6762.3396502191845,9244.660753867354,56,46,36,24
A_s1337,NCI_Blebbistatin_5uM_08,ok,415839.34375,381405.75,356104.375,0.9171949593814739,0.9336628380668094,0.8563508488366789,15315.240785602346,17884.895832197093,63,68,59,13
A_s1337,NCI_Blebbistatin_5uM_09,ok,284780.0625,285972.125,249454.796875,1.0041859057461229,0.8723045886902439,0.8759559734804118,10714.849781858115,12244.850978367349,51,52,45,17
A_s1337,NCI_Blebbistatin_5uM_15,ok,208744.53125,202033.84375,184021.125,0.9678521518153544,0.9108430626490024,0.8815614181509246,7914.259452142671,8975.014029177188,33,33,24,10
A_s1337,NCI_Blebbistatin_5uM_16,ok,256063.75,240207.171875,211435.96875,0.9380756623106551,0.8802233800913651,0.8257161302605308,9083.59851641749,10982.698201616899,52,43,37,22
A_s1337,NCI_Blebbistatin_5uM_18,ok,59576.765625,63610.9921875,60979.8046875,1.067714762964694,0.9586362763805931,1.023550104605062,2622.6895229846127,2557.5259167393024,11,8,6,3
A_s1337,NCI_Blebbistatin_5uM_41,ok,85115.4765625,75283.046875,71088.640625,0.8844812943004545,0.944284849988014,0.8352022863057091,3052.1970043194074,3660.744396930721,15,11,11,7
A_s1337,NCI_FCCP_10uM_14,ok,145658.703125,127701.4921875,123905.828125,0.8767172125507005,0.9702770578676798,0.8506585975756469,5329.08447001335,6252.211724602074,35,24,17,19
A_s1337,NCI_FCCP_10uM_21,ok,149540.8125,134732.046875,130790.40625,0.9009717455895192,0.9707445947981705,0.8746134520968983,5617.996737767487,6419.087190955035,29,19,19,15
A_s1337,NCI_FCCP_10uM_32,ok,207032.09375,176954.796875,167098.3125,0.8547215732101922,0.9442994225131824,0.8071130879919433,7186.7558107112545,8889.231097745347,59,31,26,33
A_s1337,NCI_FCCP_10uM_37,ok,115663.03125,96304.859375,96352.6484375,0.8326330231380651,1.000496226907034,0.8330461980478313,4143.993944927137,4954.264740126681,30,18,14,19
A_s1337,NCI_FCCP_10uM_42,ok,172523.09375,157977.109375,157190.265625,0.9156867404889092,0.9950192546685215,0.9111259380311223,6754.624322425292,7409.939117434339,33,29,22,11
A_s1337,NCI_FCCP_10uM_46,ok,92630.078125,82407.9296875,79403.3359375,0.889645473215453,0.9635399923114953,0.8572089924219741,3408.2001811639916,3977.0029164254997,18,12,11,7
A_s1337,NCI_FCCP_10uM_50,ok,97655.0625,89197.90625,83223.0,0.9133976669156297,0.9330151737726468,0.8522138829208163,3579.35022832924,4181.60005216528,20,12,12,9
A_s1337,NCI_Staurosporine_100nM_05,ok,131926.34375,100804.46875,96043.734375,0.7640965851446937,0.9527725860367673,0.7280102794101728,4129.382088081018,5663.811120276574,37,19,14,21
A_s1337,NCI_Staurosporine_100nM_08,ok,100544.484375,102379.328125,97466.671875,1.0182490741427108,0.9520151544264689,0.9693885495645818,4191.958492170562,4324.332857707012,16,15,12,3
A_s1337,NCI_Staurosporine_100nM_15,ok,90707.765625,91546.8984375,87253.8515625,1.0092509478843201,0.9531054907564028,0.9619226199796497,3748.705151491792,3879.6165943347423,14,16,12,5
A_s1337,NCI_Staurosporine_100nM_16,ok,116495.484375,98589.9296875,94076.7421875,0.8462982940191753,0.954222631922901,0.8075569855108387,4046.1603922677355,4987.764651018124,35,17,14,22
A_s1337,NCI_Staurosporine_100nM_29,ok,119660.7578125,100676.3203125,92674.1875,0.8413478416228378,0.9205162367112611,0.7744743489357968,3983.384387035186,5127.60419223046,28,11,10,19
A_s1337,NCI_Staurosporine_100nM_34,ok,114245.84375,102710.84375,97445.90625,0.8990335261102222,0.9487401981351166,0.8529492456919248,4185.938282396129,4913.616472614005,20,18,14,8
A_s1337,NCI_Staurosporine_100nM_50,ok,38124.328125,34692.2890625,33462.12109375,0.9099777168204194,0.9645405938324281,0.8777104473562444,1439.1773751127034,1635.5218889597334,13,9,7,5
A_s1337,NCI_rotenone_500nM_01,ok,222627.203125,197586.5,191392.375,0.8875218177585412,0.9686510718090557,0.8596989600257324,8223.767803368899,9574.190420278546,36,31,28,11
A_s1337,NCI_rotenone_500nM_11,ok,162441.1875,169949.5,156870.890625,1.0462217287102755,0.9230441432602038,0.9657088392375855,6746.88339232267,6986.456677315503,17,17,15,2
A_s1337,NCI_rotenone_500nM_12,ok,70163.390625,68889.9609375,63406.90625,0.981850510983626,0.9204085092677804,0.9037035651382476,2727.07713542533,3004.2479344893195,12,9,8,6
A_s1337,NCI_rotenone_500nM_17,ok,206175.15625,200369.109375,187986.109375,0.9718392507584191,0.9381990565380782,0.9117786681682216,8085.122438047972,8866.616378020235,33,26,24,9
A_s1337,NCI_rotenone_500nM_30,ok,189229.84375,161918.9375,156036.875,0.8556733667968269,0.9636727946043989,0.824589144649653,6708.515462176949,8130.107423094847,44,27,25,23
A_s1337,NCI_rotenone_500nM_33,ok,195512.53125,192691.1875,175696.65625,0.985569499141759,0.9118043151298759,0.8986465221778464,7550.015516097136,8408.827025333343,26,26,24,5
A_s1337,NCI_rotenone_500nM_47,ok,83984.0703125,94671.8125,87241.2578125,1.1272591593588106,0.9215124915084941,1.0387833965165083,3747.431086841894,3612.0833857751813,13,12,10,4
A_s1337,SNU_07,ok,50064.5078125,55005.33203125,54194.34375,1.098689159938498,0.9852561878766725,1.0824902933824283,2327.574542707164,2153.231981752076,9,9,9,1
A_s1337,SNU_08,ok,76268.59375,72889.5625,71753.515625,0.9556956397927554,0.9844141350827836,0.9408002966489729,3080.4900309069144,3280.2472901127408,22,18,17,5
A_s1337,SNU_09,ok,57930.34375,54163.4296875,50348.91796875,0.934975112891506,0.9295740365638197,0.8691285897772703,2160.995022820188,2491.534831958028,18,12,11,8
A_s1337,SNU_100,ok,46063.9921875,44543.09375,42059.609375,0.9669829216862208,0.9442453550950308,0.913069132258436,1808.8675539481808,1978.951673021982,13,11,9,4
A_s1337,SNU_20,ok,79441.34375,80874.8203125,73686.0625,1.0180444651970026,0.911112534349719,0.9275530727663452,3162.2930482707743,3414.5368313267136,22,18,15,10
A_s1337,SNU_23,ok,69499.984375,65051.2734375,56121.01171875,0.935989756292661,0.8627196479507812,0.807496753034342,2411.964823915937,2973.135662017885,20,13,12,11
A_s1337,SNU_40,ok,67042.296875,57631.29296875,58253.1875,0.8596258728456639,1.010790917559098,0.868902024771209,2501.8375922575874,2844.4518182272163,40,17,13,27
A_s1337,SNU_61,ok,29756.234375,29058.7734375,28653.3515625,0.9765608467553281,0.9860482110206067,0.96293607589586,1232.356265542453,1277.5168139653858,11,7,5,5
A_s1337,SNU_64,ok,125773.15625,101865.421875,96048.1640625,0.8099138553263427,0.942892713686118,0.7636618729006414,4118.133785076873,5409.329774058501,64,49,33,20
A_s1337,SNU_65,ok,83071.703125,74524.40625,67750.7890625,0.8971094060496307,0.9091087399639631,0.8155700017435992,2910.0236248425895,3560.7055661901363,29,22,16,14
A_s1337,SNU_67,ok,67180.078125,52066.27734375,52846.1875,0.7750255551485339,1.0149791803070711,0.7866348026816916,2267.364643254486,2877.2036648597677,27,13,13,17
A_s1337,SNU_74,ok,53852.21484375,46003.6953125,46331.4765625,0.8542581850343174,1.00712510696746,0.8603448659805151,1973.9023611761418,2311.6909457107245,23,13,11,13
A_s1337,SNU_76,ok,76091.515625,68604.25,60935.5546875,0.9016018334829955,0.8882183638404326,0.8008193053718005,2618.9768666477075,3271.2111044818025,18,16,13,8
A_s1337,SNU_95,ok,73439.484375,69299.5546875,63828.30859375,0.9436280126047658,0.9210493325906337,0.8691279512234457,2745.2011825047493,3158.5695267687065,21,20,19,7
A_s1337,SNU_97,ok,60369.75,57823.19921875,55623.0390625,0.9578174370235093,0.9619502174563775,0.921372691828275,2380.3967126147186,2572.138933866408,24,14,13,11
A_s1337,SNU_FCCP_10uM_01,ok,93132.0,84204.328125,82365.796875,0.9041395881651849,0.9781658343348963,0.8843984546128076,3542.4826169694584,3984.6667600319656,28,20,17,15
A_s1337,SNU_FCCP_10uM_05,ok,125489.1875,118912.046875,110841.953125,0.9475879894034696,0.9321339261909833,0.8832789129740759,4765.730935339524,5380.3997912730765,37,31,28,17
A_s1337,SNU_FCCP_10uM_08,ok,72968.21875,67944.65625,60185.8828125,0.9311541026208756,0.8858074517449633,0.824823242824466,2588.5435521521295,3123.0225993350773,23,16,12,15
A_s1337,SNU_FCCP_10uM_28,ok,98874.59375,85273.890625,81706.1171875,0.8624449152287921,0.9581610102300876,0.8263610912434217,3514.110545583497,4196.532771330281,42,24,23,23
A_s1337,SNU_FCCP_10uM_36,ok,92784.015625,86662.828125,85292.4140625,0.9340275643518204,0.9841868296690784,0.9192576273829494,3667.286593363967,3933.2716031714153,33,23,19,16
A_s1337,SNU_FCCP_10uM_46,ok,82771.359375,78466.3671875,71282.359375,0.9479893501809484,0.9084447506619825,0.8611959488553464,3057.3621080075595,3559.9259479323196,31,25,21,13
A_s1337,SNU_FCCP_10uM_50,ok,59817.48046875,52800.59375,50266.33203125,0.8826950472710768,0.9520031587002751,0.8403284731711538,2161.912154062898,2568.517812411514,15,11,11,6
A_s1337,SNU_Rotenone_500nM_03,ok,96090.9765625,96992.5625,91331.609375,1.0093826285230183,0.9416351833677968,0.9504701964975412,3928.0946906053973,4132.791215436943,20,17,16,4
A_s1337,SNU_Rotenone_500nM_13,ok,114273.34375,102312.9609375,100985.25,0.8953353212568439,0.987023042580978,0.8837165929171474,4338.084933216995,4908.088827056389,35,29,26,10
A_s1337,SNU_Rotenone_500nM_15,ok,44209.6328125,38297.73046875,35622.7734375,0.866275696773522,0.9301536409988393,0.8057694934626981,1532.1051770726772,1885.1827933503673,9,6,6,4
A_s1337,SNU_Rotenone_500nM_23,ok,63206.0234375,57615.234375,53344.5546875,0.9115465780246667,0.9258758601986508,0.8439789720397247,2290.7575984817377,2694.5844153692083,16,7,6,10
A_s1337,SNU_Rotenone_500nM_25,ok,76585.46875,61574.6953125,60502.921875,0.8039997184518114,0.9825939303140584,0.7900052433249617,2602.1790312358135,3285.3284854038043,33,13,13,19
A_s1337,SNU_Rotenone_500nM_30,ok,141975.15625,115975.453125,112798.421875,0.8168714596853983,0.9726060026980387,0.7944940851227272,4838.776254197165,6106.23109569967,52,39,35,24
A_s1337,SNU_Rotenone_500nM_31,ok,101669.796875,97675.5703125,89118.234375,0.960713735196985,0.9123902127203154,0.8765458092197059,3819.0861830100425,4370.9626224290205,33,32,27,10
A_s1337,SNU_blebbistatin_07,ok,105175.84375,102572.390625,92163.25,0.9752466628060685,0.8985190794367331,0.8762777336882548,3962.3035174289985,4510.581547499626,27,25,23,9
A_s1337,SNU_blebbistatin_13,ok,114327.046875,101441.328125,93117.6171875,0.8872907233920888,0.9179455642847736,0.814484583768796,4000.2873289415325,4915.14445176364,49,47,39,17
A_s1337,SNU_blebbistatin_16,ok,98752.015625,83138.2890625,74835.0625,0.8418895405457705,0.9001275266050042,0.7578079498060878,3214.474816575901,4239.020551796719,39,29,23,20
A_s1337,SNU_blebbistatin_22,ok,69039.6640625,48576.328125,48327.875,0.7036002967949696,0.9948853045384438,0.7000015955502028,2078.1284478031853,2968.2532580357,28,11,11,18
A_s1337,SNU_blebbistatin_35,ok,80870.03125,64642.4921875,59951.796875,0.7993380389289759,0.9274363479227515,0.7413351515800236,2570.012739959728,3458.400852374863,42,20,17,22
A_s1337,SNU_blebbistatin_46,ok,79734.1875,67657.546875,64678.1796875,0.8485387384802786,0.9559640080802146,0.8111724934489362,2765.2673798258174,3421.2640696078975,28,24,20,10
A_s1337,SNU_blebbistatin_47,ok,78538.4609375,59868.140625,56782.7734375,0.7622779961609176,0.9484639550303388,0.7229932030713853,2438.5467602449357,3376.83044345737,28,15,12,14
A_s1337,SNU_staurosporine_05,ok,116480.09375,101835.140625,97136.5625,0.8742707646129448,0.9538609354672357,0.833932729385359,4133.048913975234,4969.514179249936,59,40,31,20
A_s1337,SNU_staurosporine_08,ok,112406.1015625,77426.1640625,79266.7265625,0.6888074845247572,1.0237718414993962,0.7051817068704775,3385.8710736601292,4816.579543416561,38,21,16,21
A_s1337,SNU_staurosporine_21,ok,59310.1796875,56183.91796875,54904.58203125,0.9472896265831263,0.977229499405656,0.9257193675779993,2342.416586700612,2531.6130864980596,30,25,20,7
A_s1337,SNU_staurosporine_22,ok,64578.6484375,61573.62890625,57372.67578125,0.953467289824774,0.9317735010974222,0.8884155548219002,2445.989933239468,2767.135097517186,27,22,18,10
A_s1337,SNU_staurosporine_40,ok,83434.09375,79597.1171875,70436.4453125,0.9540118866275814,0.8849120144210625,0.8442165803772513,3020.0381820240373,3565.70347128812,33,30,26,10
A_s1337,SNU_staurosporine_43,ok,54756.0703125,46531.609375,46617.84765625,0.8497981887567546,1.0018533268547625,0.8513731425611059,1982.3489928125764,2342.285877241162,31,15,11,21
A_s1337,SNU_staurosporine_49,ok,43532.984375,31366.25390625,28776.3828125,0.720516967916928,0.9174312909188704,0.6610248120049775,1226.8416219570627,1855.472151466829,26,11,9,15
A_s1337,T24_11,ok,98672.9375,86645.265625,93075.15625,0.8781056672707246,1.0742093705711344,0.943269336133831,3992.2148813604763,4243.838960179227,22,20,16,7
A_s1337,T24_16,ok,77226.6953125,71859.53125,77893.015625,0.9305011817379778,1.0839622005605554,1.0086281085808957,3350.112272880755,3281.2807191800266,15,10,10,5
A_s1337,T24_17,ok,32479.625,32487.8046875,38956.15234375,1.0002518405769771,1.1991007923886823,1.1994027746240912,1675.4709027670383,1396.9210519993899,8,7,5,2
A_s1337,T24_29,ok,102308.5625,97284.7265625,95755.65625,0.9508952543683722,0.9842825244359642,0.9359495814438796,4113.982168126554,4387.896569038373,24,19,18,10
A_s1337,T24_31,ok,98545.8203125,87200.53125,94823.4453125,0.8848729552758017,1.087418206669469,0.9622269621563256,4078.191789066358,4230.862741201603,30,18,12,17
A_s1337,T24_41,ok,101718.78125,78190.984375,76468.953125,0.7686976133033446,0.9779766009628268,0.7517682790266423,3281.242472893004,4367.628719082011,58,22,17,41
A_s1337,T24_48,ok,86433.859375,64245.98046875,63549.3671875,0.7432964457830563,0.9891570916006358,0.7352369505078576,2732.8096073279967,3707.9344933668285,33,21,19,15
A_s1337,T24_Blebbistatin_5uM_02,ok,120402.46875,105954.3671875,98236.5390625,0.8800016169726587,0.9271589427612521,0.8159013688205625,4225.069863810759,5169.703231643386,31,24,19,11
A_s1337,T24_Blebbistatin_5uM_03,ok,60845.33984375,62276.42578125,55316.1328125,1.0235200582522015,0.8882355099632968,0.9091268608993075,2379.0097883258163,2607.4337600674758,13,13,10,5
A_s1337,T24_Blebbistatin_5uM_10,ok,58338.59375,57816.0078125,55671.59765625,0.9910421917309242,0.9629097504759508,0.9542841895507638,2394.38800551319,2479.818793634518,12,10,10,2
A_s1337,T24_Blebbistatin_5uM_13,ok,113723.65625,99502.75,92523.6328125,0.8749520836831167,0.929860057259724,0.8135829946330977,3968.6966971638876,4866.604535748287,42,21,20,23
A_s1337,T24_Blebbistatin_5uM_15,ok,83500.234375,71603.453125,66505.625,0.8575239777582959,0.9288047167767092,0.7964723152910311,2858.2807971347156,3582.598043158436,26,16,15,14
A_s1337,T24_Blebbistatin_5uM_20,ok,107356.359375,89972.078125,87585.8359375,0.8380693854448248,0.9734779696409286,0.8158420837610487,3760.967277899012,4583.804331924747,39,22,20,23
A_s1337,T24_Blebbistatin_5uM_44,ok,118133.5625,89448.71875,91655.578125,0.75718294493997,1.02467178295944,0.7758639982181186,3941.6339109934165,5047.356485589894,39,21,17,23
A_s1337,T24_FCCP_10uM_02,ok,65243.0703125,60557.62109375,60012.703125,0.9281847222040942,0.9910016615760648,0.9198326019537755,2581.095224176179,2806.0489687426943,9,7,7,2
A_s1337,T24_FCCP_10uM_15,ok,92954.65625,70855.140625,68835.03125,0.7622548830091553,0.971489586257525,0.7405226809173424,2960.536244946802,3976.3198587464067,37,11,10,29
A_s1337,T24_FCCP_10uM_18,ok,89367.75,66711.140625,67970.78125,0.746478910177329,1.0188820130071041,0.7605739346688263,2919.9456285674946,3832.5498775060846,35,14,11,24
A_s1337,T24_FCCP_10uM_25,ok,54670.78125,52687.3515625,53061.421875,0.9637204802611083,1.0070998124105035,0.9705627148871226,2281.850984998626,2321.187411133795,13,8,7,5
A_s1337,T24_FCCP_10uM_28,ok,95548.265625,97932.0625,88133.203125,1.0249486148116569,0.8999422750337766,0.9223945882063205,3788.4588377702225,4109.449638081777,14,14,13,2
A_s1337,T24_FCCP_10uM_32,ok,86563.484375,67719.1015625,64886.46875,0.782305634430511,0.9581708447521904,0.7495824505966809,2790.7117341497933,3689.7750452482464,36,12,9,27
A_s1337,T24_FCCP_10uM_50,ok,64716.71875,58578.625,58007.1640625,0.9051544350740125,0.9902445484594423,0.8963242448459271,2494.838654626709,2758.906780492264,19,10,10,9
A_s1337,T24_Staurosporine_100nM_10,ok,48704.70703125,28183.01953125,60276.25,0.5786508378577693,2.1387435059314446,1.2375857216700934,2498.342460386094,2080.6851322064513,15,53,8,5
A_s1337,T24_Staurosporine_100nM_12,ok,62468.41796875,46376.8125,44303.45703125,0.7424041460950737,0.9552932735782563,0.709213687041233,1891.5583523021792,2683.1181819981866,32,8,8,23
A_s1337,T24_Staurosporine_100nM_28,ok,64519.765625,64892.6875,60526.79296875,1.005779963262227,0.9327213173094426,0.9381124122573872,2601.8747882357648,2763.8501057889002,13,10,10,4
A_s1337,T24_Staurosporine_100nM_30,ok,69288.546875,55179.140625,52216.7734375,0.796367410108137,0.9463136403730463,0.7536133429338858,2239.2930859564894,2980.041665604388,19,13,9,8
A_s1337,T24_Staurosporine_100nM_34,ok,26413.22265625,28724.953125,25554.015625,1.087521712092295,0.8896103507566646,0.9674705717499151,1099.0564131651486,1136.0102180455463,4,4,4,0
A_s1337,T24_Staurosporine_100nM_41,ok,49712.31640625,39060.81640625,35459.6953125,0.7857372021662451,0.907807326495772,0.7132979888268068,1500.9344784159257,2092.7907932788926,19,8,5,14
A_s1337,T24_Staurosporine_100nM_46,ok,63210.84765625,68026.453125,60952.0234375,1.0761832129658817,0.8960047251838841,0.9642652439810043,2601.8461040947323,2675.0033664419107,19,21,14,6
A_s1337,T24_rotenone_500nM_02,ok,72796.984375,67784.5546875,63125.17578125,0.9311450916472115,0.9312619382434444,0.8671399828332518,2707.4250337255116,3086.5463629585224,17,14,10,9
A_s1337,T24_rotenone_500nM_09,ok,101903.6171875,92479.78125,84394.96875,0.9075220664624654,0.9125775127198411,0.828184230150687,3623.9948592554406,4275.005297938266,16,9,8,8
A_s1337,T24_rotenone_500nM_10,ok,102998.2109375,81398.984375,78423.265625,0.7902951287609592,0.9634428024766126,0.7614041536370739,3372.917947424214,4388.174437959081,26,11,10,16
A_s1337,T24_rotenone_500nM_16,ok,92133.328125,90163.234375,79946.703125,0.9786169262514091,0.8866885009081619,0.8677283753012152,3438.4395082289825,3925.127073790358,16,11,10,6
A_s1337,T24_rotenone_500nM_31,ok,105941.5078125,82548.703125,74282.359375,0.7791913182045547,0.8998610100817377,0.7011638866464712,3193.9202604003267,4520.412486230071,32,15,13,19
A_s1337,T24_rotenone_500nM_40,ok,92684.203125,94525.328125,91492.640625,1.019864496191621,0.9679166678375389,0.9871438447996043,3935.020869824456,3966.7715895336255,21,16,14,5
A_s1337,T24_rotenone_500nM_43,ok,111245.296875,116903.953125,108259.515625,1.050866476237268,0.926055216535262,0.973160382201551,4656.149410378792,4784.565330326844,20,21,17,5
A_s2024,NCI_06,ok,242980.28125,220340.46875,200310.421875,0.9068244864005811,0.9090950155973107,0.8243896206083595,8604.766893811497,10447.119796730985,47,38,35,16
A_s2024,NCI_08,ok,328910.1875,305764.3125,290795.125,0.9296285859190664,0.9510433792040397,0.8841171117571419,12499.392056086837,14107.507197252842,48,38,37,16
A_s2024,NCI_19,ok,124130.171875,105032.34375,96258.2265625,0.8461467680538487,0.9164627116349577,0.7754619614917858,4139.984100466089,5325.992526596819,31,20,19,14
A_s2024,NCI_25,ok,197617.890625,205953.96875,186868.765625,1.042182810972406,0.9073326761274174,0.9456065188935876,8012.2186196567145,8499.377238297931,33,31,24,12
A_s2024,NCI_35,ok,140972.1875,117157.6796875,112425.984375,0.8310694596230196,0.9596125894169203,0.7975047161341665,4828.508133666436,6051.156497514245,37,20,16,22
A_s2024,NCI_36,ok,119341.8046875,105850.109375,99001.5625,0.8869491261018853,0.9352995767747642,0.8295631422638402,4254.545956992992,5128.017831745776,41,23,22,24
A_s2024,NCI_41,ok,113844.3984375,111104.0625,93645.8515625,0.9759291104778912,0.8428661333828364,0.8225775958042512,4019.2523920434455,4885.681999758208,23,17,14,11
A_s2024,NCI_Blebbistatin_5uM_02,ok,214946.375,182481.78125,157051.3125,0.8489642184009849,0.8606410537216301,0.7306534594965838,6754.5250094605635,9244.660753867354,56,45,37,24
A_s2024,NCI_Blebbistatin_5uM_08,ok,415839.34375,385273.3125,373786.65625,0.9264955764542181,0.9701856944737121,0.8988727542690578,16062.089640975406,17884.895832197093,63,65,60,13
A_s2024,NCI_Blebbistatin_5uM_09,ok,284780.0625,285602.625,249441.0,1.0028884132294198,0.8733848297087605,0.8759075260052659,10725.180319993258,12244.850978367349,51,52,46,17
A_s2024,NCI_Blebbistatin_5uM_15,ok,208744.53125,200051.125,184937.03125,0.9583538490903579,0.9244488440142489,0.8859491079481873,7953.78495420226,8975.014029177188,33,30,23,10
A_s2024,NCI_Blebbistatin_5uM_16,ok,256063.75,238614.5,218382.171875,0.9318558366812952,0.9152091422566525,0.8528429809959434,9384.06671618813,10982.698201616899,52,43,36,22
A_s2024,NCI_Blebbistatin_5uM_18,ok,59576.765625,63867.4453125,59111.0390625,1.0720193458387328,0.9255269061299202,0.9921827484655432,2542.3153995304883,2557.5259167393024,11,8,6,3
A_s2024,NCI_Blebbistatin_5uM_41,ok,85115.4765625,74796.9609375,68024.6875,0.8787703947422165,0.9094579064093409,0.7992046834167662,2915.047655950788,3660.744396930721,15,12,11,7
A_s2024,NCI_FCCP_10uM_14,ok,145658.703125,128393.90625,123847.46875,0.8814708870489952,0.9645899277248604,0.8502579392301589,5326.57438060444,6252.211724602074,35,24,19,19
A_s2024,NCI_FCCP_10uM_21,ok,149540.8125,134530.453125,130324.7578125,0.8996236604304928,0.968737968134306,0.8714995968909826,5598.439212093397,6419.087190955035,29,20,19,15
A_s2024,NCI_FCCP_10uM_32,ok,207032.09375,178117.46875,168781.375,0.8603374748510458,0.9475846259464654,0.815242564294455,7259.142827613424,8889.231097745347,59,30,27,33
A_s2024,NCI_FCCP_10uM_37,ok,115663.03125,95796.21875,91632.7421875,0.828235415540348,0.956538195172761,0.7922388095591261,3939.372994551367,4954.264740126681,30,17,15,19
A_s2024,NCI_FCCP_10uM_42,ok,172523.09375,156110.890625,150480.21875,0.9048695292423714,0.9639315882930574,0.8722323225205901,6469.022614582262,7409.939117434339,33,27,24,11
A_s2024,NCI_FCCP_10uM_46,ok,92630.078125,81183.25,76672.671875,0.8764242851058267,0.944439547258825,0.8277297550319863,3297.6263363900775,3977.0029164254997,18,13,11,7
A_s2024,NCI_FCCP_10uM_50,ok,97655.0625,88799.078125,80048.7109375,0.9093136172535858,0.9014588059666301,0.8197087676586148,3442.8266041398256,4181.60005216528,20,12,11,9
A_s2024,NCI_Staurosporine_100nM_05,ok,131926.34375,100933.53125,97209.3125,0.76507487724566,0.963102264392439,0.7368453467050624,4168.39818478654,5663.811120276574,37,18,14,21
A_s2024,NCI_Staurosporine_100nM_08,ok,100544.484375,102251.5625,93693.59375,1.0169783368586698,0.916304763069024,0.9318620940016134,4029.6818113192835,4324.332857707012,16,15,12,3
A_s2024,NCI_Staurosporine_100nM_15,ok,90707.765625,91932.65625,84808.9765625,1.013503701877785,0.9225119780273944,0.9349693047573621,3636.5877458083714,3879.6165943347423,14,16,12,5
A_s2024,NCI_Staurosporine_100nM_16,ok,116495.484375,98036.890625,90522.5625,0.8415509935940382,0.9233520353706138,0.7770478228032176,3893.2983258411336,4987.764651018124,35,19,16,22
A_s2024,NCI_Staurosporine_100nM_29,ok,119660.7578125,101138.734375,89789.296875,0.845212216802749,0.8877834731654956,0.7503654373950525,3855.5018918326627,5127.60419223046,28,11,10,19
A_s2024,NCI_Staurosporine_100nM_34,ok,114245.84375,100953.46875,94738.953125,0.8836511284464122,0.9384417821205376,0.8292551397520752,4072.2486592254054,4913.616472614005,20,17,14,8
A_s2024,NCI_Staurosporine_100nM_50,ok,38124.328125,35222.046875,33229.546875,0.9238732485859382,0.94343031774754,0.8716100324718837,1429.1745376040678,1635.5218889597334,13,7,5,5
A_s2024,NCI_rotenone_500nM_01,ok,222627.203125,196090.34375,188101.5625,0.8808013620864644,0.9592596907261018,0.8449172421861911,8082.144407579829,9574.190420278546,36,30,28,11
A_s2024,NCI_rotenone_500nM_11,ok,162441.1875,169578.84375,157152.234375,1.043939941340308,0.9267207565507416,0.9674408122324272,6758.9841359825405,6986.456677315503,17,17,16,2
A_s2024,NCI_rotenone_500nM_12,ok,70163.390625,68913.078125,62647.1015625,0.9821799874712084,0.9090742028511007,0.8928744891666929,2694.3985210297546,3004.2479344893195,12,9,8,6
A_s2024,NCI_rotenone_500nM_17,ok,206175.15625,199405.5625,189572.96875,0.9671658124425454,0.9506904740934697,0.9194753247579993,8153.221418684761,8866.616378020235,33,26,24,9
A_s2024,NCI_rotenone_500nM_30,ok,189229.84375,159397.71875,147756.03125,0.8423497879149943,0.9269645287818775,0.7808283742241372,6349.954228017433,8130.107423094847,44,27,24,23
A_s2024,NCI_rotenone_500nM_33,ok,195512.53125,190343.03125,167352.671875,0.9735592395692028,0.8792161750077204,0.8559690307574594,7195.932215774363,8408.827025333343,26,26,24,5
A_s2024,NCI_rotenone_500nM_47,ok,83984.0703125,94755.171875,88076.15625,1.1282517210992673,0.929512917418261,1.048724548861154,3781.0760433568967,3612.0833857751813,13,12,9,4
A_s2024,SNU_07,ok,50064.5078125,54896.9921875,51653.54296875,1.0965251549680357,0.940917542300459,1.031739753883154,2213.858910341844,2153.231981752076,9,9,9,1
A_s2024,SNU_08,ok,76268.59375,72966.125,68635.90625,0.95669949336125,0.9406543961324518,0.8999235842079493,2941.703512285127,3280.2472901127408,22,20,17,5
A_s2024,SNU_09,ok,57930.34375,54445.1015625,49468.5625,0.939837363946248,0.9085952836953164,0.8539317963221994,2120.83896317106,2491.534831958028,18,12,11,8
A_s2024,SNU_100,ok,46063.9921875,45365.36328125,38801.5078125,0.9848335137040167,0.8553112993263979,0.8423392322263644,1659.7998931354116,1978.951673021982,13,10,9,4
A_s2024,SNU_20,ok,79441.34375,81303.9140625,72929.46875,1.0234458560817081,0.8969982514487261,0.9180291433577368,3131.254639365675,3414.5368313267136,22,17,15,10
A_s2024,SNU_23,ok,69499.984375,66290.828125,57467.234375,0.9538250795470052,0.8668957079045391,0.8268668675510044,2466.2050908198867,2973.135662017885,20,14,12,11
A_s2024,SNU_40,ok,67042.296875,57212.9921875,53495.234375,0.8533865164878423,0.9350189935825055,0.7979326017833425,2295.9859000763895,2844.4518182272163,40,20,13,27
A_s2024,SNU_61,ok,29756.234375,29632.560546875,27574.166015625,0.9958437675088047,0.9305360558364885,0.926668531646992,1185.9414244976504,1277.5168139653858,11,6,6,5
A_s2024,SNU_64,ok,125773.15625,101393.1875,89517.9921875,0.8061592037847901,0.8828797515365616,0.7117416375364278,3843.7161588822787,5409.329774058501,64,48,34,20
A_s2024,SNU_65,ok,83071.703125,72558.6171875,61941.546875,0.8734456434379261,0.8536759557439713,0.7456395444522794,2663.9599705037185,3560.7055661901363,29,23,17,14
A_s2024,SNU_67,ok,67180.078125,52328.984375,51243.046875,0.7789360452608137,0.9792478773863075,0.7627714689413365,2203.9197754094353,2877.2036648597677,27,13,13,17
A_s2024,SNU_74,ok,53852.21484375,46105.96875,42425.5234375,0.8561573351026431,0.9201742114463217,0.7878139007020588,1808.4054372632413,2311.6909457107245,23,13,11,13
A_s2024,SNU_76,ok,76091.515625,69181.5625,56377.703125,0.9091889145820914,0.8149238191172684,0.7409197025703219,2415.4611285374995,3271.2111044818025,18,15,13,8
A_s2024,SNU_95,ok,73439.484375,69509.078125,60100.6171875,0.9464810206192301,0.8646441415813267,0.8183692695963322,2584.876534627795,3158.5695267687065,21,20,19,7
A_s2024,SNU_97,ok,60369.75,58637.234375,54769.25,0.9713015935133076,0.9340353545622009,0.907230028284033,2345.7519128356166,2572.138933866408,24,14,12,11
A_s2024,SNU_FCCP_10uM_01,ok,93132.0,84370.3515625,82523.78125,0.9059222561794013,0.9781135164391002,0.8860948036120775,3542.7621331216556,3984.6667600319656,28,18,16,15
A_s2024,SNU_FCCP_10uM_05,ok,125489.1875,119633.171875,106081.125,0.9533345004325572,0.8867199902618983,0.8453407589398887,4562.103144799367,5380.3997912730765,37,32,28,17
A_s2024,SNU_FCCP_10uM_08,ok,72968.21875,67962.140625,58919.80859375,0.9313937189264333,0.8669504528831194,0.8074722064357642,2534.090791073356,3123.0225993350773,23,14,12,15
A_s2024,SNU_FCCP_10uM_28,ok,98874.59375,85637.0,81442.859375,0.8661173386616317,0.9510241995282412,0.8236985486982089,3502.6946302125066,4196.532771330281,42,23,23,23
A_s2024,SNU_FCCP_10uM_36,ok,92784.015625,86373.46875,80952.578125,0.9309089304680545,0.9372389380274831,0.8724840973921795,3480.6586472242648,3933.2716031714153,33,23,20,16
A_s2024,SNU_FCCP_10uM_46,ok,82771.359375,78659.296875,69534.46875,0.9503202251231603,0.8839955544034349,0.8400788542685451,2990.5799373497152,3559.9259479323196,31,23,21,13
A_s2024,SNU_FCCP_10uM_50,ok,59817.48046875,52689.73046875,48752.34375,0.880841688012525,0.9252722174943513,0.8150183419288166,2096.796854357652,2568.517812411514,15,11,11,6
A_s2024,SNU_Rotenone_500nM_03,ok,96090.9765625,98236.703125,91185.2265625,1.022330156683384,0.9282195316191807,0.9489468191968142,3921.799105726857,4132.791215436943,20,17,16,4
A_s2024,SNU_Rotenone_500nM_13,ok,114273.34375,102042.8203125,99537.3125,0.8929713349050399,0.9754465056451103,0.8710457682743706,4271.678853727962,4908.088827056389,35,28,26,10
A_s2024,SNU_Rotenone_500nM_15,ok,44209.6328125,38297.296875,34399.2265625,0.8662658890976285,0.8982155235336045,0.7780934690951297,1479.481614719093,1885.1827933503673,9,6,6,4
A_s2024,SNU_Rotenone_500nM_23,ok,63206.0234375,57461.546875,49998.875,0.9091150455275784,0.8701275499729575,0.7910460472084655,2147.0481707179174,2694.5844153692083,16,9,7,10
A_s2024,SNU_Rotenone_500nM_25,ok,76585.46875,62228.16796875,59764.41796875,0.8125323117350509,0.9604078011546595,0.7803623708805726,2570.416669996998,3285.3284854038043,33,14,13,19
A_s2024,SNU_Rotenone_500nM_30,ok,141975.15625,116330.921875,108985.921875,0.8193751987858792,0.9368611553865931,0.7676407954296581,4686.4858551936395,6106.23109569967,52,39,36,24
A_s2024,SNU_Rotenone_500nM_31,ok,101669.796875,96421.734375,83907.546875,0.9483813023994497,0.8702140385555578,0.8252947232516048,3593.7057411732408,4370.9626224290205,33,33,28,10
A_s2024,SNU_blebbistatin_07,ok,105175.84375,101198.359375,85310.1484375,0.9621825294365656,0.8429993229571564,0.811119220876229,3668.668561520514,4510.581547499626,27,26,22,9
A_s2024,SNU_blebbistatin_13,ok,114327.046875,102219.21875,88556.03125,0.8940948055954061,0.8663344558187597,0.7745851368558758,3807.3047883161407,4915.14445176364,49,46,42,17
A_s2024,SNU_blebbistatin_16,ok,98752.015625,82788.828125,69877.6875,0.83835076784034,0.8440473078625305,0.7076077086401242,3005.1911293968296,4239.020551796719,39,29,22,20
A_s2024,SNU_blebbistatin_22,ok,69039.6640625,49354.8359375,45568.4609375,0.7148765366647818,0.9232825937301293,0.6600330629686717,1958.460117216382,2968.2532580357,28,11,11,18
A_s2024,SNU_blebbistatin_35,ok,80870.03125,65773.53125,56873.5859375,0.8133239252334282,0.8646880417797242,0.7032714722426919,2443.683309733025,3458.400852374863,42,21,18,22
A_s2024,SNU_blebbistatin_46,ok,79734.1875,67951.90625,60624.08203125,0.8522304971126721,0.8921616092447737,0.760327331751515,2603.0041170203776,3421.2640696078975,28,28,19,10
A_s2024,SNU_blebbistatin_47,ok,78538.4609375,61521.11328125,51528.234375,0.7833246608971342,0.8375699272448706,0.6560891792367255,2211.8620182007708,3376.83044345737,28,15,14,14
A_s2024,SNU_staurosporine_05,ok,116480.09375,103044.0703125,96486.0703125,0.8846496169007418,0.936357327693756,0.8283481512264838,4111.057139792624,4969.514179249936,59,39,31,20
A_s2024,SNU_staurosporine_08,ok,112406.1015625,78312.359375,78220.484375,0.6966913564870568,0.9988268135357785,0.6958740076178861,3354.4894014004126,4816.579543416561,38,21,15,21
A_s2024,SNU_staurosporine_21,ok,59310.1796875,57564.1796875,55194.5390625,0.9705615459403509,0.9588348059876103,0.9306081916007515,2361.455467266065,2531.6130864980596,30,31,18,7
A_s2024,SNU_staurosporine_22,ok,64578.6484375,61993.9140625,56238.0078125,0.9599754030544393,0.9071536885992211,0.8708452278453587,2390.1006215777334,2767.135097517186,27,20,18,10
A_s2024,SNU_staurosporine_40,ok,83434.09375,79407.6171875,65919.15625,0.9517406328572964,0.8301364350771213,0.7900745760781994,2817.9485349049596,3565.70347128812,33,29,23,10
A_s2024,SNU_staurosporine_43,ok,54756.0703125,46630.5390625,44164.8828125,0.851604923369655,0.9471235739587908,0.8065750986227697,1891.978198795759,2342.285877241162,31,14,11,21
A_s2024,SNU_staurosporine_49,ok,43532.984375,31473.216796875,28215.47265625,0.7229740218534007,0.8964915419465969,0.6481400956386878,1205.9250174252024,1855.472151466829,26,11,9,15
A_s2024,T24_11,ok,98672.9375,83785.015625,83397.859375,0.8491184893020947,0.9953791707608816,0.8451948577592514,3585.617381729746,4243.838960179227,22,18,16,7
A_s2024,T24_16,ok,77226.6953125,69690.203125,62296.8984375,0.9024107899865018,0.8939118505044535,0.8066756991920196,2679.3365827888583,3281.2807191800266,15,10,10,5
A_s2024,T24_17,ok,32479.625,31526.044921875,29933.78125,0.9706406684767758,0.9494937066853516,0.9216172061715614,1287.3588449295564,1396.9210519993899,8,7,6,2
A_s2024,T24_29,ok,102308.5625,97283.6328125,87592.421875,0.9508845636698297,0.9003818971668297,0.8561592474236944,3764.554566137864,4387.896569038373,24,19,18,10
A_s2024,T24_31,ok,98545.8203125,81916.375,73757.640625,0.8312516425377947,0.9004016672490696,0.7484603648445579,3172.2533983635003,4230.862741201603,30,18,12,17
A_s2024,T24_41,ok,101718.78125,77185.2578125,69208.4609375,0.7588102891519849,0.8966538805327645,0.6803901903563163,2965.5625953044373,4367.628719082011,58,20,16,41
A_s2024,T24_48,ok,86433.859375,64599.0390625,60465.3671875,0.7473811713327767,0.9360103194259493,0.6995564889121324,2600.5638938523007,3707.9344933668285,33,20,16,15
A_s2024,T24_Blebbistatin_5uM_02,ok,120402.46875,105566.7890625,93948.328125,0.8767825955603589,0.8899420827262124,0.7802857291910802,4040.498453373709,5169.703231643386,31,24,19,11
A_s2024,T24_Blebbistatin_5uM_03,ok,60845.33984375,62013.796875,52966.1484375,1.0192037226556805,0.8541026530638469,0.8705046035327659,2277.9641565728184,2607.4337600674758,13,12,11,5
A_s2024,T24_Blebbistatin_5uM_10,ok,58338.59375,57804.4921875,54166.59375,0.9908447988172495,0.9370654719065816,0.9284864489898679,2329.659100376915,2479.818793634518,12,10,10,2
A_s2024,T24_Blebbistatin_5uM_13,ok,113723.65625,99446.03125,91504.0078125,0.8744533418041596,0.92013735150944,0.8046171819462584,3925.1334802739484,4866.604535748287,42,22,20,23
A_s2024,T24_Blebbistatin_5uM_15,ok,83500.234375,72048.03125,67320.34375,0.8628482517358204,0.9343814477928569,0.8062293986824512,2894.451924238088,3582.598043158436,26,16,15,14
A_s2024,T24_Blebbistatin_5uM_20,ok,107356.359375,89124.53125,83256.078125,0.8301746796264252,0.9341544573341024,0.7755113773389356,3575.7724579383203,4583.804331924747,39,22,20,23
A_s2024,T24_Blebbistatin_5uM_44,ok,118133.5625,89450.421875,89661.8125,0.7571973618843502,1.0023632155172548,0.7589867824395797,3856.2782215339075,5047.356485589894,39,21,17,23
A_s2024,T24_FCCP_10uM_02,ok,65243.0703125,60507.625,57859.26171875,0.9274184171618801,0.9562309166613299,0.8868261631713042,2487.8750576583793,2806.0489687426943,9,7,7,2
A_s2024,T24_FCCP_10uM_15,ok,92954.65625,71107.671875,66762.453125,0.7649715973749298,0.9388924059046899,0.7182260235081016,2870.383367843377,3976.3198587464067,37,12,10,29
A_s2024,T24_FCCP_10uM_18,ok,89367.75,67164.5,68283.359375,0.7515518741380419,1.0166584933260874,0.764071596017579,2930.3927276904865,3832.5498775060846,35,13,12,24
A_s2024,T24_FCCP_10uM_25,ok,54670.78125,52810.09765625,51431.65234375,0.9659656666466605,0.9738980730262509,0.9407521013567005,2212.0315859167094,2321.187411133795,13,8,7,5
A_s2024,T24_FCCP_10uM_28,ok,95548.265625,99130.1171875,86284.59375,1.0374873530050013,0.8704175501658765,0.9030472001306931,3710.221271999549,4109.449638081777,14,15,13,2
A_s2024,T24_FCCP_10uM_32,ok,86563.484375,68643.390625,64518.765625,0.7929832205879247,0.9399122776068435,0.7453346649668063,2773.561120816687,3689.7750452482464,36,12,9,27
A_s2024,T24_FCCP_10uM_50,ok,64716.71875,58023.96484375,54353.9375,0.8965838498069713,0.9367498006447363,0.8398747425679705,2337.579671902001,2758.906780492264,19,10,10,9
A_s2024,T24_Staurosporine_100nM_10,ok,48704.70703125,40320.2421875,40154.0,0.8278510362792996,0.9958769546391381,0.8244377689046835,1690.18708055538,2080.6851322064513,15,17,8,5
A_s2024,T24_Staurosporine_100nM_12,ok,62468.41796875,47147.5625,45240.30078125,0.7547423807592775,0.9595469708799899,0.7242107652523165,1929.4274902522652,2683.1181819981866,32,9,8,23
A_s2024,T24_Staurosporine_100nM_28,ok,64519.765625,65478.0390625,59459.96875,1.0148524010931728,0.9080902482929332,0.9215775688893786,2557.202964864619,2763.8501057889002,13,10,10,4
A_s2024,T24_Staurosporine_100nM_30,ok,69288.546875,55874.77734375,51153.390625,0.8064071172476872,0.9155005721149756,0.7382661771978458,2187.2042726963004,2980.041665604388,19,14,8,8
A_s2024,T24_Staurosporine_100nM_34,ok,26413.22265625,28604.263671875,24857.587890625,1.0829524304603,0.8690168771960419,0.9411039392704736,1069.103712254734,1136.0102180455463,4,4,4,0
A_s2024,T24_Staurosporine_100nM_41,ok,49712.31640625,39438.15625,34888.90625,0.7933276721147056,0.8846485121879906,0.7018161448138363,1493.2705816517903,2092.7907932788926,19,13,6,14
A_s2024,T24_Staurosporine_100nM_46,ok,63210.84765625,67981.5,58306.87109375,1.075472051406327,0.8576873280782271,0.9224187501935023,2474.561345230227,2675.0033664419107,19,21,13,6
A_s2024,T24_rotenone_500nM_02,ok,72796.984375,67807.453125,62211.9921875,0.9314596436536798,0.9174801488682223,0.8545957325241194,2670.60756317353,3086.5463629585224,17,13,11,9
A_s2024,T24_rotenone_500nM_09,ok,101903.6171875,92528.0625,84311.03125,0.9079958597519731,0.9111941714979712,0.8273605351502872,3616.8322268467136,4275.005297938266,16,9,8,8
A_s2024,T24_rotenone_500nM_10,ok,102998.2109375,81744.375,79849.078125,0.7936484940462027,0.9768143450237402,0.7752472338908193,3434.240929102628,4388.174437959081,26,9,9,16
A_s2024,T24_rotenone_500nM_16,ok,92133.328125,90433.2109375,81952.1875,0.9815472074861618,0.906217822528038,0.8894955730765859,3524.6937572164798,3925.127073790358,16,11,10,6
A_s2024,T24_rotenone_500nM_31,ok,105941.5078125,83195.671875,72353.78125,0.7852981668171404,0.8696820353672996,0.6829597080877398,3111.8746760585254,4520.412486230071,32,14,11,19
A_s2024,T24_rotenone_500nM_40,ok,92684.203125,93355.21875,86664.328125,1.007239805731458,0.928328692122528,0.9350496115084336,3727.3591655554637,3966.7715895336255,21,17,14,5
A_s2024,T24_rotenone_500nM_43,ok,111245.296875,116008.125,101995.984375,1.0428137481654771,0.8792141444834144,0.9168565974488528,4386.71890352539,4784.565330326844,20,19,13,5
B_s42,NCI_06,ok,242980.28125,225560.25,188084.21875,0.9283068109050516,0.8338535657324373,0.7740719443668848,8087.753371246608,10447.119796730985,47,40,36,16
B_s42,NCI_08,ok,328910.1875,307126.25,270193.375,0.9337693439489465,0.8797469281769305,0.8214807119648734,11619.67738792785,14107.507197252842,48,39,37,16
B_s42,NCI_19,ok,124130.171875,104304.5,93189.0,0.8402832157924941,0.8934322104990676,0.750736090930753,4002.25681403818,5325.992526596819,31,21,18,14
B_s42,NCI_25,ok,197617.890625,208960.28125,177321.875,1.0573955657006953,0.8485912917960337,0.8972966690373507,7618.631699858743,8499.377238297931,33,33,26,12
B_s42,NCI_35,ok,140972.1875,118097.515625,111515.859375,0.8377362777675561,0.9442693081631031,0.7910486554307034,4776.58583122805,6051.156497514245,37,22,17,22
B_s42,NCI_36,ok,119341.8046875,105992.890625,96987.140625,0.8881455320920065,0.9150343957326147,0.8126837102804307,4152.978196171126,5128.017831745776,41,25,22,24
B_s42,NCI_41,ok,113844.3984375,109622.796875,93994.671875,0.9629177928783414,0.8574372717581696,0.8256416052530033,4031.9203818520687,4885.681999758208,23,18,15,11
B_s42,NCI_Blebbistatin_5uM_02,ok,214946.375,185484.40625,157531.125,0.8629334002492483,0.8492957881735679,0.7328857023059822,6772.777639036379,9244.660753867354,56,44,38,24
B_s42,NCI_Blebbistatin_5uM_08,ok,415839.34375,384106.78125,329026.8125,0.9236903314298288,0.8566024568200721,0.791235407243738,14130.57766130521,17884.895832197093,63,69,59,13
B_s42,NCI_Blebbistatin_5uM_09,ok,284780.0625,290876.21875,239568.828125,1.0214065415832965,0.8236109131042532,0.8412415743640761,10288.66866598152,12244.850978367349,51,53,46,17
B_s42,NCI_Blebbistatin_5uM_15,ok,208744.53125,203628.3125,178245.484375,0.975490525575146,0.8753472549402972,0.8538929537824719,7655.728800753472,8975.014029177188,33,31,24,10
B_s42,NCI_Blebbistatin_5uM_16,ok,256063.75,242729.21875,206339.6875,0.9479249552113488,0.850081784807788,0.8058137377899058,8854.895520068012,10982.698201616899,52,44,39,22
B_s42,NCI_Blebbistatin_5uM_18,ok,59576.765625,63416.0390625,57987.26171875,1.0644424617084103,0.9143942538196111,0.9733200705077719,2492.247080416683,2557.5259167393024,11,8,6,3
B_s42,NCI_Blebbistatin_5uM_41,ok,85115.4765625,76198.0,69857.671875,0.8952308449339184,0.916791410207617,0.8207399487883235,3001.4096470031213,3660.744396930721,15,14,12,7
B_s42,NCI_FCCP_10uM_14,ok,145658.703125,128833.0,118524.578125,0.8844854254224639,0.9199861691103988,0.8137143581683939,5097.641205639107,6252.211724602074,35,23,19,19
B_s42,NCI_FCCP_10uM_21,ok,149540.8125,134602.3125,126956.796875,0.9001041939637716,0.9431992253104864,0.8489775784453492,5449.193184985965,6419.087190955035,29,20,18,15
B_s42,NCI_FCCP_10uM_32,ok,207032.09375,184536.171875,166854.375,0.8913408956672931,0.9041824879353345,0.8059348286429625,7154.830332866283,8889.231097745347,59,32,26,33
B_s42,NCI_FCCP_10uM_37,ok,115663.03125,97799.1875,95173.5859375,0.8455526925332938,0.9731531352190426,0.822852253731678,4071.3170047823405,4954.264740126681,30,21,14,19
B_s42,NCI_FCCP_10uM_42,ok,172523.09375,160859.28125,153067.40625,0.932392746695687,0.9515609236877651,0.8872285032855203,6572.104402962419,7409.939117434339,33,29,23,11
B_s42,NCI_FCCP_10uM_46,ok,92630.078125,83431.9453125,77033.5,0.9007003664610156,0.9233094075832202,0.8316251217671096,3301.5984599062576,3977.0029164254997,18,13,11,7
B_s42,NCI_FCCP_10uM_50,ok,97655.0625,89521.734375,80015.5625,0.9167137072386801,0.893811576134357,0.8193693235309741,3440.889659412195,4181.60005216528,20,12,11,9
B_s42,NCI_Staurosporine_100nM_05,ok,131926.34375,103470.0234375,97809.515625,0.7843014556181088,0.9452932586226853,0.7413948787237575,4178.528991837702,5663.811120276574,37,20,14,21
B_s42,NCI_Staurosporine_100nM_08,ok,100544.484375,103402.8515625,93389.328125,1.028428881059643,0.9031600842124987,0.9288359148243929,4014.4676295126023,4324.332857707012,16,15,12,3
B_s42,NCI_Staurosporine_100nM_15,ok,90707.765625,91653.375,84832.765625,1.0104247896360858,0.9255825617441802,0.9352315652411927,3648.0304421445685,3879.6165943347423,14,16,12,5
B_s42,NCI_Staurosporine_100nM_16,ok,116495.484375,99323.15625,92226.21875,0.8525923282165846,0.9285469998341902,0.7916720484471568,3966.571146399384,4987.764651018124,35,17,15,22
B_s42,NCI_Staurosporine_100nM_29,ok,119660.7578125,101467.3984375,90069.984375,0.8479588487688862,0.887674127473364,0.7527111312142393,3840.933271203701,5127.60419223046,28,13,10,19
B_s42,NCI_Staurosporine_100nM_34,ok,114245.84375,103368.03125,94723.484375,0.9047859235579413,0.9163711761705823,0.8291197409533771,4055.7806100582106,4913.616472614005,20,17,14,8
B_s42,NCI_Staurosporine_100nM_50,ok,38124.328125,35114.21875,33599.1484375,0.921044920053919,0.9568530821293012,0.8813046705331282,1444.3724676017307,1635.5218889597334,13,6,6,5
B_s42,NCI_rotenone_500nM_01,ok,222627.203125,198792.46875,184691.9375,0.8929388051395617,0.929069087281507,0.829601840689252,7920.677089655724,9574.190420278546,36,30,29,11
B_s42,NCI_rotenone_500nM_11,ok,162441.1875,170653.296875,147607.265625,1.0505543544798328,0.8649540813332148,0.9086812765697123,6348.303783441014,6986.456677315503,17,17,15,2
B_s42,NCI_rotenone_500nM_12,ok,70163.390625,69586.46875,60964.7265625,0.9917774516045917,0.8761003059592674,0.8688965287942853,2621.4722937275487,3004.2479344893195,12,9,7,6
B_s42,NCI_rotenone_500nM_17,ok,206175.15625,200574.3125,181745.578125,0.9728345361688067,0.9061258934889781,0.8815105633028956,7809.618474498136,8866.616378020235,33,26,24,9
B_s42,NCI_rotenone_500nM_30,ok,189229.84375,165085.46875,153599.53125,0.8724071503652552,0.9304242972626868,0.8117088098055357,6603.5886944626645,8130.107423094847,44,29,25,23
B_s42,NCI_rotenone_500nM_33,ok,195512.53125,193028.90625,168236.34375,0.9872968500580446,0.8715603637732366,0.86048880178876,7219.675581109592,8408.827025333343,26,26,24,5
B_s42,NCI_rotenone_500nM_47,ok,83984.0703125,96509.96875,88410.25,1.1491461224836073,0.9160737605150245,1.052702609804817,3787.8328136767573,3612.0833857751813,13,13,8,4
B_s42,SNU_07,ok,50064.5078125,54722.76953125,52393.4765625,1.0930451915396027,0.9574346658858369,1.0465193577598402,2243.2116934809833,2153.231981752076,9,10,9,1
B_s42,SNU_08,ok,76268.59375,73217.125,72291.1796875,0.9599904941213105,0.9873534325132269,0.9478499095507448,3098.3297901129527,3280.2472901127408,22,22,17,5
B_s42,SNU_09,ok,57930.34375,54122.57421875,51586.39453125,0.9342698612719694,0.9531400765002531,0.8904900470446457,2195.6554496416225,2491.534831958028,18,14,11,8
B_s42,SNU_100,ok,46063.9921875,44162.55859375,41454.015625,0.9587219104672831,0.9386687942230476,0.8999223396935412,1774.7881306116508,1978.951673021982,13,11,9,4
B_s42,SNU_20,ok,79441.34375,82015.203125,72829.859375,1.03239949443831,0.8880043772372234,0.9167752701187157,3108.230113383865,3414.5368313267136,22,22,16,10
B_s42,SNU_23,ok,69499.984375,66982.0,57961.6484375,0.9637700008475721,0.8653317075856201,0.833980740553224,2469.002819004166,2973.135662017885,20,15,12,11
B_s42,SNU_40,ok,67042.296875,57978.09375,57743.22265625,0.8647987382965092,0.9959489683334061,0.8612954112224396,2469.4264265669385,2844.4518182272163,40,19,14,27
B_s42,SNU_61,ok,29756.234375,28601.35546875,27025.8125,0.9611886742221561,0.9449136957697181,0.9082403424912532,1162.3572434135622,1277.5168139653858,11,7,6,5
B_s42,SNU_64,ok,125773.15625,104445.3046875,109895.3671875,0.8304260448063615,1.0521810196859167,0.8737585225981,4700.520003017834,5409.329774058501,64,53,35,20
B_s42,SNU_65,ok,83071.703125,73021.171875,68517.5390625,0.8790137812044527,0.9383242873695664,0.8247999798366961,2926.2737144390007,3560.7055661901363,29,24,16,14
B_s42,SNU_67,ok,67180.078125,52637.6796875,53145.5546875,0.783531087736436,1.0096485066024026,0.7910909926096488,2273.2297651996764,2877.2036648597677,27,14,13,17
B_s42,SNU_74,ok,53852.21484375,45566.625,44613.8828125,0.8461420785052147,0.9790912276803472,0.8284502864356713,1907.9027239164661,2311.6909457107245,23,15,11,13
B_s42,SNU_76,ok,76091.515625,68308.640625,62244.12890625,0.8977169144802404,0.9112189663963175,0.818016678929176,2664.8785977082553,3271.2111044818025,18,20,13,8
B_s42,SNU_95,ok,73439.484375,68629.4375,64634.82421875,0.9345032591672523,0.9417944627442123,0.8801099949001379,2774.4335943667793,3158.5695267687065,21,20,18,7
B_s42,SNU_97,ok,60369.75,57820.0859375,55897.05859375,0.9577658668041528,0.9667411884197358,0.9259117123021049,2395.1597761239304,2572.138933866408,24,14,11,11
B_s42,SNU_FCCP_10uM_01,ok,93132.0,84751.0234375,80767.375,0.9100097006131083,0.9529958662925438,0.8672354829704076,3465.2662074070645,3984.6667600319656,28,21,17,15
B_s42,SNU_FCCP_10uM_05,ok,125489.1875,120060.390625,110783.7265625,0.9567389272083701,0.9227333509893784,0.8828149163249622,4755.534135338469,5380.3997912730765,37,32,28,17
B_s42,SNU_FCCP_10uM_08,ok,72968.21875,68375.0859375,59556.1953125,0.9370529678374532,0.8710218714304633,0.8161936296752482,2549.9116567695064,3123.0225993350773,23,14,12,15
B_s42,SNU_FCCP_10uM_28,ok,98874.59375,86194.984375,79474.59375,0.8717606930749083,0.922032695130354,0.803791861344563,3407.4742337769953,4196.532771330281,42,24,23,23
B_s42,SNU_FCCP_10uM_36,ok,92784.015625,86501.4140625,80530.125,0.9322878890272217,0.9309688849920355,0.867931016539251,3447.3642320707454,3933.2716031714153,33,24,19,16
B_s42,SNU_FCCP_10uM_46,ok,82771.359375,79922.4140625,71114.109375,0.9655805421825597,0.8897893064064377,0.859163240908172,3056.096821592092,3559.9259479323196,31,22,18,13
B_s42,SNU_FCCP_10uM_50,ok,59817.48046875,52687.4140625,48011.01953125,0.8808029634418503,0.9112426636520314,0.8026252385593545,2058.8935301195943,2568.517812411514,15,11,11,6
B_s42,SNU_Rotenone_500nM_03,ok,96090.9765625,98333.109375,87362.5234375,1.0233334376723882,0.8884344651844281,0.9091646954038104,3757.3436718152648,4132.791215436943,20,17,15,4
B_s42,SNU_Rotenone_500nM_13,ok,114273.34375,103386.15625,97064.1015625,0.904726796795075,0.9388500848004009,0.8494028298922512,4167.404699442232,4908.088827056389,35,31,28,10
B_s42,SNU_Rotenone_500nM_15,ok,44209.6328125,37557.75,32535.5234375,0.8495377050356496,0.8662798873068808,0.7359374273812286,1395.9352095466925,1885.1827933503673,9,6,6,4
B_s42,SNU_Rotenone_500nM_23,ok,63206.0234375,57439.37890625,51080.62890625,0.9087643199551665,0.889296330825957,0.8081607753216756,2180.0930430978265,2694.5844153692083,16,8,6,10
B_s42,SNU_Rotenone_500nM_25,ok,76585.46875,62181.9765625,58774.7578125,0.8119291763491361,0.9452056859824107,0.7674400741002189,2527.8523710339473,3285.3284854038043,33,14,14,19
B_s42,SNU_Rotenone_500nM_30,ok,141975.15625,117406.078125,113768.125,0.8269480465882565,0.9690139285537948,0.801324175334373,4870.3455389047185,6106.23109569967,52,40,36,24
B_s42,SNU_Rotenone_500nM_31,ok,101669.796875,97955.8125,90087.140625,0.9634701308632865,0.9196712101693812,0.8860757412130907,3827.475467364974,4370.9626224290205,33,34,28,10
B_s42,SNU_blebbistatin_07,ok,105175.84375,102279.453125,90501.8984375,0.9724614462624647,0.8848492602604537,0.8604817913571527,3878.00950804124,4510.581547499626,27,24,23,9
B_s42,SNU_blebbistatin_13,ok,114327.046875,103347.234375,99452.734375,0.9039613739694963,0.962316359759869,0.8698968187618552,4267.695500161874,4915.14445176364,49,48,42,17
B_s42,SNU_blebbistatin_16,ok,98752.015625,83647.921875,78412.203125,0.8470502738156136,0.9374076649767338,0.7940314192953973,3338.0571824713434,4239.020551796719,39,29,23,20
B_s42,SNU_blebbistatin_22,ok,69039.6640625,48902.0078125,49513.19140625,0.7083175805755682,1.0124981288313029,0.7171702249510783,2123.596142553702,2968.2532580357,28,11,11,18
B_s42,SNU_blebbistatin_35,ok,80870.03125,65101.55078125,61009.046875,0.8050145372146125,0.9371366141491565,0.7544085977461521,2584.943973335049,3458.400852374863,42,21,18,22
B_s42,SNU_blebbistatin_46,ok,79734.1875,67308.984375,65139.625,0.8441671820509866,0.9677701365554143,0.8169597890490826,2779.4039690420395,3421.2640696078975,28,25,19,10
B_s42,SNU_blebbistatin_47,ok,78538.4609375,59353.61328125,55804.9609375,0.7557267174930117,0.9402116880915988,0.7105430927900274,2383.3116757736007,3376.83044345737,28,15,14,14
B_s42,SNU_staurosporine_05,ok,116480.09375,105432.09375,100930.0234375,0.9051511752410484,0.9572988626862018,0.8665001906173345,4253.7083732496585,4969.514179249936,59,44,33,20
B_s42,SNU_staurosporine_08,ok,112406.1015625,78386.375,81579.734375,0.6973498227444143,1.040738704589924,0.7257589511690348,3474.10324996973,4816.579543416561,38,19,17,21
B_s42,SNU_staurosporine_21,ok,59310.1796875,56897.4765625,57595.16015625,0.9593205898597456,1.0122621183908502,0.971083892507386,2438.4592810962354,2531.6130864980596,30,30,21,7
B_s42,SNU_staurosporine_22,ok,64578.6484375,63046.3203125,59908.8671875,0.9762719077887948,0.9502357455685174,0.9276884641752843,2511.9212451744634,2767.135097517186,27,26,18,10
B_s42,SNU_staurosporine_40,ok,83434.09375,79807.734375,75910.671875,0.9565362406180626,0.9511693630884381,0.9098279667596917,3173.2085970603325,3565.70347128812,33,38,23,10
B_s42,SNU_staurosporine_43,ok,54756.0703125,47626.69140625,48281.8515625,0.8697974696584012,1.0137561551496737,0.8817625385998157,2026.8998240775334,2342.285877241162,31,15,12,21
B_s42,SNU_staurosporine_49,ok,43532.984375,32935.08203125,32369.2734375,0.7565546562933063,0.9828204893124863,0.7435574174898272,1371.946591786805,1855.472151466829,26,14,11,15
B_s42,T24_11,ok,98672.9375,86040.65625,86737.4609375,0.8719782589831179,1.0080985515205203,0.8790400198382662,3727.2338053326202,4243.838960179227,22,22,18,7
B_s42,T24_16,ok,77226.6953125,69741.125,66667.90625,0.9030701717559009,0.9559339091533152,0.8632753995263741,2866.7676382824775,3281.2807191800266,15,10,10,5
B_s42,T24_17,ok,32479.625,31039.12109375,32024.859375,0.9556489982181137,1.0317579314914458,0.9859984336333932,1377.2729561565511,1396.9210519993899,8,6,6,2
B_s42,T24_29,ok,102308.5625,96465.171875,85952.6015625,0.9428846375883739,0.8910221159806543,0.8401310649096453,3679.5556624253486,4387.896569038373,24,20,17,10
B_s42,T24_31,ok,98545.8203125,82831.9375,77110.609375,0.8405423714301683,0.9309284764104425,0.7824848291939068,3314.4258741599356,4230.862741201603,30,19,11,17
B_s42,T24_41,ok,101718.78125,77458.53125,68504.1171875,0.7614968474664063,0.884397316628696,0.6734657685205012,2928.6912386258846,4367.628719082011,58,22,18,41
B_s42,T24_48,ok,86433.859375,64259.96875,60286.9921875,0.7434582837635786,0.9381733816591686,0.6974927722009984,2575.731824004862,3707.9344933668285,33,20,16,15
B_s42,T24_Blebbistatin_5uM_02,ok,120402.46875,107996.734375,96209.984375,0.896964451777489,0.8908601258342447,0.7990698643793381,4134.840787484874,5169.703231643386,31,25,22,11
B_s42,T24_Blebbistatin_5uM_03,ok,60845.33984375,63606.77734375,55372.75390625,1.0453845357276552,0.8705480173441129,0.9100574349399062,2374.222027964913,2607.4337600674758,13,13,11,5
B_s42,T24_Blebbistatin_5uM_10,ok,58338.59375,58311.703125,54743.28125,0.9995390594241055,0.9388043620103061,0.9383716289870289,2350.283005654511,2479.818793634518,12,10,10,2
B_s42,T24_Blebbistatin_5uM_13,ok,113723.65625,100691.6015625,89597.7421875,0.8854059470366351,0.8898233894103476,0.7878549207962173,3825.1727007427817,4866.604535748287,42,22,20,23
B_s42,T24_Blebbistatin_5uM_15,ok,83500.234375,72656.09375,64129.5625,0.8701304169243537,0.8826453390222344,0.7680165568397543,2752.1247944052457,3582.598043158436,26,15,15,14
B_s42,T24_Blebbistatin_5uM_20,ok,107356.359375,91062.2265625,87344.2734375,0.848223869481416,0.9591712912658883,0.8135919841730382,3730.180856035926,4583.804331924747,39,22,20,23
B_s42,T24_Blebbistatin_5uM_44,ok,118133.5625,90790.328125,89814.5703125,0.7685396614107867,0.9892526237909772,0.7602798765380498,3847.114773160568,5047.356485589894,39,22,17,23
B_s42,T24_FCCP_10uM_02,ok,65243.0703125,60965.16796875,56215.40625,0.9344313147241571,0.92209056618716,0.8616303000570104,2403.537918368803,2806.0489687426943,9,7,7,2
B_s42,T24_FCCP_10uM_15,ok,92954.65625,71755.09375,66745.9140625,0.7719365187798217,0.9301906049352768,0.7180480973754341,2868.8127687117926,3976.3198587464067,37,12,11,29
B_s42,T24_FCCP_10uM_18,ok,89367.75,67663.078125,65967.5,0.7571308231996442,0.9749408662451388,0.7381577806311561,2816.368568210708,3832.5498775060846,35,16,12,24
B_s42,T24_FCCP_10uM_25,ok,54670.78125,53534.35546875,50291.4609375,0.9792132880623505,0.939424048298424,0.9198965112191442,2149.8679071618203,2321.187411133795,13,8,7,5
B_s42,T24_FCCP_10uM_28,ok,95548.265625,99723.609375,85531.328125,1.0436987916283802,0.8576838389730617,0.8951635863353746,3652.869476687288,4109.449638081777,14,15,13,2
B_s42,T24_FCCP_10uM_32,ok,86563.484375,68490.8671875,61403.6640625,0.7912212370148137,0.8965233845616506,0.7093483413455768,2623.1503566665374,3689.7750452482464,36,15,8,27
B_s42,T24_FCCP_10uM_50,ok,64716.71875,58234.51171875,54357.265625,0.8998372112113611,0.9334201321636285,0.8399261686146595,2333.0089628376236,2758.906780492264,19,9,9,9
B_s42,T24_Staurosporine_100nM_10,ok,48704.70703125,38078.8203125,52992.828125,0.7818303945051512,1.3916614981794546,1.0880432581392727,2210.71555164598,2080.6851322064513,15,14,8,5
B_s42,T24_Staurosporine_100nM_12,ok,62468.41796875,47034.9140625,46299.08984375,0.7529390945362078,0.9843557868996585,0.7411599548897052,1967.0162943408156,2683.1181819981866,32,13,9,23
B_s42,T24_Staurosporine_100nM_28,ok,64519.765625,65274.8671875,58005.66796875,1.0117034145301889,0.888637089097869,0.8990371773184817,2484.9846953439824,2763.8501057889002,13,11,10,4
B_s42,T24_Staurosporine_100nM_30,ok,69288.546875,56214.078125,52950.68359375,0.8113040417258714,0.9419470239466815,0.764205427619599,2260.5081071453014,2980.041665604388,19,14,11,8
B_s42,T24_Staurosporine_100nM_34,ok,26413.22265625,28364.6796875,24519.31640625,1.0738818226252387,0.8644312813112919,0.9282970399088406,1052.0590480635833,1136.0102180455463,4,4,4,0
B_s42,T24_Staurosporine_100nM_41,ok,49712.31640625,39830.1875,34825.8828125,0.8012136705621791,0.874358997494049,0.7005483817712741,1471.8773300156947,2092.7907932788926,19,15,5,14
B_s42,T24_Staurosporine_100nM_46,ok,63210.84765625,68154.015625,61533.7734375,1.0782012605752684,0.9028635051538828,0.9734685693843218,2557.2278164032987,2675.0033664419107,19,22,14,6
B_s42,T24_rotenone_500nM_02,ok,72796.984375,68772.2734375,62496.0390625,0.9447132189327039,0.9087388847090562,0.8584976369428078,2687.391614342305,3086.5463629585224,17,14,10,9
B_s42,T24_rotenone_500nM_09,ok,101903.6171875,92723.828125,81668.2109375,0.9099169458763232,0.880768326642036,0.8014260258027213,3512.2799503210117,4275.005297938266,16,10,8,8
B_s42,T24_rotenone_500nM_10,ok,102998.2109375,81834.09375,75192.96875,0.7945195650015462,0.9188464771139474,0.7300415032997767,3233.1990531213514,4388.174437959081,26,13,9,16
B_s42,T24_rotenone_500nM_16,ok,92133.328125,91601.0703125,77883.765625,0.9942229611875317,0.8502495151999537,0.8453375907503613,3348.0830936899306,3925.127073790358,16,11,10,6
B_s42,T24_rotenone_500nM_31,ok,105941.5078125,83958.3046875,71572.1171875,0.792496788285222,0.8524721581015428,0.6755814473980446,3068.8891163453754,4520.412486230071,32,16,13,19
B_s42,T24_rotenone_500nM_40,ok,92684.203125,95391.921875,87627.640625,1.029214457897946,0.9186065119835389,0.9454431032526612,3765.224835787942,3966.7715895336255,21,17,14,5
B_s42,T24_rotenone_500nM_43,ok,111245.296875,116242.0234375,101494.453125,1.0449162949164004,0.8731304748800304,0.9123482607902385,4364.416748928825,4784.565330326844,20,21,17,5
B_s1337,NCI_06,ok,242980.28125,222570.9375,184159.59375,0.9160041150458583,0.8274197692589582,0.7579199135115002,7919.616495706728,10447.119796730985,47,41,35,16
B_s1337,NCI_08,ok,328910.1875,304547.6875,258377.09375,0.9259296278258331,0.8483961768713151,0.7855551562993165,11111.100268413735,14107.507197252842,48,39,37,16
B_s1337,NCI_19,ok,124130.171875,107816.34375,101293.7890625,0.8685748365721419,0.9395030988750256,0.8160287505643962,4353.8455443665,5325.992526596819,31,22,18,14
B_s1337,NCI_25,ok,197617.890625,208028.796875,177477.640625,1.0526820027127795,0.8531397733922504,0.8980848852484811,7621.519257285731,8499.377238297931,33,33,26,12
B_s1337,NCI_35,ok,140972.1875,118472.9296875,113393.40625,0.8403993141377621,0.9571250288914233,0.8043672178244379,4865.35652491918,6051.156497514245,37,24,16,22
B_s1337,NCI_36,ok,119341.8046875,107521.984375,100895.75,0.9009582573059747,0.9383732135012506,0.845435095138694,4331.137346551233,5128.017831745776,41,25,22,24
B_s1337,NCI_41,ok,113844.3984375,111068.484375,94120.125,0.9756165951017435,0.8474062244535783,0.8267435753694239,4034.390698167557,4885.681999758208,23,17,15,11
B_s1337,NCI_Blebbistatin_5uM_02,ok,214946.375,185927.453125,157384.515625,0.8649945974897227,0.8464834696530241,0.7322036281142215,6755.763836481913,9244.660753867354,56,47,39,24
B_s1337,NCI_Blebbistatin_5uM_08,ok,415839.34375,378155.90625,321939.875,0.9093798168298018,0.8513416548019339,0.7741929181033631,13813.259420697243,17884.895832197093,63,69,58,13
B_s1337,NCI_Blebbistatin_5uM_09,ok,284780.0625,288383.96875,230586.15625,1.0126550511238828,0.7995803554874269,0.8096990857637725,9901.661830909892,12244.850978367349,51,52,46,17
B_s1337,NCI_Blebbistatin_5uM_15,ok,208744.53125,202903.125,181433.03125,0.9720164824677293,0.894185494925226,0.8691630394508838,7795.24802697404,8975.014029177188,33,30,24,10
B_s1337,NCI_Blebbistatin_5uM_16,ok,256063.75,241285.671875,206359.78125,0.9422875040883374,0.8552508719079944,0.8058922094595584,8869.33604121348,10982.698201616899,52,45,38,22
B_s1337,NCI_Blebbistatin_5uM_18,ok,59576.765625,63981.640625,61008.35546875,1.0739361218050347,0.9535290885446875,1.024029331379971,2622.606801775478,2557.5259167393024,11,8,6,3
B_s1337,NCI_Blebbistatin_5uM_41,ok,85115.4765625,76723.140625,72311.109375,0.9014005880430273,0.9424941260999116,0.8495647594935594,3096.3934957464403,3660.744396930721,15,14,12,7
B_s1337,NCI_FCCP_10uM_14,ok,145658.703125,129435.65625,123924.3203125,0.8886228798764063,0.9574202650399897,0.8507855531718679,5319.003814926535,6252.211724602074,35,23,19,19
B_s1337,NCI_FCCP_10uM_21,ok,149540.8125,135644.796875,130615.140625,0.907075430494936,0.9629203893855586,0.873441426734257,5602.148050265833,6419.087190955035,29,19,19,15
B_s1337,NCI_FCCP_10uM_32,ok,207032.09375,184082.28125,171310.46875,0.889148527243738,0.930619001387457,0.8274585145086956,7357.645286198982,8889.231097745347,59,31,28,33
B_s1337,NCI_FCCP_10uM_37,ok,115663.03125,99685.3203125,98872.375,0.8618598288076598,0.99184488438266,0.8548312622577925,4231.964757444313,4954.264740126681,30,20,15,19
B_s1337,NCI_FCCP_10uM_42,ok,172523.09375,159170.125,156690.109375,0.9226018473251497,0.9844190885381287,0.9082268696274176,6730.295962842336,7409.939117434339,33,28,24,11
B_s1337,NCI_FCCP_10uM_46,ok,92630.078125,82653.4921875,78389.984375,0.8922964749739598,0.948417088018154,0.8462692244436666,3356.040316443817,3977.0029164254997,18,13,11,7
B_s1337,NCI_FCCP_10uM_50,ok,97655.0625,89754.1171875,83698.171875,0.9190933361749679,0.9325273814475955,0.8570797020891774,3599.4985791880317,4181.60005216528,20,12,11,9
B_s1337,NCI_Staurosporine_100nM_05,ok,131926.34375,104303.984375,101458.359375,0.7906228688688267,0.9727179645432409,0.7690530677274227,4336.30694567194,5663.811120276574,37,20,16,21
B_s1337,NCI_Staurosporine_100nM_08,ok,100544.484375,103612.7265625,96136.859375,1.0305162655770992,0.9278479832012673,0.956162438671813,4130.93831757885,4324.332857707012,16,17,13,3
B_s1337,NCI_Staurosporine_100nM_15,ok,90707.765625,91980.9140625,88100.9609375,1.014035716002127,0.9578178455330024,0.9712615047946729,3782.4760457450593,3879.6165943347423,14,16,12,5
B_s1337,NCI_Staurosporine_100nM_16,ok,116495.484375,98871.03125,94822.71875,0.8487112764966346,0.9590546143919177,0.8139604660105522,4071.373515979017,4987.764651018124,35,18,14,22
B_s1337,NCI_Staurosporine_100nM_29,ok,119660.7578125,101644.078125,90088.015625,0.8494353536041376,0.8863085512390739,0.7528618176241336,3859.251045831767,5127.60419223046,28,14,11,19
B_s1337,NCI_Staurosporine_100nM_34,ok,114245.84375,104554.453125,98056.046875,0.9151707378851583,0.9378466812673121,0.8582898393185528,4195.541163567367,4913.616472614005,20,21,14,8
B_s1337,NCI_Staurosporine_100nM_50,ok,38124.328125,35461.6328125,35203.8671875,0.9301575806458884,0.9927311405438404,0.923396395920092,1512.6102776960702,1635.5218889597334,13,6,6,5
B_s1337,NCI_rotenone_500nM_01,ok,222627.203125,197854.90625,186450.046875,0.8887274487247143,0.9423574598620801,0.8374989410899288,8009.4621739811655,9574.190420278546,36,32,29,11
B_s1337,NCI_rotenone_500nM_11,ok,162441.1875,169502.484375,145805.6875,1.0434698673635343,0.8601979377330292,0.8975906279926696,6263.0282970921435,6986.456677315503,17,17,15,2
B_s1337,NCI_rotenone_500nM_12,ok,70163.390625,69529.75,62657.640625,0.9909690706313411,0.9011630363261769,0.893024696595469,2686.002824941092,3004.2479344893195,12,9,7,6
B_s1337,NCI_rotenone_500nM_17,ok,206175.15625,199932.046875,184871.21875,0.9697193905970424,0.9246702649204797,0.8966706858018932,7932.559474734154,8866.616378020235,33,26,24,9
B_s1337,NCI_rotenone_500nM_30,ok,189229.84375,163251.34375,154175.546875,0.8627145724734553,0.9444059897669296,0.814752809703147,6604.767956018272,8130.107423094847,44,29,25,23
B_s1337,NCI_rotenone_500nM_33,ok,195512.53125,193450.15625,177037.3125,0.9894514434097175,0.915157247385268,0.9055036593722173,7608.42670438882,8408.827025333343,26,28,24,5
B_s1337,NCI_rotenone_500nM_47,ok,83984.0703125,96168.0546875,88675.8515625,1.145074944923056,0.9220925997791464,1.0558651329060635,3789.9067581880745,3612.0833857751813,13,14,9,4
B_s1337,SNU_07,ok,50064.5078125,54605.96875,53259.00390625,1.0907121858564661,0.9753330107571803,1.0638076001009322,2276.539903787029,2153.231981752076,9,9,9,1
B_s1337,SNU_08,ok,76268.59375,73678.3359375,74263.484375,0.9660376875311143,1.0079419334062645,0.973709894513428,3166.274421221467,3280.2472901127408,22,22,17,5
B_s1337,SNU_09,ok,57930.34375,54668.8046875,51806.8203125,0.9436989520280552,0.9476486747540981,0.8942950612562177,2200.8864964033364,2491.534831958028,18,13,11,8
B_s1337,SNU_100,ok,46063.9921875,45207.078125,43579.7578125,0.9813973122648164,0.9640029751978136,0.9460699288744208,1845.4184374744968,1978.951673021982,13,11,9,4
B_s1337,SNU_20,ok,79441.34375,82664.953125,74802.0234375,1.0405784849906947,0.9048819434324212,0.9416006817923445,3176.4417141220133,3414.5368313267136,22,20,15,10
B_s1337,SNU_23,ok,69499.984375,66578.203125,57385.796875,0.9579599725629435,0.8619306947539371,0.8256951046976404,2445.177754268341,2973.135662017885,20,15,11,11
B_s1337,SNU_40,ok,67042.296875,58523.1953125,58520.8828125,0.8729294496221718,0.9999604857529113,0.8728949564722084,2496.7748905854114,2844.4518182272163,40,20,13,27
B_s1337,SNU_61,ok,29756.234375,29074.646484375,28219.375,0.9770942827632234,0.9705835981588071,0.9483516847047284,1208.4994184266043,1277.5168139653858,11,6,6,5
B_s1337,SNU_64,ok,125773.15625,101538.9609375,104593.828125,0.8073182224645015,1.0300856652391819,0.8316069282470598,4465.870298200578,5409.329774058501,64,48,35,20
B_s1337,SNU_65,ok,83071.703125,74707.2734375,70110.59375,0.8993107234732646,0.9384707877025444,0.8439768430472997,3004.7552955700453,3560.7055661901363,29,32,17,14
B_s1337,SNU_67,ok,67180.078125,52861.90234375,53399.59765625,0.7868687238706601,1.0101716981164144,0.7948725149871206,2288.1707664608557,2877.2036648597677,27,15,13,17
B_s1337,SNU_74,ok,53852.21484375,46024.59765625,45809.75,0.8546463277283671,0.9953318949607195,0.8506567488990957,1948.689671913963,2311.6909457107245,23,17,11,13
B_s1337,SNU_76,ok,76091.515625,68153.3671875,62797.32421875,0.8956763001459797,0.9214119097884814,0.8252868102697882,2684.1042403628994,3271.2111044818025,18,16,13,8
B_s1337,SNU_95,ok,73439.484375,68832.0625,64619.81640625,0.9372623335497104,0.938804011666075,0.879905638719975,2766.97630177642,3158.5695267687065,21,21,18,7
B_s1337,SNU_97,ok,60369.75,58306.0,56558.3828125,0.9658148327597845,0.9700268036308441,0.9368662751212321,2423.06439143236,2572.138933866408,24,15,12,11
B_s1337,SNU_FCCP_10uM_01,ok,93132.0,84973.625,82805.375,0.9123998732981144,0.9744832587758848,0.8891184018382511,3549.3272024469916,3984.6667600319656,28,20,17,15
B_s1337,SNU_FCCP_10uM_05,ok,125489.1875,120737.0859375,111762.28125,0.9621313863196381,0.9256665454709927,0.8906128366637166,4800.048959829335,5380.3997912730765,37,33,28,17
B_s1337,SNU_FCCP_10uM_08,ok,72968.21875,68566.765625,59749.1171875,0.9396798606242529,0.8714005486896553,0.8188375461405929,2559.701125954974,3123.0225993350773,23,17,11,15
B_s1337,SNU_FCCP_10uM_28,ok,98874.59375,86152.875,80996.9375,0.8713348063693056,0.9401536222673939,0.8191885744157609,3474.033872648205,4196.532771330281,42,25,23,23
B_s1337,SNU_FCCP_10uM_36,ok,92784.015625,87979.734375,82622.890625,0.9482208091809995,0.9391127537715983,0.8904862552935017,3539.031703747609,3933.2716031714153,33,25,21,16
B_s1337,SNU_FCCP_10uM_46,ok,82771.359375,79118.71875,70839.078125,0.955870718415394,0.8953516847111481,0.8558404580992783,3038.4445704873556,3559.9259479323196,31,25,20,13
B_s1337,SNU_FCCP_10uM_50,ok,59817.48046875,52829.3359375,48449.08984375,0.8831755454009674,0.9170868606235734,0.8099486883112855,2074.8555943990636,2568.517812411514,15,11,11,6
B_s1337,SNU_Rotenone_500nM_03,ok,96090.9765625,98856.1484375,91224.359375,1.0287766029019536,0.9227990450454879,0.949354066723064,3918.3854120614837,4132.791215436943,20,18,15,4
B_s1337,SNU_Rotenone_500nM_13,ok,114273.34375,102991.3671875,96290.8515625,0.9012720185454449,0.9349409974061085,0.8426361599530949,4108.427666789232,4908.088827056389,35,29,25,10
B_s1337,SNU_Rotenone_500nM_15,ok,44209.6328125,39662.20703125,34152.2421875,0.8971394808788313,0.8610777045410338,0.7725068048482788,1458.897161620098,1885.1827933503673,9,7,6,4
B_s1337,SNU_Rotenone_500nM_23,ok,63206.0234375,57655.7109375,51918.8984375,0.9121869689288662,0.9004987987015055,0.8214232697116115,2211.8088775941087,2694.5844153692083,16,8,6,10
B_s1337,SNU_Rotenone_500nM_25,ok,76585.46875,62450.6484375,60980.7578125,0.8154373075832352,0.9764631647264471,0.7962444939987392,2613.4219019855113,3285.3284854038043,33,13,13,19
B_s1337,SNU_Rotenone_500nM_30,ok,141975.15625,117047.703125,113782.34375,0.824423837357108,0.9721023199275188,0.8014243248983922,4885.68875537612,6106.23109569967,52,41,35,24
B_s1337,SNU_Rotenone_500nM_31,ok,101669.796875,97210.515625,89372.5,0.9561395676290909,0.9193707020829311,0.8790467055804275,3814.4062001524244,4370.9626224290205,33,35,27,10
B_s1337,SNU_blebbistatin_07,ok,105175.84375,103486.0390625,92236.3125,0.9839335285817472,0.8912923263426309,0.8769724036561389,3948.6243965548274,4510.581547499626,27,26,23,9
B_s1337,SNU_blebbistatin_13,ok,114327.046875,102076.625,99390.7734375,0.8928475613614506,0.9736878882653105,0.8693548565648631,4254.470120030205,4915.14445176364,49,47,42,17
B_s1337,SNU_blebbistatin_16,ok,98752.015625,83497.28125,77649.046875,0.8455248302684961,0.9299589844429815,0.7863034124778149,3308.69204640856,4239.020551796719,39,31,25,20
B_s1337,SNU_blebbistatin_22,ok,69039.6640625,49655.48828125,51941.78125,0.7192313137024833,1.0460431071747875,0.75234695816275,2216.6943929406348,2968.2532580357,28,13,10,18
B_s1337,SNU_blebbistatin_35,ok,80870.03125,65546.875,61664.94140625,0.8105212028096007,0.9407762216924911,0.7625190747808694,2616.201349181583,3458.400852374863,42,21,17,22
B_s1337,SNU_blebbistatin_46,ok,79734.1875,67857.6796875,64780.4921875,0.8510487385037943,0.9546523324379621,0.8124556632310325,2769.9635967732297,3421.2640696078975,28,26,21,10
B_s1337,SNU_blebbistatin_47,ok,78538.4609375,60799.9453125,57293.4375,0.7741423066704082,0.9423271222617516,0.7294952920658002,2443.946641015494,3376.83044345737,28,16,12,14
B_s1337,SNU_staurosporine_05,ok,116480.09375,106258.015625,101256.765625,0.9122418449719011,0.9529329625573836,0.8693053238978871,4266.340356284192,4969.514179249936,59,42,35,20
B_s1337,SNU_staurosporine_08,ok,112406.1015625,78973.953125,82854.609375,0.7025771023745444,1.0491384323114445,0.7371006397631468,3496.0106517741106,4816.579543416561,38,24,17,21
B_s1337,SNU_staurosporine_21,ok,59310.1796875,57913.234375,58844.609375,0.9764467867091218,1.0160822480396994,0.9921502461305454,2488.926705368458,2531.6130864980596,30,34,21,7
B_s1337,SNU_staurosporine_22,ok,64578.6484375,63971.765625,61772.6015625,0.9906024231354524,0.9656228956475672,0.9565483802635522,2589.563379418669,2767.135097517186,27,28,20,10
B_s1337,SNU_staurosporine_40,ok,83434.09375,79672.390625,74851.203125,0.9549140770166272,0.9394873498563355,0.8971296955568598,3137.472469667718,3565.70347128812,33,32,23,10
B_s1337,SNU_staurosporine_43,ok,54756.0703125,47497.12109375,49819.8046875,0.8674311509697056,1.0489015658268104,0.9098498924990766,2096.6797834499316,2342.285877241162,31,16,11,21
B_s1337,SNU_staurosporine_49,ok,43532.984375,33682.015625,32399.6796875,0.7737125333484559,0.9619281710519663,0.7442558821238637,1356.8148240560572,1855.472151466829,26,13,11,15
B_s1337,T24_11,ok,98672.9375,89446.59375,90742.6875,0.9064957020256947,1.0144901409395481,0.9196309525091416,3882.7768204185636,4243.838960179227,22,20,18,7
B_s1337,T24_16,ok,77226.6953125,71591.1953125,73280.734375,0.9270265291400106,1.0235998163618454,0.9489041849902736,3150.186009692795,3281.2807191800266,15,10,10,5
B_s1337,T24_17,ok,32479.625,32475.046875,37750.21484375,0.9998590462482249,1.162437578275243,1.1622737283373807,1613.3641263442703,1396.9210519993899,8,8,5,2
B_s1337,T24_29,ok,102308.5625,98116.421875,89262.8046875,0.9590245379021917,0.9097641656890069,0.8724861585998728,3823.256494068977,4387.896569038373,24,19,18,10
B_s1337,T24_31,ok,98545.8203125,88167.90625,96105.953125,0.8946894548181703,1.0900332923013016,0.9752412920227067,4127.286929065649,4230.862741201603,30,19,11,17
B_s1337,T24_41,ok,101718.78125,75060.53125,67841.28125,0.7379220467213374,0.9038209578352805,0.6669494110754497,2897.0868790441264,4367.628719082011,58,23,15,41
B_s1337,T24_48,ok,86433.859375,65001.13671875,60579.4921875,0.7520332562814016,0.9319758891235737,0.7008768626733556,2574.687118292675,3707.9344933668285,33,20,15,15
B_s1337,T24_Blebbistatin_5uM_02,ok,120402.46875,107965.046875,99638.4375,0.8967012719579307,0.922876804891861,0.8275448048070028,4279.190978782663,5169.703231643386,31,24,20,11
B_s1337,T24_Blebbistatin_5uM_03,ok,60845.33984375,64074.4453125,56163.95703125,1.053070711364951,0.876542227674864,0.9230609472389878,2415.5639682839155,2607.4337600674758,13,12,12,5
B_s1337,T24_Blebbistatin_5uM_10,ok,58338.59375,57978.453125,54716.9921875,0.9938267174120905,0.9437470170087433,0.9379209999812517,2352.021358578592,2479.818793634518,12,10,10,2
B_s1337,T24_Blebbistatin_5uM_13,ok,113723.65625,100521.546875,92196.265625,0.8839106144637343,0.9171791371221872,0.8107043746669902,3950.0713732599775,4866.604535748287,42,23,20,23
B_s1337,T24_Blebbistatin_5uM_15,ok,83500.234375,72871.0390625,66681.015625,0.8727046050581819,0.9150550957261506,0.7985727959221671,2857.8533661573365,3582.598043158436,26,18,14,14
B_s1337,T24_Blebbistatin_5uM_20,ok,107356.359375,89950.4609375,89350.2421875,0.8378680262740607,0.9933272298580321,0.8322771255254295,3815.821007935978,4583.804331924747,39,23,20,23
B_s1337,T24_Blebbistatin_5uM_44,ok,118133.5625,90311.390625,91769.703125,0.7644854579324144,1.0161476031972019,0.7768300657571382,3941.1334978169893,5047.356485589894,39,20,17,23
B_s1337,T24_FCCP_10uM_02,ok,65243.0703125,61078.0390625,57927.01171875,0.9361613236463212,0.948409814851364,0.8878645876304152,2487.8830431216375,2806.0489687426943,9,8,7,2
B_s1337,T24_FCCP_10uM_15,ok,92954.65625,71276.5,67866.203125,0.7667878390976246,0.9521539795725099,0.7301000924846086,2909.479628939751,3976.3198587464067,37,11,11,29
B_s1337,T24_FCCP_10uM_18,ok,89367.75,68091.453125,69635.015625,0.7619242190275575,1.022668961068673,0.7791962494859723,2973.9222924942205,3832.5498775060846,35,17,11,24
B_s1337,T24_FCCP_10uM_25,ok,54670.78125,54320.33203125,52629.0859375,0.99358982603253,0.9688653211328487,0.9626547258733384,2258.103401175739,2321.187411133795,13,9,7,5
B_s1337,T24_FCCP_10uM_28,ok,95548.265625,100539.6875,88952.5,1.0522397956922622,0.8847501142272797,0.9309692794332184,3814.8480270142577,4109.449638081777,14,15,14,2
B_s1337,T24_FCCP_10uM_32,ok,86563.484375,69632.0234375,64747.26953125,0.8044041195921419,0.9298490311625881,0.7479743912659477,2767.276628171873,3689.7750452482464,36,13,10,27
B_s1337,T24_FCCP_10uM_50,ok,64716.71875,58597.2578125,55137.81640625,0.9054423485044195,0.9409624010509238,0.8519872062619058,2366.0775589604687,2758.906780492264,19,10,10,9
B_s1337,T24_Staurosporine_100nM_10,ok,48704.70703125,46418.75,128727.171875,0.953064967010616,2.7731718728961896,2.6430129595565752,5340.685781616743,2080.6851322064513,15,55,7,5
B_s1337,T24_Staurosporine_100nM_12,ok,62468.41796875,47945.08984375,47330.75,0.7675092695277582,0.9871865952123128,0.757674862578997,2007.6633425084271,2683.1181819981866,32,13,8,23
B_s1337,T24_Staurosporine_100nM_28,ok,64519.765625,65784.40625,60036.78125,1.0196008248441308,0.9126293702772456,0.9305176587116594,2559.2248030468963,2763.8501057889002,13,11,10,4
B_s1337,T24_Staurosporine_100nM_30,ok,69288.546875,56234.5625,54794.1171875,0.8115996804125502,0.974385053453559,0.790810597981674,2348.1223065138424,2980.041665604388,19,15,10,8
B_s1337,T24_Staurosporine_100nM_34,ok,26413.22265625,28452.498046875,24756.951171875,1.077206610384684,0.8701152050371236,0.9372938506622142,1061.4902949324419,1136.0102180455463,4,4,4,0
B_s1337,T24_Staurosporine_100nM_41,ok,49712.31640625,39793.640625,36735.75,0.8004785031501169,0.9231562989218205,0.7389667723345408,1553.701795514843,2092.7907932788926,19,13,5,14
B_s1337,T24_Staurosporine_100nM_46,ok,63210.84765625,69686.390625,63235.484375,1.1024435395007668,0.9074294680475855,1.0003897546016782,2622.607602421859,2675.0033664419107,19,25,13,6
B_s1337,T24_rotenone_500nM_02,ok,72796.984375,68480.9765625,64494.7421875,0.9407117224764848,0.9417906318645746,0.885953487513541,2767.122415803511,3086.5463629585224,17,14,10,9
B_s1337,T24_rotenone_500nM_09,ok,101903.6171875,93108.34375,84519.4375,0.9136902724334415,0.9077536351300417,0.8294056661844146,3630.2282391602484,4275.005297938266,16,10,8,8
B_s1337,T24_rotenone_500nM_10,ok,102998.2109375,81664.2109375,79369.28125,0.792870188658465,0.9718979751208717,0.7705889308908658,3408.987376686666,4388.174437959081,26,11,10,16
B_s1337,T24_rotenone_500nM_16,ok,92133.328125,91709.1171875,80662.609375,0.9953956842096873,0.8795484227602439,0.8754987040689842,3461.9284675200975,3925.127073790358,16,11,9,6
B_s1337,T24_rotenone_500nM_31,ok,105941.5078125,83800.171875,74322.1328125,0.791004145639623,0.8868971405376369,0.701539314921198,3188.0930667805424,4520.412486230071,32,16,13,19
B_s1337,T24_rotenone_500nM_40,ok,92684.203125,95153.1875,89128.140625,1.0266386751113366,0.9366805565499317,0.9616324855789712,3821.4475713852753,3966.7715895336255,21,17,14,5
B_s1337,T24_rotenone_500nM_43,ok,111245.296875,116569.15625,102457.8671875,1.0478569388958718,0.8789449154780169,0.9210085285908857,4406.625513647054,4784.565330326844,20,22,16,5
B_s2024,NCI_06,ok,242980.28125,226917.859375,181297.28125,0.9338941341562054,0.7989555416631693,0.7461398938108275,7794.542896392976,10447.119796730985,47,40,36,16
B_s2024,NCI_08,ok,328910.1875,305951.25,252625.890625,0.9301969401601463,0.8257063523192012,0.7680695223981167,10848.462962603104,14107.507197252842,48,38,37,16
B_s2024,NCI_19,ok,124130.171875,106574.828125,95997.875,0.8585731133307511,0.9007556163956985,0.7733645539190147,4121.7668469912705,5325.992526596819,31,21,19,14
B_s2024,NCI_25,ok,197617.890625,208847.8125,170869.90625,1.0568264433927692,0.8181551159411833,0.8646479613237193,7337.507160644514,8499.377238297931,33,34,26,12
B_s2024,NCI_35,ok,140972.1875,119136.1875,107214.734375,0.8451041983015267,0.8999342401736667,0.7605382045660602,4589.587290160067,6051.156497514245,37,24,17,22
B_s2024,NCI_36,ok,119341.8046875,107565.25,95336.140625,0.9013207926733029,0.8863098503001666,0.7988494968267027,4058.83241680911,5128.017831745776,41,23,22,24
B_s2024,NCI_41,ok,113844.3984375,112035.1328125,94384.78125,0.9841075568949202,0.8424569943426647,0.8290682944915974,4046.903302857746,4885.681999758208,23,18,16,11
B_s2024,NCI_Blebbistatin_5uM_02,ok,214946.375,187568.125,153179.625,0.8726275332626567,0.8166612797350296,0.7126411180463034,6577.139725809675,9244.660753867354,56,47,40,24
B_s2024,NCI_Blebbistatin_5uM_08,ok,415839.34375,387795.5625,310067.25,0.9325610198469827,0.7995636876324493,0.7456419279711313,13313.538678699648,17884.895832197093,63,67,61,13
B_s2024,NCI_Blebbistatin_5uM_09,ok,284780.0625,291761.84375,227850.875,1.0245163976322955,0.7809481598808274,0.8000941954986754,9784.441065812249,12244.850978367349,51,52,45,17
B_s2024,NCI_Blebbistatin_5uM_15,ok,208744.53125,204253.4375,174807.8125,0.9784852148072741,0.8558377995474372,0.837424633130359,7498.486556788287,8975.014029177188,33,31,24,10
B_s2024,NCI_Blebbistatin_5uM_16,ok,256063.75,243604.3125,197118.125,0.9513424391386911,0.8091733802947352,0.769800977295693,8464.433179214373,10982.698201616899,52,45,38,22
B_s2024,NCI_Blebbistatin_5uM_18,ok,59576.765625,64142.2890625,58106.5078125,1.0766326165847477,0.9059001270734389,0.9753216241755319,2496.71912884625,2557.5259167393024,11,8,6,3
B_s2024,NCI_Blebbistatin_5uM_41,ok,85115.4765625,77251.421875,68826.6171875,0.9076072295533063,0.8909430469625256,0.8086263505434391,2920.7860788873813,3660.744396930721,15,12,11,7
B_s2024,NCI_FCCP_10uM_14,ok,145658.703125,129657.5078125,114637.203125,0.8901459715814698,0.884153991998511,0.7870261142351497,4923.177027811145,6252.211724602074,35,22,17,19
B_s2024,NCI_FCCP_10uM_21,ok,149540.8125,136025.75,124693.1328125,0.9096229164864275,0.9166877066474546,0.8338401452279123,5354.540159390037,6419.087190955035,29,20,19,15
B_s2024,NCI_FCCP_10uM_32,ok,207032.09375,185554.921875,158654.0625,0.8962616303299594,0.8550248136607128,0.7663259334641203,6812.42475928138,8889.231097745347,59,31,27,33
B_s2024,NCI_FCCP_10uM_37,ok,115663.03125,100829.3125,94728.828125,0.8717505620448626,0.9394969158894146,0.8190069644660122,4039.0582939756205,4954.264740126681,30,22,15,19
B_s2024,NCI_FCCP_10uM_42,ok,172523.09375,161374.34375,151697.1875,0.9353782165757156,0.9400328700019888,0.8792862694650119,6515.601912331509,7409.939117434339,33,29,23,11
B_s2024,NCI_FCCP_10uM_46,ok,92630.078125,85018.0,76904.90625,0.9178228251656243,0.9045720465077983,0.830236871291638,3261.0607426271636,3977.0029164254997,18,13,11,7
B_s2024,NCI_FCCP_10uM_50,ok,97655.0625,90376.53125,80978.96875,0.9254669336779136,0.8960176677504427,0.8292347234942377,3482.79354323834,4181.60005216528,20,12,11,9
B_s2024,NCI_Staurosporine_100nM_05,ok,131926.34375,104649.484375,95741.421875,0.7932417544543676,0.9148771486720476,0.7257187545228244,4077.837304849578,5663.811120276574,37,20,14,21
B_s2024,NCI_Staurosporine_100nM_08,ok,100544.484375,104493.9609375,92158.515625,1.0392808873311208,0.8819506390433598,0.9165944427272319,3959.730343647871,4324.332857707012,16,16,12,3
B_s2024,NCI_Staurosporine_100nM_15,ok,90707.765625,92302.3046875,84933.75,1.0175788594450896,0.9201693314977661,0.9363448588418474,3645.8922162290655,3879.6165943347423,14,16,12,5
B_s2024,NCI_Staurosporine_100nM_16,ok,116495.484375,100044.421875,89902.25,0.8587836894428982,0.8986233146744345,0.7717230455955173,3862.6121330922424,4987.764651018124,35,18,17,22
B_s2024,NCI_Staurosporine_100nM_29,ok,119660.7578125,102449.421875,88567.765625,0.8561655779878232,0.8645023466609972,0.7401571513008423,3792.4376171516515,5127.60419223046,28,14,10,19
B_s2024,NCI_Staurosporine_100nM_34,ok,114245.84375,104288.6640625,94857.203125,0.9128442719606594,0.9095638915093616,0.8302901883465673,4054.8818654627808,4913.616472614005,20,19,14,8
B_s2024,NCI_Staurosporine_100nM_50,ok,38124.328125,35690.578125,34796.640625,0.9361628094265596,0.97495312357034,0.9127148552208092,1495.4043554483965,1635.5218889597334,13,6,6,5
B_s2024,NCI_rotenone_500nM_01,ok,222627.203125,200980.15625,176981.71875,0.9027654905997913,0.8805930000862958,0.7949689717416468,7595.195597666718,9574.190420278546,36,31,29,11
B_s2024,NCI_rotenone_500nM_11,ok,162441.1875,170020.859375,140412.6875,1.0466610223161537,0.8258556509840015,0.8643909199444876,6030.48565860825,6986.456677315503,17,17,15,2
B_s2024,NCI_rotenone_500nM_12,ok,70163.390625,69537.4765625,58863.7578125,0.9910791930531793,0.8465040827242774,0.8389525832225985,2525.7869842511705,3004.2479344893195,12,9,7,6
B_s2024,NCI_rotenone_500nM_17,ok,206175.15625,201606.75,174998.71875,0.9778421108872083,0.8680201369745805,0.8487866430318275,7510.008975191023,8866.616378020235,33,26,24,9
B_s2024,NCI_rotenone_500nM_30,ok,189229.84375,165207.59375,141700.421875,0.8730525295379049,0.8577113113179763,0.7488270299594326,6085.947452009025,8130.107423094847,44,29,25,23
B_s2024,NCI_rotenone_500nM_33,ok,195512.53125,193407.484375,154072.25,0.9892331869392643,0.7966198955427575,0.7880428380469858,6617.992677257345,8408.827025333343,26,27,24,5
B_s2024,NCI_rotenone_500nM_47,ok,83984.0703125,97051.0078125,86938.359375,1.1555882853900585,0.895800685995581,1.0351767787808719,3714.600499262755,3612.0833857751813,13,14,8,4
B_s2024,SNU_07,ok,50064.5078125,55087.8359375,52583.4140625,1.1003371119479135,0.9545376609485732,1.0503132130936697,2239.1956564795596,2153.231981752076,9,9,9,1
B_s2024,SNU_08,ok,76268.59375,73832.546875,71934.46875,0.9680596329993301,0.9742921217628658,0.9431728738278985,3085.747253555177,3280.2472901127408,22,22,17,5
B_s2024,SNU_09,ok,57930.34375,55449.26171875,52353.19140625,0.9571712876078006,0.944163903782815,0.9037265794966045,2223.1728953291326,2491.534831958028,18,12,11,8
B_s2024,SNU_100,ok,46063.9921875,45362.40625,43285.40625,0.984769319718442,0.9542131872689184,0.939679871293179,1836.505323005271,1978.951673021982,13,11,9,4
B_s2024,SNU_20,ok,79441.34375,83211.578125,74260.4375,1.0474593479544458,0.8924291447573119,0.9347832500630379,3148.7561582887392,3414.5368313267136,22,20,14,10
B_s2024,SNU_23,ok,69499.984375,67357.265625,57773.765625,0.9691695074571735,0.8577213621860114,0.8312773901253125,2455.649408953358,2973.135662017885,20,16,12,11
B_s2024,SNU_40,ok,67042.296875,58912.92578125,58605.6015625,0.8787426524346686,0.9947834161234645,0.874158617682354,2506.7893492794,2844.4518182272163,40,19,14,27
B_s2024,SNU_61,ok,29756.234375,29234.87109375,28042.005859375,0.9824788555339506,0.9591971782413633,0.9423909459099695,1196.7813259857373,1277.5168139653858,11,6,6,5
B_s2024,SNU_64,ok,125773.15625,104692.8828125,107773.9375,0.8323944944531835,1.0294294569480718,0.8568914123915055,4596.003557386526,5409.329774058501,64,52,39,20
B_s2024,SNU_65,ok,83071.703125,75300.46875,72714.15625,0.9064514860938094,0.9656534342623199,0.8753179905386705,3110.182752749384,3560.7055661901363,29,27,16,14
B_s2024,SNU_67,ok,67180.078125,52945.62109375,52395.640625,0.7881149080421674,0.9896123521192403,0.7799282478878481,2242.398236756982,2877.2036648597677,27,14,13,17
B_s2024,SNU_74,ok,53852.21484375,46249.4609375,45712.4375,0.8588218900873608,0.9883885470962415,0.8488497201578945,1952.924999396711,2311.6909457107245,23,15,11,13
B_s2024,SNU_76,ok,76091.515625,69419.859375,62818.9375,0.9123206287166132,0.9049130618467203,0.8255708535178754,2674.5857939153075,3271.2111044818025,18,16,13,8
B_s2024,SNU_95,ok,73439.484375,70435.4140625,65946.6953125,0.9590946159539945,0.9362718483344615,0.8979732888068769,2822.8603088277423,3158.5695267687065,21,20,19,7
B_s2024,SNU_97,ok,60369.75,58171.40234375,55321.59375,0.9635852781194224,0.9510101445223937,0.9163793746040029,2359.5012517100154,2572.138933866408,24,15,11,11
B_s2024,SNU_FCCP_10uM_01,ok,93132.0,85761.5625,79605.234375,0.9208603111712408,0.9282157653669149,0.8547570585298286,3410.001929531097,3984.6667600319656,28,20,17,15
B_s2024,SNU_FCCP_10uM_05,ok,125489.1875,121440.6484375,108957.265625,0.9677379450520388,0.897205894623293,0.8682601887513217,4681.724578508753,5380.3997912730765,37,32,28,17
B_s2024,SNU_FCCP_10uM_08,ok,72968.21875,69302.2890625,58727.8359375,0.9497599125989354,0.8474155288656704,0.8048412986304397,2514.9145765199783,3123.0225993350773,23,15,12,15
B_s2024,SNU_FCCP_10uM_28,ok,98874.59375,86625.8046875,78835.359375,0.8761179328486495,0.9100678447882383,0.797326758927897,3362.0785886693707,4196.532771330281,42,24,23,23
B_s2024,SNU_FCCP_10uM_36,ok,92784.015625,87324.40625,79598.8984375,0.941157867136665,0.911530943704527,0.8578945188060242,3402.1967534627374,3933.2716031714153,33,24,20,16
B_s2024,SNU_FCCP_10uM_46,ok,82771.359375,80233.390625,72346.125,0.9693375973384514,0.9016959701745124,0.8740478052587257,3101.313664643417,3559.9259479323196,31,28,20,13
B_s2024,SNU_FCCP_10uM_50,ok,59817.48046875,53300.60546875,48368.375,0.8910540037973588,0.9074638941645465,0.8085993361968619,2068.4483180377133,2568.517812411514,15,11,11,6
B_s2024,SNU_Rotenone_500nM_03,ok,96090.9765625,98977.6875,85877.7734375,1.0300414361552712,0.8676478063553466,0.8937131925352317,3679.3293945076857,4132.791215436943,20,18,17,4
B_s2024,SNU_Rotenone_500nM_13,ok,114273.34375,104244.6484375,98086.6484375,0.9122394166181035,0.9409274232078011,0.8583510836270598,4204.366243029298,4908.088827056389,35,30,26,10
B_s2024,SNU_Rotenone_500nM_15,ok,44209.6328125,38082.640625,33418.859375,0.8614104710282138,0.8775352451022427,0.7559180488273819,1433.2160351604357,1885.1827933503673,9,6,6,4
B_s2024,SNU_Rotenone_500nM_23,ok,63206.0234375,58470.4453125,51681.51953125,0.9250771070943471,0.8838913275764185,0.8176676323001751,2210.0377847956834,2694.5844153692083,16,10,7,10
B_s2024,SNU_Rotenone_500nM_25,ok,76585.46875,62690.90625,57550.015625,0.8185744276716985,0.9179962305138953,0.7514482389976884,2461.944751669182,3285.3284854038043,33,13,12,19
B_s2024,SNU_Rotenone_500nM_30,ok,141975.15625,120980.8203125,115553.15625,0.8521266925001183,0.9551361608519429,0.8138970176340271,4947.180188459413,6106.23109569967,52,42,35,24
B_s2024,SNU_Rotenone_500nM_31,ok,101669.796875,99446.796875,91317.375,0.9781350994264982,0.9182535573748212,0.8981760346415564,3908.244043040755,4370.9626224290205,33,37,28,10
B_s2024,SNU_blebbistatin_07,ok,105175.84375,103507.859375,91535.78125,0.984140993639521,0.8843365306046356,0.8703118319409726,3918.6852081927755,4510.581547499626,27,26,23,9
B_s2024,SNU_blebbistatin_13,ok,114327.046875,103550.03125,97826.203125,0.9057352051017018,0.9447240328573054,0.8556698156645184,4190.3475286485145,4915.14445176364,49,47,42,17
B_s2024,SNU_blebbistatin_16,ok,98752.015625,84483.21875,77761.109375,0.8555088036968865,0.9204326081030145,0.7874381994418151,3322.7390065436675,4239.020551796719,39,29,23,20
B_s2024,SNU_blebbistatin_22,ok,69039.6640625,49190.28515625,50082.15625,0.7124931128245233,1.018131041341131,0.725411354908416,2142.246887636505,2968.2532580357,28,13,12,18
B_s2024,SNU_blebbistatin_35,ok,80870.03125,66173.5,63026.59375,0.8182697468662101,0.9524446152916197,0.7793566142587586,2684.3607792764724,3458.400852374863,42,22,18,22
B_s2024,SNU_blebbistatin_46,ok,79734.1875,68006.6640625,64193.0703125,0.8529172516180716,0.9439232345451439,0.8050884109466846,2731.7660054577887,3421.2640696078975,28,27,20,10
B_s2024,SNU_blebbistatin_47,ok,78538.4609375,59323.453125,53871.80859375,0.7553426998296914,0.9081030478828857,0.6859290079114303,2294.235496111727,3376.83044345737,28,16,13,14
B_s2024,SNU_staurosporine_05,ok,116480.09375,106972.53125,99020.953125,0.9183760744526358,0.925667103207862,0.8501105204939793,4179.573499357098,4969.514179249936,59,46,37,20
B_s2024,SNU_staurosporine_08,ok,112406.1015625,79024.7421875,81331.09375,0.7030289378335988,1.0291851830029104,0.7235469660406141,3452.109436107648,4816.579543416561,38,23,16,21
B_s2024,SNU_staurosporine_21,ok,59310.1796875,58057.7734375,58930.09375,0.9788837893157833,1.0150250390404494,0.9935915564663159,2490.290747577528,2531.6130864980596,30,31,23,7
B_s2024,SNU_staurosporine_22,ok,64578.6484375,63700.59765625,61598.27734375,0.9864033886974302,0.9669968510524056,0.953848970737837,2597.9418635789216,2767.135097517186,27,27,19,10
B_s2024,SNU_staurosporine_40,ok,83434.09375,80402.3828125,76079.8515625,0.9636634042363528,0.9462387668275922,0.9118556712614859,3171.3365361904753,3565.70347128812,33,36,26,10
B_s2024,SNU_staurosporine_43,ok,54756.0703125,47858.7890625,48633.671875,0.8740362262916911,1.01619102421267,0.8881877679943305,2020.7294570117826,2342.285877241162,31,18,12,21
B_s2024,SNU_staurosporine_49,ok,43532.984375,34067.9921875,32863.640625,0.7825788347987571,0.9646485899177266,0.7549135694880785,1384.58458820068,1855.472151466829,26,14,10,15
B_s2024,T24_11,ok,98672.9375,87898.59375,81645.609375,0.8908075099112155,0.9288613832345868,0.8274366958518895,3493.363952404424,4243.838960179227,22,20,17,7
B_s2024,T24_16,ok,77226.6953125,71634.0234375,65413.91015625,0.9275811058291554,0.9131681708947008,0.8470375417664937,2810.317490236915,3281.2807191800266,15,10,10,5
B_s2024,T24_17,ok,32479.625,32732.1796875,32183.09765625,1.0077757882826541,0.9832250086461646,0.9908703581476079,1381.980717506017,1396.9210519993899,8,8,6,2
B_s2024,T24_29,ok,102308.5625,97630.5546875,86925.0234375,0.9542755005232333,0.8903465079731779,0.8496358595352173,3721.098446858051,4387.896569038373,24,20,17,10
B_s2024,T24_31,ok,98545.8203125,85965.03125,81922.765625,0.872335640186414,0.9529777914784391,0.831316491812779,3516.2394144366126,4230.862741201603,30,17,13,17
B_s2024,T24_41,ok,101718.78125,79055.5390625,72541.1875,0.7771970730577349,0.9175977845480269,0.7131543123949885,3107.4790683578685,4367.628719082011,58,24,18,41
B_s2024,T24_48,ok,86433.859375,63862.3125,61868.328125,0.7388575838425588,0.968776821619167,0.7157881017042114,2637.0623855732024,3707.9344933668285,33,21,18,15
B_s2024,T24_Blebbistatin_5uM_02,ok,120402.46875,108593.703125,94991.875,0.9019225623228759,0.8747457013290797,0.7889528843236447,4081.826588449031,5169.703231643386,31,25,22,11
B_s2024,T24_Blebbistatin_5uM_03,ok,60845.33984375,63542.31640625,53812.2890625,1.044325112973743,0.846873266603278,0.884411019819911,2305.0833988134927,2607.4337600674758,13,13,10,5
B_s2024,T24_Blebbistatin_5uM_10,ok,58338.59375,58643.0078125,54458.75,1.005218056228858,0.928648649368764,0.9334943902380232,2338.864916725474,2479.818793634518,12,10,10,2
B_s2024,T24_Blebbistatin_5uM_13,ok,113723.65625,101034.34375,91103.53125,0.8884197631484434,0.9017085465059993,0.8010956933157871,3906.9683810357005,4866.604535748287,42,23,20,23
B_s2024,T24_Blebbistatin_5uM_15,ok,83500.234375,73845.5,65954.203125,0.8843747631696393,0.8931377419747988,0.789868479036829,2824.828258258378,3582.598043158436,26,16,15,14
B_s2024,T24_Blebbistatin_5uM_20,ok,107356.359375,91594.234375,83475.265625,0.8531794009058907,0.9113593906275829,0.7775530589055987,3584.4634573507888,4583.804331924747,39,23,20,23
B_s2024,T24_Blebbistatin_5uM_44,ok,118133.5625,91032.96875,91748.3515625,0.7705936130555616,1.007858502499953,0.7766493248902063,3929.7497159291497,5047.356485589894,39,23,16,23
B_s2024,T24_FCCP_10uM_02,ok,65243.0703125,61431.40234375,55764.1484375,0.9415774280625828,0.9077466297360769,0.8547137369593729,2378.692574854381,2806.0489687426943,9,7,7,2
B_s2024,T24_FCCP_10uM_15,ok,92954.65625,71654.3125,65518.4453125,0.7708523208056078,0.9143684870676835,0.7048430703276363,2807.6951173918883,3976.3198587464067,37,12,11,29
B_s2024,T24_FCCP_10uM_18,ok,89367.75,68372.96875,66137.4921875,0.7650742997334049,0.967304673127858,0.7400599454221461,2830.7040235503073,3832.5498775060846,35,16,11,24
B_s2024,T24_FCCP_10uM_25,ok,54670.78125,52841.515625,49598.55859375,0.9665403423332276,0.9386286143973562,0.9072224222833838,2123.421381136561,2321.187411133795,13,8,7,5
B_s2024,T24_FCCP_10uM_28,ok,95548.265625,100813.765625,84581.28125,1.0551082739760616,0.8389854374115886,0.8852204767583922,3606.4509644819445,4109.449638081777,14,15,13,2
B_s2024,T24_FCCP_10uM_32,ok,86563.484375,70202.078125,63973.02734375,0.8109895140181619,0.9112697095638862,0.7390301788986876,2730.3533646696064,3689.7750452482464,36,13,10,27
B_s2024,T24_FCCP_10uM_50,ok,64716.71875,58430.25,52467.2890625,0.9028617508516684,0.8979473656624779,0.8107223307346682,2255.543994574775,2758.906780492264,19,9,9,9
B_s2024,T24_Staurosporine_100nM_10,ok,48704.70703125,43359.10546875,101585.28125,0.8902446624087043,2.342882311610766,2.085738472563251,4108.211280947978,2080.6851322064513,15,37,8,5
B_s2024,T24_Staurosporine_100nM_12,ok,62468.41796875,48626.44140625,46467.4140625,0.7784164060401771,0.955599725554408,0.743854503979042,1951.1809303824775,2683.1181819981866,32,13,8,23
B_s2024,T24_Staurosporine_100nM_28,ok,64519.765625,65950.75,58423.25,1.0221790076442177,0.8858617983874331,0.9055093339855882,2497.9588188593957,2763.8501057889002,13,12,10,4
B_s2024,T24_Staurosporine_100nM_30,ok,69288.546875,57021.78125,53837.78125,0.8229611360282983,0.9441616882145364,0.777008375527431,2292.7830474479447,2980.041665604388,19,13,10,8
B_s2024,T24_Staurosporine_100nM_34,ok,26413.22265625,28572.40625,24648.4140625,1.0817463140280266,0.8626649728704596,0.9331846546437073,1052.2911042608264,1136.0102180455463,4,4,4,0
B_s2024,T24_Staurosporine_100nM_41,ok,49712.31640625,39395.5,35208.65234375,0.7924696101074675,0.8937226927885165,0.7082480738983117,1488.6630553229293,2092.7907932788926,19,11,5,14
B_s2024,T24_Staurosporine_100nM_46,ok,63210.84765625,70634.8125,63431.109375,1.1174476394324377,0.8980148333373151,1.0034845556880967,2641.774612166916,2675.0033664419107,19,26,14,6
B_s2024,T24_rotenone_500nM_02,ok,72796.984375,68841.1328125,61565.3359375,0.945659128651234,0.8943103261415408,0.8457127237628104,2643.6789325232876,3086.5463629585224,17,14,10,9
B_s2024,T24_rotenone_500nM_09,ok,101903.6171875,93364.0546875,80116.5,0.9161996135594733,0.8581086186558515,0.7861987848045445,3432.4918343916793,4275.005297938266,16,10,8,8
B_s2024,T24_rotenone_500nM_10,ok,102998.2109375,81672.421875,73987.328125,0.792949907882957,0.9059034423913366,0.7183360511950639,3175.2312890466605,4388.174437959081,26,12,10,16
B_s2024,T24_rotenone_500nM_16,ok,92133.328125,92238.53125,78745.34375,1.0011418574270676,0.8537141982082461,0.8546890181060633,3377.993824979513,3925.127073790358,16,11,9,6
B_s2024,T24_rotenone_500nM_31,ok,105941.5078125,84791.65625,73022.515625,0.8003629361219594,0.8611993072726422,0.6892720061549293,3127.031389830477,4520.412486230071,32,14,11,19
B_s2024,T24_rotenone_500nM_40,ok,92684.203125,96567.203125,87429.328125,1.0418949493989083,0.9053728936503255,0.9433034452169489,3759.7575865307554,3966.7715895336255,21,17,14,5
B_s2024,T24_rotenone_500nM_43,ok,111245.296875,117101.921875,100492.1015625,1.0526460458510958,0.8581592851206141,0.9033379781926174,4320.749999273962,4784.565330326844,20,20,16,5
B1_s42,NCI_06,ok,242980.28125,220382.75,196208.0625,0.9069984974346555,0.8903058996223615,0.8075061132146911,8430.2064264433,10447.119796730985,47,39,35,16
B1_s42,NCI_08,ok,328910.1875,304948.28125,282025.25,0.9271475704898925,0.9248297739012097,0.8574536779892231,12129.665335619242,14107.507197252842,48,39,36,16
B1_s42,NCI_19,ok,124130.171875,105451.9140625,105536.890625,0.8495268512855267,1.0008058323384215,0.85021142749465,4539.052152204498,5325.992526596819,31,20,19,14
B1_s42,NCI_25,ok,197617.890625,207942.34375,183701.515625,1.052244526506923,0.883425243325411,0.9295793768672101,7885.850749215936,8499.377238297931,33,31,25,12
B1_s42,NCI_35,ok,140972.1875,117651.71875,117000.171875,0.8345739740329985,0.9944620709164098,0.8299521625497938,5032.077773653636,6051.156497514245,37,22,16,22
B1_s42,NCI_36,ok,119341.8046875,105032.890625,104503.59375,0.8801014103987425,0.9949606559254877,0.8756662765712795,4489.020841329026,5128.017831745776,41,23,22,24
B1_s42,NCI_41,ok,113844.3984375,109515.8984375,96803.2578125,0.9619788056381507,0.8839196791847074,0.8503119972621622,4156.003397836513,4885.681999758208,23,16,15,11
B1_s42,NCI_Blebbistatin_5uM_02,ok,214946.375,182878.6875,165401.0,0.8508107545428482,0.9044301567398333,0.7694989040871241,7112.588861087088,9244.660753867354,56,45,37,24
B1_s42,NCI_Blebbistatin_5uM_08,ok,415839.34375,378376.0625,364320.1875,0.9099092430452596,0.9628521029921125,0.8761080281980894,15642.082973492305,17884.895832197093,63,66,60,13
B1_s42,NCI_Blebbistatin_5uM_09,ok,284780.0625,286872.3125,249641.6875,1.0073468977485038,0.8702188277580813,0.8766122365044428,10735.422101883094,12244.850978367349,51,53,45,17
B1_s42,NCI_Blebbistatin_5uM_15,ok,208744.53125,200242.125,184005.53125,0.9592688431208901,0.9189151945426068,0.8814867155950942,7913.921104231823,8975.014029177188,33,30,24,10
B1_s42,NCI_Blebbistatin_5uM_16,ok,256063.75,238967.109375,214375.71875,0.933232874137788,0.897092990372956,0.8371966697746167,9220.116659460527,10982.698201616899,52,44,40,22
B1_s42,NCI_Blebbistatin_5uM_18,ok,59576.765625,63670.78125,56332.13671875,1.0687183263819553,0.8847407808232288,0.9455386865632655,2422.797196702965,2557.5259167393024,11,8,6,3
B1_s42,NCI_Blebbistatin_5uM_41,ok,85115.4765625,75885.4921875,71486.78125,0.8915592704433435,0.9420348895328827,0.8398799388441126,3056.882615327331,3660.744396930721,15,12,11,7
B1_s42,NCI_FCCP_10uM_14,ok,145658.703125,128330.625,122714.484375,0.8810364382406346,0.9562369416887044,0.8424795892195336,5277.845401133752,6252.211724602074,35,23,18,19
B1_s42,NCI_FCCP_10uM_21,ok,149540.8125,134301.0625,128967.90625,0.8980896937416333,0.9602895453637978,0.8624261436990655,5542.261491198215,6419.087190955035,29,19,19,15
B1_s42,NCI_FCCP_10uM_32,ok,207032.09375,179250.140625,171806.859375,0.8658084714220787,0.9584754509868324,0.8298561651144969,7388.277444504841,8889.231097745347,59,29,28,33
B1_s42,NCI_FCCP_10uM_37,ok,115663.03125,98366.5625,94914.375,0.8504581060770011,0.964904867952461,0.8206111665433289,4078.0735795344785,4954.264740126681,30,19,14,19
B1_s42,NCI_FCCP_10uM_42,ok,172523.09375,158231.625,155892.375,0.9171619958849712,0.9852162928870888,0.9036029415627147,6701.779836796779,7409.939117434339,33,28,25,11
B1_s42,NCI_FCCP_10uM_46,ok,92630.078125,82660.0234375,77400.796875,0.89236698392885,0.9363752108481248,0.8355903227302821,3328.820217040923,3977.0029164254997,18,13,11,7
B1_s42,NCI_FCCP_10uM_50,ok,97655.0625,89334.71875,79836.109375,0.9147986439515104,0.8936739320623875,0.8175317011854865,3433.683101705409,4181.60005216528,20,12,12,9
B1_s42,NCI_Staurosporine_100nM_05,ok,131926.34375,101630.484375,93612.5703125,0.7703577730281789,0.921107194245821,0.7095820868794448,4013.563164233146,5663.811120276574,37,20,15,21
B1_s42,NCI_Staurosporine_100nM_08,ok,100544.484375,102431.1640625,94567.953125,1.018764626416137,0.9232341933290719,0.9405583380614955,4066.7031697537514,4324.332857707012,16,15,12,3
B1_s42,NCI_Staurosporine_100nM_15,ok,90707.765625,91450.859375,83903.0625,1.0081921734581365,0.9174660913349126,0.9249821326970868,3607.870300511428,3879.6165943347423,14,14,12,5
B1_s42,NCI_Staurosporine_100nM_16,ok,116495.484375,98053.9765625,90390.46875,0.8416976596866482,0.921843987555005,0.7759139269212554,3887.617233123088,4987.764651018124,35,16,15,22
B1_s42,NCI_Staurosporine_100nM_29,ok,119660.7578125,100607.6875,88275.109375,0.8407742800496482,0.8774191273902404,0.7377114351333199,3785.5271857281496,5127.60419223046,28,11,11,19
B1_s42,NCI_Staurosporine_100nM_34,ok,114245.84375,101381.5078125,91460.890625,0.8873977773261446,0.9021456930207856,0.8005620828109994,3932.8470440207298,4913.616472614005,20,17,14,8
B1_s42,NCI_Staurosporine_100nM_50,ok,38124.328125,35253.98828125,33552.5078125,0.9247110707278858,0.9517365111948216,0.880081288317786,1443.0648637436423,1635.5218889597334,13,6,6,5
B1_s42,NCI_rotenone_500nM_01,ok,222627.203125,197425.625,186791.421875,0.8867991971724593,0.9461356491843448,0.8390323341129204,8033.480460283374,9574.190420278546,36,31,29,11
B1_s42,NCI_rotenone_500nM_11,ok,162441.1875,169738.8125,145889.515625,1.0449247208316548,0.8594941456009066,0.8981066801484692,6274.583792690731,6986.456677315503,17,17,15,2
B1_s42,NCI_rotenone_500nM_12,ok,70163.390625,68761.875,58330.5234375,0.9800249729593224,0.8482974531671802,0.8313526886016278,2508.7461736629325,3004.2479344893195,12,9,7,6
B1_s42,NCI_rotenone_500nM_17,ok,206175.15625,199127.953125,182775.0,0.9658193389874052,0.917877159543067,0.8865035115015222,7860.997197107296,8866.616378020235,33,26,24,9
B1_s42,NCI_rotenone_500nM_30,ok,189229.84375,161409.3125,157475.375,0.852980213381379,0.9756275679570843,0.8321910110967895,6765.420397055451,8130.107423094847,44,28,24,23
B1_s42,NCI_rotenone_500nM_33,ok,195512.53125,190644.609375,164063.28125,0.9751017398021642,0.8605713100824465,0.8391445816852212,7054.8783420698255,8408.827025333343,26,26,24,5
B1_s42,NCI_rotenone_500nM_47,ok,83984.0703125,95610.859375,82314.421875,1.1384404092256706,0.8609317227465826,0.9801194627589812,3538.395765420626,3612.0833857751813,13,12,8,4
B1_s42,SNU_07,ok,50064.5078125,54658.39453125,50994.21875,1.091759350475488,0.9329622501232621,1.0185702602127225,2193.205394273468,2153.231981752076,9,9,9,1
B1_s42,SNU_08,ok,76268.59375,72395.625,70473.0625,0.949219350199439,0.9734436645860851,0.9240115627541644,3028.4165611814865,3280.2472901127408,22,23,16,5
B1_s42,SNU_09,ok,57930.34375,54062.0234375,48877.4140625,0.9332246269900651,0.9040988656113876,0.8437273266223282,2099.5352382383453,2491.534831958028,18,12,11,8
B1_s42,SNU_100,ok,46063.9921875,44335.5078125,40569.2734375,0.9624764530185674,0.9150515115124463,0.8807155331297782,1739.1712936235313,1978.951673021982,13,11,9,4
B1_s42,SNU_20,ok,79441.34375,79981.828125,71613.1328125,1.006803565366428,0.8953675414942887,0.901459233089823,3075.038143559979,3414.5368313267136,22,17,15,10
B1_s42,SNU_23,ok,69499.984375,64505.4296875,56450.60546875,0.9281358876204784,0.8751295161078373,0.8122391102156273,2427.514172048498,2973.135662017885,20,14,11,11
B1_s42,SNU_40,ok,67042.296875,57529.71484375,54120.796875,0.8581107379273393,0.9407450918536867,0.8072634649720897,2323.5952179674196,2844.4518182272163,40,19,17,27
B1_s42,SNU_61,ok,29756.234375,29121.564453125,26987.458984375,0.9786710269224044,0.9267173481635878,0.9069514187940657,1160.707686110838,1277.5168139653858,11,6,6,5
B1_s42,SNU_64,ok,125773.15625,100034.390625,110338.703125,0.7953556514568266,1.103007700008169,0.8772834078018933,4738.342350405842,5409.329774058501,64,50,34,20
B1_s42,SNU_65,ok,83071.703125,71739.75,67952.1484375,0.8635882894088672,0.9472035857038811,0.81799392429996,2922.1502713817135,3560.7055661901363,29,23,14,14
B1_s42,SNU_67,ok,67180.078125,51809.6171875,53002.2578125,0.7712050749792129,1.0230196764566666,0.7889579662869736,2277.197767355792,2877.2036648597677,27,13,13,17
B1_s42,SNU_74,ok,53852.21484375,45394.84375,46603.609375,0.8429522143464532,1.0266278177243424,0.8653981922604013,2002.490005944159,2311.6909457107245,23,11,8,13
B1_s42,SNU_76,ok,76091.515625,67690.3671875,61748.234375,0.889591521886577,0.9122159760776523,0.811499598448168,2652.3057148457888,3271.2111044818025,18,16,13,8
B1_s42,SNU_95,ok,73439.484375,66983.3984375,63425.12890625,0.9120897158736349,0.946878336808036,0.8636379931861415,2724.883982542959,3158.5695267687065,21,19,18,7
B1_s42,SNU_97,ok,60369.75,57556.1484375,53172.28125,0.9533938510181009,0.9238332079801965,0.8807768998546458,2281.3721971497203,2572.138933866408,24,14,12,11
B1_s42,SNU_FCCP_10uM_01,ok,93132.0,83711.421875,82243.09375,0.8988470329747026,0.9824596441905796,0.8830809361980845,3537.2055527288107,3984.6667600319656,28,19,16,15
B1_s42,SNU_FCCP_10uM_05,ok,125489.1875,119452.5390625,112707.21875,0.9518950711390971,0.9435313776882489,0.8981428678865261,4847.441639488086,5380.3997912730765,37,30,28,17
B1_s42,SNU_FCCP_10uM_08,ok,72968.21875,67813.5078125,56797.24609375,0.9293567661948716,0.8375506285678473,0.7783833436902967,2432.5806807285935,3123.0225993350773,23,15,12,15
B1_s42,SNU_FCCP_10uM_28,ok,98874.59375,85050.515625,80630.2890625,0.86018574033332,0.9480282214632371,0.8154803575362352,3467.8400702690947,4196.532771330281,42,24,23,23
B1_s42,SNU_FCCP_10uM_36,ok,92784.015625,85601.703125,80075.140625,0.9225910578280169,0.9354386385054766,0.8630273230319676,3436.4742009314064,3933.2716031714153,33,22,19,16
B1_s42,SNU_FCCP_10uM_46,ok,82771.359375,78588.265625,72868.25,0.9494620629456105,0.9272153981321559,0.8803558447054923,3133.151266954105,3559.9259479323196,31,24,22,13
B1_s42,SNU_FCCP_10uM_50,ok,59817.48046875,52051.56640625,47708.1484375,0.8701731667458463,0.9165554801012007,0.7975619846179214,2051.8868977519705,2568.517812411514,15,11,11,6
B1_s42,SNU_Rotenone_500nM_03,ok,96090.9765625,97586.8125,88198.421875,1.0155668720519984,0.9037944740228092,0.9178637269612253,3793.338963847824,4132.791215436943,20,17,15,4
B1_s42,SNU_Rotenone_500nM_13,ok,114273.34375,100225.28125,100064.96875,0.8770661464957789,0.9984004784222045,0.875663260269305,4303.563251850867,4908.088827056389,35,29,25,10
B1_s42,SNU_Rotenone_500nM_15,ok,44209.6328125,37378.5,32574.021484375,0.8454831588067716,0.8714641166546276,0.7368082341359076,1400.8974740678657,1885.1827933503673,9,6,6,4
B1_s42,SNU_Rotenone_500nM_23,ok,63206.0234375,57015.1953125,47681.2265625,0.9020531938522968,0.836289804869727,0.7543778894688513,2037.1237187396741,2694.5844153692083,16,7,6,10
B1_s42,SNU_Rotenone_500nM_25,ok,76585.46875,61611.140625,58812.5390625,0.8044755960966812,0.9545763715115443,0.7679333954915566,2529.4771371746037,3285.3284854038043,33,14,14,19
B1_s42,SNU_Rotenone_500nM_30,ok,141975.15625,113436.1875,115737.0,0.7989861782596207,1.0202828793060417,0.815191918480456,4977.749673216522,6106.23109569967,52,38,35,24
B1_s42,SNU_Rotenone_500nM_31,ok,101669.796875,94247.640625,90099.203125,0.9269974320975056,0.9559836461423354,0.8861943851011554,3853.492153911033,4370.9626224290205,33,32,26,10
B1_s42,SNU_blebbistatin_07,ok,105175.84375,102317.375,91092.109375,0.9728220031512702,0.8902897418449213,0.8660934500466035,3901.613870664291,4510.581547499626,27,24,22,9
B1_s42,SNU_blebbistatin_13,ok,114327.046875,100127.375,99983.078125,0.8757977900843946,0.9985588668932946,0.8745356488943247,4295.013470709744,4915.14445176364,49,49,40,17
B1_s42,SNU_blebbistatin_16,ok,98752.015625,82152.09375,79734.0,0.8319029564111745,0.9705656467215724,0.8074164308987997,3418.872235669592,4239.020551796719,39,26,24,20
B1_s42,SNU_blebbistatin_22,ok,69039.6640625,48503.3515625,47491.67578125,0.702543273075475,0.9791421469102731,0.6878897286964909,2038.258163785921,2968.2532580357,28,11,11,18
B1_s42,SNU_blebbistatin_35,ok,80870.03125,63944.49609375,61914.765625,0.7907069541753144,0.9682579331648156,0.7656082811888366,2658.06491783733,3458.400852374863,42,20,17,22
B1_s42,SNU_blebbistatin_46,ok,79734.1875,67122.78125,68643.453125,0.8418318835944745,1.022655078449986,0.8609036509590068,2941.3439190256568,3421.2640696078975,28,24,20,10
B1_s42,SNU_blebbistatin_47,ok,78538.4609375,59995.82421875,56465.7734375,0.7639037422250226,0.9411617253831012,0.71895696405911,2412.237484697558,3376.83044345737,28,13,12,14
B1_s42,SNU_staurosporine_05,ok,116480.09375,100607.09375,96422.7421875,0.8637277882513723,0.9584089808528039,0.8278044692722442,4109.084522331074,4969.514179249936,59,39,30,20
B1_s42,SNU_staurosporine_08,ok,112406.1015625,77371.515625,80444.21875,0.6883213148530013,1.0397136219987289,0.7156570473647414,3445.4773730244415,4816.579543416561,38,22,17,21
B1_s42,SNU_staurosporine_21,ok,59310.1796875,56229.06640625,56562.47265625,0.94805085235816,1.0059294288756488,0.953672252457716,2403.7048177009815,2531.6130864980596,30,26,19,7
B1_s42,SNU_staurosporine_22,ok,64578.6484375,60234.44140625,57793.1484375,0.9327299790819503,0.9594701484440646,0.8949265714879882,2473.0360193702013,2767.135097517186,27,20,15,10
B1_s42,SNU_staurosporine_40,ok,83434.09375,76908.328125,72054.7421875,0.9217853837478759,0.9368912827020318,0.863612690555532,3084.8557738412605,3565.70347128812,33,28,21,10
B1_s42,SNU_staurosporine_43,ok,54756.0703125,46322.41015625,47466.78515625,0.8459776220587415,1.024704565158417,0.8668771313454544,2025.0296571957574,2342.285877241162,31,13,12,21
B1_s42,SNU_staurosporine_49,ok,43532.984375,30844.841796875,29324.626953125,0.7085395646476397,0.9507141306231625,0.6736185762160948,1257.2809111121987,1855.472151466829,26,11,9,15
B1_s42,T24_11,ok,98672.9375,86039.6875,87514.21875,0.8719684411949326,1.017137803411943,0.8869120649215495,3763.9122456091895,4243.838960179227,22,21,16,7
B1_s42,T24_16,ok,77226.6953125,70929.40625,68684.078125,0.9184570952179445,0.9683441855260138,0.8893825878094089,2954.043617056072,3281.2807191800266,15,10,10,5
B1_s42,T24_17,ok,32479.625,32257.3203125,35640.484375,0.9931555648348772,1.1048805055635385,1.0973182225780007,1532.8669133529434,1396.9210519993899,8,7,6,2
B1_s42,T24_29,ok,102308.5625,96928.015625,91991.8125,0.9474086357630135,0.9490735150908544,0.899160444171034,3955.9816693803295,4387.896569038373,24,20,18,10
B1_s42,T24_31,ok,98545.8203125,84315.3359375,85273.9140625,0.8555952517329145,1.0113689652581181,0.8653224844248769,3667.4248663066555,4230.862741201603,30,18,12,17
B1_s42,T24_41,ok,101718.78125,74098.5625,68871.1484375,0.7284649067696138,0.9294532324766759,0.677074062342838,2955.6885253596406,4367.628719082011,58,20,16,41
B1_s42,T24_48,ok,86433.859375,62044.35546875,61328.734375,0.7178246571122754,0.9884659758596341,0.7095452501885925,2637.6967705149505,3707.9344933668285,33,18,16,15
B1_s42,T24_Blebbistatin_5uM_02,ok,120402.46875,105727.453125,93597.609375,0.8781169873229863,0.885272524860132,0.7773728424899925,4025.553456099563,5169.703231643386,31,25,20,11
B1_s42,T24_Blebbistatin_5uM_03,ok,60845.33984375,63909.95703125,53947.36328125,1.0503673279723622,0.8441151549338611,0.8866309797888563,2309.3678912342293,2607.4337600674758,13,12,11,5
B1_s42,T24_Blebbistatin_5uM_10,ok,58338.59375,57699.5625,52101.06640625,0.9890461663724968,0.9029716023626696,0.8930806016600289,2240.8224649247572,2479.818793634518,12,10,10,2
B1_s42,T24_Blebbistatin_5uM_13,ok,113723.65625,98879.1328125,88751.375,0.869468464812043,0.8975743665581614,0.7804126065459666,3809.3842323493272,4866.604535748287,42,21,20,23
B1_s42,T24_Blebbistatin_5uM_15,ok,83500.234375,71698.953125,64559.9453125,0.8586676871228842,0.900430794295506,0.7731708275519437,2772.3405012815833,3582.598043158436,26,15,15,14
B1_s42,T24_Blebbistatin_5uM_20,ok,107356.359375,89173.359375,85734.671875,0.8306295024732903,0.9614381747631676,0.7985989127623582,3679.480735049354,4583.804331924747,39,22,19,23
B1_s42,T24_Blebbistatin_5uM_44,ok,118133.5625,89287.875,89991.5625,0.75582140342208,1.0078811092771556,0.7617781144964624,3869.76321256744,5047.356485589894,39,19,17,23
B1_s42,T24_FCCP_10uM_02,ok,65243.0703125,60532.90234375,53906.265625,0.9278058505495016,0.8905283496714048,0.8262374129053217,2318.462567364702,2806.0489687426943,9,7,7,2
B1_s42,T24_FCCP_10uM_15,ok,92954.65625,70457.390625,63318.9375,0.7579759150042578,0.8986841116073478,0.681180911795368,2719.46991458102,3976.3198587464067,37,11,10,29
B1_s42,T24_FCCP_10uM_18,ok,89367.75,66717.171875,63838.66015625,0.746546398169362,0.9568550099194384,0.7143366612256659,2743.3660327456328,3832.5498775060846,35,14,11,24
B1_s42,T24_FCCP_10uM_25,ok,54670.78125,52488.1015625,48245.84375,0.9600759375008932,0.919176771759433,0.882479500875982,2075.012610342298,2321.187411133795,13,8,7,5
B1_s42,T24_FCCP_10uM_28,ok,95548.265625,99068.5703125,83562.203125,1.0368432086597594,0.8434784398463911,0.8745548920056601,3593.6459407637235,4109.449638081777,14,15,13,2
B1_s42,T24_FCCP_10uM_32,ok,86563.484375,67737.8828125,59250.82421875,0.7825225994722442,0.8747073536791462,0.6844782721784933,2548.233751334724,3689.7750452482464,36,11,10,27
B1_s42,T24_FCCP_10uM_50,ok,64716.71875,57306.72265625,51809.625,0.8855010538718019,0.9040758675169068,0.8005601334662845,2228.287776176044,2758.906780492264,19,9,9,9
B1_s42,T24_Staurosporine_100nM_10,ok,48704.70703125,35814.09375,59831.609375,0.7353312633011199,1.6706163163768453,1.2284564064128491,2540.5929309056096,2080.6851322064513,15,15,5,5
B1_s42,T24_Staurosporine_100nM_12,ok,62468.41796875,46161.97265625,44277.7578125,0.7389649707367755,0.9591825319558805,0.7088022916580035,1900.163976559637,2683.1181819981866,32,9,8,23
B1_s42,T24_Staurosporine_100nM_28,ok,64519.765625,64465.0859375,54702.2890625,0.9991525126142303,0.84855683145346,0.8478376902426945,2349.9185251707736,2763.8501057889002,13,10,10,4
B1_s42,T24_Staurosporine_100nM_30,ok,69288.546875,55441.390625,50751.84375,0.800152306917607,0.9154143353524513,0.7324708922177119,2170.6730748426717,2980.041665604388,19,12,9,8
B1_s42,T24_Staurosporine_100nM_34,ok,26413.22265625,28193.828125,23922.08984375,1.0674134122868444,0.8484867587930648,0.9056861464835099,1028.8686957470018,1136.0102180455463,4,4,4,0
B1_s42,T24_Staurosporine_100nM_41,ok,49712.31640625,38306.671875,33499.9765625,0.770567027332968,0.8745206754534846,0.6738767972254109,1419.9843850488223,2092.7907932788926,19,7,5,14
B1_s42,T24_Staurosporine_100nM_46,ok,63210.84765625,66363.75,57615.90625,1.0498791340514202,0.8681834020832156,0.9114876383769425,2463.4857452601273,2675.0033664419107,19,19,13,6
B1_s42,T24_rotenone_500nM_02,ok,72796.984375,67648.7578125,61835.9453125,0.9292796726856174,0.9140736254742298,0.8494300394912478,2657.1042458693305,3086.5463629585224,17,13,11,9
B1_s42,T24_rotenone_500nM_09,ok,101903.6171875,92252.328125,78649.90625,0.9052900247422829,0.8525519935218437,0.7718068153094725,3375.2840228621185,4275.005297938266,16,9,8,8
B1_s42,T24_rotenone_500nM_10,ok,102998.2109375,81014.625,73728.875,0.786563419525415,0.9100687067304206,0.7158267539689517,3171.0159199719174,4388.174437959081,26,11,10,16
B1_s42,T24_rotenone_500nM_16,ok,92133.328125,90824.140625,76234.625,0.9857902940592379,0.8393652224551396,0.8274380894671496,3278.7864300680753,3925.127073790358,16,11,10,6
B1_s42,T24_rotenone_500nM_31,ok,105941.5078125,80159.171875,64661.015625,0.7566361243118163,0.8066577300203677,0.6103463784887784,2781.0150979435034,4520.412486230071,32,15,12,19
B1_s42,T24_rotenone_500nM_40,ok,92684.203125,93650.5859375,88044.25,1.0104266183439767,0.94013560212809,0.9499380372430645,3786.7080735146874,3966.7715895336255,21,17,14,5
B1_s42,T24_rotenone_500nM_43,ok,111245.296875,114839.3515625,96787.421875,1.0323074753581576,0.8428071088709044,0.8700360787724313,4162.744764245001,4784.565330326844,20,21,15,5
B1_s1337,NCI_06,ok,242980.28125,220706.9375,195808.28125,0.9083327106404854,0.8871867983307049,0.8058607893721829,8412.455565236352,10447.119796730985,47,39,35,16
B1_s1337,NCI_08,ok,328910.1875,303075.75,280837.84375,0.9214544319944483,0.9266259136535998,0.8538435549370146,12078.596287280176,14107.507197252842,48,39,36,16
B1_s1337,NCI_19,ok,124130.171875,105998.1328125,101531.0625,0.8539272218138947,0.9578570848941104,0.8179402393983836,4366.764669381886,5325.992526596819,31,20,19,14
B1_s1337,NCI_25,ok,197617.890625,208129.203125,185037.265625,1.053190085506713,0.8890499884048888,0.936338633307887,7951.805077765606,8499.377238297931,33,32,26,12
B1_s1337,NCI_35,ok,140972.1875,116178.671875,115390.4140625,0.8241247719519142,0.9932151246026628,0.8185331880623616,4959.456735689252,6051.156497514245,37,21,17,22
B1_s1337,NCI_36,ok,119341.8046875,105654.890625,104757.1484375,0.8853133309125031,0.9915030702110482,0.8777908856985166,4500.668865398663,5128.017831745776,41,23,22,24
B1_s1337,NCI_41,ok,113844.3984375,109694.578125,96866.8046875,0.9635483135801518,0.8830591843574767,0.8508701878791111,4160.414460637412,4885.681999758208,23,16,15,11
B1_s1337,NCI_Blebbistatin_5uM_02,ok,214946.375,184557.59375,165545.6875,0.8586215689843572,0.8969865944624671,0.7701720370952988,7119.978928257136,9244.660753867354,56,46,39,24
B1_s1337,NCI_Blebbistatin_5uM_08,ok,415839.34375,373866.84375,360504.5625,0.8990655871532117,0.9642592503898656,0.8669323091196803,15494.789002328567,17884.895832197093,63,67,60,13
B1_s1337,NCI_Blebbistatin_5uM_09,ok,284780.0625,287064.46875,249743.984375,1.0080216509187683,0.8699926725954307,0.8769714501168775,10738.183050866402,12244.850978367349,51,52,46,17
B1_s1337,NCI_Blebbistatin_5uM_15,ok,208744.53125,202179.96875,186289.109375,0.9685521701541582,0.9214024046336192,0.8924262985931518,8012.1363223964,8975.014029177188,33,30,24,10
B1_s1337,NCI_Blebbistatin_5uM_16,ok,256063.75,239672.546875,213758.40625,0.9359878033302254,0.891876892189428,0.834785893161371,9185.733362602574,10982.698201616899,52,43,39,22
B1_s1337,NCI_Blebbistatin_5uM_18,ok,59576.765625,63590.4609375,58025.4609375,1.0673701445587664,0.9124868743211412,0.9739612469521335,2495.3737594171025,2557.5259167393024,11,8,6,3
B1_s1337,NCI_Blebbistatin_5uM_41,ok,85115.4765625,75573.4609375,71243.828125,0.8878932949638915,0.9427096131526826,0.8370255446162709,3064.05760394104,3660.744396930721,15,12,11,7
B1_s1337,NCI_FCCP_10uM_14,ok,145658.703125,128102.2734375,120777.53125,0.8794687216703173,0.9428211382128696,0.829181701187826,5194.5387843025865,6252.211724602074,35,24,18,19
B1_s1337,NCI_FCCP_10uM_21,ok,149540.8125,134358.078125,127246.515625,0.8984709650751697,0.947070078708749,0.8509149676112666,5470.861070143864,6419.087190955035,29,19,19,15
B1_s1337,NCI_FCCP_10uM_32,ok,207032.09375,182106.46875,170816.71875,0.8796050189682246,0.9380046734336558,0.8250736185678942,7346.597925420531,8889.231097745347,59,31,28,33
B1_s1337,NCI_FCCP_10uM_37,ok,115663.03125,99519.796875,97152.34375,0.860428745463992,0.9762112343539688,0.8399602076830405,4174.78056957689,4954.264740126681,30,19,14,19
B1_s1337,NCI_FCCP_10uM_42,ok,172523.09375,158650.15625,157939.65625,0.919587939223354,0.9955215928128025,0.915469649987076,6792.850380657214,7409.939117434339,33,28,24,11
B1_s1337,NCI_FCCP_10uM_46,ok,92630.078125,82575.78125,77797.5703125,0.8914575364879624,0.9421354437685081,0.8398737417398675,3345.7959252343,3977.0029164254997,18,12,11,7
B1_s1337,NCI_FCCP_10uM_50,ok,97655.0625,89018.578125,80189.40625,0.9115613245857069,0.9008165254830057,0.821149505177983,3448.8782215655247,4181.60005216528,20,12,11,9
B1_s1337,NCI_Staurosporine_100nM_05,ok,131926.34375,101702.265625,93258.296875,0.7709018739860286,0.9169736416577494,0.7068966987497521,3997.5265033365154,5663.811120276574,37,21,15,21
B1_s1337,NCI_Staurosporine_100nM_08,ok,100544.484375,102798.015625,96230.28125,1.0224132757158018,0.9361103000377105,0.9570915982928576,4135.004325414784,4324.332857707012,16,15,12,3
B1_s1337,NCI_Staurosporine_100nM_15,ok,90707.765625,91368.2109375,84207.125,1.00728102283139,0.9216238792023792,0.9283342437088059,3619.030467114947,3879.6165943347423,14,15,12,5
B1_s1337,NCI_Staurosporine_100nM_16,ok,116495.484375,98205.625,91348.5859375,0.8429994134697549,0.9301767178560291,0.7841384275758543,3928.824811935892,4987.764651018124,35,19,15,22
B1_s1337,NCI_Staurosporine_100nM_29,ok,119660.7578125,100995.34375,86594.734375,0.8440139072848979,0.8574131356922086,0.7236686108129773,3721.321814073248,5127.60419223046,28,12,11,19
B1_s1337,NCI_Staurosporine_100nM_34,ok,114245.84375,102132.265625,93427.7734375,0.8939692007395236,0.9147723578417386,0.8177783135983886,4013.0517913890326,4913.616472614005,20,18,13,8
B1_s1337,NCI_Staurosporine_100nM_50,ok,38124.328125,34990.65625,32928.28125,0.9178038793306603,0.9410592649287622,0.8637078440316777,1416.2173070710444,1635.5218889597334,13,6,6,5
B1_s1337,NCI_rotenone_500nM_01,ok,222627.203125,197415.65625,187476.171875,0.8867544194010994,0.9496519953695415,0.8421081037870133,8055.645108457721,9574.190420278546,36,31,28,11
B1_s1337,NCI_rotenone_500nM_11,ok,162441.1875,169441.3125,148199.109375,1.0430932887633564,0.8746338610603007,0.9123247105971816,6373.917642479248,6986.456677315503,17,17,15,2
B1_s1337,NCI_rotenone_500nM_12,ok,70163.390625,68979.765625,61336.0625,0.9831304475246061,0.8891891983722582,0.8741889745297639,2638.0118734300218,3004.2479344893195,12,9,7,6
B1_s1337,NCI_rotenone_500nM_17,ok,206175.15625,199166.15625,182410.8125,0.9660046334995805,0.9158725354473973,0.8847371129371946,7845.333629549415,8866.616378020235,33,26,24,9
B1_s1337,NCI_rotenone_500nM_30,ok,189229.84375,162019.96875,154934.625,0.8562072743877114,0.9562687006752061,0.8187642177873965,6663.538404841788,8130.107423094847,44,29,25,23
B1_s1337,NCI_rotenone_500nM_33,ok,195512.53125,190264.40625,163011.78125,0.9731570914332377,0.8567644598528266,0.8337664097937456,7007.739874200001,8408.827025333343,26,26,24,5
B1_s1337,NCI_rotenone_500nM_47,ok,83984.0703125,95912.375,85997.2578125,1.142030561785294,0.8966231710193809,1.0239710637089754,3698.1279677883567,3612.0833857751813,13,12,7,4
B1_s1337,SNU_07,ok,50064.5078125,54863.2265625,51542.44140625,1.0958507126040669,0.9394715665789912,1.0295205857068466,2216.7965842947356,2153.231981752076,9,10,8,1
B1_s1337,SNU_08,ok,76268.59375,73129.4453125,70789.3671875,0.9588408769173091,0.9680008768697714,0.9281588096345358,3040.1133511784556,3280.2472901127408,22,19,17,5
B1_s1337,SNU_09,ok,57930.34375,54364.08203125,49079.296875,0.9384387958383209,0.9027890298375284,0.8472122500567761,2110.4388344274494,2491.534831958028,18,13,11,8
B1_s1337,SNU_100,ok,46063.9921875,44947.6328125,40571.5859375,0.9757650320350885,0.9026412159845042,0.8807657350313108,1738.3281670446738,1978.951673021982,13,9,7,4
B1_s1337,SNU_20,ok,79441.34375,80739.15625,70699.8125,1.0163367390169555,0.8756570638549371,0.8899624447754888,3036.772189512607,3414.5368313267136,22,18,14,10
B1_s1337,SNU_23,ok,69499.984375,65542.9296875,57843.546875,0.943063948530564,0.8825291629591531,0.8322814371136324,2483.6878083345964,2973.135662017885,20,14,11,11
B1_s1337,SNU_40,ok,67042.296875,57793.2421875,55041.91015625,0.8620415003867661,0.9523935337919996,0.8210027508287095,2367.3057144155746,2844.4518182272163,40,19,13,27
B1_s1337,SNU_61,ok,29756.234375,29393.943359375,27279.19921875,0.9878247021763822,0.9280551059526174,0.9167557586409151,1173.2550381977353,1277.5168139653858,11,6,6,5
B1_s1337,SNU_64,ok,125773.15625,103473.6796875,109874.71875,0.8227008272085086,1.0618615195848038,0.873594350543302,4717.605048006135,5409.329774058501,64,49,38,20
B1_s1337,SNU_65,ok,83071.703125,73297.5,67729.0625,0.8823401620851263,0.9240296394829292,0.8153084618728286,2906.9921466345813,3560.7055661901363,29,21,15,14
B1_s1337,SNU_67,ok,67180.078125,52211.7421875,53662.46484375,0.77719085247789,1.027785371555698,0.7987853890836778,2307.976819990829,2877.2036648597677,27,14,13,17
B1_s1337,SNU_74,ok,53852.21484375,45960.6953125,46569.0078125,0.8534597034839343,1.0132354938467294,0.8647556641378275,1999.157816767929,2311.6909457107245,23,12,9,13
B1_s1337,SNU_76,ok,76091.515625,68687.796875,61374.33203125,0.9026998123353519,0.8935259947693583,0.8065857477950584,2634.601920489549,3271.2111044818025,18,15,12,8
B1_s1337,SNU_95,ok,73439.484375,69307.953125,64176.33984375,0.9437423712167777,0.9259592434941066,0.8738669721052218,2759.104194295604,3158.5695267687065,21,20,19,7
B1_s1337,SNU_97,ok,60369.75,58161.0703125,53752.125,0.963414132284795,0.9241942197966665,0.8903817723280285,2304.9343683335164,2572.138933866408,24,14,13,11
B1_s1337,SNU_FCCP_10uM_01,ok,93132.0,84242.265625,83717.265625,0.9045469400957781,0.9937679738774239,0.8989097799360048,3595.280310723358,3984.6667600319656,28,19,17,15
B1_s1337,SNU_FCCP_10uM_05,ok,125489.1875,120637.890625,112806.6484375,0.9613409173200679,0.9350847221637584,0.8989352045768884,4849.726248500366,5380.3997912730765,37,32,28,17
B1_s1337,SNU_FCCP_10uM_08,ok,72968.21875,68017.3515625,57693.4765625,0.9321503625508194,0.8482170392871947,0.7906658206933412,2469.9433612783373,3123.0225993350773,23,14,12,15
B1_s1337,SNU_FCCP_10uM_28,ok,98874.59375,85238.8203125,79999.28125,0.8620902203454059,0.9385310701944143,0.8090984571049122,3432.498271063575,4196.532771330281,42,24,23,23
B1_s1337,SNU_FCCP_10uM_36,ok,92784.015625,86585.7890625,80061.6640625,0.9331972590241079,0.9246513189908022,0.8628820764352426,3437.780718010471,3933.2716031714153,33,21,18,16
B1_s1337,SNU_FCCP_10uM_46,ok,82771.359375,78719.234375,71591.265625,0.9510443584520385,0.9094507358132572,0.8649279915852536,3075.464829673717,3559.9259479323196,31,24,18,13
B1_s1337,SNU_FCCP_10uM_50,ok,59817.48046875,52045.515625,46860.8203125,0.8700720126818071,0.9003815170195079,0.783396758694662,2015.4439630147617,2568.517812411514,15,11,11,6
B1_s1337,SNU_Rotenone_500nM_03,ok,96090.9765625,97565.1796875,88229.9609375,1.015341743603169,0.9043181309161672,0.91819194781638,3794.695542326317,4132.791215436943,20,18,17,4
B1_s1337,SNU_Rotenone_500nM_13,ok,114273.34375,101839.578125,101614.609375,0.8911927732490107,0.997790949705979,0.8892240835912356,4361.691403771341,4908.088827056389,35,29,24,10
B1_s1337,SNU_Rotenone_500nM_15,ok,44209.6328125,37955.59375,33337.32421875,0.8585367336339489,0.878324402941266,0.754073763972183,1433.8099730220133,1885.1827933503673,9,6,6,4
B1_s1337,SNU_Rotenone_500nM_23,ok,63206.0234375,57322.1953125,49048.0234375,0.9069103258676271,0.8556550071068948,0.7760023613255808,2103.9590273791105,2694.5844153692083,16,7,6,10
B1_s1337,SNU_Rotenone_500nM_25,ok,76585.46875,61570.3203125,59050.671875,0.8039425927323843,0.9590768989878317,0.7710427688020125,2537.498185883012,3285.3284854038043,33,14,13,19
B1_s1337,SNU_Rotenone_500nM_30,ok,141975.15625,114681.578125,116484.8046875,0.80775806946858,1.015723768298118,0.8204590701938389,5005.611168467148,6106.23109569967,52,38,35,24
B1_s1337,SNU_Rotenone_500nM_31,ok,101669.796875,97431.1328125,93522.4296875,0.9583095059419533,0.9598824009105791,0.919864429378993,3999.1313031939567,4370.9626224290205,33,31,26,10
B1_s1337,SNU_blebbistatin_07,ok,105175.84375,103007.09375,91122.75,0.9793797708421046,0.8846259678110762,0.8663847776357867,3917.588670471374,4510.581547499626,27,25,23,9
B1_s1337,SNU_blebbistatin_13,ok,114327.046875,103192.390625,102741.171875,0.9026069809869739,0.9956274028805115,0.8986602443018801,4418.584019852111,4915.14445176364,49,47,40,17
B1_s1337,SNU_blebbistatin_16,ok,98752.015625,83115.21875,80114.78125,0.8416559218965309,0.9639002634520528,0.8112723648520466,3422.7727328354354,4239.020551796719,39,25,22,20
B1_s1337,SNU_blebbistatin_22,ok,69039.6640625,49492.578125,49368.69921875,0.7168716533758843,0.9974970205444313,0.715077338355205,2123.305738923245,2968.2532580357,28,11,11,18
B1_s1337,SNU_blebbistatin_35,ok,80870.03125,64546.703125,61620.8359375,0.7981535573476114,0.9546705401539438,0.7619736877188359,2643.7425642226217,3458.400852374863,42,20,17,22
B1_s1337,SNU_blebbistatin_46,ok,79734.1875,66208.15625,63628.0234375,0.8303609571490272,0.9610299854483563,0.7980017785658128,2722.282666041508,3421.2640696078975,28,23,20,10
B1_s1337,SNU_blebbistatin_47,ok,78538.4609375,59830.12890625,54815.7265625,0.7617940075737176,0.9161893441411894,0.6979475521696525,2352.1562576499277,3376.83044345737,28,16,12,14
B1_s1337,SNU_staurosporine_05,ok,116480.09375,101069.75,98495.1015625,0.8676997652227594,0.9745260234887293,0.8455960017846397,4185.110223719671,4969.514179249936,59,38,31,20
B1_s1337,SNU_staurosporine_08,ok,112406.1015625,78427.90625,81807.640625,0.6977192977944577,1.0430935178127365,0.7277864767822532,3506.6714463696326,4816.579543416561,38,22,14,21
B1_s1337,SNU_staurosporine_21,ok,59310.1796875,56003.203125,55186.3046875,0.9442426817803594,0.9854133622379301,0.9304693558217438,2357.0034863489795,2531.6130864980596,30,28,20,7
B1_s1337,SNU_staurosporine_22,ok,64578.6484375,61061.671875,58419.80078125,0.94553963813746,0.9567343799698409,0.9046302794303506,2496.256894689423,2767.135097517186,27,22,15,10
B1_s1337,SNU_staurosporine_40,ok,83434.09375,78601.390625,74293.703125,0.9420775979244096,0.9451957851413649,0.8904477748342535,3186.389667321172,3565.70347128812,33,29,22,10
B1_s1337,SNU_staurosporine_43,ok,54756.0703125,46292.95703125,45898.18359375,0.8454397250761438,0.9914722786614494,0.8382300506921536,1960.472697760802,2342.285877241162,31,13,11,21
B1_s1337,SNU_staurosporine_49,ok,43532.984375,32762.62109375,30278.1015625,0.7525930409807793,0.9241660328659125,0.6955209250457,1295.6561245149278,1855.472151466829,26,11,9,15
B1_s1337,T24_11,ok,98672.9375,82060.4453125,82707.171875,0.8316408469394154,1.0078810998409424,0.8381950914859507,3553.6594396427904,4243.838960179227,22,19,16,7
B1_s1337,T24_16,ok,77226.6953125,68983.125,63025.671875,0.8932549129657541,0.9136389787357415,0.8161125064327153,2708.6962593620915,3281.2807191800266,15,10,10,5
B1_s1337,T24_17,ok,32479.625,30362.154296875,33546.5,0.9348061837806009,1.1048787800756532,1.032847515942687,1442.8064347795937,1396.9210519993899,8,6,6,2
B1_s1337,T24_29,ok,102308.5625,95820.0,87987.5546875,0.9365784999667061,0.9182587631757462,0.8600214149964232,3782.520990882855,4387.896569038373,24,20,18,10
B1_s1337,T24_31,ok,98545.8203125,79061.59375,75145.21875,0.8022825676349001,0.95046425433335,0.7625409024117509,3231.7643879949924,4230.862741201603,30,17,12,17
B1_s1337,T24_41,ok,101718.78125,75481.25,69774.375,0.7420581437609389,0.9243934752007948,0.6859537063122254,2984.7502958520586,4367.628719082011,58,19,17,41
B1_s1337,T24_48,ok,86433.859375,62939.09375,61852.1796875,0.7281763675151177,0.9827307004638909,0.7156012717093833,2660.2095607367037,3707.9344933668285,33,18,17,15
B1_s1337,T24_Blebbistatin_5uM_02,ok,120402.46875,105450.75,94700.578125,0.8758188357329675,0.8980550458389343,0.7865335246707722,4072.038503988044,5169.703231643386,31,25,20,11
B1_s1337,T24_Blebbistatin_5uM_03,ok,60845.33984375,63412.6953125,53691.20703125,1.0421947757271623,0.8466949207356325,0.8824210230253999,2309.184750593315,2607.4337600674758,13,13,12,5
B1_s1337,T24_Blebbistatin_5uM_10,ok,58338.59375,57391.19921875,53324.40625,0.983760415355401,0.929139083620658,0.9140502508255952,2293.437333046155,2479.818793634518,12,10,10,2
B1_s1337,T24_Blebbistatin_5uM_13,ok,113723.65625,99175.421875,89096.53125,0.8720738072031518,0.8983731005681693,0.7834476501013834,3831.9244138650865,4866.604535748287,42,22,20,23
B1_s1337,T24_Blebbistatin_5uM_15,ok,83500.234375,71836.09375,65339.27734375,0.8603100852074704,0.9095605556050993,0.7825041190939771,2809.8544186827257,3582.598043158436,26,16,15,14
B1_s1337,T24_Blebbistatin_5uM_20,ok,107356.359375,89014.203125,85359.5625,0.8291469983074768,0.9589431742722238,0.795104854495258,3670.349832951438,4583.804331924747,39,23,18,23
B1_s1337,T24_Blebbistatin_5uM_44,ok,118133.5625,89291.71875,90193.1015625,0.755853940746094,1.01009480862412,0.7634841416257129,3877.175296856725,5047.356485589894,39,20,17,23
B1_s1337,T24_FCCP_10uM_02,ok,65243.0703125,60376.83203125,54427.1328125,0.9254137143156846,0.9014572474476544,0.8342208996573272,2340.3160659795553,2806.0489687426943,9,7,7,2
B1_s1337,T24_FCCP_10uM_15,ok,92954.65625,70402.609375,62950.515625,0.7573865819658712,0.8941503189135168,0.6772174538056022,2703.88266831136,3976.3198587464067,37,11,10,29
B1_s1337,T24_FCCP_10uM_18,ok,89367.75,66565.5078125,63421.9140625,0.7448493199448347,0.9527744344885823,0.709673389589645,2723.1305695916885,3832.5498775060846,35,13,12,24
B1_s1337,T24_FCCP_10uM_25,ok,54670.78125,52560.85546875,49475.76953125,0.9614067014773088,0.9413044953323823,0.9049764499432684,2127.9107576538886,2321.187411133795,13,8,7,5
B1_s1337,T24_FCCP_10uM_28,ok,95548.265625,98385.9609375,82180.125,1.0296990771516163,0.8352830446226489,0.8600901802083338,3534.4970395208375,4109.449638081777,14,14,14,2
B1_s1337,T24_FCCP_10uM_32,ok,86563.484375,67787.8515625,59962.17578125,0.7830998492255413,0.8845563681268941,0.6926959585116631,2578.922111078986,3689.7750452482464,36,11,10,27
B1_s1337,T24_FCCP_10uM_50,ok,64716.71875,57760.91796875,52375.7734375,0.8925192606238245,0.9067683700220366,0.8093082351691385,2252.6374749538845,2758.906780492264,19,9,9,9
B1_s1337,T24_Staurosporine_100nM_10,ok,48704.70703125,35119.75390625,39104.6015625,0.7210751495479976,1.113464566605088,0.8028916288811601,1642.0851745499315,2080.6851322064513,15,11,7,5
B1_s1337,T24_Staurosporine_100nM_12,ok,62468.41796875,46672.8515625,43259.078125,0.7471431657809587,0.926857405896261,0.6924951764688594,1857.002551587367,2683.1181819981866,32,9,8,23
B1_s1337,T24_Staurosporine_100nM_28,ok,64519.765625,64951.0546875,56164.55078125,1.0066846036764412,0.8647211512034002,0.8705014693898309,2412.527649446635,2763.8501057889002,13,10,10,4
B1_s1337,T24_Staurosporine_100nM_30,ok,69288.546875,55299.0234375,51091.546875,0.7980976067698778,0.923914089237844,0.7373736234816947,2190.964714496854,2980.041665604388,19,14,8,8
B1_s1337,T24_Staurosporine_100nM_34,ok,26413.22265625,28495.9921875,24718.04296875,1.078853290957935,0.8674217344708837,0.9358207928823528,1063.1020249749592,1136.0102180455463,4,4,4,0
B1_s1337,T24_Staurosporine_100nM_41,ok,49712.31640625,38082.76953125,32639.78515625,0.7660630661431441,0.8570748807926485,0.656573411094286,1387.3266589923355,2092.7907932788926,19,7,5,14
B1_s1337,T24_Staurosporine_100nM_46,ok,63210.84765625,67220.1015625,58418.5625,1.0634266752449346,0.8690638833040665,0.9241857159974952,2485.218393522576,2675.0033664419107,19,22,13,6
B1_s1337,T24_rotenone_500nM_02,ok,72796.984375,67448.359375,61650.75390625,0.9265268328637412,0.914043788129576,0.8468860961144724,2649.094130577907,3086.5463629585224,17,14,9,9
B1_s1337,T24_rotenone_500nM_09,ok,101903.6171875,92195.078125,77509.265625,0.9047282193659864,0.8407093654165717,0.7606134871776433,3325.683008228046,4275.005297938266,16,9,8,8
B1_s1337,T24_rotenone_500nM_10,ok,102998.2109375,81126.234375,74626.265625,0.7876470245121825,0.919878337752565,0.7245394356440202,3209.144170716814,4388.174437959081,26,10,9,16
B1_s1337,T24_rotenone_500nM_16,ok,92133.328125,91285.421875,77531.8671875,0.990796964928374,0.8493345990520461,0.8415181429494247,3334.1429266568152,3925.127073790358,16,12,10,6
B1_s1337,T24_rotenone_500nM_31,ok,105941.5078125,81019.7734375,65725.78125,0.7647594895561842,0.8112313631770639,0.6203968832152589,2826.810096934938,4520.412486230071,32,15,13,19
B1_s1337,T24_rotenone_500nM_40,ok,92684.203125,93352.640625,89431.90625,1.007211989502661,0.9580008198080899,0.9649099116640865,3846.3904598797126,3966.7715895336255,21,16,14,5
B1_s1337,T24_rotenone_500nM_43,ok,111245.296875,115181.875,100210.421875,1.035386467882982,0.8700190188343435,0.9008059189019086,4309.9652006324395,4784.565330326844,20,20,15,5
B1_s2024,NCI_06,ok,242980.28125,223181.546875,192677.96875,0.9185171147504382,0.863323923719892,0.7929777995102226,8275.457556096866,10447.119796730985,47,39,35,16
B1_s2024,NCI_08,ok,328910.1875,303151.1875,268084.5,0.9216837879185484,0.8843260757472705,0.8150690072498895,11530.085754750384,14107.507197252842,48,39,37,16
B1_s2024,NCI_19,ok,124130.171875,106123.5859375,101311.625,0.8549378796024486,0.9546570077236748,0.8161724379308969,4357.3094608731135,5325.992526596819,31,20,19,14
B1_s2024,NCI_25,ok,197617.890625,208401.5625,178560.53125,1.0545682976419535,0.8568099447430967,0.9035646048304236,7662.29508417373,8499.377238297931,33,31,26,12
B1_s2024,NCI_35,ok,140972.1875,117705.90625,111866.171875,0.8349583583641277,0.950387074352949,0.7935336314122244,4805.785001171078,6051.156497514245,37,21,16,22
B1_s2024,NCI_36,ok,119341.8046875,107049.796875,102242.296875,0.8970016596892683,0.955090993721234,0.8567182065222194,4395.606735944438,5128.017831745776,41,25,22,24
B1_s2024,NCI_41,ok,113844.3984375,108940.328125,93522.265625,0.9569230425053165,0.8584724062671351,0.8214920269120071,4016.334747375453,4885.681999758208,23,16,15,11
B1_s2024,NCI_Blebbistatin_5uM_02,ok,214946.375,184493.5,163721.265625,0.8583233841463946,0.887409397214536,0.7616842369404927,7041.5120658941705,9244.660753867354,56,45,39,24
B1_s2024,NCI_Blebbistatin_5uM_08,ok,415839.34375,379801.21875,354871.1875,0.9133364229680347,0.9343603179261784,0.8533853105379714,15249.442092209036,17884.895832197093,63,68,58,13
B1_s2024,NCI_Blebbistatin_5uM_09,ok,284780.0625,287741.3125,244062.375,1.0103983754129557,0.8482006733044286,0.8570205823309699,10493.271110925594,12244.850978367349,51,52,45,17
B1_s2024,NCI_Blebbistatin_5uM_15,ok,208744.53125,202051.453125,181474.5625,0.9679365103127702,0.8981601453157082,0.8693619967588971,7805.066266927856,8975.014029177188,33,30,24,10
B1_s2024,NCI_Blebbistatin_5uM_16,ok,256063.75,238979.4375,212154.875,0.9332810188868983,0.8877536796445091,0.8285236586592206,9114.027656395343,10982.698201616899,52,42,39,22
B1_s2024,NCI_Blebbistatin_5uM_18,ok,59576.765625,63365.98046875,54924.8203125,1.063602224860625,0.8667871925312842,0.9219167864569687,2362.211135204584,2557.5259167393024,11,8,6,3
B1_s2024,NCI_Blebbistatin_5uM_41,ok,85115.4765625,76321.671875,68685.40625,0.8966838342138314,0.8999463004753524,0.8069672992967918,2953.3579500572964,3660.744396930721,15,13,11,7
B1_s2024,NCI_FCCP_10uM_14,ok,145658.703125,128768.8515625,119804.578125,0.8840450230563591,0.9303847682981855,0.8225020239414548,5152.692805585343,6252.211724602074,35,23,18,19
B1_s2024,NCI_FCCP_10uM_21,ok,149540.8125,134966.28125,126580.9140625,0.9025381031014527,0.9378706510260317,0.8464639983315592,5439.358884853252,6419.087190955035,29,19,19,15
B1_s2024,NCI_FCCP_10uM_32,ok,207032.09375,183240.390625,169380.84375,0.8850820532504999,0.9243641272116503,0.8181380996635939,7284.925924921296,8889.231097745347,59,31,28,33
B1_s2024,NCI_FCCP_10uM_37,ok,115663.03125,99634.421875,94576.921875,0.8614197708483453,0.9492394304616424,0.8176936126684817,4067.6728181489725,4954.264740126681,30,19,15,19
B1_s2024,NCI_FCCP_10uM_42,ok,172523.09375,159377.828125,152906.6875,0.9238057622358166,0.959397485201488,0.8862969251036863,6565.129796450072,7409.939117434339,33,28,24,11
B1_s2024,NCI_FCCP_10uM_46,ok,92630.078125,82601.2578125,76729.359375,0.8917325720165477,0.928912723692067,0.8283417322768235,3291.5001722235497,3977.0029164254997,18,12,11,7
B1_s2024,NCI_FCCP_10uM_50,ok,97655.0625,88865.7109375,77620.78125,0.9099959455506978,0.8734615458665643,0.7948464653330185,3338.4036333173344,4181.60005216528,20,12,11,9
B1_s2024,NCI_Staurosporine_100nM_05,ok,131926.34375,101717.6875,93471.546875,0.7710187716014831,0.9189311040422542,0.7085131310250535,4020.1315870855396,5663.811120276574,37,20,17,21
B1_s2024,NCI_Staurosporine_100nM_08,ok,100544.484375,102946.125,93539.21875,1.0238863488129555,0.9086230176220814,0.9303267039604827,4023.042079750033,4324.332857707012,16,15,12,3
B1_s2024,NCI_Staurosporine_100nM_15,ok,90707.765625,91552.265625,82255.8125,1.0093101179836277,0.898457421435331,0.9068221660321599,3534.0158274196906,3879.6165943347423,14,15,12,5
B1_s2024,NCI_Staurosporine_100nM_16,ok,116495.484375,98270.46875,90359.0625,0.8435560337572098,0.9194935533468696,0.7756443349266086,3886.266248668987,4987.764651018124,35,18,14,22
B1_s2024,NCI_Staurosporine_100nM_29,ok,119660.7578125,101240.1875,84461.4765625,0.8460600563689916,0.8342682747649001,0.7058410635744528,3628.794813723246,5127.60419223046,28,12,11,19
B1_s2024,NCI_Staurosporine_100nM_34,ok,114245.84375,101522.2421875,91265.84375,0.8886296328613705,0.8989738778763613,0.7988548270492335,3923.685026966865,4913.616472614005,20,18,14,8
B1_s2024,NCI_Staurosporine_100nM_50,ok,38124.328125,35255.16015625,33103.3359375,0.9247418089745024,0.9389642761736674,0.8682995233112715,1423.7464412674897,1635.5218889597334,13,6,6,5
B1_s2024,NCI_rotenone_500nM_01,ok,222627.203125,198590.09375,183398.5625,0.8920297742702012,0.9235030762958185,0.8237922406859954,7874.0330379896695,9574.190420278546,36,30,29,11
B1_s2024,NCI_rotenone_500nM_11,ok,162441.1875,167352.125,141996.0625,1.0302320955391933,0.8484867610733954,0.8741382938979069,6107.129843576435,6986.456677315503,17,18,15,2
B1_s2024,NCI_rotenone_500nM_12,ok,70163.390625,69364.171875,58737.99609375,0.9886091771951051,0.8468059879616345,0.8371601710026396,2525.339709056335,3004.2479344893195,12,9,7,6
B1_s2024,NCI_rotenone_500nM_17,ok,206175.15625,198886.40625,179039.21875,0.9646477774889525,0.9002084261352076,0.8683840575481557,7700.308371285935,8866.616378020235,33,26,24,9
B1_s2024,NCI_rotenone_500nM_30,ok,189229.84375,162670.0,152102.90625,0.8596424156800055,0.9350396892481712,0.8037997772219796,6538.87449628165,8130.107423094847,44,29,25,23
B1_s2024,NCI_rotenone_500nM_33,ok,195512.53125,191651.1875,163174.34375,0.9802501470094388,0.8514131630413195,0.8345978782370248,7016.715681905999,8408.827025333343,26,26,24,5
B1_s2024,NCI_rotenone_500nM_47,ok,83984.0703125,95766.015625,82511.5390625,1.1402878577885074,0.8615951966258908,0.9824665410414047,3534.292887818806,3612.0833857751813,13,11,7,4
B1_s2024,SNU_07,ok,50064.5078125,54330.921875,49437.02734375,1.0852183362808328,0.9099243237118365,0.987466560720021,2126.2444130278463,2153.231981752076,9,9,9,1
B1_s2024,SNU_08,ok,76268.59375,72997.296875,69324.4375,0.9571082051712799,0.9496849947568692,0.9089513008098435,2969.95192514994,3280.2472901127408,22,20,17,5
B1_s2024,SNU_09,ok,57930.34375,54193.98046875,47608.34375,0.9355024838558808,0.878480291320408,0.8218204945486794,2047.5941599860355,2491.534831958028,18,12,11,8
B1_s2024,SNU_100,ok,46063.9921875,45014.19140625,39063.8046875,0.9772099479138312,0.8678108717971147,0.8480334168279149,1679.107781205235,1978.951673021982,13,11,9,4
B1_s2024,SNU_20,ok,79441.34375,80353.734375,69615.046875,1.0114850854974367,0.8663573313234703,0.8763075193450514,2988.554381411903,3414.5368313267136,22,18,15,10
B1_s2024,SNU_23,ok,69499.984375,65174.640625,56559.55859375,0.9377648241377752,0.8678154271564117,0.8138067814313807,2429.45716756272,2973.135662017885,20,15,11,11
B1_s2024,SNU_40,ok,67042.296875,57780.0546875,54531.5703125,0.8618447962072451,0.943778447553066,0.8133905437961623,2339.813527808879,2844.4518182272163,40,21,16,27
B1_s2024,SNU_61,ok,29756.234375,29103.2265625,25586.54296875,0.9780547563824598,0.879165164515425,0.8598716708000792,1100.4554285269533,1277.5168139653858,11,6,6,5
B1_s2024,SNU_64,ok,125773.15625,101887.515625,106245.7109375,0.8100895188038186,1.042774576313554,0.844740754746703,4565.961174893592,5409.329774058501,64,52,32,20
B1_s2024,SNU_65,ok,83071.703125,72414.9453125,66302.328125,0.8717161510886021,0.9155890105126564,0.7981337282231145,2835.968711897947,3560.7055661901363,29,21,15,14
B1_s2024,SNU_67,ok,67180.078125,51761.39453125,52038.625,0.7704872631279036,1.0053559312159301,0.774613939911967,2238.136860703586,2877.2036648597677,27,13,13,17
B1_s2024,SNU_74,ok,53852.21484375,45923.21875,44126.0546875,0.8527637885135151,0.9608658950435611,0.8193916409107768,1892.1818048113432,2311.6909457107245,23,14,9,13
B1_s2024,SNU_76,ok,76091.515625,67711.21875,59262.171875,0.889865554573779,0.875219394496573,0.77882759185742,2534.99281897522,3271.2111044818025,18,14,13,8
B1_s2024,SNU_95,ok,73439.484375,67373.296875,61008.546875,0.9173988277338038,0.9055300794941245,0.830732233405608,2623.92566324671,3158.5695267687065,21,20,18,7
B1_s2024,SNU_97,ok,60369.75,57933.37890625,52408.2578125,0.9596425180864588,0.9046297454410356,0.8681211668509478,2249.8347912935146,2572.138933866408,24,14,12,11
B1_s2024,SNU_FCCP_10uM_01,ok,93132.0,84101.546875,81888.1953125,0.9030359798458103,0.9736823917663524,0.8792702327073402,3514.612159729497,3984.6667600319656,28,19,16,15
B1_s2024,SNU_FCCP_10uM_05,ok,125489.1875,120175.4375,110846.078125,0.9576557143618449,0.9223688336894966,0.8833117843320166,4766.6863151661955,5380.3997912730765,37,32,28,17
B1_s2024,SNU_FCCP_10uM_08,ok,72968.21875,67624.109375,56536.265625,0.9267611370189848,0.8360371197125286,0.77480671165486,2425.126710164452,3123.0225993350773,23,15,12,15
B1_s2024,SNU_FCCP_10uM_28,ok,98874.59375,85248.7109375,80216.59375,0.8621902523619724,0.9409713398342259,0.8112963169570545,3438.024652649938,4196.532771330281,42,23,23,23
B1_s2024,SNU_FCCP_10uM_36,ok,92784.015625,85890.2578125,77992.484375,0.9257010190164423,0.90804808788977,0.840581040275492,3349.0922808910673,3933.2716031714153,33,22,18,16
B1_s2024,SNU_FCCP_10uM_46,ok,82771.359375,78250.28125,72277.25,0.9453787136137632,0.9236676066260145,0.873215693758805,3108.249521511549,3559.9259479323196,31,25,19,13
B1_s2024,SNU_FCCP_10uM_50,ok,59817.48046875,52188.484375,46097.01953125,0.8724620957959679,0.8832795219730886,0.7706279029143015,1982.2554799402424,2568.517812411514,15,12,11,6
B1_s2024,SNU_Rotenone_500nM_03,ok,96090.9765625,97569.046875,86501.453125,1.0153819886671527,0.8865665484651174,0.9002037050662844,3720.3538168471214,4132.791215436943,20,17,15,4
B1_s2024,SNU_Rotenone_500nM_13,ok,114273.34375,101322.9453125,98507.390625,0.8866717467738402,0.9722120722130977,0.8620329763038023,4229.704241325453,4908.088827056389,35,28,26,10
B1_s2024,SNU_Rotenone_500nM_15,ok,44209.6328125,37547.5546875,31788.529296875,0.8493070921159893,0.8466204939694184,0.7190407898589691,1367.0516891895847,1885.1827933503673,9,6,6,4
B1_s2024,SNU_Rotenone_500nM_23,ok,63206.0234375,57391.8984375,47536.15234375,0.9080131183106436,0.828272868434855,0.7520826300796342,2025.6525508931231,2694.5844153692083,16,7,6,10
B1_s2024,SNU_Rotenone_500nM_25,ok,76585.46875,62035.95703125,57747.45703125,0.8100225544581523,0.9308707368238115,0.7540262921123663,2483.6689918320867,3285.3284854038043,33,14,14,19
B1_s2024,SNU_Rotenone_500nM_30,ok,141975.15625,115017.1875,116078.2890625,0.8101219293428318,1.0092255912839114,0.8175957831530825,4987.896172936774,6106.23109569967,52,38,35,24
B1_s2024,SNU_Rotenone_500nM_31,ok,101669.796875,95503.859375,88660.734375,0.9393533016734474,0.9283471364949748,0.8720459477656451,3801.7877267130493,4370.9626224290205,33,35,27,10
B1_s2024,SNU_blebbistatin_07,ok,105175.84375,101892.0625,89793.484375,0.9687781801132449,0.8812608379087429,0.8537462707543052,3861.296794465091,4510.581547499626,27,26,22,9
B1_s2024,SNU_blebbistatin_13,ok,114327.046875,101937.9375,100206.109375,0.8916344844580331,0.9830109558082829,0.8764864667987166,4308.389226669817,4915.14445176364,49,47,41,17
B1_s2024,SNU_blebbistatin_16,ok,98752.015625,83023.5546875,78036.734375,0.8407276971720039,0.9399348735275146,0.7902292817124461,3345.9259436440434,4239.020551796719,39,27,24,20
B1_s2024,SNU_blebbistatin_22,ok,69039.6640625,48767.69921875,46068.3515625,0.7063721975037673,0.9446488618595285,0.6672736924211479,1979.759857292678,2968.2532580357,28,11,11,18
B1_s2024,SNU_blebbistatin_35,ok,80870.03125,64378.7421875,61211.515625,0.7960766329925215,0.9508032239388026,0.7569122291516365,2624.1612921643646,3458.400852374863,42,21,17,22
B1_s2024,SNU_blebbistatin_46,ok,79734.1875,67837.421875,64663.421875,0.8507946716707937,0.953211665298122,0.8109874058100862,2776.8432157801117,3421.2640696078975,28,25,20,10
B1_s2024,SNU_blebbistatin_47,ok,78538.4609375,60344.1953125,54861.8984375,0.7683394173018137,0.9091495570268319,0.698535440886198,2351.7322215444606,3376.83044345737,28,14,12,14
B1_s2024,SNU_staurosporine_05,ok,116480.09375,101411.0546875,98214.71875,0.8706299198655993,0.9684813855121657,0.8431888710597814,4189.930863739902,4969.514179249936,59,40,30,20
B1_s2024,SNU_staurosporine_08,ok,112406.1015625,78072.8671875,78534.2109375,0.6945607587332788,1.0059091431712381,0.6986650176977576,3365.736685877357,4816.579543416561,38,21,17,21
B1_s2024,SNU_staurosporine_21,ok,59310.1796875,56434.421875,55961.0625,0.9515132507159461,0.9916122224827877,0.9435321692642613,2395.7716602772775,2531.6130864980596,30,25,20,7
B1_s2024,SNU_staurosporine_22,ok,64578.6484375,61924.5625,58638.890625,0.9589014945076056,0.9469407333317857,0.9080228844019774,2505.5863912159593,2767.135097517186,27,22,15,10
B1_s2024,SNU_staurosporine_40,ok,83434.09375,77574.8984375,70068.96875,0.9297745675759796,0.9032428035526553,0.8398121870892856,2998.4547670282295,3565.70347128812,33,29,21,10
B1_s2024,SNU_staurosporine_43,ok,54756.0703125,46959.5390625,45314.203125,0.8576133896113401,0.9649626897889656,0.8275649232383909,1935.0447530781832,2342.285877241162,31,14,12,21
B1_s2024,SNU_staurosporine_49,ok,43532.984375,32907.0078125,28941.578125,0.7559097609535298,0.8794958900519148,0.6648195280087549,1243.4727516356993,1855.472151466829,26,12,9,15
B1_s2024,T24_11,ok,98672.9375,86781.8203125,83873.671875,0.8794895795263012,0.9664889670782683,0.8500169752724753,3602.655183987644,4243.838960179227,22,22,17,7
B1_s2024,T24_16,ok,77226.6953125,70692.90625,64222.08203125,0.9153946826798578,0.908465720791469,0.8316046902094352,2761.812442371497,3281.2807191800266,15,10,9,5
B1_s2024,T24_17,ok,32479.625,31929.6171875,31871.08984375,0.9830660664185624,0.9981669888678493,0.9812640953751776,1369.94790672285,1396.9210519993899,8,7,6,2
B1_s2024,T24_29,ok,102308.5625,96686.65625,84929.1953125,0.9450495040432222,0.878396240044758,0.8301279310077296,3648.8648863040553,4387.896569038373,24,19,18,10
B1_s2024,T24_31,ok,98545.8203125,82532.5,76171.3046875,0.8375038102912945,0.9229249651652379,0.7729531749388471,3270.6171968085314,4230.862741201603,30,18,13,17
B1_s2024,T24_41,ok,101718.78125,75082.125,67483.140625,0.7381343354426004,0.8987910321531256,0.6634285212201164,2902.1472909989034,4367.628719082011,58,21,14,41
B1_s2024,T24_48,ok,86433.859375,63209.90625,60673.8046875,0.7313095435870672,0.9598780996056294,0.7019680149218143,2604.3398760678724,3707.9344933668285,33,20,18,15
B1_s2024,T24_Blebbistatin_5uM_02,ok,120402.46875,106253.609375,93379.3984375,0.8824869662400506,0.8788350719262331,0.7755604964495382,4015.694823535783,5169.703231643386,31,24,21,11
B1_s2024,T24_Blebbistatin_5uM_03,ok,60845.33984375,62103.7265625,52115.11328125,1.0206817271788031,0.8391624169091101,0.8565177450743294,2241.4265775580598,2607.4337600674758,13,13,11,5
B1_s2024,T24_Blebbistatin_5uM_10,ok,58338.59375,57482.01953125,51795.203125,0.9853171946101289,0.9010679086673639,0.8878377039213428,2227.6676191142624,2479.818793634518,12,10,10,2
B1_s2024,T24_Blebbistatin_5uM_13,ok,113723.65625,99401.4609375,89100.71875,0.87406142411553,0.8963723260166495,0.7834844718158629,3831.693222628443,4866.604535748287,42,23,20,23
B1_s2024,T24_Blebbistatin_5uM_15,ok,83500.234375,71091.3046875,63203.97265625,0.8513904807527674,0.8890534916200964,0.7569316796453602,2716.5487680695073,3582.598043158436,26,15,15,14
B1_s2024,T24_Blebbistatin_5uM_20,ok,107356.359375,89058.546875,84601.0546875,0.8295600502240857,0.9499487433389587,0.7880395272345737,3631.0618327970215,4583.804331924747,39,22,18,23
B1_s2024,T24_Blebbistatin_5uM_44,ok,118133.5625,89370.625,89334.6171875,0.7565218817471961,0.9995970956620254,0.7562170757992674,3841.6445943251438,5047.356485589894,39,20,17,23
B1_s2024,T24_FCCP_10uM_02,ok,65243.0703125,60316.375,53059.73828125,0.9244870713640205,0.8796904369874682,0.8132624357974799,2278.9326236864936,2806.0489687426943,9,7,7,2
B1_s2024,T24_FCCP_10uM_15,ok,92954.65625,70495.578125,62173.6171875,0.7583867335854948,0.8819505966353829,0.6688596321660863,2672.812643061921,3976.3198587464067,37,11,10,29
B1_s2024,T24_FCCP_10uM_18,ok,89367.75,66572.765625,62421.421875,0.7449305328264391,0.9376420115489231,0.6984781632635935,2681.9421066214195,3832.5498775060846,35,15,12,24
B1_s2024,T24_FCCP_10uM_25,ok,54670.78125,52503.578125,48476.15234375,0.9603590240444936,0.9232923559674058,0.886692145884599,2084.2492581392353,2321.187411133795,13,9,9,5
B1_s2024,T24_FCCP_10uM_28,ok,95548.265625,98878.71875,81866.7578125,1.0348562383965303,0.8279512401398303,0.8568105059468473,3521.01962640843,4109.449638081777,14,15,14,2
B1_s2024,T24_FCCP_10uM_32,ok,86563.484375,67941.953125,58606.34765625,0.7848800636382655,0.8625943906620657,0.6770331402368529,2515.42773244296,3689.7750452482464,36,12,10,27
B1_s2024,T24_FCCP_10uM_50,ok,64716.71875,57348.375,50948.1015625,0.8861446641251416,0.8883966034347094,0.7872479097605671,2191.234544140367,2758.906780492264,19,9,9,9
B1_s2024,T24_Staurosporine_100nM_10,ok,48704.70703125,41856.51171875,73502.140625,0.8593935631702692,1.756050315871737,1.5091383380632888,3130.392233902818,2080.6851322064513,15,39,8,5
B1_s2024,T24_Staurosporine_100nM_12,ok,62468.41796875,46496.84375,42967.6015625,0.7443256170383596,0.9240971665415462,0.6878291936894362,1846.5745846315656,2683.1181819981866,32,10,9,23
B1_s2024,T24_Staurosporine_100nM_28,ok,64519.765625,64737.1953125,55173.640625,1.0033699702005079,0.8522710994609093,0.8551432276688467,2371.761665258994,2763.8501057889002,13,10,10,4
B1_s2024,T24_Staurosporine_100nM_30,ok,69288.546875,55935.6875,50279.34375,0.8072861969657232,0.8988777289990402,0.7256515833808211,2157.2902666317623,2980.041665604388,19,14,10,8
B1_s2024,T24_Staurosporine_100nM_34,ok,26413.22265625,28143.80859375,23406.322265625,1.065519681563374,0.8316686132815346,0.8861592759899938,1006.6551635171681,1136.0102180455463,4,4,4,0
B1_s2024,T24_Staurosporine_100nM_41,ok,49712.31640625,37443.33984375,30987.53125,0.7532004652079036,0.8275845952660765,0.6233371021533035,1309.690951576013,2092.7907932788926,19,7,5,14
B1_s2024,T24_Staurosporine_100nM_46,ok,63210.84765625,66332.03125,56242.19921875,1.0493773412235106,0.8478889935810612,0.8897554977367722,2383.3759204268044,2675.0033664419107,19,17,14,6
B1_s2024,T24_rotenone_500nM_02,ok,72796.984375,67817.609375,61530.7265625,0.9315991583614277,0.9072971921240036,0.8452373005664082,2643.716578653657,3086.5463629585224,17,13,9,9
B1_s2024,T24_rotenone_500nM_09,ok,101903.6171875,92358.3515625,77711.75,0.9063304533396792,0.8414155156007904,0.7626005057015043,3342.3160633956045,4275.005297938266,16,10,8,8
B1_s2024,T24_rotenone_500nM_10,ok,102998.2109375,81355.4375,74805.1953125,0.7898723362230731,0.919486116862195,0.7262766472506235,3217.307681979798,4388.174437959081,26,12,10,16
B1_s2024,T24_rotenone_500nM_16,ok,92133.328125,91207.015625,76284.1875,0.9899459563780953,0.8363850848233474,0.8279760326958231,3280.9179344915756,3925.127073790358,16,11,9,6
B1_s2024,T24_rotenone_500nM_31,ok,105941.5078125,80616.9765625,64820.33984375,0.7609574210061227,0.8040532231259836,0.6118502670216089,2787.851673019613,4520.412486230071,32,16,13,19
B1_s2024,T24_rotenone_500nM_40,ok,92684.203125,93243.984375,87549.4140625,1.0060396618962677,0.9389282820691348,0.9445990914376758,3765.4258577501414,3966.7715895336255,21,17,14,5
B1_s2024,T24_rotenone_500nM_43,ok,111245.296875,115145.265625,97053.328125,1.0350573809370311,0.842877278524668,0.8724263483610754,4174.181021284232,4784.565330326844,20,18,11,5
classical,NCI_06,ok,242980.28125,211252.859375,199630.5,0.8694238820048283,0.9449836588750316,0.8215913611302563,8585.937628211164,10447.119796730985,47,41,35,16
classical,NCI_08,ok,328910.1875,264990.96875,240607.578125,0.8056636091577432,0.9079840692683984,0.7315297223045121,10348.327219335079,14107.507197252842,48,36,36,16
classical,NCI_19,ok,124130.171875,110011.2109375,125048.90625,0.8862568163385941,1.1366923896605707,1.0074013784168863,5238.040336983237,5325.992526596819,31,20,19,14
classical,NCI_25,ok,197617.890625,190551.171875,207684.5625,0.9642404909411273,1.0899149055679351,1.0509400836288783,8867.370764104206,8499.377238297931,33,30,26,12
classical,NCI_35,ok,140972.1875,114012.90625,120214.46875,0.8087617016654438,1.054393513015111,0.8527530918111064,5170.322120140041,6051.156497514245,37,20,17,22
classical,NCI_36,ok,119341.8046875,104627.21875,112425.03125,0.876702166721623,1.0745294827977065,0.9420423257750142,4824.1032561869715,5128.017831745776,41,28,24,24
classical,NCI_41,ok,113844.3984375,106362.046875,104886.40625,0.934275628268107,0.9861262483342933,0.9213137202141931,4478.259712944637,4885.681999758208,23,17,15,11
classical,NCI_Blebbistatin_5uM_02,ok,214946.375,189409.78125,188423.890625,0.881195513299538,0.9947949328778395,0.8766088315050673,8083.340640213661,9244.660753867354,56,44,39,24
classical,NCI_Blebbistatin_5uM_08,ok,415839.34375,377548.59375,360505.15625,0.9079193669971253,0.9548576321508283,0.866933736954754,15505.019413727237,17884.895832197093,63,66,58,13
classical,NCI_Blebbistatin_5uM_09,ok,284780.0625,267233.40625,239020.359375,0.9383852363260157,0.89442544900765,0.8393156363430463,10273.159885682366,12244.850978367349,51,51,47,17
classical,NCI_Blebbistatin_5uM_15,ok,208744.53125,193932.59375,188997.265625,0.9290427518684995,0.9745513220363454,0.9053998420617306,8128.611921968815,8975.014029177188,33,32,25,10
classical,NCI_Blebbistatin_5uM_16,ok,256063.75,233071.671875,222161.3125,0.9102095547495497,0.953188822617399,0.8676015738268302,9554.969395778484,10982.698201616899,52,44,35,22
classical,NCI_Blebbistatin_5uM_18,ok,59576.765625,59317.9765625,59005.85546875,0.9956562082586201,0.9947381702506131,0.9904172348018431,2537.79162671958,2557.5259167393024,11,8,6,3
classical,NCI_Blebbistatin_5uM_41,ok,85115.4765625,72665.171875,75810.21875,0.8537245493966331,1.0432813519028095,0.8906749020471362,3229.4430398140653,3660.744396930721,15,11,11,7
classical,NCI_FCCP_10uM_14,ok,145658.703125,126497.125,146401.9375,0.8684487935571135,1.1573538726670665,1.005102574436367,6219.5594777231645,6252.211724602074,35,25,18,19
classical,NCI_FCCP_10uM_21,ok,149540.8125,127261.2890625,132353.234375,0.8510137596216417,1.040011737662026,0.8850642989183973,5692.399767821371,6419.087190955035,29,21,18,15
classical,NCI_FCCP_10uM_32,ok,207032.09375,184102.96875,200830.859375,0.889248451364802,1.0908616017361208,0.9700469899971729,8629.245915355506,8889.231097745347,59,33,32,33
classical,NCI_FCCP_10uM_37,ok,115663.03125,97525.328125,112712.0390625,0.8431849578125249,1.1557206853796473,0.9744862973449003,4648.671589740216,4954.264740126681,30,19,15,19
classical,NCI_FCCP_10uM_42,ok,172523.09375,157462.8125,164752.140625,0.9127057084205574,1.0462923785576357,0.954957026586477,7071.7345656035195,7409.939117434339,33,28,24,11
classical,NCI_FCCP_10uM_46,ok,92630.078125,79065.203125,91089.8984375,0.8535586358710091,1.1520858081334373,0.9833727907967259,3903.9158970167146,3977.0029164254997,18,15,11,7
classical,NCI_FCCP_10uM_50,ok,97655.0625,82554.9375,81665.015625,0.8453728397337311,0.9892202465176598,0.8362599289207356,3512.342707872002,4181.60005216528,20,11,11,9
classical,NCI_Staurosporine_100nM_05,ok,131926.34375,92995.46875,93987.96875,0.7049044649204114,1.0106725630113027,0.712427602239223,4042.342440431332,5663.811120276574,37,18,15,21
classical,NCI_Staurosporine_100nM_08,ok,100544.484375,97577.2265625,100602.9296875,0.9704881095074988,1.0310082919098134,1.0005812881021103,4320.2479244281585,4324.332857707012,16,17,13,3
classical,NCI_Staurosporine_100nM_15,ok,90707.765625,88968.296875,97490.96875,0.9808233756171304,1.0957944815665552,1.074780842392732,4093.6002772496427,3879.6165943347423,14,19,11,5
classical,NCI_Staurosporine_100nM_16,ok,116495.484375,95171.765625,104837.765625,0.8169566926615047,1.1015637351742154,0.8999298658437807,4481.51250031288,4987.764651018124,35,16,16,22
classical,NCI_Staurosporine_100nM_29,ok,119660.7578125,92230.1015625,91134.828125,0.7707631411378665,0.9881245556608459,0.7616099863566121,3919.6313858361927,5127.60419223046,28,12,9,19
classical,NCI_Staurosporine_100nM_34,ok,114245.84375,100627.453125,107122.8515625,0.8807974961890025,1.0645489698465425,0.9376520672114166,4605.089321403993,4913.616472614005,20,18,14,8
classical,NCI_Staurosporine_100nM_50,ok,38124.328125,33906.37890625,34790.3359375,0.8893633166486131,1.0260705230037719,0.9125494834540117,1474.464819616638,1635.5218889597334,13,6,6,5
classical,NCI_rotenone_500nM_01,ok,222627.203125,195247.484375,200314.625,0.877015394499535,1.0259523990345907,0.8997760479770659,8615.36118455286,9574.190420278546,36,34,29,11
classical,NCI_rotenone_500nM_11,ok,162441.1875,159557.125,170406.375,0.9822454973126813,1.0679960233678063,1.049034285100877,7329.033313593772,6986.456677315503,17,16,16,2
classical,NCI_rotenone_500nM_12,ok,70163.390625,58828.5078125,54829.1328125,0.838450184468975,0.9320163786450792,0.7814493046030727,2358.154280988104,3004.2479344893195,12,8,7,6
classical,NCI_rotenone_500nM_17,ok,206175.15625,177886.953125,184946.125,0.8627952870776593,1.039683471727348,0.8970339994588945,7887.797755837276,8866.616378020235,33,25,23,9
classical,NCI_rotenone_500nM_30,ok,189229.84375,164373.421875,163441.75,0.8686442826225712,0.9943319798032282,0.8637207892848562,7029.490824451217,8130.107423094847,44,32,26,23
classical,NCI_rotenone_500nM_33,ok,195512.53125,179119.75,169732.90625,0.9161548308684178,0.9475945910487258,0.8681433622940729,7300.067528789724,8408.827025333343,26,27,24,5
classical,NCI_rotenone_500nM_47,ok,83984.0703125,85412.3671875,87588.375,1.0170067593733596,1.02547649578337,1.042916527790194,3767.101624409056,3612.0833857751813,13,12,10,4
classical,SNU_07,ok,50064.5078125,51837.65625,57394.734375,1.0354172749313892,1.107201569804769,1.1464156322070105,2455.6150041283004,2153.231981752076,9,10,9,1
classical,SNU_08,ok,76268.59375,70759.0078125,75254.90625,0.9277607509644165,1.0635381780566144,0.9867089787531319,3230.3005767152617,3280.2472901127408,22,19,17,5
classical,SNU_09,ok,57930.34375,54103.8203125,53949.6796875,0.933946129268394,0.9971510214230771,0.9312853367541083,2305.2027450007263,2491.534831958028,18,14,12,8
classical,SNU_100,ok,46063.9921875,44388.453125,51662.0234375,0.9636258391222401,1.1638617658519723,1.121527270741399,2094.5747298890724,1978.951673021982,13,13,9,4
classical,SNU_20,ok,79441.34375,76570.75,71800.65625,0.9638652417683959,0.9377034474652527,0.9038197600981542,3085.9025579527033,3414.5368313267136,22,17,16,10
classical,SNU_23,ok,69499.984375,58713.3359375,56209.55859375,0.8447963904668144,0.9573559004309471,0.8087708090761712,2417.525320913379,2973.135662017885,20,13,11,11
classical,SNU_40,ok,67042.296875,56274.7421875,62600.73046875,0.8393916200756658,1.112412567971838,0.9337497876224128,2657.677212702111,2844.4518182272163,40,24,18,27
classical,SNU_61,ok,29756.234375,28318.69140625,29549.3203125,0.9516893518637638,1.0434564185398199,0.9930463626582454,1254.1589848012036,1277.5168139653858,11,9,6,5
classical,SNU_64,ok,125773.15625,106388.09375,123108.921875,0.8458728151699699,1.15716822753016,0.9788171462461808,5285.6537860221815,5409.329774058501,64,55,31,20
classical,SNU_65,ok,83071.703125,77652.28125,78568.84375,0.9347621190955329,1.01180342013455,0.9457955091130799,3361.5736505283526,3560.7055661901363,29,25,17,14
classical,SNU_67,ok,67180.078125,52238.9140625,61076.8046875,0.7775953157616249,1.1691821276075172,0.9091505456998157,2618.726112732377,2877.2036648597677,27,16,12,17
classical,SNU_74,ok,53852.21484375,43488.09765625,56387.265625,0.8075452009249562,1.296613755577698,1.047074215770054,2395.910257416123,2311.6909457107245,23,12,6,13
classical,SNU_76,ok,76091.515625,70705.375,72997.796875,0.9292149646283249,1.0324221726424618,0.9593421326334634,3086.4520126888233,3271.2111044818025,18,17,13,8
classical,SNU_95,ok,73439.484375,71284.5546875,74767.3359375,0.9706570694791864,1.0488574455612152,1.0180808944098745,3190.5105174654623,3158.5695267687065,21,19,18,7
classical,SNU_97,ok,60369.75,55314.5625,59607.90234375,0.9162629048488689,1.0776168092037246,0.987380307914974,2534.8583681346045,2572.138933866408,24,13,11,11
classical,SNU_FCCP_10uM_01,ok,93132.0,80657.515625,95392.28125,0.8660558736524503,1.1826831078396485,1.0242696522140617,4098.2268018671175,3984.6667600319656,28,20,16,15
classical,SNU_FCCP_10uM_05,ok,125489.1875,118389.78125,129178.40625,0.9434261517551064,1.09112800856704,1.0293986981946153,5509.613090047005,5380.3997912730765,37,31,28,17
classical,SNU_FCCP_10uM_08,ok,72968.21875,63284.6328125,64390.80859375,0.8672903614287556,1.0174793742507344,0.8824500542402236,2769.393810212883,3123.0225993350773,23,15,13,15
classical,SNU_FCCP_10uM_28,ok,98874.59375,83250.4296875,85892.421875,0.841979992332459,1.0317354780920331,0.868700629933056,3666.7877020719343,4196.532771330281,42,23,23,23
classical,SNU_FCCP_10uM_36,ok,92784.015625,83556.359375,84830.2265625,0.9005469186923866,1.015245604248779,0.914276300622228,3603.7541288983302,3933.2716031714153,33,24,20,16
classical,SNU_FCCP_10uM_46,ok,82771.359375,79801.9921875,86953.09375,0.9641256684688827,1.089610564429244,1.0505215138011015,3675.367697113694,3559.9259479323196,31,28,20,13
classical,SNU_FCCP_10uM_50,ok,59817.48046875,51046.46875,58181.7734375,0.853370425333575,1.1397805737052085,0.9726550329697599,2477.339569799897,2568.517812411514,15,11,11,6
classical,SNU_Rotenone_500nM_03,ok,96090.9765625,91903.8125,82875.28125,0.9564250025102351,0.9017610803686735,0.8624668435552408,3540.6218740893564,4132.791215436943,20,18,18,4
classical,SNU_Rotenone_500nM_13,ok,114273.34375,102340.640625,116123.921875,0.8955775447412687,1.1346804276954368,1.016194311501452,4957.715949325186,4908.088827056389,35,32,24,10
classical,SNU_Rotenone_500nM_15,ok,44209.6328125,37068.44921875,38412.96875,0.8384699636833248,1.0362712646357461,0.8688823296252072,1629.7097041782708,1885.1827933503673,9,7,6,4
classical,SNU_Rotenone_500nM_23,ok,63206.0234375,54434.00390625,57352.7734375,0.8612154498230057,1.0536203351176758,0.9073941108510352,2465.072497760599,2694.5844153692083,16,9,6,10
classical,SNU_Rotenone_500nM_25,ok,76585.46875,61173.2265625,66313.671875,0.7987576176126754,1.0840309658547773,0.8658779917045295,2848.324307863846,3285.3284854038043,33,14,12,19
classical,SNU_Rotenone_500nM_30,ok,141975.15625,120077.359375,128855.8125,0.8457631781968896,1.0731066470039952,0.9075940883143068,5535.702958953706,6106.23109569967,52,47,35,24
classical,SNU_Rotenone_500nM_31,ok,101669.796875,95640.828125,102386.875,0.9407004938013948,1.0705352202323373,1.0070530103043447,4395.8753442740845,4370.9626224290205,33,35,26,10
classical,SNU_blebbistatin_07,ok,105175.84375,101565.234375,97034.7578125,0.9656707353488666,0.9553934317153,0.9225954777519909,4167.682286167903,4510.581547499626,27,26,24,9
classical,SNU_blebbistatin_13,ok,114327.046875,107090.875,104792.2890625,0.9367063868717636,0.9785361176897658,0.9166010312247034,4502.535596063672,4915.14445176364,49,46,39,17
classical,SNU_blebbistatin_16,ok,98752.015625,83406.28125,86195.671875,0.8446033300902561,1.0334434119732439,0.8728497472124382,3655.833701911753,4239.020551796719,39,26,23,20
classical,SNU_blebbistatin_22,ok,69039.6640625,51913.38671875,64346.33203125,0.7519356796370564,1.2394940129769936,0.9320197730539181,2486.059937184161,2968.2532580357,28,13,11,18
classical,SNU_blebbistatin_35,ok,80870.03125,67308.1875,72591.75,0.8323007479980417,1.0784980653356622,0.8976347464933124,3109.598549304022,3458.400852374863,42,25,17,22
classical,SNU_blebbistatin_46,ok,79734.1875,71860.2734375,76400.515625,0.901247955119628,1.063181532303086,0.958190181909109,3272.0783134538,3421.2640696078975,28,29,21,10
classical,SNU_blebbistatin_47,ok,78538.4609375,62166.15625,71524.796875,0.7915377447932308,1.1505423720804677,0.9106977144856278,2995.543587907904,3376.83044345737,28,25,10,14
classical,SNU_staurosporine_05,ok,116480.09375,103074.1875,106751.0703125,0.8849081777116959,1.0356721978768932,0.9164747973299086,4557.019446503963,4969.514179249936,59,46,33,20
classical,SNU_staurosporine_08,ok,112406.1015625,74846.109375,89803.0234375,0.6658545073141255,1.199835558419766,0.798915914609562,3826.6158953781796,4816.579543416561,38,32,13,21
classical,SNU_staurosporine_21,ok,59310.1796875,55490.07421875,56824.1015625,0.9355910656673476,1.0240408282477884,0.9580834497872217,2434.6417774905526,2531.6130864980596,30,32,17,7
classical,SNU_staurosporine_22,ok,64578.6484375,58586.86328125,65684.953125,0.9072172412829463,1.1211549730811694,1.0171311217293544,2804.3539957583585,2767.135097517186,27,24,19,10
classical,SNU_staurosporine_40,ok,83434.09375,78003.140625,81168.96875,0.934907267749882,1.0405859058960165,0.9728513261402806,3473.4464692423844,3565.70347128812,33,28,20,10
classical,SNU_staurosporine_43,ok,54756.0703125,42242.0625,46971.6953125,0.7714589863538246,1.1119650067394318,0.8578353969601259,2019.2341954233968,2342.285877241162,31,13,10,21
classical,SNU_staurosporine_49,ok,43532.984375,33615.60546875,40283.609375,0.7721870198279968,1.19836036903898,0.9253583220481884,1515.839056173137,1855.472151466829,26,12,11,15
classical,T24_11,ok,98672.9375,85201.71875,86120.5234375,0.863476054414616,1.0107838750318636,0.8727876722784299,3703.9703658141875,4243.838960179227,22,19,18,7
classical,T24_16,ok,77226.6953125,68545.3125,72346.765625,0.8875857269643542,1.055458980145433,0.9368103261734401,3111.5729623135226,3281.2807191800266,15,11,10,5
classical,T24_17,ok,32479.625,30985.34375,31434.474609375,0.9539932727055808,1.0144949451908212,0.9678213529058602,1351.9700891736056,1396.9210519993899,8,7,6,2
classical,T24_29,ok,102308.5625,96385.09375,107313.3046875,0.9421019257308009,1.1133807159626279,1.0489181165799295,4615.453906042119,4387.896569038373,24,21,20,10
classical,T24_31,ok,98545.8203125,85515.59375,91189.3203125,0.8677749444757812,1.0663472743823403,0.9253494468190361,3890.467899127364,4230.862741201603,30,19,13,17
classical,T24_41,ok,101718.78125,77379.640625,80404.9609375,0.7607212716678121,1.039097109886584,0.7904632748192704,3451.0463089660034,4367.628719082011,58,26,16,41
classical,T24_48,ok,86433.859375,66589.203125,82753.9921875,0.7704064542125509,1.2427539045955507,0.957425629098261,3532.159530095813,3707.9344933668285,33,31,15,15
classical,T24_Blebbistatin_5uM_02,ok,120402.46875,103336.25,103469.109375,0.8582569034739995,1.0012856995971888,0.8593603640290806,4425.287030705032,5169.703231643386,31,24,21,11
classical,T24_Blebbistatin_5uM_03,ok,60845.33984375,61455.44921875,65201.140625,1.0100272161609543,1.0609497034659572,1.0715880754785105,2639.2031459938917,2607.4337600674758,13,14,12,5
classical,T24_Blebbistatin_5uM_10,ok,58338.59375,58059.2890625,66959.609375,0.9952123513861696,1.1532970943360834,1.1477755131010507,2624.9134088752326,2479.818793634518,12,10,10,2
classical,T24_Blebbistatin_5uM_13,ok,113723.65625,96872.4296875,94971.5625,0.8518230320923225,0.9803776245353607,0.8351082407271794,4071.3037153649375,4866.604535748287,42,22,21,23
classical,T24_Blebbistatin_5uM_15,ok,83500.234375,69487.578125,75183.9453125,0.8321842285248077,1.081976769678933,0.9004040033570265,3179.901350451821,3582.598043158436,26,17,15,14
classical,T24_Blebbistatin_5uM_20,ok,107356.359375,88783.796875,98851.1796875,0.827000816643518,1.113392118459115,0.9207761912101446,4228.826130437311,4583.804331924747,39,22,19,23
classical,T24_Blebbistatin_5uM_44,ok,118133.5625,88566.6796875,101879.921875,0.7497164888047798,1.150318858451899,0.8624130155644802,4369.779319577989,5047.356485589894,39,21,17,23
classical,T24_FCCP_10uM_02,ok,65243.0703125,55293.921875,53442.625,0.8475064341723073,0.9665189805276405,0.8191310547468343,2298.521820831397,2806.0489687426943,9,7,7,2
classical,T24_FCCP_10uM_15,ok,92954.65625,66583.03125,68361.484375,0.7162958149285824,1.0267103057883085,0.7354282951802105,2940.169260530478,3976.3198587464067,37,11,10,29
classical,T24_FCCP_10uM_18,ok,89367.75,62304.3515625,61967.2578125,0.6971681793767887,0.9945895633042284,0.6933961950759642,2665.158978164786,3832.5498775060846,35,11,11,24
classical,T24_FCCP_10uM_25,ok,54670.78125,48671.7265625,47837.0703125,0.8902694538044488,0.9828513120666018,0.8750025007645195,2033.9218183554085,2321.187411133795,13,8,8,5
classical,T24_FCCP_10uM_28,ok,95548.265625,93454.4375,84991.7109375,0.978086173398294,0.9094454282869125,0.8895159988677188,3655.4210828924374,4109.449638081777,14,15,12,2
classical,T24_FCCP_10uM_32,ok,86563.484375,65629.875,67321.234375,0.7581704395780337,1.025771180807521,0.7777093870593168,2874.4128819547172,3689.7750452482464,36,10,10,27
classical,T24_FCCP_10uM_50,ok,64716.71875,54365.05859375,52457.95703125,0.8400465852380687,0.964920454206606,0.8105781325826257,2256.1719638451873,2758.906780492264,19,9,9,9
classical,T24_Staurosporine_100nM_10,ok,48704.70703125,6639.01220703125,11495.7890625,0.13631151097514077,1.7315511259830236,0.2360303503134523,328.7424091993625,2080.6851322064513,15,32,0,5
classical,T24_Staurosporine_100nM_12,ok,62468.41796875,41449.59375,40373.28125,0.6635287893913894,0.974033219565632,0.6462990830053812,1736.420405877663,2683.1181819981866,32,9,7,23
classical,T24_Staurosporine_100nM_28,ok,64519.765625,60592.1875,56397.8125,0.9391259703603426,0.9307769669150829,0.8741168222431838,2425.621898138836,2763.8501057889002,13,11,10,4
classical,T24_Staurosporine_100nM_30,ok,69288.546875,53759.0234375,67878.1640625,0.7758717113014935,1.26263759499677,0.9796447915837462,2711.2746924711732,2980.041665604388,19,11,8,8
classical,T24_Staurosporine_100nM_34,ok,26413.22265625,27971.20703125,31049.35546875,1.0589850165303984,1.1100470363706876,1.1755231791605323,1320.7840148249838,1136.0102180455463,4,5,4,0
classical,T24_Staurosporine_100nM_41,ok,49712.31640625,35993.1328125,36382.125,0.7240284785436959,1.0108074001095262,0.7318533440020091,1556.6430710639181,2092.7907932788926,19,11,4,14
classical,T24_Staurosporine_100nM_46,ok,63210.84765625,65390.83984375,65334.15625,1.0344876278096304,0.9991331569699143,1.0335908894197539,2784.689682888682,2675.0033664419107,19,21,15,6
classical,T24_rotenone_500nM_02,ok,72796.984375,63103.10546875,72642.90625,0.8668368066414153,1.1511779921191725,0.9978834545644598,3124.3096213310105,3086.5463629585224,17,13,9,9
classical,T24_rotenone_500nM_09,ok,101903.6171875,84389.578125,93051.421875,0.8281313308999166,1.1026411547782577,0.9131316870115396,4002.062409221446,4275.005297938266,16,8,8,8
classical,T24_rotenone_500nM_10,ok,102998.2109375,74704.84375,76747.0625,0.7253023433128504,1.0273371664738942,0.7451300542158993,3272.769359877487,4388.174437959081,26,11,5,16
classical,T24_rotenone_500nM_16,ok,92133.328125,79064.3046875,71575.5625,0.8581509676957629,0.9052828932462115,0.7768693908776564,3078.4039559466432,3925.127073790358,16,11,10,6
classical,T24_rotenone_500nM_31,ok,105941.5078125,83386.9453125,90708.2734375,0.7871036294865836,1.0877994522711278,0.8562108970361224,3887.6431504402303,4520.412486230071,32,16,10,19
classical,T24_rotenone_500nM_40,ok,92684.203125,90585.234375,95769.703125,0.9773535437622612,1.0572330444996987,1.0332904626243449,4066.851667344495,3966.7715895336255,21,23,12,5
classical,T24_rotenone_500nM_43,ok,111245.296875,114100.7734375,121443.125,1.0256682901903578,1.0643497089572478,1.0916697461507854,5156.524392035871,4784.565330326844,20,20,15,5
