variant,stem,pairing,off_axis_stem,dy,dx,error,r_after_shift
lowpass,NCI_01,matched,NCI_01,20.299999237060547,235.10000610351562,0.7722306251525879,-0.6543213698579036
lowpass,NCI_01,control,SNU_blebbistatin_26,22.899999618530273,247.89999389648438,0.7775742411613464,-0.6441645715471066
lowpass,NCI_02,matched,NCI_02,0.30000001192092896,223.5,0.78596031665802,-0.6552973372759675
lowpass,NCI_02,control,NCI_rotenone_500nM_39,0.0,-0.10000000149011612,0.7433002591133118,0.668933029937131
lowpass,NCI_03,matched,NCI_03,0.4000000059604645,252.39999389648438,0.7773901224136353,-0.6541170265778281
lowpass,NCI_03,control,NCI_FCCP_10uM_09,30.600000381469727,190.39999389648438,0.8030186891555786,-0.6324170390875814
lowpass,NCI_04,matched,NCI_04,0.30000001192092896,213.60000610351562,0.8052188158035278,-0.6048644755190665
lowpass,NCI_04,control,T24_31,32.70000076293945,217.8000030517578,0.809532880783081,-0.6261269729447425
lowpass,NCI_05,matched,NCI_05,10.399999618530273,233.6999969482422,0.8412007093429565,-0.6006130453939671
lowpass,NCI_05,control,SNU_Rotenone_500nM_16,0.4000000059604645,240.8000030517578,0.8339027762413025,-0.5991019542738741
lowpass,NCI_06,matched,NCI_06,0.30000001192092896,210.60000610351562,0.7902656197547913,-0.6284685006477936
lowpass,NCI_06,control,T24_Blebbistatin_5uM_21,46.20000076293945,113.4000015258789,0.8213860988616943,-0.627632397523713
lowpass,NCI_07,matched,NCI_07,0.4000000059604645,226.0,0.8473177552223206,-0.5242139163206783
lowpass,NCI_07,control,SNU_93,0.30000001192092896,268.0,0.8297180533409119,-0.5439789212636675
lowpass,NCI_08,matched,NCI_08,10.5,233.3000030517578,0.8626854419708252,-0.5102063587810873
lowpass,NCI_08,control,NCI_FCCP_10uM_31,39.0,184.0,0.8629427552223206,-0.5110626807614573
lowpass,NCI_09,matched,NCI_09,0.30000001192092896,191.10000610351562,0.8183803558349609,-0.5394184386664811
lowpass,NCI_09,control,NCI_Blebbistatin_5uM_07,54.099998474121094,104.0999984741211,0.8641939759254456,-0.5140487172137052
lowpass,NCI_10,matched,NCI_10,24.600000381469727,209.39999389648438,0.8291344046592712,-0.5582729810091484
lowpass,NCI_10,control,NCI_11,0.4000000059604645,226.10000610351562,0.8266040682792664,-0.5591265736934183
lowpass,NCI_11,matched,NCI_11,0.4000000059604645,253.0,0.8098909258842468,-0.5874844112635664
lowpass,NCI_11,control,SNU_Rotenone_500nM_02,0.4000000059604645,254.1999969482422,0.8048909306526184,-0.57723107692051
lowpass,NCI_12,matched,NCI_12,0.4000000059604645,213.10000610351562,0.7542822360992432,-0.6645897544458836
lowpass,NCI_12,control,T24_36,0.4000000059604645,214.1999969482422,0.7612112760543823,-0.6620952098850192
lowpass,NCI_13,matched,NCI_13,0.4000000059604645,201.1999969482422,0.8062489628791809,-0.630289564418438
lowpass,NCI_13,control,SNU_blebbistatin_24,4.400000095367432,246.10000610351562,0.8094906210899353,-0.6367821499216804
lowpass,NCI_14,matched,NCI_14,0.30000001192092896,222.5,0.6873264312744141,-0.717154100671648
lowpass,NCI_14,control,SNU_Rotenone_500nM_11,0.30000001192092896,226.60000610351562,0.6803448796272278,-0.7117567312242764
lowpass,NCI_15,matched,NCI_15,0.30000001192092896,246.6999969482422,0.7378368973731995,-0.6652609667543814
lowpass,NCI_15,control,T24_Blebbistatin_5uM_43,0.0,-0.10000000149011612,0.5881357789039612,0.8087460950701223
lowpass,NCI_16,matched,NCI_16,0.30000001192092896,255.3000030517578,0.7275835275650024,-0.6763721548027966
lowpass,NCI_16,control,NCI_48,0.30000001192092896,247.8000030517578,0.7174696326255798,-0.6830429300773816
lowpass,NCI_17,matched,NCI_17,0.30000001192092896,248.60000610351562,0.7407780885696411,-0.672896661180198
lowpass,NCI_17,control,SNU_Rotenone_500nM_29,0.30000001192092896,252.6999969482422,0.725001871585846,-0.6717308366633225
lowpass,NCI_18,matched,NCI_18,0.30000001192092896,215.89999389648438,0.7275407314300537,-0.689267024060453
lowpass,NCI_18,control,NCI_Staurosporine_100nM_48,0.30000001192092896,217.89999389648438,0.7146934866905212,-0.7009246091579353
lowpass,NCI_19,matched,NCI_19,0.4000000059604645,224.5,0.6873524188995361,-0.715537257701249
lowpass,NCI_19,control,SNU_25,0.4000000059604645,248.39999389648438,0.7019473314285278,-0.6980413562504175
lowpass,NCI_20,matched,NCI_20,6.5,225.60000610351562,0.7357096076011658,-0.7006826999578608
lowpass,NCI_20,control,SNU_FCCP_10uM_13,12.5,228.60000610351562,0.7533288598060608,-0.6782441022335811
lowpass,NCI_21,matched,NCI_21,0.4000000059604645,220.0,0.7512508034706116,-0.6539887734185061
lowpass,NCI_21,control,NCI_rotenone_500nM_15,0.4000000059604645,200.6999969482422,0.7631537318229675,-0.6462237378175384
lowpass,NCI_22,matched,NCI_22,0.4000000059604645,201.39999389648438,0.7496575713157654,-0.6501602157579583
lowpass,NCI_22,control,NCI_rotenone_500nM_34,2.5,200.1999969482422,0.7566585540771484,-0.6586038998406943
lowpass,NCI_23,matched,NCI_23,0.30000001192092896,221.0,0.7519420385360718,-0.6529766092222709
lowpass,NCI_23,control,T24_18,0.4000000059604645,204.10000610351562,0.7686105966567993,-0.6301119241294534
lowpass,NCI_24,matched,NCI_24,0.30000001192092896,213.3000030517578,0.7200195789337158,-0.6872911733071592
lowpass,NCI_24,control,NCI_Blebbistatin_5uM_29,62.900001525878906,84.4000015258789,0.7806614637374878,-0.6777081184494163
lowpass,NCI_25,matched,NCI_25,0.20000000298023224,221.89999389648438,0.8171072006225586,-0.599028579074018
lowpass,NCI_25,control,T24_rotenone_500nM_48,0.30000001192092896,174.89999389648438,0.8241630792617798,-0.58935029293102
lowpass,NCI_26,matched,NCI_26,0.4000000059604645,246.10000610351562,0.7727826237678528,-0.6287816188669132
lowpass,NCI_26,control,NCI_Blebbistatin_5uM_25,52.79999923706055,100.5,0.8300219774246216,-0.5958935510072824
lowpass,NCI_27,matched,NCI_27,0.4000000059604645,230.10000610351562,0.6978660821914673,-0.7042323378741319
lowpass,NCI_27,control,T24_12,24.5,236.6999969482422,0.7318562865257263,-0.6939904612602912
lowpass,NCI_28,matched,NCI_28,0.30000001192092896,229.39999389648438,0.731188178062439,-0.702063700260539
lowpass,NCI_28,control,T24_04,6.599999904632568,185.89999389648438,0.7696573138237,-0.6509637468396778
lowpass,NCI_29,matched,NCI_29,22.399999618530273,247.5,0.7335983514785767,-0.7090677126512235
lowpass,NCI_29,control,T24_07,42.29999923706055,207.8000030517578,0.7504527568817139,-0.6884248025796286
lowpass,NCI_30,matched,NCI_30,0.4000000059604645,243.8000030517578,0.6799120903015137,-0.7360095591364844
lowpass,NCI_30,control,NCI_Staurosporine_100nM_16,0.4000000059604645,204.10000610351562,0.7036030292510986,-0.7085434012789511
lowpass,NCI_31,matched,NCI_31,0.4000000059604645,218.1999969482422,0.7551153898239136,-0.6738383443989266
lowpass,NCI_31,control,SNU_59,0.4000000059604645,255.8000030517578,0.7573638558387756,-0.6639811134467835
lowpass,NCI_32,matched,NCI_32,0.30000001192092896,213.5,0.7334159016609192,-0.6849792898788576
lowpass,NCI_32,control,NCI_45,0.30000001192092896,220.8000030517578,0.7385240793228149,-0.6797703804022718
lowpass,NCI_33,matched,NCI_33,0.30000001192092896,200.1999969482422,0.7304827570915222,-0.6803870945564578
lowpass,NCI_33,control,SNU_FCCP_10uM_33,0.4000000059604645,210.89999389648438,0.7449349164962769,-0.6673394144143301
lowpass,NCI_34,matched,NCI_34,0.4000000059604645,210.39999389648438,0.7017444372177124,-0.7006742403726366
lowpass,NCI_34,control,SNU_blebbistatin_08,26.399999618530273,226.3000030517578,0.7303186058998108,-0.6850683433487484
lowpass,NCI_35,matched,NCI_35,0.4000000059604645,225.60000610351562,0.7073924541473389,-0.7120657056237656
lowpass,NCI_35,control,SNU_FCCP_10uM_15,26.399999618530273,224.0,0.7276700735092163,-0.7045942372444022
lowpass,NCI_36,matched,NCI_36,0.4000000059604645,222.8000030517578,0.6862874031066895,-0.7321644226941165
lowpass,NCI_36,control,NCI_47,0.4000000059604645,218.1999969482422,0.685870349407196,-0.7282686817752034
lowpass,NCI_37,matched,NCI_37,0.30000001192092896,240.10000610351562,0.7376261949539185,-0.673911386866641
lowpass,NCI_37,control,SNU_FCCP_10uM_31,0.30000001192092896,228.1999969482422,0.7530679106712341,-0.6454281292445591
lowpass,NCI_38,matched,NCI_38,0.30000001192092896,209.60000610351562,0.7632462382316589,-0.6453301329607941
lowpass,NCI_38,control,T24_Blebbistatin_5uM_25,14.399999618530273,94.9000015258789,0.8037537932395935,-0.6254240655501596
lowpass,NCI_39,matched,NCI_39,0.30000001192092896,232.60000610351562,0.7244673371315002,-0.6866687867744626
lowpass,NCI_39,control,T24_Staurosporine_100nM_45,0.30000001192092896,252.10000610351562,0.709279477596283,-0.6871394943340048
lowpass,NCI_40,matched,NCI_40,0.30000001192092896,233.6999969482422,0.7210703492164612,-0.6987224107957986
lowpass,NCI_40,control,SNU_03,0.4000000059604645,264.5,0.7479207515716553,-0.6764614051141146
lowpass,NCI_41,matched,NCI_41,0.30000001192092896,239.3000030517578,0.6781631708145142,-0.7337664365478668
lowpass,NCI_41,control,NCI_rotenone_500nM_29,0.30000001192092896,208.1999969482422,0.6976072788238525,-0.7237830589059296
lowpass,NCI_42,matched,NCI_42,0.30000001192092896,225.0,0.7581533193588257,-0.6577710924287111
lowpass,NCI_42,control,T24_rotenone_500nM_28,46.20000076293945,184.39999389648438,0.7806286215782166,-0.662808291624356
lowpass,NCI_43,matched,NCI_43,0.4000000059604645,208.8000030517578,0.7155642509460449,-0.7076857740208198
lowpass,NCI_43,control,T24_Staurosporine_100nM_50,0.30000001192092896,254.6999969482422,0.7024422883987427,-0.7260426357203266
lowpass,NCI_44,matched,NCI_44,44.099998474121094,226.60000610351562,0.7625839114189148,-0.6809499400053978
lowpass,NCI_44,control,NCI_Blebbistatin_5uM_42,58.5,56.400001525878906,0.8035604953765869,-0.6278697258322185
lowpass,NCI_45,matched,NCI_45,0.4000000059604645,205.8000030517578,0.8016479015350342,-0.640524306232762
lowpass,NCI_45,control,NCI_50,6.5,225.39999389648438,0.7981259226799011,-0.6556643944527732
lowpass,NCI_46,matched,NCI_46,0.4000000059604645,242.6999969482422,0.7731302380561829,-0.6311328725242288
lowpass,NCI_46,control,SNU_blebbistatin_01,58.599998474121094,251.0,0.7903574109077454,-0.6235397982082687
lowpass,NCI_47,matched,NCI_47,6.400000095367432,243.8000030517578,0.7702000141143799,-0.6606914811128833
lowpass,NCI_47,control,SNU_49,6.599999904632568,259.6000061035156,0.7755988240242004,-0.64476687228745
lowpass,NCI_48,matched,NCI_48,4.5,220.10000610351562,0.7478744983673096,-0.6557158329107338
lowpass,NCI_48,control,T24_rotenone_500nM_06,0.10000000149011612,0.30000001192092896,0.6124902963638306,0.7903434028525936
lowpass,NCI_49,matched,NCI_49,46.900001525878906,223.89999389648438,0.7603517174720764,-0.7068225605913189
lowpass,NCI_49,control,SNU_FCCP_10uM_12,56.5,206.60000610351562,0.7697409987449646,-0.6825128068801597
lowpass,NCI_50,matched,NCI_50,10.5,240.3000030517578,0.7526013851165771,-0.6635281252526272
lowpass,NCI_50,control,T24_43,44.29999923706055,229.1999969482422,0.7665195465087891,-0.678395480629594
lowpass,NCI_Blebbistatin_5uM_01,matched,NCI_Blebbistatin_5uM_01,68.30000305175781,150.0,0.8371534943580627,-0.5841797341356973
lowpass,NCI_Blebbistatin_5uM_01,control,SNU_64,0.30000001192092896,303.70001220703125,0.7109332084655762,-0.7043233841724479
lowpass,NCI_Blebbistatin_5uM_02,matched,NCI_Blebbistatin_5uM_02,60.0,175.60000610351562,0.856264054775238,-0.5613552745840497
lowpass,NCI_Blebbistatin_5uM_02,control,T24_Staurosporine_100nM_13,0.30000001192092896,301.1000061035156,0.7361739873886108,-0.6727955693603016
lowpass,NCI_Blebbistatin_5uM_03,matched,NCI_Blebbistatin_5uM_03,54.5,135.39999389648438,0.8354600667953491,-0.5838410701223656
lowpass,NCI_Blebbistatin_5uM_03,control,SNU_staurosporine_42,0.30000001192092896,285.29998779296875,0.729933500289917,-0.6782190003363964
lowpass,NCI_Blebbistatin_5uM_04,matched,NCI_Blebbistatin_5uM_04,82.30000305175781,117.9000015258789,0.8606845140457153,-0.5538553227561476
lowpass,NCI_Blebbistatin_5uM_04,control,NCI_28,0.30000001192092896,258.3999938964844,0.7608453035354614,-0.6506562306138931
lowpass,NCI_Blebbistatin_5uM_05,matched,NCI_Blebbistatin_5uM_05,46.29999923706055,48.400001525878906,0.8550692200660706,-0.5332577335699623
lowpass,NCI_Blebbistatin_5uM_05,control,SNU_Rotenone_500nM_15,0.4000000059604645,255.5,0.7404177784919739,-0.6527215041647645
lowpass,NCI_Blebbistatin_5uM_06,matched,NCI_Blebbistatin_5uM_06,82.4000015258789,164.3000030517578,0.8845411539077759,-0.53665303469077
lowpass,NCI_Blebbistatin_5uM_06,control,SNU_blebbistatin_39,0.30000001192092896,301.79998779296875,0.8024739027023315,-0.5895246881503383
lowpass,NCI_Blebbistatin_5uM_07,matched,NCI_Blebbistatin_5uM_07,49.0,19.799999237060547,0.895521342754364,-0.4755946719004597
lowpass,NCI_Blebbistatin_5uM_07,control,NCI_20,0.30000001192092896,270.0,0.8122022747993469,-0.6064578866537838
lowpass,NCI_Blebbistatin_5uM_08,matched,NCI_Blebbistatin_5uM_08,47.900001525878906,20.200000762939453,0.9247859716415405,-0.40032983404834893
lowpass,NCI_Blebbistatin_5uM_08,control,T24_Blebbistatin_5uM_44,0.30000001192092896,142.89999389648438,0.8915454745292664,-0.46251041061013026
lowpass,NCI_Blebbistatin_5uM_09,matched,NCI_Blebbistatin_5uM_09,64.5,170.1999969482422,0.8890271782875061,-0.5035939900996202
lowpass,NCI_Blebbistatin_5uM_09,control,NCI_FCCP_10uM_45,0.30000001192092896,228.0,0.8261896371841431,-0.578238379577862
lowpass,NCI_Blebbistatin_5uM_10,matched,NCI_Blebbistatin_5uM_10,45.29999923706055,158.8000030517578,0.9081590175628662,-0.4469548259109203
lowpass,NCI_Blebbistatin_5uM_10,control,SNU_FCCP_10uM_35,24.799999237060547,285.70001220703125,0.8514121174812317,-0.5412090507023475
lowpass,NCI_Blebbistatin_5uM_11,matched,NCI_Blebbistatin_5uM_11,0.0,0.0,0.04192044585943222,0.999120806997094
lowpass,NCI_Blebbistatin_5uM_11,control,T24_Blebbistatin_5uM_50,0.30000001192092896,149.6999969482422,0.8004539608955383,-0.6012555423840485
lowpass,NCI_Blebbistatin_5uM_12,matched,NCI_Blebbistatin_5uM_12,58.79999923706055,135.1999969482422,0.8838368654251099,-0.5003459669059408
lowpass,NCI_Blebbistatin_5uM_12,control,SNU_FCCP_10uM_08,0.4000000059604645,251.89999389648438,0.83005690574646,-0.549863504637053
lowpass,NCI_Blebbistatin_5uM_13,matched,NCI_Blebbistatin_5uM_13,54.900001525878906,114.9000015258789,0.8484683632850647,-0.5565383490003997
lowpass,NCI_Blebbistatin_5uM_13,control,NCI_FCCP_10uM_04,0.4000000059604645,197.0,0.7971293926239014,-0.5949728066360291
lowpass,NCI_Blebbistatin_5uM_14,matched,NCI_Blebbistatin_5uM_14,-339.3999938964844,-242.3000030517578,0.8521715998649597,-0.03181582610326394
lowpass,NCI_Blebbistatin_5uM_14,control,NCI_Staurosporine_100nM_14,0.4000000059604645,275.6000061035156,0.7709499597549438,-0.6101797386952037
lowpass,NCI_Blebbistatin_5uM_15,matched,NCI_Blebbistatin_5uM_15,54.79999923706055,85.9000015258789,0.8405596017837524,-0.5764882156921007
lowpass,NCI_Blebbistatin_5uM_15,control,T24_rotenone_500nM_29,0.30000001192092896,161.10000610351562,0.7798970341682434,-0.6206974263681053
lowpass,NCI_Blebbistatin_5uM_16,matched,NCI_Blebbistatin_5uM_16,39.29999923706055,123.69999694824219,0.8694398403167725,-0.5259821809358765
lowpass,NCI_Blebbistatin_5uM_16,control,NCI_31,0.30000001192092896,306.0,0.7825616002082825,-0.644126854689931
lowpass,NCI_Blebbistatin_5uM_17,matched,NCI_Blebbistatin_5uM_17,52.70000076293945,98.5,0.8016015887260437,-0.6277129340218673
lowpass,NCI_Blebbistatin_5uM_17,control,T24_FCCP_10uM_20,0.30000001192092896,249.39999389648438,0.6648948192596436,-0.7402151991868926
lowpass,NCI_Blebbistatin_5uM_18,matched,NCI_Blebbistatin_5uM_18,42.599998474121094,118.9000015258789,0.7854773998260498,-0.6573598317132142
lowpass,NCI_Blebbistatin_5uM_18,control,T24_FCCP_10uM_14,0.4000000059604645,209.0,0.6605954170227051,-0.7396158808441899
lowpass,NCI_Blebbistatin_5uM_19,matched,NCI_Blebbistatin_5uM_19,44.400001525878906,90.30000305175781,0.7925422787666321,-0.6378699523602716
lowpass,NCI_Blebbistatin_5uM_19,control,NCI_FCCP_10uM_01,30.399999618530273,197.5,0.7411986589431763,-0.6855911387288278
lowpass,NCI_Blebbistatin_5uM_20,matched,NCI_Blebbistatin_5uM_20,60.20000076293945,12.600000381469727,0.7847751975059509,-0.6586898189111184
lowpass,NCI_Blebbistatin_5uM_20,control,NCI_FCCP_10uM_17,0.4000000059604645,89.69999694824219,0.7095149755477905,-0.7173531858633873
lowpass,NCI_Blebbistatin_5uM_21,matched,NCI_Blebbistatin_5uM_21,36.900001525878906,134.8000030517578,0.8278355002403259,-0.6003725133629617
lowpass,NCI_Blebbistatin_5uM_21,control,SNU_blebbistatin_21,0.4000000059604645,281.79998779296875,0.7477377653121948,-0.6649072294545884
lowpass,NCI_Blebbistatin_5uM_22,matched,NCI_Blebbistatin_5uM_22,52.5,85.5,0.826452374458313,-0.6197997773986909
lowpass,NCI_Blebbistatin_5uM_22,control,SNU_staurosporine_38,0.30000001192092896,258.8999938964844,0.7095816731452942,-0.7163258081058628
lowpass,NCI_Blebbistatin_5uM_23,matched,NCI_Blebbistatin_5uM_23,64.5,80.19999694824219,0.8192302584648132,-0.6098027905513207
lowpass,NCI_Blebbistatin_5uM_23,control,T24_Staurosporine_100nM_42,0.30000001192092896,294.20001220703125,0.6753389239311218,-0.7243481366533405
lowpass,NCI_Blebbistatin_5uM_24,matched,NCI_Blebbistatin_5uM_24,48.70000076293945,146.10000610351562,0.8410861492156982,-0.5969585293127455
lowpass,NCI_Blebbistatin_5uM_24,control,NCI_Staurosporine_100nM_21,0.30000001192092896,264.70001220703125,0.7458940148353577,-0.665429816428409
lowpass,NCI_Blebbistatin_5uM_25,matched,NCI_Blebbistatin_5uM_25,44.29999923706055,134.3000030517578,0.8133983612060547,-0.6128038291806516
lowpass,NCI_Blebbistatin_5uM_25,control,SNU_staurosporine_33,0.0,0.0,0.5439038276672363,0.8391474978316928
lowpass,NCI_Blebbistatin_5uM_26,matched,NCI_Blebbistatin_5uM_26,24.299999237060547,109.19999694824219,0.8258607983589172,-0.5718330846044488
lowpass,NCI_Blebbistatin_5uM_26,control,NCI_Blebbistatin_5uM_28,24.299999237060547,115.69999694824219,0.8203957080841064,-0.5828707686694418
lowpass,NCI_Blebbistatin_5uM_27,matched,NCI_Blebbistatin_5uM_27,30.5,114.5999984741211,0.7891741394996643,-0.6383520980086262
lowpass,NCI_Blebbistatin_5uM_27,control,SNU_Rotenone_500nM_19,0.30000001192092896,282.79998779296875,0.6253126263618469,-0.7717020992393575
lowpass,NCI_Blebbistatin_5uM_28,matched,NCI_Blebbistatin_5uM_28,30.700000762939453,108.4000015258789,0.7956550121307373,-0.6276665192269121
lowpass,NCI_Blebbistatin_5uM_28,control,T24_Staurosporine_100nM_39,0.30000001192092896,296.3999938964844,0.6212429404258728,-0.771070867144849
lowpass,NCI_Blebbistatin_5uM_29,matched,NCI_Blebbistatin_5uM_29,32.599998474121094,133.8000030517578,0.8123185038566589,-0.6038798348997446
lowpass,NCI_Blebbistatin_5uM_29,control,T24_Blebbistatin_5uM_19,0.4000000059604645,157.1999969482422,0.7642146944999695,-0.6396583538630753
lowpass,NCI_Blebbistatin_5uM_30,matched,NCI_Blebbistatin_5uM_30,20.5,125.80000305175781,0.795130729675293,-0.6255697701865772
lowpass,NCI_Blebbistatin_5uM_30,control,SNU_blebbistatin_40,0.30000001192092896,289.5,0.6597813367843628,-0.7399863040285486
lowpass,NCI_Blebbistatin_5uM_31,matched,NCI_Blebbistatin_5uM_31,32.599998474121094,125.5999984741211,0.791447639465332,-0.641811840847605
lowpass,NCI_Blebbistatin_5uM_31,control,T24_49,0.30000001192092896,249.0,0.6689706444740295,-0.7375742524597445
lowpass,NCI_Blebbistatin_5uM_32,matched,NCI_Blebbistatin_5uM_32,32.29999923706055,120.4000015258789,0.7813193202018738,-0.6540866558788186
lowpass,NCI_Blebbistatin_5uM_32,control,T24_rotenone_500nM_17,0.4000000059604645,227.6999969482422,0.716376543045044,-0.6979517413214834
lowpass,NCI_Blebbistatin_5uM_33,matched,NCI_Blebbistatin_5uM_33,38.599998474121094,122.0999984741211,0.7875156998634338,-0.6489537242569361
lowpass,NCI_Blebbistatin_5uM_33,control,SNU_39,0.30000001192092896,287.5,0.6610705852508545,-0.7438538683015656
lowpass,NCI_Blebbistatin_5uM_34,matched,NCI_Blebbistatin_5uM_34,30.5,121.0999984741211,0.7968286871910095,-0.6193700398772403
lowpass,NCI_Blebbistatin_5uM_34,control,SNU_FCCP_10uM_30,0.4000000059604645,251.3000030517578,0.7112588882446289,-0.6807126615753337
lowpass,NCI_Blebbistatin_5uM_35,matched,NCI_Blebbistatin_5uM_35,4.5,112.5,0.780879557132721,-0.6305295064373019
lowpass,NCI_Blebbistatin_5uM_35,control,NCI_Staurosporine_100nM_10,0.30000001192092896,239.6999969482422,0.6923035979270935,-0.7130848612705395
lowpass,NCI_Blebbistatin_5uM_36,matched,NCI_Blebbistatin_5uM_36,0.0,0.0,0.028485048562288284,0.9995939441386928
lowpass,NCI_Blebbistatin_5uM_36,control,NCI_Staurosporine_100nM_07,0.4000000059604645,214.1999969482422,0.7006192207336426,-0.6980172179895546
lowpass,NCI_Blebbistatin_5uM_37,matched,NCI_Blebbistatin_5uM_37,6.5,102.19999694824219,0.7685804963111877,-0.6476081562946724
lowpass,NCI_Blebbistatin_5uM_37,control,NCI_rotenone_500nM_42,0.30000001192092896,193.6999969482422,0.6679141521453857,-0.7311826297344114
lowpass,NCI_Blebbistatin_5uM_38,matched,NCI_Blebbistatin_5uM_38,24.5,126.0999984741211,0.7602059245109558,-0.6736266335286943
lowpass,NCI_Blebbistatin_5uM_38,control,SNU_89,0.30000001192092896,279.6000061035156,0.619381844997406,-0.7763270181639608
lowpass,NCI_Blebbistatin_5uM_39,matched,NCI_Blebbistatin_5uM_39,40.29999923706055,114.5999984741211,0.7993622422218323,-0.6328966515144003
lowpass,NCI_Blebbistatin_5uM_39,control,NCI_rotenone_500nM_37,0.30000001192092896,221.1999969482422,0.7106237411499023,-0.7043280672354931
lowpass,NCI_Blebbistatin_5uM_40,matched,NCI_Blebbistatin_5uM_40,42.70000076293945,148.60000610351562,0.8271909356117249,-0.6097036229192968
lowpass,NCI_Blebbistatin_5uM_40,control,NCI_Staurosporine_100nM_15,0.4000000059604645,206.39999389648438,0.750072181224823,-0.6438937136580539
lowpass,NCI_Blebbistatin_5uM_41,matched,NCI_Blebbistatin_5uM_41,50.599998474121094,134.5,0.7860398292541504,-0.6568130163601024
lowpass,NCI_Blebbistatin_5uM_41,control,SNU_33,0.4000000059604645,266.3999938964844,0.6998383402824402,-0.7142945669106153
lowpass,NCI_Blebbistatin_5uM_42,matched,NCI_Blebbistatin_5uM_42,40.5,155.5,0.8074212074279785,-0.6359774012404612
lowpass,NCI_Blebbistatin_5uM_42,control,NCI_40,0.30000001192092896,259.8999938964844,0.6982863545417786,-0.7298126125297031
lowpass,NCI_Blebbistatin_5uM_43,matched,NCI_Blebbistatin_5uM_43,42.400001525878906,123.0,0.8027495741844177,-0.6143292850569891
lowpass,NCI_Blebbistatin_5uM_43,control,NCI_FCCP_10uM_26,0.4000000059604645,221.89999389648438,0.7478438019752502,-0.6507834884940608
lowpass,NCI_Blebbistatin_5uM_44,matched,NCI_Blebbistatin_5uM_44,16.600000381469727,152.39999389648438,0.8043440580368042,-0.6109530948780264
lowpass,NCI_Blebbistatin_5uM_44,control,T24_FCCP_10uM_33,4.5,251.0,0.7168911099433899,-0.6999645033466287
lowpass,NCI_Blebbistatin_5uM_45,matched,NCI_Blebbistatin_5uM_45,46.400001525878906,126.5,0.7823653817176819,-0.6571266100925333
lowpass,NCI_Blebbistatin_5uM_45,control,NCI_rotenone_500nM_40,0.30000001192092896,215.8000030517578,0.6873480081558228,-0.722872773200013
lowpass,NCI_Blebbistatin_5uM_46,matched,NCI_Blebbistatin_5uM_46,-321.1000061035156,-241.3000030517578,0.8323355317115784,-0.1135525575277627
lowpass,NCI_Blebbistatin_5uM_46,control,NCI_Staurosporine_100nM_49,0.4000000059604645,288.3999938964844,0.7546258568763733,-0.6273491313303741
lowpass,NCI_Blebbistatin_5uM_47,matched,NCI_Blebbistatin_5uM_47,30.200000762939453,149.6999969482422,0.8212118148803711,-0.609507496652362
lowpass,NCI_Blebbistatin_5uM_47,control,T24_22,0.4000000059604645,256.3999938964844,0.7542232871055603,-0.658836406741806
lowpass,NCI_Blebbistatin_5uM_48,matched,NCI_Blebbistatin_5uM_48,66.69999694824219,135.1999969482422,0.8410287499427795,-0.6059309016543263
lowpass,NCI_Blebbistatin_5uM_48,control,NCI_FCCP_10uM_29,0.4000000059604645,259.70001220703125,0.7875533103942871,-0.663916317661806
lowpass,NCI_Blebbistatin_5uM_49,matched,NCI_Blebbistatin_5uM_49,0.4000000059604645,131.6999969482422,0.8133605122566223,-0.5887080371006327
lowpass,NCI_Blebbistatin_5uM_49,control,SNU_blebbistatin_22,0.30000001192092896,257.70001220703125,0.7360786199569702,-0.6741845111543304
lowpass,NCI_Blebbistatin_5uM_50,matched,NCI_Blebbistatin_5uM_50,64.5,137.0,0.8218194842338562,-0.6394501511933594
lowpass,NCI_Blebbistatin_5uM_50,control,NCI_29,0.30000001192092896,273.3999938964844,0.7266087532043457,-0.7058887262611774
lowpass,NCI_FCCP_10uM_01,matched,NCI_FCCP_10uM_01,0.4000000059604645,216.5,0.8416745662689209,-0.5420402431853026
lowpass,NCI_FCCP_10uM_01,control,T24_Blebbistatin_5uM_12,0.20000000298023224,112.0,0.8473909497261047,-0.5357649470233327
lowpass,NCI_FCCP_10uM_02,matched,NCI_FCCP_10uM_02,32.599998474121094,184.8000030517578,0.7845276594161987,-0.6487193144093667
lowpass,NCI_FCCP_10uM_02,control,T24_Blebbistatin_5uM_15,26.5,90.69999694824219,0.7987481355667114,-0.6258230860241406
lowpass,NCI_FCCP_10uM_03,matched,NCI_FCCP_10uM_03,0.30000001192092896,210.6999969482422,0.8070330619812012,-0.5970783644699572
lowpass,NCI_FCCP_10uM_03,control,SNU_05,0.30000001192092896,241.0,0.7865594625473022,-0.6138422969420889
lowpass,NCI_FCCP_10uM_04,matched,NCI_FCCP_10uM_04,0.30000001192092896,178.3000030517578,0.767367422580719,-0.6571644166546277
lowpass,NCI_FCCP_10uM_04,control,NCI_rotenone_500nM_38,0.30000001192092896,181.10000610351562,0.7291010022163391,-0.6996921430476942
lowpass,NCI_FCCP_10uM_05,matched,NCI_FCCP_10uM_05,34.70000076293945,193.0,0.7346709370613098,-0.7152960805348011
lowpass,NCI_FCCP_10uM_05,control,NCI_FCCP_10uM_06,36.29999923706055,196.60000610351562,0.7356134057044983,-0.715485777932551
lowpass,NCI_FCCP_10uM_06,matched,NCI_FCCP_10uM_06,8.5,171.5,0.7331646084785461,-0.6919337940085284
lowpass,NCI_FCCP_10uM_06,control,SNU_staurosporine_17,12.5,238.3000030517578,0.7167626023292542,-0.711750776812377
lowpass,NCI_FCCP_10uM_07,matched,NCI_FCCP_10uM_07,0.3999999761581421,197.1999969482422,0.7263855338096619,-0.6987412816764632
lowpass,NCI_FCCP_10uM_07,control,NCI_rotenone_500nM_02,0.30000001192092896,195.39999389648438,0.6930047273635864,-0.7270021204063406
lowpass,NCI_FCCP_10uM_08,matched,NCI_FCCP_10uM_08,24.399999618530273,201.89999389648438,0.7774688601493835,-0.6567317601797691
lowpass,NCI_FCCP_10uM_08,control,T24_Staurosporine_100nM_49,0.30000001192092896,271.6000061035156,0.6971148252487183,-0.7129992249036935
lowpass,NCI_FCCP_10uM_09,matched,NCI_FCCP_10uM_09,12.5,190.39999389648438,0.7822611331939697,-0.6193444255456608
lowpass,NCI_FCCP_10uM_09,control,T24_Staurosporine_100nM_18,0.30000001192092896,254.3000030517578,0.7102715373039246,-0.7012182468317139
lowpass,NCI_FCCP_10uM_10,matched,NCI_FCCP_10uM_10,0.4000000059604645,179.39999389648438,0.7410308122634888,-0.6715899785084452
lowpass,NCI_FCCP_10uM_10,control,SNU_60,0.30000001192092896,268.1000061035156,0.6665003895759583,-0.7457255669388211
lowpass,NCI_FCCP_10uM_11,matched,NCI_FCCP_10uM_11,12.5,190.89999389648438,0.7244960069656372,-0.6972021477774536
lowpass,NCI_FCCP_10uM_11,control,T24_20,0.4000000059604645,200.1999969482422,0.7025655508041382,-0.7000386733303652
lowpass,NCI_FCCP_10uM_12,matched,NCI_FCCP_10uM_12,0.4000000059604645,183.60000610351562,0.7170451283454895,-0.6915754059355843
lowpass,NCI_FCCP_10uM_12,control,SNU_Rotenone_500nM_38,0.30000001192092896,264.79998779296875,0.6418759226799011,-0.7539726745171474
lowpass,NCI_FCCP_10uM_13,matched,NCI_FCCP_10uM_13,0.4000000059604645,191.8000030517578,0.7095345854759216,-0.710025758804796
lowpass,NCI_FCCP_10uM_13,control,T24_FCCP_10uM_36,0.30000001192092896,198.8000030517578,0.6583682298660278,-0.7502357986248189
lowpass,NCI_FCCP_10uM_14,matched,NCI_FCCP_10uM_14,0.4000000059604645,199.3000030517578,0.7295369505882263,-0.6802813298533509
lowpass,NCI_FCCP_10uM_14,control,NCI_FCCP_10uM_44,0.30000001192092896,205.0,0.7029818296432495,-0.7009824929395506
lowpass,NCI_FCCP_10uM_15,matched,NCI_FCCP_10uM_15,0.4000000059604645,180.10000610351562,0.731305718421936,-0.681579188176028
lowpass,NCI_FCCP_10uM_15,control,NCI_02,0.30000001192092896,238.6999969482422,0.6842010021209717,-0.7358252011151398
lowpass,NCI_FCCP_10uM_16,matched,NCI_FCCP_10uM_16,0.4000000059604645,196.60000610351562,0.6992499232292175,-0.712585927553234
lowpass,NCI_FCCP_10uM_16,control,NCI_41,0.30000001192092896,238.6999969482422,0.6327329874038696,-0.7693996733014593
lowpass,NCI_FCCP_10uM_17,matched,NCI_FCCP_10uM_17,0.4000000059604645,188.89999389648438,0.6986334919929504,-0.7173541759096985
lowpass,NCI_FCCP_10uM_17,control,SNU_FCCP_10uM_05,0.30000001192092896,211.39999389648438,0.6854250431060791,-0.7184614974694409
lowpass,NCI_FCCP_10uM_18,matched,NCI_FCCP_10uM_18,0.30000001192092896,189.8000030517578,0.6799513101577759,-0.7289580964384778
lowpass,NCI_FCCP_10uM_18,control,T24_09,0.4000000059604645,206.89999389648438,0.6828837394714355,-0.721728205807205
lowpass,NCI_FCCP_10uM_19,matched,NCI_FCCP_10uM_19,0.4000000059604645,194.0,0.7202209830284119,-0.6946658215813708
lowpass,NCI_FCCP_10uM_19,control,SNU_72,0.30000001192092896,271.6000061035156,0.6537099480628967,-0.7561206753071531
lowpass,NCI_FCCP_10uM_20,matched,NCI_FCCP_10uM_20,0.30000001192092896,196.8000030517578,0.6919724345207214,-0.7183791491201434
lowpass,NCI_FCCP_10uM_20,control,SNU_Rotenone_500nM_22,0.30000001192092896,251.1999969482422,0.6329156756401062,-0.760485744244724
lowpass,NCI_FCCP_10uM_21,matched,NCI_FCCP_10uM_21,0.30000001192092896,215.3000030517578,0.7282223105430603,-0.6879082984407555
lowpass,NCI_FCCP_10uM_21,control,SNU_43,0.30000001192092896,267.0,0.6887518763542175,-0.7284872018539226
lowpass,NCI_FCCP_10uM_22,matched,NCI_FCCP_10uM_22,0.30000001192092896,188.8000030517578,0.7049679756164551,-0.702292753553983
lowpass,NCI_FCCP_10uM_22,control,SNU_78,0.30000001192092896,283.5,0.6385226249694824,-0.7674044567209303
lowpass,NCI_FCCP_10uM_23,matched,NCI_FCCP_10uM_23,0.4000000059604645,196.89999389648438,0.683085024356842,-0.7278184919153866
lowpass,NCI_FCCP_10uM_23,control,NCI_33,0.30000001192092896,245.3000030517578,0.6211948990821838,-0.7825546832726769
lowpass,NCI_FCCP_10uM_24,matched,NCI_FCCP_10uM_24,0.30000001192092896,206.1999969482422,0.687555730342865,-0.7300581797776788
lowpass,NCI_FCCP_10uM_24,control,T24_FCCP_10uM_11,0.30000001192092896,209.5,0.6536091566085815,-0.7567126048823597
lowpass,NCI_FCCP_10uM_25,matched,NCI_FCCP_10uM_25,0.4000000059604645,196.3000030517578,0.7063788175582886,-0.7063077509240084
lowpass,NCI_FCCP_10uM_25,control,SNU_Rotenone_500nM_39,0.30000001192092896,257.0,0.641431450843811,-0.758199661077233
lowpass,NCI_FCCP_10uM_26,matched,NCI_FCCP_10uM_26,0.30000001192092896,211.3000030517578,0.7248051166534424,-0.7004628854068019
lowpass,NCI_FCCP_10uM_26,control,NCI_Staurosporine_100nM_44,0.30000001192092896,215.0,0.6829518675804138,-0.7333053526979566
lowpass,NCI_FCCP_10uM_27,matched,NCI_FCCP_10uM_27,0.4000000059604645,210.5,0.7050542831420898,-0.7301137782996452
lowpass,NCI_FCCP_10uM_27,control,NCI_34,0.30000001192092896,243.3000030517578,0.6579287648200989,-0.7768790996231767
lowpass,NCI_FCCP_10uM_28,matched,NCI_FCCP_10uM_28,0.30000001192092896,184.5,0.6718289852142334,-0.7412152451617702
lowpass,NCI_FCCP_10uM_28,control,T24_Blebbistatin_5uM_39,0.0,-0.10000000149011612,0.5079021453857422,0.8614011366493557
lowpass,NCI_FCCP_10uM_29,matched,NCI_FCCP_10uM_29,0.30000001192092896,213.0,0.7089822888374329,-0.7078540974896167
lowpass,NCI_FCCP_10uM_29,control,NCI_Blebbistatin_5uM_31,38.70000076293945,76.80000305175781,0.7667489051818848,-0.6756496257604225
lowpass,NCI_FCCP_10uM_30,matched,NCI_FCCP_10uM_30,0.30000001192092896,186.39999389648438,0.6908193826675415,-0.7251363030722138
lowpass,NCI_FCCP_10uM_30,control,SNU_blebbistatin_07,0.4000000059604645,225.1999969482422,0.6970094442367554,-0.713426353456926
lowpass,NCI_FCCP_10uM_31,matched,NCI_FCCP_10uM_31,0.30000001192092896,191.3000030517578,0.68631911277771,-0.7256191684818979
lowpass,NCI_FCCP_10uM_31,control,T24_Staurosporine_100nM_41,0.20000000298023224,269.70001220703125,0.6222353577613831,-0.7863998150924718
lowpass,NCI_FCCP_10uM_32,matched,NCI_FCCP_10uM_32,0.30000001192092896,180.39999389648438,0.7195892333984375,-0.6818511717193396
lowpass,NCI_FCCP_10uM_32,control,T24_FCCP_10uM_29,0.30000001192092896,198.0,0.6928644180297852,-0.7056703102766362
lowpass,NCI_FCCP_10uM_33,matched,NCI_FCCP_10uM_33,0.20000000298023224,181.5,0.739650309085846,-0.6626606751799109
lowpass,NCI_FCCP_10uM_33,control,NCI_FCCP_10uM_23,0.30000001192092896,185.10000610351562,0.7408308982849121,-0.6616959625257944
lowpass,NCI_FCCP_10uM_34,matched,NCI_FCCP_10uM_34,0.30000001192092896,203.0,0.7109066247940063,-0.7082434120164852
lowpass,NCI_FCCP_10uM_34,control,NCI_Blebbistatin_5uM_35,18.5,105.19999694824219,0.7733728289604187,-0.6603214381560134
lowpass,NCI_FCCP_10uM_35,matched,NCI_FCCP_10uM_35,0.30000001192092896,198.60000610351562,0.6898585557937622,-0.7264884610520662
lowpass,NCI_FCCP_10uM_35,control,SNU_staurosporine_39,0.30000001192092896,246.8000030517578,0.6713763475418091,-0.7392769837703558
lowpass,NCI_FCCP_10uM_36,matched,NCI_FCCP_10uM_36,0.4000000059604645,180.0,0.6945366263389587,-0.7164905544453026
lowpass,NCI_FCCP_10uM_36,control,SNU_staurosporine_13,-0.10000000149011612,0.0,0.49031856656074524,0.8715434345189507
lowpass,NCI_FCCP_10uM_37,matched,NCI_FCCP_10uM_37,0.4000000059604645,183.89999389648438,0.7186041474342346,-0.6857750696630283
lowpass,NCI_FCCP_10uM_37,control,SNU_56,0.30000001192092896,256.70001220703125,0.6772553324699402,-0.720443480679908
lowpass,NCI_FCCP_10uM_38,matched,NCI_FCCP_10uM_38,0.30000001192092896,202.1999969482422,0.7229383587837219,-0.6970722900694362
lowpass,NCI_FCCP_10uM_38,control,SNU_blebbistatin_18,0.4000000059604645,257.70001220703125,0.7154098749160767,-0.7067326109461494
lowpass,NCI_FCCP_10uM_39,matched,NCI_FCCP_10uM_39,0.30000001192092896,203.89999389648438,0.7163706421852112,-0.6848554587163685
lowpass,NCI_FCCP_10uM_39,control,NCI_rotenone_500nM_03,0.30000001192092896,191.0,0.716996431350708,-0.682140387820649
lowpass,NCI_FCCP_10uM_40,matched,NCI_FCCP_10uM_40,0.30000001192092896,227.6999969482422,0.7584676146507263,-0.6627928444053108
lowpass,NCI_FCCP_10uM_40,control,T24_08,0.30000001192092896,205.6999969482422,0.7635012865066528,-0.6414085712768829
lowpass,NCI_FCCP_10uM_41,matched,NCI_FCCP_10uM_41,0.4000000059604645,196.10000610351562,0.7168867588043213,-0.7061852765586984
lowpass,NCI_FCCP_10uM_41,control,SNU_staurosporine_35,0.30000001192092896,259.6000061035156,0.7090679407119751,-0.7151190640833822
lowpass,NCI_FCCP_10uM_42,matched,NCI_FCCP_10uM_42,0.30000001192092896,205.5,0.7254495024681091,-0.6858786895536074
lowpass,NCI_FCCP_10uM_42,control,NCI_Staurosporine_100nM_02,0.30000001192092896,236.39999389648438,0.7216353416442871,-0.6945783068084769
lowpass,NCI_FCCP_10uM_43,matched,NCI_FCCP_10uM_43,0.30000001192092896,201.60000610351562,0.7028608322143555,-0.7107007065500774
lowpass,NCI_FCCP_10uM_43,control,SNU_FCCP_10uM_32,0.30000001192092896,244.60000610351562,0.6939510107040405,-0.7216103543769218
lowpass,NCI_FCCP_10uM_44,matched,NCI_FCCP_10uM_44,0.30000001192092896,220.39999389648438,0.6902767419815063,-0.7361068913283391
lowpass,NCI_FCCP_10uM_44,control,SNU_Rotenone_500nM_12,0.30000001192092896,250.1999969482422,0.667192280292511,-0.7488898794162578
lowpass,NCI_FCCP_10uM_45,matched,NCI_FCCP_10uM_45,0.30000001192092896,221.39999389648438,0.6787117719650269,-0.7345478749560912
lowpass,NCI_FCCP_10uM_45,control,SNU_FCCP_10uM_10,0.30000001192092896,225.8000030517578,0.6843904256820679,-0.719742194487403
lowpass,NCI_FCCP_10uM_46,matched,NCI_FCCP_10uM_46,0.4000000059604645,217.39999389648438,0.68245530128479,-0.7308370687024702
lowpass,NCI_FCCP_10uM_46,control,SNU_FCCP_10uM_02,8.5,216.3000030517578,0.701347827911377,-0.7069038252916434
lowpass,NCI_FCCP_10uM_47,matched,NCI_FCCP_10uM_47,0.30000001192092896,206.89999389648438,0.6871548891067505,-0.7203715925636982
lowpass,NCI_FCCP_10uM_47,control,T24_rotenone_500nM_03,10.5,222.6999969482422,0.7520377039909363,-0.6735039681351686
lowpass,NCI_FCCP_10uM_48,matched,NCI_FCCP_10uM_48,0.4000000059604645,215.6999969482422,0.7050439119338989,-0.724900245787577
lowpass,NCI_FCCP_10uM_48,control,NCI_Blebbistatin_5uM_08,78.9000015258789,84.19999694824219,0.8191782236099243,-0.6328682507912888
lowpass,NCI_FCCP_10uM_49,matched,NCI_FCCP_10uM_49,12.5,222.6999969482422,0.6910683512687683,-0.7403963518278602
lowpass,NCI_FCCP_10uM_49,control,T24_Staurosporine_100nM_01,0.4000000059604645,226.39999389648438,0.6696885228157043,-0.7414759960246321
lowpass,NCI_FCCP_10uM_50,matched,NCI_FCCP_10uM_50,0.30000001192092896,214.39999389648438,0.6648096442222595,-0.7396557303400453
lowpass,NCI_FCCP_10uM_50,control,SNU_staurosporine_02,38.5,252.1999969482422,0.7156475782394409,-0.7168933476906235
lowpass,NCI_Staurosporine_100nM_01,matched,NCI_Staurosporine_100nM_01,0.30000001192092896,224.10000610351562,0.7164300084114075,-0.6898666137658063
lowpass,NCI_Staurosporine_100nM_01,control,SNU_staurosporine_27,0.30000001192092896,248.0,0.7202553153038025,-0.6821268214620891
lowpass,NCI_Staurosporine_100nM_02,matched,NCI_Staurosporine_100nM_02,0.30000001192092896,242.8000030517578,0.7168556451797485,-0.6986864765836758
lowpass,NCI_Staurosporine_100nM_02,control,NCI_Blebbistatin_5uM_26,48.79999923706055,80.0999984741211,0.7880234718322754,-0.6542502954489241
lowpass,NCI_Staurosporine_100nM_03,matched,NCI_Staurosporine_100nM_03,0.30000001192092896,215.60000610351562,0.7285805940628052,-0.676559254283698
lowpass,NCI_Staurosporine_100nM_03,control,SNU_30,0.30000001192092896,248.10000610351562,0.7203385829925537,-0.6827544380825642
lowpass,NCI_Staurosporine_100nM_04,matched,NCI_Staurosporine_100nM_04,0.30000001192092896,201.89999389648438,0.7494746446609497,-0.6552059064711959
lowpass,NCI_Staurosporine_100nM_04,control,NCI_FCCP_10uM_32,0.30000001192092896,206.89999389648438,0.7581716775894165,-0.6535199189349704
lowpass,NCI_Staurosporine_100nM_05,matched,NCI_Staurosporine_100nM_05,0.30000001192092896,231.10000610351562,0.7267047762870789,-0.6978270158817333
lowpass,NCI_Staurosporine_100nM_05,control,SNU_staurosporine_24,0.4000000059604645,254.89999389648438,0.7383769750595093,-0.6799266815759757
lowpass,NCI_Staurosporine_100nM_06,matched,NCI_Staurosporine_100nM_06,6.5,200.0,0.7428396344184875,-0.6589202663183942
lowpass,NCI_Staurosporine_100nM_06,control,T24_38,12.5,226.8000030517578,0.74455326795578,-0.6712867757263008
lowpass,NCI_Staurosporine_100nM_07,matched,NCI_Staurosporine_100nM_07,0.30000001192092896,215.60000610351562,0.7152206301689148,-0.7001548258983158
lowpass,NCI_Staurosporine_100nM_07,control,T24_28,0.30000001192092896,219.89999389648438,0.71494460105896,-0.6997562794126281
lowpass,NCI_Staurosporine_100nM_08,matched,NCI_Staurosporine_100nM_08,0.30000001192092896,201.8000030517578,0.7162864804267883,-0.688511114089786
lowpass,NCI_Staurosporine_100nM_08,control,T24_Blebbistatin_5uM_07,0.4000000059604645,83.80000305175781,0.767142117023468,-0.6470033827280246
lowpass,NCI_Staurosporine_100nM_09,matched,NCI_Staurosporine_100nM_09,0.30000001192092896,200.39999389648438,0.6881262063980103,-0.71796270713213
lowpass,NCI_Staurosporine_100nM_09,control,T24_rotenone_500nM_36,0.30000001192092896,178.89999389648438,0.7052821516990662,-0.7069374453196262
lowpass,NCI_Staurosporine_100nM_10,matched,NCI_Staurosporine_100nM_10,0.30000001192092896,196.1999969482422,0.6966328620910645,-0.7074812662275352
lowpass,NCI_Staurosporine_100nM_10,control,NCI_FCCP_10uM_46,0.30000001192092896,194.89999389648438,0.6934806704521179,-0.7152325033032758
lowpass,NCI_Staurosporine_100nM_11,matched,NCI_Staurosporine_100nM_11,6.5,212.0,0.6904651522636414,-0.729437495029164
lowpass,NCI_Staurosporine_100nM_11,control,NCI_rotenone_500nM_50,0.4000000059604645,186.10000610351562,0.6736919283866882,-0.7378744544522107
lowpass,NCI_Staurosporine_100nM_12,matched,NCI_Staurosporine_100nM_12,0.30000001192092896,197.10000610351562,0.7047271728515625,-0.69926018528124
lowpass,NCI_Staurosporine_100nM_12,control,T24_rotenone_500nM_01,40.5,182.6999969482422,0.7587077021598816,-0.6780654087722657
lowpass,NCI_Staurosporine_100nM_13,matched,NCI_Staurosporine_100nM_13,0.4000000059604645,204.39999389648438,0.7046411633491516,-0.7101221987674773
lowpass,NCI_Staurosporine_100nM_13,control,SNU_blebbistatin_19,0.4000000059604645,261.29998779296875,0.6960204243659973,-0.7273107584564135
lowpass,NCI_Staurosporine_100nM_14,matched,NCI_Staurosporine_100nM_14,0.4000000059604645,204.5,0.6908704042434692,-0.7215921213246396
lowpass,NCI_Staurosporine_100nM_14,control,NCI_FCCP_10uM_21,4.5,196.39999389648438,0.7104148268699646,-0.7112148137413012
lowpass,NCI_Staurosporine_100nM_15,matched,NCI_Staurosporine_100nM_15,0.30000001192092896,201.39999389648438,0.7042582631111145,-0.7201412984189222
lowpass,NCI_Staurosporine_100nM_15,control,NCI_FCCP_10uM_27,0.4000000059604645,202.0,0.725888729095459,-0.7007656496963638
lowpass,NCI_Staurosporine_100nM_16,matched,NCI_Staurosporine_100nM_16,0.4000000059604645,220.60000610351562,0.7111864686012268,-0.7027718118515806
lowpass,NCI_Staurosporine_100nM_16,control,NCI_Staurosporine_100nM_13,4.5,198.6999969482422,0.7129392027854919,-0.6956107822656012
lowpass,NCI_Staurosporine_100nM_17,matched,NCI_Staurosporine_100nM_17,0.4000000059604645,203.10000610351562,0.7218651175498962,-0.6997428640390224
lowpass,NCI_Staurosporine_100nM_17,control,SNU_blebbistatin_32,0.4000000059604645,251.10000610351562,0.712727963924408,-0.7086773528432175
lowpass,NCI_Staurosporine_100nM_18,matched,NCI_Staurosporine_100nM_18,0.30000001192092896,200.1999969482422,0.7275213003158569,-0.6877260903465643
lowpass,NCI_Staurosporine_100nM_18,control,SNU_FCCP_10uM_37,0.30000001192092896,213.3000030517578,0.7243428826332092,-0.6839229445495767
lowpass,NCI_Staurosporine_100nM_19,matched,NCI_Staurosporine_100nM_19,0.30000001192092896,199.1999969482422,0.6852580904960632,-0.7200847711725472
lowpass,NCI_Staurosporine_100nM_19,control,NCI_rotenone_500nM_21,0.30000001192092896,200.89999389648438,0.6877058148384094,-0.7246846781683159
lowpass,NCI_Staurosporine_100nM_20,matched,NCI_Staurosporine_100nM_20,0.30000001192092896,226.39999389648438,0.7098463177680969,-0.7116365801010789
lowpass,NCI_Staurosporine_100nM_20,control,NCI_Blebbistatin_5uM_49,44.29999923706055,128.60000610351562,0.7836920022964478,-0.6753302996568835
lowpass,NCI_Staurosporine_100nM_21,matched,NCI_Staurosporine_100nM_21,0.4000000059604645,200.39999389648438,0.7112467885017395,-0.6924890774428502
lowpass,NCI_Staurosporine_100nM_21,control,T24_05,8.5,200.10000610351562,0.7360274195671082,-0.67414417816612
lowpass,NCI_Staurosporine_100nM_22,matched,NCI_Staurosporine_100nM_22,0.30000001192092896,219.0,0.6990734934806824,-0.7291140623450039
lowpass,NCI_Staurosporine_100nM_22,control,SNU_31,0.4000000059604645,251.1999969482422,0.696385383605957,-0.7337601061428983
lowpass,NCI_Staurosporine_100nM_23,matched,NCI_Staurosporine_100nM_23,0.30000001192092896,205.0,0.678821325302124,-0.7327246537218002
lowpass,NCI_Staurosporine_100nM_23,control,SNU_FCCP_10uM_24,0.4000000059604645,236.1999969482422,0.6840648651123047,-0.7291618918729147
lowpass,NCI_Staurosporine_100nM_24,matched,NCI_Staurosporine_100nM_24,0.30000001192092896,223.60000610351562,0.6922223567962646,-0.7168829095386827
lowpass,NCI_Staurosporine_100nM_24,control,SNU_91,0.30000001192092896,291.29998779296875,0.6547512412071228,-0.7549613123744048
lowpass,NCI_Staurosporine_100nM_25,matched,NCI_Staurosporine_100nM_25,0.30000001192092896,193.8000030517578,0.6943557262420654,-0.7137470366098617
lowpass,NCI_Staurosporine_100nM_25,control,NCI_FCCP_10uM_42,0.30000001192092896,194.89999389648438,0.7078664302825928,-0.7048780653845835
lowpass,NCI_Staurosporine_100nM_26,matched,NCI_Staurosporine_100nM_26,0.30000001192092896,219.6999969482422,0.6769338250160217,-0.7305425489755428
lowpass,NCI_Staurosporine_100nM_26,control,T24_Staurosporine_100nM_11,0.30000001192092896,241.6999969482422,0.640751302242279,-0.7557688360266149
lowpass,NCI_Staurosporine_100nM_27,matched,NCI_Staurosporine_100nM_27,0.30000001192092896,220.3000030517578,0.6665993928909302,-0.7407442228994142
lowpass,NCI_Staurosporine_100nM_27,control,NCI_FCCP_10uM_08,4.5,203.8000030517578,0.7256258726119995,-0.695313543604849
lowpass,NCI_Staurosporine_100nM_28,matched,NCI_Staurosporine_100nM_28,0.30000001192092896,216.3000030517578,0.6646651029586792,-0.7393575065441476
lowpass,NCI_Staurosporine_100nM_28,control,T24_FCCP_10uM_43,0.30000001192092896,224.0,0.6610012650489807,-0.7436335629775285
lowpass,NCI_Staurosporine_100nM_29,matched,NCI_Staurosporine_100nM_29,0.30000001192092896,222.6999969482422,0.6755152940750122,-0.7409663633074653
lowpass,NCI_Staurosporine_100nM_29,control,NCI_Blebbistatin_5uM_16,50.900001525878906,140.5,0.794603705406189,-0.6593873372811015
lowpass,NCI_Staurosporine_100nM_30,matched,NCI_Staurosporine_100nM_30,0.30000001192092896,227.89999389648438,0.6661606431007385,-0.7411357411064847
lowpass,NCI_Staurosporine_100nM_30,control,SNU_Rotenone_500nM_36,0.30000001192092896,266.29998779296875,0.6289907097816467,-0.772029560055391
lowpass,NCI_Staurosporine_100nM_31,matched,NCI_Staurosporine_100nM_31,0.30000001192092896,224.39999389648438,0.6626495122909546,-0.7499130376218978
lowpass,NCI_Staurosporine_100nM_31,control,T24_FCCP_10uM_06,0.4000000059604645,224.3000030517578,0.6701421737670898,-0.7458411132700452
lowpass,NCI_Staurosporine_100nM_32,matched,NCI_Staurosporine_100nM_32,0.30000001192092896,214.89999389648438,0.6835464835166931,-0.7334369774429581
lowpass,NCI_Staurosporine_100nM_32,control,SNU_73,0.30000001192092896,292.1000061035156,0.661531925201416,-0.7615097333692826
lowpass,NCI_Staurosporine_100nM_33,matched,NCI_Staurosporine_100nM_33,0.30000001192092896,204.10000610351562,0.6818484663963318,-0.723807467476439
lowpass,NCI_Staurosporine_100nM_33,control,NCI_FCCP_10uM_14,0.4000000059604645,204.10000610351562,0.7279670238494873,-0.6947471519166137
lowpass,NCI_Staurosporine_100nM_34,matched,NCI_Staurosporine_100nM_34,0.30000001192092896,216.5,0.6907845139503479,-0.7226098298133261
lowpass,NCI_Staurosporine_100nM_34,control,SNU_34,0.30000001192092896,259.20001220703125,0.6997897624969482,-0.7169111235218395
lowpass,NCI_Staurosporine_100nM_35,matched,NCI_Staurosporine_100nM_35,0.0,0.0,0.13205932080745697,0.9912416547568813
lowpass,NCI_Staurosporine_100nM_35,control,T24_Staurosporine_100nM_24,0.30000001192092896,260.0,0.6974912881851196,-0.7302310800459252
lowpass,NCI_Staurosporine_100nM_36,matched,NCI_Staurosporine_100nM_36,0.30000001192092896,226.1999969482422,0.6760067343711853,-0.7339007380646534
lowpass,NCI_Staurosporine_100nM_36,control,NCI_18,0.30000001192092896,236.6999969482422,0.6820463538169861,-0.7330465084586015
lowpass,NCI_Staurosporine_100nM_37,matched,NCI_Staurosporine_100nM_37,0.30000001192092896,240.0,0.6838277578353882,-0.7199613652165232
lowpass,NCI_Staurosporine_100nM_37,control,T24_Blebbistatin_5uM_16,0.4000000059604645,102.4000015258789,0.75517338514328,-0.6632796777768207
lowpass,NCI_Staurosporine_100nM_38,matched,NCI_Staurosporine_100nM_38,0.30000001192092896,210.10000610351562,0.6777926087379456,-0.7242864165692986
lowpass,NCI_Staurosporine_100nM_38,control,NCI_FCCP_10uM_07,0.4000000059604645,200.89999389648438,0.7346267104148865,-0.6833637386785242
lowpass,NCI_Staurosporine_100nM_39,matched,NCI_Staurosporine_100nM_39,0.30000001192092896,214.6999969482422,0.6789261698722839,-0.7300013431513761
lowpass,NCI_Staurosporine_100nM_39,control,SNU_FCCP_10uM_27,0.30000001192092896,246.3000030517578,0.69857257604599,-0.7199026660595667
lowpass,NCI_Staurosporine_100nM_40,matched,NCI_Staurosporine_100nM_40,0.30000001192092896,242.0,0.6915169358253479,-0.7391673633908942
lowpass,NCI_Staurosporine_100nM_40,control,T24_rotenone_500nM_45,0.4000000059604645,208.3000030517578,0.7227289080619812,-0.7134691206933035
lowpass,NCI_Staurosporine_100nM_41,matched,NCI_Staurosporine_100nM_41,0.30000001192092896,216.5,0.6987147927284241,-0.7247468398547745
lowpass,NCI_Staurosporine_100nM_41,control,SNU_blebbistatin_34,0.30000001192092896,255.0,0.6989991664886475,-0.725715702851646
lowpass,NCI_Staurosporine_100nM_42,matched,NCI_Staurosporine_100nM_42,0.0,0.10000000149011612,0.03944212570786476,0.9992175700019352
lowpass,NCI_Staurosporine_100nM_42,control,SNU_blebbistatin_10,40.599998474121094,237.5,0.7116168141365051,-0.732333823340535
lowpass,NCI_Staurosporine_100nM_43,matched,NCI_Staurosporine_100nM_43,0.30000001192092896,223.0,0.674484133720398,-0.7347084960307664
lowpass,NCI_Staurosporine_100nM_43,control,T24_Blebbistatin_5uM_37,0.4000000059604645,106.19999694824219,0.7329605221748352,-0.6928051955924945
lowpass,NCI_Staurosporine_100nM_44,matched,NCI_Staurosporine_100nM_44,0.30000001192092896,225.8000030517578,0.6623396873474121,-0.7574668777642761
lowpass,NCI_Staurosporine_100nM_44,control,T24_rotenone_500nM_21,6.5,162.3000030517578,0.7195106148719788,-0.7091486370777064
lowpass,NCI_Staurosporine_100nM_45,matched,NCI_Staurosporine_100nM_45,0.30000001192092896,225.3000030517578,0.655604362487793,-0.7645464018069933
lowpass,NCI_Staurosporine_100nM_45,control,SNU_staurosporine_34,0.4000000059604645,254.3000030517578,0.6836840510368347,-0.7413717884973672
lowpass,NCI_Staurosporine_100nM_46,matched,NCI_Staurosporine_100nM_46,0.30000001192092896,226.89999389648438,0.6420890092849731,-0.7609834585588766
lowpass,NCI_Staurosporine_100nM_46,control,T24_Blebbistatin_5uM_08,0.4000000059604645,86.9000015258789,0.7443079948425293,-0.6759406604008736
lowpass,NCI_Staurosporine_100nM_47,matched,NCI_Staurosporine_100nM_47,0.30000001192092896,215.39999389648438,0.651039719581604,-0.7583168716561838
lowpass,NCI_Staurosporine_100nM_47,control,NCI_Staurosporine_100nM_03,0.4000000059604645,222.8000030517578,0.6835751533508301,-0.7362599048356783
lowpass,NCI_Staurosporine_100nM_48,matched,NCI_Staurosporine_100nM_48,0.30000001192092896,232.5,0.628492534160614,-0.7711467054721479
lowpass,NCI_Staurosporine_100nM_48,control,SNU_Rotenone_500nM_26,0.30000001192092896,272.5,0.6231717467308044,-0.7752890430355768
lowpass,NCI_Staurosporine_100nM_49,matched,NCI_Staurosporine_100nM_49,0.30000001192092896,223.6999969482422,0.6528385281562805,-0.7469429803887636
lowpass,NCI_Staurosporine_100nM_49,control,SNU_FCCP_10uM_09,0.4000000059604645,231.10000610351562,0.6911742091178894,-0.7147087977890918
lowpass,NCI_Staurosporine_100nM_50,matched,NCI_Staurosporine_100nM_50,0.20000000298023224,211.1999969482422,0.6148731708526611,-0.7904352424416213
lowpass,NCI_Staurosporine_100nM_50,control,NCI_Staurosporine_100nM_12,0.20000000298023224,198.3000030517578,0.6481009721755981,-0.7702261468250002
lowpass,NCI_rotenone_500nM_01,matched,NCI_rotenone_500nM_01,0.30000001192092896,213.89999389648438,0.7507699131965637,-0.6636193711314142
lowpass,NCI_rotenone_500nM_01,control,SNU_54,0.20000000298023224,279.0,0.7174586653709412,-0.6979298099939023
lowpass,NCI_rotenone_500nM_02,matched,NCI_rotenone_500nM_02,0.4000000059604645,191.3000030517578,0.7341551780700684,-0.6673885447787604
lowpass,NCI_rotenone_500nM_02,control,T24_06,26.399999618530273,233.5,0.750804603099823,-0.6696148727115386
lowpass,NCI_rotenone_500nM_03,matched,NCI_rotenone_500nM_03,0.30000001192092896,197.5,0.731620192527771,-0.6743222614007363
lowpass,NCI_rotenone_500nM_03,control,NCI_Staurosporine_100nM_04,0.4000000059604645,200.39999389648438,0.7297812104225159,-0.6720539025341149
lowpass,NCI_rotenone_500nM_04,matched,NCI_rotenone_500nM_04,4.5,192.89999389648438,0.7152984738349915,-0.6972269400178419
lowpass,NCI_rotenone_500nM_04,control,SNU_53,0.4000000059604645,283.5,0.6828521490097046,-0.7250048906506259
lowpass,NCI_rotenone_500nM_05,matched,NCI_rotenone_500nM_05,0.4000000059604645,203.10000610351562,0.7369248270988464,-0.6790546703719875
lowpass,NCI_rotenone_500nM_05,control,SNU_staurosporine_10,16.5,246.1999969482422,0.7535241842269897,-0.6625184297693626
lowpass,NCI_rotenone_500nM_06,matched,NCI_rotenone_500nM_06,0.4000000059604645,198.60000610351562,0.7888392806053162,-0.5947037193348012
lowpass,NCI_rotenone_500nM_06,control,T24_FCCP_10uM_16,0.4000000059604645,226.0,0.766260027885437,-0.6187664564143186
lowpass,NCI_rotenone_500nM_07,matched,NCI_rotenone_500nM_07,0.4000000059604645,194.0,0.7860363125801086,-0.6103011946377247
lowpass,NCI_rotenone_500nM_07,control,NCI_FCCP_10uM_10,50.5,187.60000610351562,0.8042381405830383,-0.6144482933604793
lowpass,NCI_rotenone_500nM_08,matched,NCI_rotenone_500nM_08,0.30000001192092896,175.39999389648438,0.7828292846679688,-0.6226743610267195
lowpass,NCI_rotenone_500nM_08,control,T24_FCCP_10uM_12,0.30000001192092896,223.39999389648438,0.7634937763214111,-0.6576445212470753
lowpass,NCI_rotenone_500nM_09,matched,NCI_rotenone_500nM_09,0.30000001192092896,198.8000030517578,0.7477588653564453,-0.6586001249512953
lowpass,NCI_rotenone_500nM_09,control,T24_48,0.30000001192092896,239.0,0.7298431396484375,-0.6720379614301024
lowpass,NCI_rotenone_500nM_10,matched,NCI_rotenone_500nM_10,0.30000001192092896,192.10000610351562,0.7143504619598389,-0.7029990111776383
lowpass,NCI_rotenone_500nM_10,control,NCI_Blebbistatin_5uM_12,56.79999923706055,116.4000015258789,0.8227169513702393,-0.6067231289121668
lowpass,NCI_rotenone_500nM_11,matched,NCI_rotenone_500nM_11,0.30000001192092896,164.6999969482422,0.7537621259689331,-0.6387284809479916
lowpass,NCI_rotenone_500nM_11,control,NCI_Blebbistatin_5uM_13,50.400001525878906,104.30000305175781,0.8255518674850464,-0.5852529961400076
lowpass,NCI_rotenone_500nM_12,matched,NCI_rotenone_500nM_12,0.30000001192092896,179.3000030517578,0.6858948469161987,-0.7214525693786453
lowpass,NCI_rotenone_500nM_12,control,NCI_FCCP_10uM_36,0.30000001192092896,204.89999389648438,0.6974263787269592,-0.7115399332900895
lowpass,NCI_rotenone_500nM_13,matched,NCI_rotenone_500nM_13,0.30000001192092896,182.8000030517578,0.7058836221694946,-0.7034348419882319
lowpass,NCI_rotenone_500nM_13,control,T24_Blebbistatin_5uM_49,0.30000001192092896,84.69999694824219,0.7358953356742859,-0.6793726036567438
lowpass,NCI_rotenone_500nM_14,matched,NCI_rotenone_500nM_14,0.4000000059604645,205.39999389648438,0.6956369280815125,-0.7209643277157063
lowpass,NCI_rotenone_500nM_14,control,T24_rotenone_500nM_04,16.399999618530273,179.89999389648438,0.740043044090271,-0.6784274604871593
lowpass,NCI_rotenone_500nM_15,matched,NCI_rotenone_500nM_15,0.4000000059604645,193.39999389648438,0.7625852823257446,-0.626398065878592
lowpass,NCI_rotenone_500nM_15,control,SNU_97,0.30000001192092896,286.6000061035156,0.7189903855323792,-0.6634869092891665
lowpass,NCI_rotenone_500nM_16,matched,NCI_rotenone_500nM_16,0.4000000059604645,188.3000030517578,0.7488948106765747,-0.6753941436164351
lowpass,NCI_rotenone_500nM_16,control,T24_Staurosporine_100nM_20,0.30000001192092896,283.8999938964844,0.706366240978241,-0.7264531543723389
lowpass,NCI_rotenone_500nM_17,matched,NCI_rotenone_500nM_17,0.30000001192092896,210.6999969482422,0.7482969760894775,-0.6782243002847153
lowpass,NCI_rotenone_500nM_17,control,T24_rotenone_500nM_43,0.30000001192092896,218.8000030517578,0.7566200494766235,-0.6701295207943764
lowpass,NCI_rotenone_500nM_18,matched,NCI_rotenone_500nM_18,0.30000001192092896,202.89999389648438,0.749349057674408,-0.6613827799597939
lowpass,NCI_rotenone_500nM_18,control,SNU_blebbistatin_31,0.4000000059604645,248.5,0.7393563985824585,-0.6657448854310622
lowpass,NCI_rotenone_500nM_19,matched,NCI_rotenone_500nM_19,0.4000000059604645,172.6999969482422,0.774622917175293,-0.6382412578644573
lowpass,NCI_rotenone_500nM_19,control,T24_Blebbistatin_5uM_22,0.0,0.0,0.6523151397705078,0.7579477573800264
lowpass,NCI_rotenone_500nM_20,matched,NCI_rotenone_500nM_20,0.4000000059604645,180.3000030517578,0.7519498467445374,-0.6506268654642091
lowpass,NCI_rotenone_500nM_20,control,NCI_Staurosporine_100nM_22,0.30000001192092896,194.10000610351562,0.746728777885437,-0.6507134399979834
lowpass,NCI_rotenone_500nM_21,matched,NCI_rotenone_500nM_21,0.30000001192092896,183.10000610351562,0.7426314949989319,-0.6557765641297375
lowpass,NCI_rotenone_500nM_21,control,NCI_32,0.30000001192092896,244.8000030517578,0.722009003162384,-0.6808772348314632
lowpass,NCI_rotenone_500nM_22,matched,NCI_rotenone_500nM_22,0.30000001192092896,188.0,0.7299104928970337,-0.673547281592013
lowpass,NCI_rotenone_500nM_22,control,T24_10,0.30000001192092896,209.3000030517578,0.7421894073486328,-0.6519208758718252
lowpass,NCI_rotenone_500nM_23,matched,NCI_rotenone_500nM_23,0.30000001192092896,203.1999969482422,0.7162554264068604,-0.6894815687873398
lowpass,NCI_rotenone_500nM_23,control,NCI_Blebbistatin_5uM_41,30.399999618530273,92.5999984741211,0.7920417189598083,-0.6284597731094609
lowpass,NCI_rotenone_500nM_24,matched,NCI_rotenone_500nM_24,0.30000001192092896,239.39999389648438,0.725612461566925,-0.6945701237858208
lowpass,NCI_rotenone_500nM_24,control,NCI_Staurosporine_100nM_01,0.4000000059604645,216.60000610351562,0.7324970960617065,-0.6765045460034431
lowpass,NCI_rotenone_500nM_25,matched,NCI_rotenone_500nM_25,0.30000001192092896,185.39999389648438,0.7215907573699951,-0.6757267199785131
lowpass,NCI_rotenone_500nM_25,control,T24_FCCP_10uM_35,0.30000001192092896,202.6999969482422,0.7117963433265686,-0.6816534169157116
lowpass,NCI_rotenone_500nM_26,matched,NCI_rotenone_500nM_26,0.30000001192092896,193.39999389648438,0.709794282913208,-0.6889334311210534
lowpass,NCI_rotenone_500nM_26,control,NCI_Staurosporine_100nM_37,0.30000001192092896,204.10000610351562,0.694042444229126,-0.6957293047266838
lowpass,NCI_rotenone_500nM_27,matched,NCI_rotenone_500nM_27,0.30000001192092896,188.6999969482422,0.7518668174743652,-0.6376047703421304
lowpass,NCI_rotenone_500nM_27,control,SNU_FCCP_10uM_41,0.30000001192092896,249.60000610351562,0.7433481216430664,-0.6425142985546011
lowpass,NCI_rotenone_500nM_28,matched,NCI_rotenone_500nM_28,0.20000000298023224,185.6999969482422,0.7272924184799194,-0.6730871578069739
lowpass,NCI_rotenone_500nM_28,control,NCI_44,0.20000000298023224,224.0,0.7034427523612976,-0.6895244535523498
lowpass,NCI_rotenone_500nM_29,matched,NCI_rotenone_500nM_29,0.4000000059604645,194.0,0.7034788131713867,-0.702154741917804
lowpass,NCI_rotenone_500nM_29,control,T24_Staurosporine_100nM_33,0.30000001192092896,250.6999969482422,0.6648547053337097,-0.7283378395126939
lowpass,NCI_rotenone_500nM_30,matched,NCI_rotenone_500nM_30,0.30000001192092896,226.1999969482422,0.7060059905052185,-0.7134944613130908
lowpass,NCI_rotenone_500nM_30,control,T24_Staurosporine_100nM_32,0.30000001192092896,247.10000610351562,0.661648690700531,-0.7356385047475019
lowpass,NCI_rotenone_500nM_31,matched,NCI_rotenone_500nM_31,0.30000001192092896,216.10000610351562,0.6743682026863098,-0.7444653952291604
lowpass,NCI_rotenone_500nM_31,control,SNU_blebbistatin_45,0.30000001192092896,269.3999938964844,0.6633472442626953,-0.7441038247460886
lowpass,NCI_rotenone_500nM_32,matched,NCI_rotenone_500nM_32,0.30000001192092896,198.3000030517578,0.7155265808105469,-0.6907597591618305
lowpass,NCI_rotenone_500nM_32,control,SNU_98,0.30000001192092896,276.1000061035156,0.6899600028991699,-0.7082501965228442
lowpass,NCI_rotenone_500nM_33,matched,NCI_rotenone_500nM_33,0.30000001192092896,201.6999969482422,0.7108532190322876,-0.7140774123690062
lowpass,NCI_rotenone_500nM_33,control,SNU_47,0.30000001192092896,250.5,0.7004814147949219,-0.7126735763220268
lowpass,NCI_rotenone_500nM_34,matched,NCI_rotenone_500nM_34,0.20000000298023224,204.0,0.7237533926963806,-0.687567880776332
lowpass,NCI_rotenone_500nM_34,control,NCI_FCCP_10uM_48,0.30000001192092896,214.60000610351562,0.7302062511444092,-0.6827755859861873
lowpass,NCI_rotenone_500nM_35,matched,NCI_rotenone_500nM_35,0.30000001192092896,176.1999969482422,0.7147599458694458,-0.6922083490483469
lowpass,NCI_rotenone_500nM_35,control,T24_rotenone_500nM_20,0.4000000059604645,157.10000610351562,0.7521571516990662,-0.6546709512604038
lowpass,NCI_rotenone_500nM_36,matched,NCI_rotenone_500nM_36,0.20000000298023224,181.10000610351562,0.7370802164077759,-0.6559003578988327
lowpass,NCI_rotenone_500nM_36,control,T24_Blebbistatin_5uM_20,0.30000001192092896,85.69999694824219,0.7812168002128601,-0.6257526101945742
lowpass,NCI_rotenone_500nM_37,matched,NCI_rotenone_500nM_37,0.30000001192092896,190.89999389648438,0.7525031566619873,-0.6552915018863973
lowpass,NCI_rotenone_500nM_37,control,NCI_FCCP_10uM_18,0.4000000059604645,189.89999389648438,0.7662455439567566,-0.6389967870528687
lowpass,NCI_rotenone_500nM_38,matched,NCI_rotenone_500nM_38,0.30000001192092896,221.60000610351562,0.755111038684845,-0.6569474541206755
lowpass,NCI_rotenone_500nM_38,control,NCI_Staurosporine_100nM_29,0.30000001192092896,241.1999969482422,0.7489781379699707,-0.6601798030017938
lowpass,NCI_rotenone_500nM_39,matched,NCI_rotenone_500nM_39,-0.10000000149011612,-0.10000000149011612,0.06844215840101242,0.9975931348390726
lowpass,NCI_rotenone_500nM_39,control,T24_01,28.700000762939453,221.10000610351562,0.7977937459945679,-0.6380832074634141
lowpass,NCI_rotenone_500nM_40,matched,NCI_rotenone_500nM_40,0.30000001192092896,191.39999389648438,0.726233720779419,-0.6740808084622597
lowpass,NCI_rotenone_500nM_40,control,NCI_46,0.30000001192092896,215.89999389648438,0.704511821269989,-0.6928393061840575
lowpass,NCI_rotenone_500nM_41,matched,NCI_rotenone_500nM_41,0.30000001192092896,209.1999969482422,0.679797351360321,-0.7345375663942117
lowpass,NCI_rotenone_500nM_41,control,SNU_FCCP_10uM_48,0.30000001192092896,247.39999389648438,0.6801055669784546,-0.7314532884311215
lowpass,NCI_rotenone_500nM_42,matched,NCI_rotenone_500nM_42,0.30000001192092896,199.1999969482422,0.6892542839050293,-0.7155116353992279
lowpass,NCI_rotenone_500nM_42,control,NCI_Blebbistatin_5uM_10,62.70000076293945,80.9000015258789,0.8076462745666504,-0.6231653562659999
lowpass,NCI_rotenone_500nM_43,matched,NCI_rotenone_500nM_43,0.30000001192092896,205.0,0.6866536140441895,-0.7170809134614907
lowpass,NCI_rotenone_500nM_43,control,SNU_Rotenone_500nM_27,0.30000001192092896,282.3999938964844,0.6629120111465454,-0.7350888561275118
lowpass,NCI_rotenone_500nM_44,matched,NCI_rotenone_500nM_44,0.30000001192092896,213.6999969482422,0.6847661733627319,-0.7187767157074678
lowpass,NCI_rotenone_500nM_44,control,NCI_rotenone_500nM_33,0.30000001192092896,213.6999969482422,0.6897544264793396,-0.7191757439245425
lowpass,NCI_rotenone_500nM_45,matched,NCI_rotenone_500nM_45,0.20000000298023224,202.39999389648438,0.7457351088523865,-0.6992171443177829
lowpass,NCI_rotenone_500nM_45,control,NCI_Blebbistatin_5uM_30,44.5,82.69999694824219,0.8247655630111694,-0.6103865057880359
lowpass,NCI_rotenone_500nM_46,matched,NCI_rotenone_500nM_46,0.30000001192092896,206.3000030517578,0.6791157722473145,-0.7428579869082389
lowpass,NCI_rotenone_500nM_46,control,NCI_rotenone_500nM_01,0.4000000059604645,197.5,0.7065528631210327,-0.7156408240975095
lowpass,NCI_rotenone_500nM_47,matched,NCI_rotenone_500nM_47,0.30000001192092896,196.1999969482422,0.6810240745544434,-0.7266133020635634
lowpass,NCI_rotenone_500nM_47,control,T24_rotenone_500nM_23,10.399999618530273,210.10000610351562,0.7348562479019165,-0.6946409612387691
lowpass,NCI_rotenone_500nM_48,matched,NCI_rotenone_500nM_48,0.30000001192092896,194.0,0.6762166619300842,-0.7292404890166175
lowpass,NCI_rotenone_500nM_48,control,SNU_Rotenone_500nM_23,0.30000001192092896,250.6999969482422,0.6517848968505859,-0.7402232558711208
lowpass,NCI_rotenone_500nM_49,matched,NCI_rotenone_500nM_49,0.30000001192092896,192.1999969482422,0.6801469326019287,-0.7251957401056607
lowpass,NCI_rotenone_500nM_49,control,SNU_88,0.30000001192092896,290.5,0.6459601521492004,-0.754806244136596
lowpass,NCI_rotenone_500nM_50,matched,NCI_rotenone_500nM_50,0.30000001192092896,181.3000030517578,0.7054072022438049,-0.703283038658793
lowpass,NCI_rotenone_500nM_50,control,NCI_Blebbistatin_5uM_39,32.599998474121094,102.5,0.7883992791175842,-0.6509076111893374
lowpass,SNU_01,matched,SNU_01,0.10000000149011612,0.10000000149011612,0.575054943561554,0.8180625765898883
lowpass,SNU_01,control,NCI_Blebbistatin_5uM_32,62.400001525878906,68.4000015258789,0.7756153345108032,-0.6686759141394814
lowpass,SNU_02,matched,SNU_02,-349.5,-215.3000030517578,0.7503485679626465,0.3633266427583033
lowpass,SNU_02,control,SNU_Rotenone_500nM_31,56.70000076293945,247.3000030517578,0.7601267099380493,-0.6703800131063625
lowpass,SNU_03,matched,SNU_03,84.30000305175781,232.1999969482422,0.7906486392021179,-0.6848141206013665
lowpass,SNU_03,control,SNU_blebbistatin_41,60.400001525878906,242.89999389648438,0.7852815389633179,-0.6802440064420346
lowpass,SNU_04,matched,SNU_04,-349.8999938964844,-214.1999969482422,0.7827810645103455,0.3434958944104056
lowpass,SNU_04,control,SNU_staurosporine_25,-353.29998779296875,-210.3000030517578,0.786302387714386,0.3103761639299507
lowpass,SNU_05,matched,SNU_05,62.70000076293945,246.1999969482422,0.7558956742286682,-0.7037750124684967
lowpass,SNU_05,control,SNU_FCCP_10uM_16,62.79999923706055,230.89999389648438,0.7570239305496216,-0.7034661127029891
lowpass,SNU_06,matched,SNU_06,54.79999923706055,246.10000610351562,0.7550004720687866,-0.6876889670429127
lowpass,SNU_06,control,T24_Staurosporine_100nM_27,0.4000000059604645,237.0,0.7489093542098999,-0.6528509056359957
lowpass,SNU_07,matched,SNU_07,50.400001525878906,246.89999389648438,0.7545915842056274,-0.7056096062908696
lowpass,SNU_07,control,T24_Staurosporine_100nM_43,0.4000000059604645,253.3000030517578,0.7410974502563477,-0.6856490032355314
lowpass,SNU_08,matched,SNU_08,50.79999923706055,237.39999389648438,0.7437111735343933,-0.6935558766686574
lowpass,SNU_08,control,NCI_Staurosporine_100nM_20,44.900001525878906,228.5,0.7445078492164612,-0.7096137585123745
lowpass,SNU_09,matched,SNU_09,56.599998474121094,246.60000610351562,0.7375708222389221,-0.7065293318266554
lowpass,SNU_09,control,SNU_staurosporine_49,42.29999923706055,254.1999969482422,0.7335115671157837,-0.7027151441088169
lowpass,SNU_100,matched,SNU_100,0.30000001192092896,279.0,0.712885856628418,-0.6883005236928857
lowpass,SNU_100,control,SNU_staurosporine_20,36.5,243.8000030517578,0.7386956810951233,-0.7001639033118646
lowpass,SNU_10,matched,SNU_10,56.400001525878906,250.0,0.7430488467216492,-0.708829648603887
lowpass,SNU_10,control,SNU_23,48.20000076293945,247.89999389648438,0.7421085238456726,-0.7010247207514602
lowpass,SNU_11,matched,SNU_11,60.400001525878906,246.5,0.7524283528327942,-0.6732247766660777
lowpass,SNU_11,control,SNU_Rotenone_500nM_07,44.29999923706055,245.8000030517578,0.74854576587677,-0.6686349514371694
lowpass,SNU_12,matched,SNU_12,56.5,244.60000610351562,0.7515386343002319,-0.7198167345135211
lowpass,SNU_12,control,NCI_FCCP_10uM_13,66.4000015258789,203.10000610351562,0.7577494382858276,-0.7361248744793387
lowpass,SNU_13,matched,SNU_13,46.5,239.0,0.7422481179237366,-0.6922885325809213
lowpass,SNU_13,control,NCI_38,4.5,228.3000030517578,0.7354319095611572,-0.6805246768034577
lowpass,SNU_14,matched,SNU_14,45.0,250.5,0.8031833171844482,-0.6469387694660472
lowpass,SNU_14,control,SNU_blebbistatin_47,38.400001525878906,269.70001220703125,0.7952261567115784,-0.6590137510814847
lowpass,SNU_15,matched,SNU_15,54.29999923706055,246.3000030517578,0.7643893361091614,-0.6776490990897996
lowpass,SNU_15,control,NCI_rotenone_500nM_09,64.30000305175781,177.1999969482422,0.7665841579437256,-0.6940087206925037
lowpass,SNU_16,matched,SNU_16,50.70000076293945,243.10000610351562,0.7477039098739624,-0.6935869025511266
lowpass,SNU_16,control,SNU_13,54.70000076293945,245.0,0.7477481961250305,-0.6964321028694909
lowpass,SNU_17,matched,SNU_17,46.29999923706055,242.8000030517578,0.7639309763908386,-0.6636210227431156
lowpass,SNU_17,control,NCI_FCCP_10uM_33,48.5,215.6999969482422,0.7717834711074829,-0.6856937560180373
lowpass,SNU_18,matched,SNU_18,52.5,231.5,0.7580471634864807,-0.6861026598842784
lowpass,SNU_18,control,T24_Staurosporine_100nM_34,10.5,237.1999969482422,0.7454368472099304,-0.6651101004279585
lowpass,SNU_19,matched,SNU_19,38.5,248.89999389648438,0.7658736705780029,-0.6658184634720096
lowpass,SNU_19,control,T24_24,-359.8999938964844,-235.8000030517578,0.7673442959785461,0.26241779794424575
lowpass,SNU_20,matched,SNU_20,70.69999694824219,255.8000030517578,0.7476945519447327,-0.732464954537606
lowpass,SNU_20,control,SNU_staurosporine_04,79.0999984741211,240.1999969482422,0.7482882738113403,-0.7178273777822571
lowpass,SNU_21,matched,SNU_21,52.599998474121094,231.5,0.7866681218147278,-0.6727618751474413
lowpass,SNU_21,control,SNU_staurosporine_09,94.69999694824219,236.8000030517578,0.7940598726272583,-0.6879339680505047
lowpass,SNU_22,matched,SNU_22,38.400001525878906,243.10000610351562,0.7593734860420227,-0.6761864630418226
lowpass,SNU_22,control,SNU_staurosporine_23,42.400001525878906,238.39999389648438,0.761854350566864,-0.6742021259620804
lowpass,SNU_23,matched,SNU_23,48.79999923706055,251.5,0.7526239156723022,-0.6916061340423924
lowpass,SNU_23,control,NCI_17,36.5,236.1999969482422,0.7519403696060181,-0.6969830808795123
lowpass,SNU_24,matched,SNU_24,48.599998474121094,244.60000610351562,0.7441221475601196,-0.6996701578886529
lowpass,SNU_24,control,NCI_FCCP_10uM_12,71.0,175.0,0.7554742693901062,-0.7062365517283123
lowpass,SNU_25,matched,SNU_25,52.599998474121094,242.89999389648438,0.7442203760147095,-0.7051781224566666
lowpass,SNU_25,control,T24_Blebbistatin_5uM_06,80.80000305175781,100.19999694824219,0.7597435712814331,-0.7233344191987734
lowpass,SNU_26,matched,SNU_26,48.70000076293945,245.1999969482422,0.743127703666687,-0.7076555173069015
lowpass,SNU_26,control,NCI_rotenone_500nM_17,42.70000076293945,172.60000610351562,0.7523643374443054,-0.6994615032128833
lowpass,SNU_27,matched,SNU_27,48.29999923706055,247.10000610351562,0.7168351411819458,-0.7201925916459327
lowpass,SNU_27,control,NCI_Blebbistatin_5uM_34,76.5,85.30000305175781,0.7433595061302185,-0.7237135335679896
lowpass,SNU_28,matched,SNU_28,44.599998474121094,251.6999969482422,0.7201511263847351,-0.724495156919247
lowpass,SNU_28,control,SNU_blebbistatin_20,50.5,240.39999389648438,0.7221386432647705,-0.7180244250889938
lowpass,SNU_29,matched,SNU_29,42.599998474121094,251.3000030517578,0.7302276492118835,-0.6983762464038269
lowpass,SNU_29,control,SNU_09,52.5,246.60000610351562,0.7369256615638733,-0.702181075458109
lowpass,SNU_30,matched,SNU_30,6.400000095367432,246.3000030517578,0.7369341254234314,-0.6792658721208913
lowpass,SNU_30,control,NCI_Blebbistatin_5uM_06,120.4000015258789,108.30000305175781,0.7817767262458801,-0.7129276177501584
lowpass,SNU_31,matched,SNU_31,34.599998474121094,248.60000610351562,0.7401233315467834,-0.693033360338489
lowpass,SNU_31,control,NCI_22,34.5,225.60000610351562,0.7393501400947571,-0.7060135816591872
lowpass,SNU_32,matched,SNU_32,46.5,243.6999969482422,0.7445822358131409,-0.6983004710376131
lowpass,SNU_32,control,NCI_FCCP_10uM_47,50.70000076293945,197.60000610351562,0.7485679388046265,-0.7046963331034214
lowpass,SNU_33,matched,SNU_33,46.70000076293945,249.10000610351562,0.7506552338600159,-0.6826074037764709
lowpass,SNU_33,control,T24_Staurosporine_100nM_15,38.20000076293945,248.39999389648438,0.7484973073005676,-0.6846227976916993
lowpass,SNU_34,matched,SNU_34,58.79999923706055,247.5,0.7454895973205566,-0.6970462134481398
lowpass,SNU_34,control,NCI_12,58.29999923706055,225.6999969482422,0.7517526745796204,-0.704277714421901
lowpass,SNU_35,matched,SNU_35,44.5,249.5,0.7516899704933167,-0.6996174020816281
lowpass,SNU_35,control,T24_03,54.099998474121094,218.1999969482422,0.7640471458435059,-0.7002852242255087
lowpass,SNU_36,matched,SNU_36,0.4000000059604645,249.1999969482422,0.7400357723236084,-0.6713121653998493
lowpass,SNU_36,control,NCI_Staurosporine_100nM_30,0.4000000059604645,200.5,0.7365463376045227,-0.6751253867165704
lowpass,SNU_37,matched,SNU_37,30.600000381469727,243.6999969482422,0.721747636795044,-0.712527031255941
lowpass,SNU_37,control,SNU_FCCP_10uM_47,14.5,220.3000030517578,0.7217855453491211,-0.6967733030733422
lowpass,SNU_38,matched,SNU_38,26.600000381469727,232.10000610351562,0.7298899292945862,-0.6966802625854138
lowpass,SNU_38,control,NCI_49,4.5,204.89999389648438,0.7251543998718262,-0.6921603259220049
lowpass,SNU_39,matched,SNU_39,2.5,249.10000610351562,0.7306897640228271,-0.68578411869982
lowpass,SNU_39,control,NCI_10,2.5,217.60000610351562,0.7379412651062012,-0.6836375837137834
lowpass,SNU_40,matched,SNU_40,8.5,251.8000030517578,0.7084366083145142,-0.7170957534824401
lowpass,SNU_40,control,NCI_01,0.4000000059604645,223.10000610351562,0.7103477716445923,-0.710547839833294
lowpass,SNU_41,matched,SNU_41,20.5,252.60000610351562,0.7116284370422363,-0.7321532175861993
lowpass,SNU_41,control,SNU_FCCP_10uM_26,36.400001525878906,228.10000610351562,0.7184527516365051,-0.7344329182481377
lowpass,SNU_42,matched,SNU_42,2.5,232.39999389648438,0.7366328835487366,-0.6663429901770662
lowpass,SNU_42,control,SNU_staurosporine_01,112.5,216.0,0.7515583634376526,-0.7137177818279852
lowpass,SNU_43,matched,SNU_43,8.5,249.10000610351562,0.7134573459625244,-0.7104532362395293
lowpass,SNU_43,control,T24_rotenone_500nM_42,20.5,189.8000030517578,0.7324700355529785,-0.7162591234296025
lowpass,SNU_44,matched,SNU_44,6.5,257.79998779296875,0.7275810241699219,-0.6916580247630534
lowpass,SNU_44,control,SNU_51,4.5,263.79998779296875,0.7227880954742432,-0.6904928032912349
lowpass,SNU_45,matched,SNU_45,16.5,263.1000061035156,0.7446669340133667,-0.679132303082793
lowpass,SNU_45,control,NCI_FCCP_10uM_05,40.70000076293945,176.60000610351562,0.7595170736312866,-0.6850731076897456
lowpass,SNU_46,matched,SNU_46,0.4000000059604645,256.8999938964844,0.7124382853507996,-0.6853542480409338
lowpass,SNU_46,control,T24_Blebbistatin_5uM_11,42.29999923706055,110.19999694824219,0.7329134941101074,-0.7298438101007146
lowpass,SNU_47,matched,SNU_47,0.4000000059604645,248.5,0.7358595132827759,-0.6644872567645997
lowpass,SNU_47,control,SNU_Rotenone_500nM_04,0.4000000059604645,251.60000610351562,0.7365838289260864,-0.6690259349485748
lowpass,SNU_48,matched,SNU_48,0.4000000059604645,245.10000610351562,0.7463335394859314,-0.6577550979682123
lowpass,SNU_48,control,NCI_rotenone_500nM_25,0.3999999761581421,168.5,0.746916651725769,-0.6694185474489116
lowpass,SNU_49,matched,SNU_49,48.599998474121094,257.70001220703125,0.7252731919288635,-0.7314349145254833
lowpass,SNU_49,control,SNU_blebbistatin_17,66.5999984741211,243.89999389648438,0.7301154732704163,-0.735293975308723
lowpass,SNU_50,matched,SNU_50,0.4000000059604645,251.8000030517578,0.6816331148147583,-0.7247226789432818
lowpass,SNU_50,control,SNU_68,0.4000000059604645,254.89999389648438,0.67087322473526,-0.7299426540725386
lowpass,SNU_51,matched,SNU_51,12.5,263.0,0.7121427059173584,-0.7155516907389552
lowpass,SNU_51,control,T24_rotenone_500nM_11,48.29999923706055,188.60000610351562,0.7464882135391235,-0.7323840463740964
lowpass,SNU_52,matched,SNU_52,0.30000001192092896,273.3999938964844,0.7218709588050842,-0.7020521814622135
lowpass,SNU_52,control,NCI_rotenone_500nM_28,0.30000001192092896,176.8000030517578,0.7364119291305542,-0.6952352142364167
lowpass,SNU_53,matched,SNU_53,0.4000000059604645,254.89999389648438,0.7187585234642029,-0.6903066836859075
lowpass,SNU_53,control,NCI_Staurosporine_100nM_27,0.4000000059604645,203.5,0.7230121493339539,-0.6976320492914392
lowpass,SNU_54,matched,SNU_54,0.4000000059604645,250.8000030517578,0.7158467173576355,-0.685223691546039
lowpass,SNU_54,control,SNU_staurosporine_16,46.29999923706055,246.1999969482422,0.7380456328392029,-0.7076347292832629
lowpass,SNU_55,matched,SNU_55,0.4000000059604645,253.10000610351562,0.7007495164871216,-0.7062791072849938
lowpass,SNU_55,control,NCI_30,0.30000001192092896,223.8000030517578,0.6986375451087952,-0.7212515941272468
lowpass,SNU_56,matched,SNU_56,0.4000000059604645,251.6999969482422,0.7119093537330627,-0.6896004250654189
lowpass,SNU_56,control,NCI_FCCP_10uM_50,0.4000000059604645,188.60000610351562,0.7221702933311462,-0.6982766411416153
lowpass,SNU_57,matched,SNU_57,0.4000000059604645,254.5,0.7136422991752625,-0.6867574037215878
lowpass,SNU_57,control,NCI_FCCP_10uM_43,28.600000381469727,195.3000030517578,0.7287946343421936,-0.7124293014438262
lowpass,SNU_58,matched,SNU_58,0.4000000059604645,251.89999389648438,0.706153154373169,-0.6984765999798402
lowpass,SNU_58,control,T24_29,32.5,206.10000610351562,0.7246466279029846,-0.7169890881183295
lowpass,SNU_59,matched,SNU_59,6.5,270.29998779296875,0.7291175723075867,-0.6873515573474313
lowpass,SNU_59,control,NCI_rotenone_500nM_45,8.5,215.1999969482422,0.7377892136573792,-0.708377979577793
lowpass,SNU_60,matched,SNU_60,8.5,261.1000061035156,0.7196477651596069,-0.7026241506147687
lowpass,SNU_60,control,T24_Blebbistatin_5uM_09,44.5,92.19999694824219,0.7391945123672485,-0.7268090180559276
lowpass,SNU_61,matched,SNU_61,0.4000000059604645,260.20001220703125,0.7096112370491028,-0.698250079131789
lowpass,SNU_61,control,T24_Staurosporine_100nM_46,0.4000000059604645,234.0,0.6968862414360046,-0.6977292947627963
lowpass,SNU_62,matched,SNU_62,0.4000000059604645,268.0,0.727415919303894,-0.6815605470509777
lowpass,SNU_62,control,SNU_staurosporine_12,46.20000076293945,244.0,0.7481351494789124,-0.6949888261881132
lowpass,SNU_63,matched,SNU_63,0.4000000059604645,281.5,0.7383674383163452,-0.6782625185123549
lowpass,SNU_63,control,T24_FCCP_10uM_32,0.4000000059604645,217.89999389648438,0.7419312596321106,-0.6804879410150768
lowpass,SNU_64,matched,SNU_64,0.30000001192092896,296.20001220703125,0.7643517851829529,-0.6388148118862905
lowpass,SNU_64,control,NCI_FCCP_10uM_25,0.4000000059604645,227.8000030517578,0.7811671495437622,-0.6411189961724624
lowpass,SNU_65,matched,SNU_65,0.4000000059604645,283.29998779296875,0.7489582896232605,-0.6761293405148737
lowpass,SNU_65,control,SNU_Rotenone_500nM_20,0.4000000059604645,249.8000030517578,0.7513683438301086,-0.6678702877561934
lowpass,SNU_66,matched,SNU_66,0.4000000059604645,257.6000061035156,0.7364925146102905,-0.659949155545722
lowpass,SNU_66,control,SNU_staurosporine_43,38.70000076293945,250.39999389648438,0.7523522973060608,-0.6772845987062788
lowpass,SNU_67,matched,SNU_67,8.5,253.39999389648438,0.7185724973678589,-0.688742221185727
lowpass,SNU_67,control,NCI_FCCP_10uM_37,46.29999923706055,190.10000610351562,0.7376752495765686,-0.715450343391489
lowpass,SNU_68,matched,SNU_68,6.5,260.3999938964844,0.7124620676040649,-0.7018242442930968
lowpass,SNU_68,control,T24_46,30.5,224.5,0.7248132824897766,-0.7244176246916441
lowpass,SNU_69,matched,SNU_69,0.4000000059604645,253.6999969482422,0.7098889946937561,-0.6898965785752867
lowpass,SNU_69,control,SNU_FCCP_10uM_06,38.5,222.5,0.7324270606040955,-0.7044964997311246
lowpass,SNU_70,matched,SNU_70,4.5,251.0,0.7607604265213013,-0.645834982292907
lowpass,SNU_70,control,SNU_FCCP_10uM_01,32.5,206.3000030517578,0.7761508822441101,-0.6464057159214528
lowpass,SNU_71,matched,SNU_71,12.5,259.1000061035156,0.7277671694755554,-0.6859581510909328
lowpass,SNU_71,control,NCI_Blebbistatin_5uM_38,56.400001525878906,96.19999694824219,0.7613823413848877,-0.7002428062024589
lowpass,SNU_72,matched,SNU_72,0.4000000059604645,271.29998779296875,0.7246567606925964,-0.6738437479154551
lowpass,SNU_72,control,T24_FCCP_10uM_30,10.5,220.5,0.7335891723632812,-0.6949649355143215
lowpass,SNU_73,matched,SNU_73,0.4000000059604645,295.8999938964844,0.7666892409324646,-0.6233185472627276
lowpass,SNU_73,control,NCI_Blebbistatin_5uM_27,-292.1000061035156,-303.29998779296875,0.7872664332389832,-0.1625271248412454
lowpass,SNU_74,matched,SNU_74,0.30000001192092896,253.0,0.7114022374153137,-0.6924110982666372
lowpass,SNU_74,control,SNU_Rotenone_500nM_10,0.4000000059604645,244.5,0.7217521071434021,-0.6875436731516344
lowpass,SNU_75,matched,SNU_75,31.100000381469727,250.89999389648438,0.7367904186248779,-0.6928970101891195
lowpass,SNU_75,control,T24_FCCP_10uM_03,32.599998474121094,210.39999389648438,0.7424525618553162,-0.7097654406145464
lowpass,SNU_76,matched,SNU_76,0.30000001192092896,258.70001220703125,0.7254261374473572,-0.6794388134332751
lowpass,SNU_76,control,NCI_26,0.4000000059604645,236.6999969482422,0.7337751984596252,-0.6960732637171372
lowpass,SNU_77,matched,SNU_77,0.4000000059604645,269.20001220703125,0.7105230689048767,-0.6951663035086805
lowpass,SNU_77,control,SNU_08,40.29999923706055,244.3000030517578,0.7364398241043091,-0.7048917278018001
lowpass,SNU_78,matched,SNU_78,0.4000000059604645,256.5,0.7236859202384949,-0.6755818402328615
lowpass,SNU_78,control,NCI_Staurosporine_100nM_50,2.5,243.1999969482422,0.7262653112411499,-0.6977323575092967
lowpass,SNU_79,matched,SNU_79,0.30000001192092896,270.3999938964844,0.7055276036262512,-0.7077062554049742
lowpass,SNU_79,control,NCI_Blebbistatin_5uM_22,86.5999984741211,90.19999694824219,0.7656074166297913,-0.7178849884526828
lowpass,SNU_80,matched,SNU_80,0.4000000059604645,256.70001220703125,0.7248263359069824,-0.6815656702544909
lowpass,SNU_80,control,NCI_rotenone_500nM_30,0.4000000059604645,198.6999969482422,0.7419741153717041,-0.6947262955956479
lowpass,SNU_81,matched,SNU_81,26.399999618530273,273.29998779296875,0.7314756512641907,-0.701487782102869
lowpass,SNU_81,control,NCI_rotenone_500nM_05,46.599998474121094,198.1999969482422,0.7431801557540894,-0.7206591703472085
lowpass,SNU_82,matched,SNU_82,0.30000001192092896,263.3999938964844,0.7160000801086426,-0.6862618599291935
lowpass,SNU_82,control,NCI_FCCP_10uM_22,50.599998474121094,198.89999389648438,0.7487991452217102,-0.7139923981565537
lowpass,SNU_83,matched,SNU_83,0.30000001192092896,270.20001220703125,0.728220522403717,-0.6906514941101494
lowpass,SNU_83,control,SNU_80,0.30000001192092896,262.5,0.728581428527832,-0.687013287111319
lowpass,SNU_84,matched,SNU_84,0.30000001192092896,273.20001220703125,0.7035642266273499,-0.7052365321738808
lowpass,SNU_84,control,T24_FCCP_10uM_48,0.4000000059604645,218.8000030517578,0.7153401374816895,-0.7058496502099482
lowpass,SNU_85,matched,SNU_85,0.4000000059604645,271.0,0.7111073136329651,-0.6974899106735415
lowpass,SNU_85,control,T24_FCCP_10uM_38,10.5,203.60000610351562,0.7260419726371765,-0.704253808733455
lowpass,SNU_86,matched,SNU_86,0.4000000059604645,267.3999938964844,0.6998662352561951,-0.7126285455548248
lowpass,SNU_86,control,NCI_19,4.5,224.89999389648438,0.7124241590499878,-0.7209931529962553
lowpass,SNU_87,matched,SNU_87,0.4000000059604645,272.79998779296875,0.7227970957756042,-0.6811287204189075
lowpass,SNU_87,control,T24_Staurosporine_100nM_25,0.4000000059604645,246.3000030517578,0.7228962182998657,-0.6877123016204201
lowpass,SNU_88,matched,SNU_88,0.4000000059604645,271.20001220703125,0.7096098065376282,-0.7029324737089486
lowpass,SNU_88,control,SNU_blebbistatin_37,20.5,246.1999969482422,0.7262124419212341,-0.706559863482336
lowpass,SNU_89,matched,SNU_89,0.4000000059604645,271.8999938964844,0.7192206978797913,-0.6886188191469987
lowpass,SNU_89,control,T24_FCCP_10uM_34,16.5,206.1999969482422,0.7332267761230469,-0.7033708338286613
lowpass,SNU_90,matched,SNU_90,0.4000000059604645,275.0,0.7216955423355103,-0.6835750864976184
lowpass,SNU_90,control,SNU_staurosporine_03,52.400001525878906,227.89999389648438,0.7622407078742981,-0.6660540320183478
lowpass,SNU_91,matched,SNU_91,8.5,275.29998779296875,0.7045135498046875,-0.7179154834560056
lowpass,SNU_91,control,T24_Staurosporine_100nM_09,0.4000000059604645,232.10000610351562,0.7110853791236877,-0.7094342584692566
lowpass,SNU_92,matched,SNU_92,0.4000000059604645,287.79998779296875,0.7167348265647888,-0.7007414570388628
lowpass,SNU_92,control,T24_FCCP_10uM_41,16.5,220.8000030517578,0.7336594462394714,-0.709801476647242
lowpass,SNU_93,matched,SNU_93,0.4000000059604645,257.20001220703125,0.7239847779273987,-0.6814934052131063
lowpass,SNU_93,control,SNU_FCCP_10uM_23,16.5,226.3000030517578,0.7428953051567078,-0.6897939558271613
lowpass,SNU_94,matched,SNU_94,0.4000000059604645,271.3999938964844,0.7095107436180115,-0.6898320884936896
lowpass,SNU_94,control,SNU_blebbistatin_02,44.5,246.3000030517578,0.7426700592041016,-0.6941261780832839
lowpass,SNU_95,matched,SNU_95,0.4000000059604645,287.5,0.7203513979911804,-0.6956638767286252
lowpass,SNU_95,control,NCI_rotenone_500nM_13,28.600000381469727,180.89999389648438,0.7406315803527832,-0.7121259152231906
lowpass,SNU_96,matched,SNU_96,0.4000000059604645,269.29998779296875,0.707176923751831,-0.6987482746903102
lowpass,SNU_96,control,SNU_staurosporine_36,30.600000381469727,248.8000030517578,0.7279307246208191,-0.7152399363291391
lowpass,SNU_97,matched,SNU_97,16.5,273.20001220703125,0.7332109808921814,-0.6985441733774463
lowpass,SNU_97,control,SNU_20,32.5,244.8000030517578,0.7493646144866943,-0.6952820148355238
lowpass,SNU_98,matched,SNU_98,2.5,276.29998779296875,0.7215919494628906,-0.684270077708116
lowpass,SNU_98,control,NCI_Staurosporine_100nM_41,18.5,214.1999969482422,0.7321182489395142,-0.7005082126361484
lowpass,SNU_99,matched,SNU_99,0.30000001192092896,277.3999938964844,0.7090908288955688,-0.6906790997908278
lowpass,SNU_99,control,SNU_FCCP_10uM_44,0.4000000059604645,235.39999389648438,0.7300911545753479,-0.6829078100453931
lowpass,SNU_FCCP_10uM_01,matched,SNU_FCCP_10uM_01,0.30000001192092896,230.1999969482422,0.7410215139389038,-0.6685247654750756
lowpass,SNU_FCCP_10uM_01,control,T24_Staurosporine_100nM_31,0.20000000298023224,253.1999969482422,0.6836475133895874,-0.7267602941007159
lowpass,SNU_FCCP_10uM_02,matched,SNU_FCCP_10uM_02,0.4000000059604645,240.10000610351562,0.7321399450302124,-0.6845196255798519
lowpass,SNU_FCCP_10uM_02,control,SNU_FCCP_10uM_20,0.30000001192092896,246.89999389648438,0.7215715646743774,-0.6976205325505661
lowpass,SNU_FCCP_10uM_03,matched,SNU_FCCP_10uM_03,0.4000000059604645,236.8000030517578,0.7289462685585022,-0.6818965075043202
lowpass,SNU_FCCP_10uM_03,control,SNU_blebbistatin_30,0.4000000059604645,241.1999969482422,0.7111527919769287,-0.6989568132024448
lowpass,SNU_FCCP_10uM_04,matched,SNU_FCCP_10uM_04,0.4000000059604645,229.6999969482422,0.7036164402961731,-0.7165615596527739
lowpass,SNU_FCCP_10uM_04,control,SNU_staurosporine_46,0.4000000059604645,268.5,0.6863616704940796,-0.7447713745752234
lowpass,SNU_FCCP_10uM_05,matched,SNU_FCCP_10uM_05,12.5,236.0,0.7139452695846558,-0.7136004909195119
lowpass,SNU_FCCP_10uM_05,control,NCI_Staurosporine_100nM_39,0.4000000059604645,216.1999969482422,0.6865872740745544,-0.7269447767478736
lowpass,SNU_FCCP_10uM_06,matched,SNU_FCCP_10uM_06,6.5,236.3000030517578,0.7210875749588013,-0.7046615723342367
lowpass,SNU_FCCP_10uM_06,control,NCI_FCCP_10uM_02,10.5,185.6999969482422,0.7485902309417725,-0.6710649086915854
lowpass,SNU_FCCP_10uM_07,matched,SNU_FCCP_10uM_07,0.30000001192092896,202.0,0.6961091756820679,-0.7007286291565918
lowpass,SNU_FCCP_10uM_07,control,T24_FCCP_10uM_45,-0.10000000149011612,0.0,0.48666083812713623,0.8735754239428186
lowpass,SNU_FCCP_10uM_08,matched,SNU_FCCP_10uM_08,0.4000000059604645,237.60000610351562,0.7119893431663513,-0.7181997308157997
lowpass,SNU_FCCP_10uM_08,control,T24_Staurosporine_100nM_12,0.30000001192092896,238.5,0.6679006814956665,-0.7557741709556571
lowpass,SNU_FCCP_10uM_09,matched,SNU_FCCP_10uM_09,0.4000000059604645,242.89999389648438,0.7421026229858398,-0.6788229049317474
lowpass,SNU_FCCP_10uM_09,control,T24_Blebbistatin_5uM_24,0.4000000059604645,106.69999694824219,0.7762153148651123,-0.6450964815581738
lowpass,SNU_FCCP_10uM_10,matched,SNU_FCCP_10uM_10,0.4000000059604645,231.1999969482422,0.7082408666610718,-0.7044240116504837
lowpass,SNU_FCCP_10uM_10,control,NCI_rotenone_500nM_36,0.30000001192092896,203.8000030517578,0.6924277544021606,-0.7239384700044618
lowpass,SNU_FCCP_10uM_11,matched,SNU_FCCP_10uM_11,0.4000000059604645,228.0,0.6999557018280029,-0.7058433736073229
lowpass,SNU_FCCP_10uM_11,control,T24_FCCP_10uM_09,0.30000001192092896,222.39999389648438,0.6831934452056885,-0.7318468655929313
lowpass,SNU_FCCP_10uM_12,matched,SNU_FCCP_10uM_12,12.5,235.6999969482422,0.695419430732727,-0.7302210904227378
lowpass,SNU_FCCP_10uM_12,control,NCI_Blebbistatin_5uM_40,32.599998474121094,76.30000305175781,0.7623816132545471,-0.6771045183524705
lowpass,SNU_FCCP_10uM_13,matched,SNU_FCCP_10uM_13,0.4000000059604645,222.60000610351562,0.6992770433425903,-0.7080851643000028
lowpass,SNU_FCCP_10uM_13,control,SNU_Rotenone_500nM_35,0.30000001192092896,276.20001220703125,0.6471961140632629,-0.7619769232504712
lowpass,SNU_FCCP_10uM_14,matched,SNU_FCCP_10uM_14,0.4000000059604645,216.10000610351562,0.7041482925415039,-0.7054562384341546
lowpass,SNU_FCCP_10uM_14,control,T24_Staurosporine_100nM_40,0.30000001192092896,242.60000610351562,0.6449213624000549,-0.7710136818334038
lowpass,SNU_FCCP_10uM_15,matched,SNU_FCCP_10uM_15,0.4000000059604645,222.5,0.7034189105033875,-0.7160043125358314
lowpass,SNU_FCCP_10uM_15,control,T24_rotenone_500nM_12,0.4000000059604645,144.3000030517578,0.7376393675804138,-0.6799066461290304
lowpass,SNU_FCCP_10uM_16,matched,SNU_FCCP_10uM_16,0.4000000059604645,240.39999389648438,0.6987801194190979,-0.7157233873495781
lowpass,SNU_FCCP_10uM_16,control,T24_rotenone_500nM_33,0.4000000059604645,169.3000030517578,0.7179473042488098,-0.6988545689528269
lowpass,SNU_FCCP_10uM_17,matched,SNU_FCCP_10uM_17,0.30000001192092896,229.0,0.6747792363166809,-0.729605356704739
lowpass,SNU_FCCP_10uM_17,control,T24_33,0.30000001192092896,229.60000610351562,0.6779950261116028,-0.7359005495884644
lowpass,SNU_FCCP_10uM_18,matched,SNU_FCCP_10uM_18,0.4000000059604645,231.39999389648438,0.6768020987510681,-0.7252674591037742
lowpass,SNU_FCCP_10uM_18,control,T24_FCCP_10uM_40,0.30000001192092896,221.39999389648438,0.6540382504463196,-0.7502677401350248
lowpass,SNU_FCCP_10uM_19,matched,SNU_FCCP_10uM_19,0.4000000059604645,226.0,0.6744056940078735,-0.7314781963681456
lowpass,SNU_FCCP_10uM_19,control,NCI_rotenone_500nM_20,0.30000001192092896,196.1999969482422,0.6761223673820496,-0.7397939228936333
lowpass,SNU_FCCP_10uM_20,matched,SNU_FCCP_10uM_20,0.30000001192092896,233.1999969482422,0.6876254677772522,-0.7231919919853665
lowpass,SNU_FCCP_10uM_20,control,NCI_rotenone_500nM_35,0.30000001192092896,208.0,0.6791463494300842,-0.7401311915243441
lowpass,SNU_FCCP_10uM_21,matched,SNU_FCCP_10uM_21,0.4000000059604645,242.8000030517578,0.677010715007782,-0.7379329227405516
lowpass,SNU_FCCP_10uM_21,control,NCI_35,0.30000001192092896,229.10000610351562,0.6477643251419067,-0.761438062994521
lowpass,SNU_FCCP_10uM_22,matched,SNU_FCCP_10uM_22,0.30000001192092896,229.60000610351562,0.6791034936904907,-0.7200626306471315
lowpass,SNU_FCCP_10uM_22,control,SNU_blebbistatin_28,0.30000001192092896,248.8000030517578,0.6748400330543518,-0.7236005081470076
lowpass,SNU_FCCP_10uM_23,matched,SNU_FCCP_10uM_23,0.30000001192092896,223.5,0.6948378682136536,-0.7125924748023621
lowpass,SNU_FCCP_10uM_23,control,NCI_rotenone_500nM_49,0.30000001192092896,199.1999969482422,0.6846405267715454,-0.7313005782080506
lowpass,SNU_FCCP_10uM_24,matched,SNU_FCCP_10uM_24,0.30000001192092896,224.1999969482422,0.6786838173866272,-0.7261201283092436
lowpass,SNU_FCCP_10uM_24,control,SNU_FCCP_10uM_49,0.30000001192092896,222.0,0.6625071167945862,-0.7355368358308609
lowpass,SNU_FCCP_10uM_25,matched,SNU_FCCP_10uM_25,0.4000000059604645,235.3000030517578,0.6748734712600708,-0.7337058239311469
lowpass,SNU_FCCP_10uM_25,control,SNU_staurosporine_14,16.5,246.5,0.7100446224212646,-0.71261632712328
lowpass,SNU_FCCP_10uM_26,matched,SNU_FCCP_10uM_26,0.30000001192092896,224.3000030517578,0.6723237633705139,-0.7384529701143224
lowpass,SNU_FCCP_10uM_26,control,T24_rotenone_500nM_27,0.4000000059604645,154.3000030517578,0.7084943056106567,-0.7105558495961455
lowpass,SNU_FCCP_10uM_27,matched,SNU_FCCP_10uM_27,0.4000000059604645,230.1999969482422,0.6881547570228577,-0.7191490251544009
lowpass,SNU_FCCP_10uM_27,control,T24_FCCP_10uM_39,0.30000001192092896,201.39999389648438,0.6763449907302856,-0.7288342113805872
lowpass,SNU_FCCP_10uM_28,matched,SNU_FCCP_10uM_28,0.4000000059604645,201.3000030517578,0.6916770339012146,-0.7094844373715159
lowpass,SNU_FCCP_10uM_28,control,T24_Blebbistatin_5uM_13,28.399999618530273,48.70000076293945,0.7438924312591553,-0.691536155039078
lowpass,SNU_FCCP_10uM_29,matched,SNU_FCCP_10uM_29,0.4000000059604645,243.60000610351562,0.6969584226608276,-0.7225562982084678
lowpass,SNU_FCCP_10uM_29,control,NCI_FCCP_10uM_16,0.4000000059604645,183.0,0.7274784445762634,-0.6940069756529033
lowpass,SNU_FCCP_10uM_30,matched,SNU_FCCP_10uM_30,0.4000000059604645,247.3000030517578,0.6986398696899414,-0.7077829708686111
lowpass,SNU_FCCP_10uM_30,control,SNU_staurosporine_31,0.3999999761581421,266.8999938964844,0.6978740096092224,-0.7136016786444852
lowpass,SNU_FCCP_10uM_31,matched,SNU_FCCP_10uM_31,0.30000001192092896,243.8000030517578,0.701224148273468,-0.7098403603035088
lowpass,SNU_FCCP_10uM_31,control,T24_FCCP_10uM_23,0.30000001192092896,226.5,0.6911560893058777,-0.7221870838395422
lowpass,SNU_FCCP_10uM_32,matched,SNU_FCCP_10uM_32,0.30000001192092896,225.8000030517578,0.673263430595398,-0.732402182007438
lowpass,SNU_FCCP_10uM_32,control,NCI_Staurosporine_100nM_05,0.30000001192092896,199.5,0.6804150938987732,-0.7266188005640414
lowpass,SNU_FCCP_10uM_33,matched,SNU_FCCP_10uM_33,12.399999618530273,273.3999938964844,0.6989923715591431,-0.7347039790411382
lowpass,SNU_FCCP_10uM_33,control,NCI_Blebbistatin_5uM_04,64.9000015258789,72.5,0.800231397151947,-0.6363528975239036
lowpass,SNU_FCCP_10uM_34,matched,SNU_FCCP_10uM_34,0.4000000059604645,252.5,0.7137417197227478,-0.7031486807345751
lowpass,SNU_FCCP_10uM_34,control,NCI_rotenone_500nM_48,0.30000001192092896,216.8000030517578,0.7038750648498535,-0.7141452649257063
lowpass,SNU_FCCP_10uM_35,matched,SNU_FCCP_10uM_35,0.30000001192092896,244.6999969482422,0.7292201519012451,-0.6770445256715204
lowpass,SNU_FCCP_10uM_35,control,NCI_Blebbistatin_5uM_17,78.5,32.400001525878906,0.8032492399215698,-0.629375488157886
lowpass,SNU_FCCP_10uM_36,matched,SNU_FCCP_10uM_36,0.30000001192092896,246.6999969482422,0.7230038046836853,-0.6809921389260236
lowpass,SNU_FCCP_10uM_36,control,SNU_blebbistatin_38,0.30000001192092896,259.29998779296875,0.7133055329322815,-0.6903059099849608
lowpass,SNU_FCCP_10uM_37,matched,SNU_FCCP_10uM_37,0.30000001192092896,224.6999969482422,0.7249010801315308,-0.6792369602231669
lowpass,SNU_FCCP_10uM_37,control,SNU_71,0.30000001192092896,284.20001220703125,0.6964496374130249,-0.7137141428348308
lowpass,SNU_FCCP_10uM_38,matched,SNU_FCCP_10uM_38,0.4000000059604645,236.89999389648438,0.7057800889015198,-0.7146022625171992
lowpass,SNU_FCCP_10uM_38,control,SNU_94,0.30000001192092896,283.20001220703125,0.6679321527481079,-0.7551949495451717
lowpass,SNU_FCCP_10uM_39,matched,SNU_FCCP_10uM_39,0.4000000059604645,250.5,0.7129061222076416,-0.6973978114175529
lowpass,SNU_FCCP_10uM_39,control,SNU_15,0.4000000059604645,249.10000610351562,0.719043493270874,-0.6911939245225508
lowpass,SNU_FCCP_10uM_40,matched,SNU_FCCP_10uM_40,0.30000001192092896,248.1999969482422,0.6964967250823975,-0.719426513308996
lowpass,SNU_FCCP_10uM_40,control,NCI_rotenone_500nM_22,0.30000001192092896,183.89999389648438,0.7006955742835999,-0.7187786360596418
lowpass,SNU_FCCP_10uM_41,matched,SNU_FCCP_10uM_41,0.30000001192092896,228.3000030517578,0.6602619290351868,-0.7483369496950277
lowpass,SNU_FCCP_10uM_41,control,SNU_staurosporine_18,0.4000000059604645,235.1999969482422,0.6910288333892822,-0.7238464401755365
lowpass,SNU_FCCP_10uM_42,matched,SNU_FCCP_10uM_42,0.30000001192092896,223.3000030517578,0.6652230620384216,-0.7346581180651193
lowpass,SNU_FCCP_10uM_42,control,SNU_66,0.30000001192092896,251.8000030517578,0.6498392224311829,-0.7491636958763493
lowpass,SNU_FCCP_10uM_43,matched,SNU_FCCP_10uM_43,0.20000000298023224,218.39999389648438,0.7151395678520203,-0.6702112326628079
lowpass,SNU_FCCP_10uM_43,control,T24_02,0.30000001192092896,218.5,0.7489721775054932,-0.6390951265875098
lowpass,SNU_FCCP_10uM_44,matched,SNU_FCCP_10uM_44,0.30000001192092896,227.6999969482422,0.678156316280365,-0.7316678684010655
lowpass,SNU_FCCP_10uM_44,control,T24_Blebbistatin_5uM_31,0.30000001192092896,86.4000015258789,0.7355207800865173,-0.6896069571606507
lowpass,SNU_FCCP_10uM_45,matched,SNU_FCCP_10uM_45,0.30000001192092896,247.6999969482422,0.6897203326225281,-0.7232991982188535
lowpass,SNU_FCCP_10uM_45,control,SNU_11,0.4000000059604645,256.20001220703125,0.7076280117034912,-0.7096664138452703
lowpass,SNU_FCCP_10uM_46,matched,SNU_FCCP_10uM_46,0.30000001192092896,227.89999389648438,0.697746992111206,-0.7240143155684443
lowpass,SNU_FCCP_10uM_46,control,NCI_Blebbistatin_5uM_43,38.70000076293945,74.9000015258789,0.7753505110740662,-0.6739645393859715
lowpass,SNU_FCCP_10uM_47,matched,SNU_FCCP_10uM_47,0.30000001192092896,229.39999389648438,0.6725702285766602,-0.7242415867542198
lowpass,SNU_FCCP_10uM_47,control,T24_rotenone_500nM_22,0.0,0.0,0.5399039387702942,0.8417271310235515
lowpass,SNU_FCCP_10uM_48,matched,SNU_FCCP_10uM_48,0.30000001192092896,230.3000030517578,0.6645094156265259,-0.7319044150065351
lowpass,SNU_FCCP_10uM_48,control,SNU_blebbistatin_06,12.5,223.3000030517578,0.7010037899017334,-0.7076118981927954
lowpass,SNU_FCCP_10uM_49,matched,SNU_FCCP_10uM_49,0.30000001192092896,238.8000030517578,0.6523220539093018,-0.7481339940243545
lowpass,SNU_FCCP_10uM_49,control,T24_Blebbistatin_5uM_23,0.30000001192092896,76.0999984741211,0.7271419167518616,-0.6935916192207263
lowpass,SNU_FCCP_10uM_50,matched,SNU_FCCP_10uM_50,0.30000001192092896,224.0,0.6553624868392944,-0.7426402173107991
lowpass,SNU_FCCP_10uM_50,control,NCI_Blebbistatin_5uM_45,38.400001525878906,108.4000015258789,0.7547466158866882,-0.6977779644204497
lowpass,SNU_Rotenone_500nM_01,matched,SNU_Rotenone_500nM_01,0.30000001192092896,221.39999389648438,0.699984610080719,-0.7027269622253242
lowpass,SNU_Rotenone_500nM_01,control,T24_rotenone_500nM_39,0.30000001192092896,165.6999969482422,0.729327380657196,-0.685968360571355
lowpass,SNU_Rotenone_500nM_02,matched,SNU_Rotenone_500nM_02,0.30000001192092896,245.8000030517578,0.6958593726158142,-0.7106902389714016
lowpass,SNU_Rotenone_500nM_02,control,T24_FCCP_10uM_50,0.30000001192092896,218.89999389648438,0.6969709396362305,-0.7157964976030111
lowpass,SNU_Rotenone_500nM_03,matched,SNU_Rotenone_500nM_03,0.30000001192092896,254.3000030517578,0.6946700215339661,-0.7020805639399681
lowpass,SNU_Rotenone_500nM_03,control,NCI_Staurosporine_100nM_18,0.30000001192092896,221.6999969482422,0.7150205969810486,-0.6847178070455875
lowpass,SNU_Rotenone_500nM_04,matched,SNU_Rotenone_500nM_04,0.30000001192092896,245.3000030517578,0.712328314781189,-0.6988296232758606
lowpass,SNU_Rotenone_500nM_04,control,SNU_26,0.4000000059604645,248.6999969482422,0.7247427701950073,-0.6901025678715444
lowpass,SNU_Rotenone_500nM_05,matched,SNU_Rotenone_500nM_05,0.30000001192092896,248.3000030517578,0.6780843734741211,-0.7401276761267062
lowpass,SNU_Rotenone_500nM_05,control,T24_Blebbistatin_5uM_26,0.30000001192092896,60.400001525878906,0.747390627861023,-0.6764424711078169
lowpass,SNU_Rotenone_500nM_06,matched,SNU_Rotenone_500nM_06,0.30000001192092896,220.60000610351562,0.6877710819244385,-0.712637078944876
lowpass,SNU_Rotenone_500nM_06,control,T24_FCCP_10uM_04,0.30000001192092896,187.1999969482422,0.6956424713134766,-0.714731552063159
lowpass,SNU_Rotenone_500nM_07,matched,SNU_Rotenone_500nM_07,0.30000001192092896,234.8000030517578,0.6591667532920837,-0.7450054050706633
lowpass,SNU_Rotenone_500nM_07,control,T24_rotenone_500nM_05,14.5,165.0,0.7229287028312683,-0.7169390871954603
lowpass,SNU_Rotenone_500nM_08,matched,SNU_Rotenone_500nM_08,0.30000001192092896,246.6999969482422,0.6517231464385986,-0.7608922386310196
lowpass,SNU_Rotenone_500nM_08,control,SNU_blebbistatin_03,16.399999618530273,249.39999389648438,0.7053535580635071,-0.7291064996536769
lowpass,SNU_Rotenone_500nM_09,matched,SNU_Rotenone_500nM_09,0.30000001192092896,279.29998779296875,0.7261790037155151,-0.7134146881170349
lowpass,SNU_Rotenone_500nM_09,control,NCI_Staurosporine_100nM_38,0.30000001192092896,203.60000610351562,0.7222191691398621,-0.7085157919300773
lowpass,SNU_Rotenone_500nM_10,matched,SNU_Rotenone_500nM_10,0.30000001192092896,235.6999969482422,0.6763863563537598,-0.7305154271658819
lowpass,SNU_Rotenone_500nM_10,control,T24_Staurosporine_100nM_35,0.0,-0.10000000149011612,0.4225958585739136,0.906296228573751
lowpass,SNU_Rotenone_500nM_11,matched,SNU_Rotenone_500nM_11,0.30000001192092896,244.89999389648438,0.7052371501922607,-0.698010192797389
lowpass,SNU_Rotenone_500nM_11,control,NCI_Staurosporine_100nM_28,0.30000001192092896,216.8000030517578,0.7195895910263062,-0.690576919943527
lowpass,SNU_Rotenone_500nM_12,matched,SNU_Rotenone_500nM_12,0.20000000298023224,226.60000610351562,0.7317648530006409,-0.6657243016868261
lowpass,SNU_Rotenone_500nM_12,control,NCI_FCCP_10uM_49,0.30000001192092896,193.3000030517578,0.7463629245758057,-0.6613940764515396
lowpass,SNU_Rotenone_500nM_13,matched,SNU_Rotenone_500nM_13,0.30000001192092896,216.0,0.7042489051818848,-0.7110204737004941
lowpass,SNU_Rotenone_500nM_13,control,T24_Staurosporine_100nM_36,0.30000001192092896,249.89999389648438,0.6794776320457458,-0.74740982163631
lowpass,SNU_Rotenone_500nM_14,matched,SNU_Rotenone_500nM_14,0.20000000298023224,221.3000030517578,0.6253169178962708,-0.7658995392878132
lowpass,SNU_Rotenone_500nM_14,control,SNU_57,0.30000001192092896,251.39999389648438,0.6306329369544983,-0.7648335073322436
lowpass,SNU_Rotenone_500nM_15,matched,SNU_Rotenone_500nM_15,0.30000001192092896,231.39999389648438,0.6190231442451477,-0.7729026585635999
lowpass,SNU_Rotenone_500nM_15,control,NCI_Blebbistatin_5uM_23,32.5,70.9000015258789,0.7569249272346497,-0.6840027787024855
lowpass,SNU_Rotenone_500nM_16,matched,SNU_Rotenone_500nM_16,0.30000001192092896,249.8000030517578,0.6341954469680786,-0.7727289668928397
lowpass,SNU_Rotenone_500nM_16,control,NCI_FCCP_10uM_28,0.4000000059604645,173.6999969482422,0.6842963099479675,-0.7278465159135682
lowpass,SNU_Rotenone_500nM_17,matched,SNU_Rotenone_500nM_17,0.30000001192092896,247.3000030517578,0.6206580400466919,-0.7773644983193511
lowpass,SNU_Rotenone_500nM_17,control,SNU_44,0.30000001192092896,268.1000061035156,0.6370641589164734,-0.7713495833150794
lowpass,SNU_Rotenone_500nM_18,matched,SNU_Rotenone_500nM_18,0.30000001192092896,249.89999389648438,0.6640112400054932,-0.7454162707173505
lowpass,SNU_Rotenone_500nM_18,control,SNU_Rotenone_500nM_50,0.30000001192092896,256.0,0.651862621307373,-0.7509508323748144
lowpass,SNU_Rotenone_500nM_19,matched,SNU_Rotenone_500nM_19,0.30000001192092896,235.5,0.6479623913764954,-0.7510773029722356
lowpass,SNU_Rotenone_500nM_19,control,SNU_staurosporine_41,0.30000001192092896,235.89999389648438,0.6745319962501526,-0.730880457145229
lowpass,SNU_Rotenone_500nM_20,matched,SNU_Rotenone_500nM_20,0.30000001192092896,228.60000610351562,0.6774458289146423,-0.7284629074769666
lowpass,SNU_Rotenone_500nM_20,control,SNU_06,2.5,251.89999389648438,0.7128796577453613,-0.711897429350478
lowpass,SNU_Rotenone_500nM_21,matched,SNU_Rotenone_500nM_21,0.30000001192092896,252.3000030517578,0.6953614950180054,-0.7181810376517969
lowpass,SNU_Rotenone_500nM_21,control,NCI_Blebbistatin_5uM_09,88.0999984741211,47.20000076293945,0.8101321458816528,-0.6606408182167537
lowpass,SNU_Rotenone_500nM_22,matched,SNU_Rotenone_500nM_22,0.30000001192092896,249.1999969482422,0.6731745600700378,-0.7374209056172288
lowpass,SNU_Rotenone_500nM_22,control,T24_47,0.4000000059604645,224.10000610351562,0.6889957785606384,-0.7356630244225459
lowpass,SNU_Rotenone_500nM_23,matched,SNU_Rotenone_500nM_23,0.30000001192092896,250.6999969482422,0.6398621201515198,-0.7604081284096846
lowpass,SNU_Rotenone_500nM_23,control,NCI_Blebbistatin_5uM_36,0.0,0.0,0.4631696343421936,0.8862692451098159
lowpass,SNU_Rotenone_500nM_24,matched,SNU_Rotenone_500nM_24,0.30000001192092896,252.8000030517578,0.6386884450912476,-0.776708921975011
lowpass,SNU_Rotenone_500nM_24,control,SNU_21,0.4000000059604645,226.8000030517578,0.6795973181724548,-0.7393092224091039
lowpass,SNU_Rotenone_500nM_25,matched,SNU_Rotenone_500nM_25,0.30000001192092896,299.29998779296875,0.6538910269737244,-0.7364113518838038
lowpass,SNU_Rotenone_500nM_25,control,SNU_95,0.30000001192092896,318.29998779296875,0.6427205204963684,-0.7444044011510048
lowpass,SNU_Rotenone_500nM_26,matched,SNU_Rotenone_500nM_26,0.30000001192092896,244.8000030517578,0.6454219818115234,-0.7705579361639823
lowpass,SNU_Rotenone_500nM_26,control,SNU_96,0.20000000298023224,258.1000061035156,0.6346703171730042,-0.7786851803324719
lowpass,SNU_Rotenone_500nM_27,matched,SNU_Rotenone_500nM_27,0.20000000298023224,218.39999389648438,0.69049471616745,-0.7099470202600756
lowpass,SNU_Rotenone_500nM_27,control,SNU_staurosporine_15,0.30000001192092896,206.1999969482422,0.7253038883209229,-0.6928654612741627
lowpass,SNU_Rotenone_500nM_28,matched,SNU_Rotenone_500nM_28,0.30000001192092896,263.0,0.6715274453163147,-0.7535959314030267
lowpass,SNU_Rotenone_500nM_28,control,SNU_staurosporine_44,0.30000001192092896,255.1999969482422,0.6954046487808228,-0.7329495670455984
lowpass,SNU_Rotenone_500nM_29,matched,SNU_Rotenone_500nM_29,0.30000001192092896,219.8000030517578,0.6876627802848816,-0.7201013635238516
lowpass,SNU_Rotenone_500nM_29,control,NCI_rotenone_500nM_47,0.4000000059604645,175.1999969482422,0.7052436470985413,-0.716409170403585
lowpass,SNU_Rotenone_500nM_30,matched,SNU_Rotenone_500nM_30,0.30000001192092896,252.39999389648438,0.6852882504463196,-0.7227386642058525
lowpass,SNU_Rotenone_500nM_30,control,NCI_FCCP_10uM_40,0.30000001192092896,199.89999389648438,0.72855544090271,-0.6874329886617305
lowpass,SNU_Rotenone_500nM_31,matched,SNU_Rotenone_500nM_31,0.30000001192092896,222.60000610351562,0.694136381149292,-0.7234849117544968
lowpass,SNU_Rotenone_500nM_31,control,SNU_blebbistatin_36,0.30000001192092896,246.6999969482422,0.7108384966850281,-0.7211036495161421
lowpass,SNU_Rotenone_500nM_32,matched,SNU_Rotenone_500nM_32,8.300000190734863,247.5,0.7320142984390259,-0.6651806715235574
lowpass,SNU_Rotenone_500nM_32,control,SNU_staurosporine_11,14.5,235.0,0.774090588092804,-0.6290818427215944
lowpass,SNU_Rotenone_500nM_33,matched,SNU_Rotenone_500nM_33,0.30000001192092896,276.70001220703125,0.6545621156692505,-0.7555890897643451
lowpass,SNU_Rotenone_500nM_33,control,NCI_rotenone_500nM_41,0.30000001192092896,214.39999389648438,0.6835532784461975,-0.737791748860849
lowpass,SNU_Rotenone_500nM_34,matched,SNU_Rotenone_500nM_34,0.30000001192092896,252.10000610351562,0.65113765001297,-0.7544540252117551
lowpass,SNU_Rotenone_500nM_34,control,T24_Staurosporine_100nM_07,0.30000001192092896,230.0,0.6600958704948425,-0.7468529844841278
lowpass,SNU_Rotenone_500nM_35,matched,SNU_Rotenone_500nM_35,0.20000000298023224,262.1000061035156,0.6324220299720764,-0.7715320027185454
lowpass,SNU_Rotenone_500nM_35,control,SNU_FCCP_10uM_17,0.30000001192092896,228.3000030517578,0.6763676404953003,-0.735808172134435
lowpass,SNU_Rotenone_500nM_36,matched,SNU_Rotenone_500nM_36,0.30000001192092896,246.6999969482422,0.6324110627174377,-0.7738799455626019
lowpass,SNU_Rotenone_500nM_36,control,T24_Staurosporine_100nM_23,0.30000001192092896,222.39999389648438,0.6347722411155701,-0.7684429525916171
lowpass,SNU_Rotenone_500nM_37,matched,SNU_Rotenone_500nM_37,0.20000000298023224,244.6999969482422,0.6833660006523132,-0.7645970594677316
lowpass,SNU_Rotenone_500nM_37,control,T24_FCCP_10uM_10,0.30000001192092896,204.1999969482422,0.7130963802337646,-0.7435254658933078
lowpass,SNU_Rotenone_500nM_38,matched,SNU_Rotenone_500nM_38,0.30000001192092896,259.0,0.6220912933349609,-0.7744712737771181
lowpass,SNU_Rotenone_500nM_38,control,SNU_FCCP_10uM_45,0.30000001192092896,219.89999389648438,0.6586724519729614,-0.7402996266448009
lowpass,SNU_Rotenone_500nM_39,matched,SNU_Rotenone_500nM_39,0.30000001192092896,249.39999389648438,0.6231357455253601,-0.7775898621304514
lowpass,SNU_Rotenone_500nM_39,control,NCI_FCCP_10uM_38,0.4000000059604645,189.5,0.6841642260551453,-0.7311951388586239
lowpass,SNU_Rotenone_500nM_40,matched,SNU_Rotenone_500nM_40,0.30000001192092896,227.0,0.6276541352272034,-0.7595741471009818
lowpass,SNU_Rotenone_500nM_40,control,SNU_62,0.30000001192092896,277.70001220703125,0.6432228684425354,-0.7614259251305726
lowpass,SNU_Rotenone_500nM_41,matched,SNU_Rotenone_500nM_41,0.20000000298023224,234.0,0.6403480768203735,-0.7520966663669683
lowpass,SNU_Rotenone_500nM_41,control,NCI_rotenone_500nM_31,0.30000001192092896,176.60000610351562,0.6729755401611328,-0.7377743473922405
lowpass,SNU_Rotenone_500nM_42,matched,SNU_Rotenone_500nM_42,0.20000000298023224,245.0,0.6408863067626953,-0.7540634685556101
lowpass,SNU_Rotenone_500nM_42,control,T24_Blebbistatin_5uM_05,0.0,0.0,0.6157107949256897,0.7879723615203187
lowpass,SNU_Rotenone_500nM_43,matched,SNU_Rotenone_500nM_43,0.30000001192092896,258.29998779296875,0.6433837413787842,-0.7667485387061317
lowpass,SNU_Rotenone_500nM_43,control,SNU_81,0.30000001192092896,276.0,0.6523747444152832,-0.7628730822242282
lowpass,SNU_Rotenone_500nM_44,matched,SNU_Rotenone_500nM_44,0.30000001192092896,268.20001220703125,0.6459184288978577,-0.7559957426909668
lowpass,SNU_Rotenone_500nM_44,control,T24_FCCP_10uM_19,0.30000001192092896,210.39999389648438,0.6795664429664612,-0.7327868430470079
lowpass,SNU_Rotenone_500nM_45,matched,SNU_Rotenone_500nM_45,0.30000001192092896,245.89999389648438,0.640966534614563,-0.7683892757646936
lowpass,SNU_Rotenone_500nM_45,control,T24_rotenone_500nM_47,0.30000001192092896,184.6999969482422,0.6977782249450684,-0.7327679187350301
lowpass,SNU_Rotenone_500nM_46,matched,SNU_Rotenone_500nM_46,0.20000000298023224,240.0,0.630223274230957,-0.763244494076532
lowpass,SNU_Rotenone_500nM_46,control,NCI_Blebbistatin_5uM_33,34.599998474121094,56.5,0.7588405013084412,-0.6803801101313405
lowpass,SNU_Rotenone_500nM_47,matched,SNU_Rotenone_500nM_47,0.30000001192092896,250.89999389648438,0.6191864609718323,-0.781577781348463
lowpass,SNU_Rotenone_500nM_47,control,T24_Blebbistatin_5uM_33,0.0,0.0,0.5070270895957947,0.8619302248328562
lowpass,SNU_Rotenone_500nM_48,matched,SNU_Rotenone_500nM_48,0.30000001192092896,262.79998779296875,0.6500883102416992,-0.7593360567119128
lowpass,SNU_Rotenone_500nM_48,control,SNU_blebbistatin_09,0.4000000059604645,226.3000030517578,0.7118752598762512,-0.7030635141862123
lowpass,SNU_Rotenone_500nM_49,matched,SNU_Rotenone_500nM_49,0.30000001192092896,255.60000610351562,0.6435429453849792,-0.7581321242535837
lowpass,SNU_Rotenone_500nM_49,control,NCI_43,0.30000001192092896,253.3000030517578,0.6552965641021729,-0.7602229602223916
lowpass,SNU_Rotenone_500nM_50,matched,SNU_Rotenone_500nM_50,0.30000001192092896,231.60000610351562,0.6600306034088135,-0.7388203430883267
lowpass,SNU_Rotenone_500nM_50,control,NCI_Blebbistatin_5uM_48,44.29999923706055,52.20000076293945,0.7690079212188721,-0.6692770296451371
lowpass,SNU_blebbistatin_01,matched,SNU_blebbistatin_01,30.299999237060547,269.70001220703125,0.7414044141769409,-0.6870986184331468
lowpass,SNU_blebbistatin_01,control,NCI_Blebbistatin_5uM_01,94.9000015258789,90.69999694824219,0.8021162152290344,-0.656527990475038
lowpass,SNU_blebbistatin_02,matched,SNU_blebbistatin_02,26.600000381469727,241.5,0.781394898891449,-0.6435507500342463
lowpass,SNU_blebbistatin_02,control,NCI_Staurosporine_100nM_33,0.30000001192092896,239.0,0.7529560327529907,-0.669752393885035
lowpass,SNU_blebbistatin_03,matched,SNU_blebbistatin_03,12.600000381469727,246.10000610351562,0.7670658230781555,-0.6348287855996236
lowpass,SNU_blebbistatin_03,control,SNU_24,8.600000381469727,257.20001220703125,0.7471722960472107,-0.6564646329857806
lowpass,SNU_blebbistatin_04,matched,SNU_blebbistatin_04,46.400001525878906,234.6999969482422,0.7514671087265015,-0.6796466257901124
lowpass,SNU_blebbistatin_04,control,NCI_rotenone_500nM_23,0.4000000059604645,220.6999969482422,0.7354102730751038,-0.6892320374321633
lowpass,SNU_blebbistatin_05,matched,SNU_blebbistatin_05,48.79999923706055,244.1999969482422,0.7258448004722595,-0.7187152749594975
lowpass,SNU_blebbistatin_05,control,SNU_38,0.4000000059604645,263.8999938964844,0.7073174715042114,-0.7128383462727527
lowpass,SNU_blebbistatin_06,matched,SNU_blebbistatin_06,16.600000381469727,231.8000030517578,0.7504509687423706,-0.6689794159782549
lowpass,SNU_blebbistatin_06,control,NCI_36,0.4000000059604645,244.60000610351562,0.7119581699371338,-0.7100297431897784
lowpass,SNU_blebbistatin_07,matched,SNU_blebbistatin_07,26.600000381469727,247.8000030517578,0.7289894223213196,-0.700896004117795
lowpass,SNU_blebbistatin_07,control,T24_FCCP_10uM_17,0.30000001192092896,210.60000610351562,0.7057440280914307,-0.7079771079356384
lowpass,SNU_blebbistatin_08,matched,SNU_blebbistatin_08,38.70000076293945,238.89999389648438,0.7264540791511536,-0.7165894162271822
lowpass,SNU_blebbistatin_08,control,SNU_staurosporine_21,4.5,246.0,0.7248594164848328,-0.6934593611433614
lowpass,SNU_blebbistatin_09,matched,SNU_blebbistatin_09,42.599998474121094,247.0,0.7146947383880615,-0.7194200384698987
lowpass,SNU_blebbistatin_09,control,NCI_03,4.5,248.89999389648438,0.7025778293609619,-0.7165233894530817
lowpass,SNU_blebbistatin_10,matched,SNU_blebbistatin_10,38.70000076293945,247.39999389648438,0.7182554006576538,-0.7300681081108006
lowpass,SNU_blebbistatin_10,control,NCI_rotenone_500nM_14,30.600000381469727,200.10000610351562,0.7135900855064392,-0.7486733970440947
lowpass,SNU_blebbistatin_11,matched,SNU_blebbistatin_11,46.29999923706055,237.1999969482422,0.7365599274635315,-0.7044502599346677
lowpass,SNU_blebbistatin_11,control,SNU_76,0.4000000059604645,282.3999938964844,0.7021270990371704,-0.7121068593361864
lowpass,SNU_blebbistatin_12,matched,SNU_blebbistatin_12,4.5,264.3999938964844,0.7423118948936462,-0.6770144314249347
lowpass,SNU_blebbistatin_12,control,SNU_staurosporine_06,48.79999923706055,253.8000030517578,0.7537380456924438,-0.6879014519969584
lowpass,SNU_blebbistatin_13,matched,SNU_blebbistatin_13,32.70000076293945,250.39999389648438,0.7345495820045471,-0.7058247170644486
lowpass,SNU_blebbistatin_13,control,SNU_Rotenone_500nM_46,0.30000001192092896,253.1999969482422,0.6920928359031677,-0.7201340939667105
lowpass,SNU_blebbistatin_14,matched,SNU_blebbistatin_14,46.599998474121094,270.1000061035156,0.7653493285179138,-0.7030071504959069
lowpass,SNU_blebbistatin_14,control,T24_rotenone_500nM_30,40.5,189.89999389648438,0.772881805896759,-0.6899413187689656
lowpass,SNU_blebbistatin_15,matched,SNU_blebbistatin_15,28.399999618530273,239.3000030517578,0.7200714945793152,-0.7060055906657323
lowpass,SNU_blebbistatin_15,control,SNU_staurosporine_32,22.5,249.3000030517578,0.7158003449440002,-0.7107385306931193
lowpass,SNU_blebbistatin_16,matched,SNU_blebbistatin_16,34.400001525878906,255.6999969482422,0.7245419025421143,-0.7270724601359035
lowpass,SNU_blebbistatin_16,control,SNU_83,0.4000000059604645,288.20001220703125,0.6886482834815979,-0.7384083575062274
lowpass,SNU_blebbistatin_17,matched,SNU_blebbistatin_17,38.599998474121094,241.39999389648438,0.7108801603317261,-0.7396792350195349
lowpass,SNU_blebbistatin_17,control,SNU_Rotenone_500nM_25,0.4000000059604645,272.1000061035156,0.6789851188659668,-0.7462232139036414
lowpass,SNU_blebbistatin_18,matched,SNU_blebbistatin_18,10.5,247.1999969482422,0.7218936681747437,-0.7152603362384485
lowpass,SNU_blebbistatin_18,control,SNU_63,0.4000000059604645,283.20001220703125,0.6900521516799927,-0.742318866514226
lowpass,SNU_blebbistatin_19,matched,SNU_blebbistatin_19,0.4000000059604645,244.1999969482422,0.7051430344581604,-0.7112692003065307
lowpass,SNU_blebbistatin_19,control,SNU_36,0.4000000059604645,244.89999389648438,0.7002583742141724,-0.7123579849584243
lowpass,SNU_blebbistatin_20,matched,SNU_blebbistatin_20,40.70000076293945,242.8000030517578,0.7205945253372192,-0.7220950563969657
lowpass,SNU_blebbistatin_20,control,SNU_FCCP_10uM_22,18.600000381469727,229.0,0.7221000790596008,-0.7031050871665623
lowpass,SNU_blebbistatin_21,matched,SNU_blebbistatin_21,22.600000381469727,234.10000610351562,0.7019841074943542,-0.7317728614651048
lowpass,SNU_blebbistatin_21,control,NCI_24,0.30000001192092896,247.5,0.6813923716545105,-0.7522007797210797
lowpass,SNU_blebbistatin_22,matched,SNU_blebbistatin_22,30.5,235.39999389648438,0.7038569450378418,-0.7319392205369427
lowpass,SNU_blebbistatin_22,control,SNU_79,0.30000001192092896,252.8000030517578,0.6725563406944275,-0.7355321278207864
lowpass,SNU_blebbistatin_23,matched,SNU_blebbistatin_23,30.700000762939453,249.1999969482422,0.7010915875434875,-0.739649924263956
lowpass,SNU_blebbistatin_23,control,T24_rotenone_500nM_38,28.5,173.1999969482422,0.7156169414520264,-0.7275074805905771
lowpass,SNU_blebbistatin_24,matched,SNU_blebbistatin_24,0.4000000059604645,251.89999389648438,0.7215863466262817,-0.6948733864656274
lowpass,SNU_blebbistatin_24,control,NCI_06,0.4000000059604645,210.60000610351562,0.7116931080818176,-0.7005051952503087
lowpass,SNU_blebbistatin_25,matched,SNU_blebbistatin_25,14.5,250.8000030517578,0.7177078127861023,-0.7131640913988961
lowpass,SNU_blebbistatin_25,control,SNU_55,0.4000000059604645,260.70001220703125,0.6947616338729858,-0.7197598865468089
lowpass,SNU_blebbistatin_26,matched,SNU_blebbistatin_26,30.5,245.5,0.707645058631897,-0.7239589443485027
lowpass,SNU_blebbistatin_26,control,T24_FCCP_10uM_01,0.4000000059604645,221.89999389648438,0.6994072198867798,-0.7147872299102502
lowpass,SNU_blebbistatin_27,matched,SNU_blebbistatin_27,0.4000000059604645,229.60000610351562,0.7081862092018127,-0.7080579360699587
lowpass,SNU_blebbistatin_27,control,SNU_blebbistatin_25,0.3999999761581421,256.29998779296875,0.7111985683441162,-0.7108436186704764
lowpass,SNU_blebbistatin_28,matched,SNU_blebbistatin_28,28.5,250.8000030517578,0.7110804319381714,-0.7298435160255862
lowpass,SNU_blebbistatin_28,control,T24_Staurosporine_100nM_14,0.30000001192092896,241.3000030517578,0.6821509599685669,-0.7334823004603075
lowpass,SNU_blebbistatin_29,matched,SNU_blebbistatin_29,0.4000000059604645,250.6999969482422,0.6928205490112305,-0.7250169267188247
lowpass,SNU_blebbistatin_29,control,NCI_21,0.30000001192092896,247.5,0.6780359148979187,-0.7543455170839534
lowpass,SNU_blebbistatin_30,matched,SNU_blebbistatin_30,38.400001525878906,236.3000030517578,0.7137178778648376,-0.7186037155890299
lowpass,SNU_blebbistatin_30,control,T24_17,40.599998474121094,216.89999389648438,0.7237871289253235,-0.7204287728209241
lowpass,SNU_blebbistatin_31,matched,SNU_blebbistatin_31,0.4000000059604645,250.10000610351562,0.6985718011856079,-0.7095546989016139
lowpass,SNU_blebbistatin_31,control,T24_FCCP_10uM_02,0.30000001192092896,229.8000030517578,0.6971428394317627,-0.7216866381664842
lowpass,SNU_blebbistatin_32,matched,SNU_blebbistatin_32,0.4000000059604645,243.5,0.7015918493270874,-0.7139590185627371
lowpass,SNU_blebbistatin_32,control,NCI_37,0.30000001192092896,239.39999389648438,0.6832289099693298,-0.7424921934761892
lowpass,SNU_blebbistatin_33,matched,SNU_blebbistatin_33,28.600000381469727,248.6999969482422,0.7107576131820679,-0.7293081635516441
lowpass,SNU_blebbistatin_33,control,SNU_Rotenone_500nM_43,0.30000001192092896,253.10000610351562,0.6773228645324707,-0.733479811362445
lowpass,SNU_blebbistatin_34,matched,SNU_blebbistatin_34,0.4000000059604645,246.5,0.6868687868118286,-0.7323690415716637
lowpass,SNU_blebbistatin_34,control,SNU_29,26.600000381469727,255.3000030517578,0.702879786491394,-0.7367761936858331
lowpass,SNU_blebbistatin_35,matched,SNU_blebbistatin_35,0.4000000059604645,255.0,0.6937018036842346,-0.7312918487855695
lowpass,SNU_blebbistatin_35,control,NCI_Staurosporine_100nM_25,0.30000001192092896,221.8000030517578,0.6988611817359924,-0.7335093244359788
lowpass,SNU_blebbistatin_36,matched,SNU_blebbistatin_36,0.4000000059604645,245.5,0.6850967407226562,-0.7269039538034039
lowpass,SNU_blebbistatin_36,control,T24_Blebbistatin_5uM_14,34.5,112.5,0.7344374060630798,-0.724026332141664
lowpass,SNU_blebbistatin_37,matched,SNU_blebbistatin_37,24.399999618530273,251.39999389648438,0.6926672458648682,-0.746113469161115
lowpass,SNU_blebbistatin_37,control,SNU_99,0.30000001192092896,276.6000061035156,0.6641342639923096,-0.7475110107626748
lowpass,SNU_blebbistatin_38,matched,SNU_blebbistatin_38,0.4000000059604645,245.1999969482422,0.6993575692176819,-0.7113369036978862
lowpass,SNU_blebbistatin_38,control,T24_Staurosporine_100nM_26,0.30000001192092896,246.60000610351562,0.6682173609733582,-0.7439568879226331
lowpass,SNU_blebbistatin_39,matched,SNU_blebbistatin_39,10.5,252.6999969482422,0.6975453495979309,-0.7284913299312319
lowpass,SNU_blebbistatin_39,control,SNU_Rotenone_500nM_48,0.30000001192092896,273.79998779296875,0.6692944765090942,-0.7465778391805085
lowpass,SNU_blebbistatin_40,matched,SNU_blebbistatin_40,0.30000001192092896,249.10000610351562,0.6614359617233276,-0.748942679068399
lowpass,SNU_blebbistatin_40,control,SNU_32,0.30000001192092896,231.10000610351562,0.6695292592048645,-0.7435911168486715
lowpass,SNU_blebbistatin_41,matched,SNU_blebbistatin_41,0.4000000059604645,260.3999938964844,0.6800316572189331,-0.739789969061139
lowpass,SNU_blebbistatin_41,control,T24_rotenone_500nM_08,34.599998474121094,171.6999969482422,0.7235763669013977,-0.7285824063446827
lowpass,SNU_blebbistatin_42,matched,SNU_blebbistatin_42,0.30000001192092896,245.0,0.6843665242195129,-0.7154862603418244
lowpass,SNU_blebbistatin_42,control,T24_Blebbistatin_5uM_04,0.4000000059604645,102.0999984741211,0.7408739328384399,-0.6931127076989233
lowpass,SNU_blebbistatin_43,matched,SNU_blebbistatin_43,0.4000000059604645,248.89999389648438,0.6842457056045532,-0.733234615689835
lowpass,SNU_blebbistatin_43,control,SNU_blebbistatin_35,0.4000000059604645,250.60000610351562,0.6899212598800659,-0.731626319228569
lowpass,SNU_blebbistatin_44,matched,SNU_blebbistatin_44,0.4000000059604645,246.1999969482422,0.6839138269424438,-0.7260405112028432
lowpass,SNU_blebbistatin_44,control,T24_Staurosporine_100nM_37,0.30000001192092896,228.1999969482422,0.6598070859909058,-0.7406479941241235
lowpass,SNU_blebbistatin_45,matched,SNU_blebbistatin_45,0.4000000059604645,251.1999969482422,0.6782736778259277,-0.735524200740215
lowpass,SNU_blebbistatin_45,control,NCI_14,0.30000001192092896,207.5,0.6842638254165649,-0.7310976738002901
lowpass,SNU_blebbistatin_46,matched,SNU_blebbistatin_46,0.4000000059604645,242.89999389648438,0.6855581998825073,-0.7183448855689295
lowpass,SNU_blebbistatin_46,control,T24_rotenone_500nM_02,32.400001525878906,169.10000610351562,0.7467809915542603,-0.6943651406832164
lowpass,SNU_blebbistatin_47,matched,SNU_blebbistatin_47,0.30000001192092896,250.10000610351562,0.6662578582763672,-0.7427108384646398
lowpass,SNU_blebbistatin_47,control,T24_rotenone_500nM_32,0.4000000059604645,169.39999389648438,0.7021181583404541,-0.725036010533757
lowpass,SNU_blebbistatin_48,matched,SNU_blebbistatin_48,0.4000000059604645,263.20001220703125,0.6782611608505249,-0.74788020915412
lowpass,SNU_blebbistatin_48,control,NCI_rotenone_500nM_04,0.4000000059604645,193.10000610351562,0.7050521969795227,-0.7324473222773165
lowpass,SNU_blebbistatin_49,matched,SNU_blebbistatin_49,0.0,0.0,0.029468288645148277,0.9995648627112077
lowpass,SNU_blebbistatin_49,control,SNU_37,0.4000000059604645,253.0,0.688801109790802,-0.7175240039678052
lowpass,SNU_blebbistatin_50,matched,SNU_blebbistatin_50,0.30000001192092896,254.3000030517578,0.6654661893844604,-0.7484354468825561
lowpass,SNU_blebbistatin_50,control,T24_Blebbistatin_5uM_41,0.0,-0.10000000149011612,0.47372403740882874,0.8806694378196521
lowpass,SNU_staurosporine_01,matched,SNU_staurosporine_01,48.599998474121094,261.5,0.7623968720436096,-0.660728198289895
lowpass,SNU_staurosporine_01,control,T24_16,28.799999237060547,212.60000610351562,0.7472054362297058,-0.6698793661204769
lowpass,SNU_staurosporine_02,matched,SNU_staurosporine_02,48.79999923706055,253.89999389648438,0.7783194184303284,-0.6588334241857985
lowpass,SNU_staurosporine_02,control,SNU_58,0.4000000059604645,267.29998779296875,0.739496648311615,-0.668484470353916
lowpass,SNU_staurosporine_03,matched,SNU_staurosporine_03,0.30000001192092896,239.6999969482422,0.8481659889221191,-0.5275317770785185
lowpass,SNU_staurosporine_03,control,NCI_Staurosporine_100nM_06,0.20000000298023224,209.60000610351562,0.8246744871139526,-0.5723363082523159
lowpass,SNU_staurosporine_04,matched,SNU_staurosporine_04,36.5,240.8000030517578,0.7744199633598328,-0.640369006314533
lowpass,SNU_staurosporine_04,control,T24_21,34.20000076293945,241.89999389648438,0.7642180323600769,-0.6723203323335392
lowpass,SNU_staurosporine_05,matched,SNU_staurosporine_05,47.70000076293945,244.89999389648438,0.7812973856925964,-0.6455032000258523
lowpass,SNU_staurosporine_05,control,T24_Blebbistatin_5uM_46,0.4000000059604645,126.69999694824219,0.7838068604469299,-0.6406453150383267
lowpass,SNU_staurosporine_06,matched,SNU_staurosporine_06,60.900001525878906,247.6999969482422,0.7835955619812012,-0.66708938630319
lowpass,SNU_staurosporine_06,control,T24_Staurosporine_100nM_38,0.30000001192092896,255.8000030517578,0.7311480641365051,-0.679623731464123
lowpass,SNU_staurosporine_07,matched,SNU_staurosporine_07,32.599998474121094,223.10000610351562,0.7663038969039917,-0.6502785618928195
lowpass,SNU_staurosporine_07,control,SNU_Rotenone_500nM_17,0.4000000059604645,268.3999938964844,0.7253268957138062,-0.6889786553052999
lowpass,SNU_staurosporine_08,matched,SNU_staurosporine_08,44.29999923706055,245.1999969482422,0.7379822731018066,-0.6991949248121386
lowpass,SNU_staurosporine_08,control,SNU_FCCP_10uM_14,10.5,223.3000030517578,0.7265870571136475,-0.6900108111920455
lowpass,SNU_staurosporine_09,matched,SNU_staurosporine_09,38.70000076293945,247.10000610351562,0.7901477217674255,-0.5929954844633175
lowpass,SNU_staurosporine_09,control,T24_Blebbistatin_5uM_48,34.400001525878906,110.30000305175781,0.7919186353683472,-0.6375981149237506
lowpass,SNU_staurosporine_10,matched,SNU_staurosporine_10,42.400001525878906,269.20001220703125,0.7502238154411316,-0.69827011140653
lowpass,SNU_staurosporine_10,control,SNU_blebbistatin_29,12.5,275.5,0.7361423373222351,-0.6997364177892216
lowpass,SNU_staurosporine_11,matched,SNU_staurosporine_11,30.5,251.1999969482422,0.7465913891792297,-0.6890087330809594
lowpass,SNU_staurosporine_11,control,NCI_Staurosporine_100nM_23,0.4000000059604645,212.60000610351562,0.7210463285446167,-0.6979294791961269
lowpass,SNU_staurosporine_12,matched,SNU_staurosporine_12,30.700000762939453,252.5,0.7493465542793274,-0.6870163329048113
lowpass,SNU_staurosporine_12,control,NCI_rotenone_500nM_11,0.4000000059604645,205.8000030517578,0.738634467124939,-0.6914926602243757
lowpass,SNU_staurosporine_13,matched,SNU_staurosporine_13,0.0,0.0,0.030563442036509514,0.9995328607080401
lowpass,SNU_staurosporine_13,control,SNU_52,0.30000001192092896,271.0,0.7048102021217346,-0.7162489421576212
lowpass,SNU_staurosporine_14,matched,SNU_staurosporine_14,32.29999923706055,266.3999938964844,0.7602294683456421,-0.678838381844618
lowpass,SNU_staurosporine_14,control,T24_FCCP_10uM_26,0.4000000059604645,224.39999389648438,0.7339551448822021,-0.6835384991435461
lowpass,SNU_staurosporine_15,matched,SNU_staurosporine_15,0.30000001192092896,172.1999969482422,0.729237973690033,-0.7257568380200975
lowpass,SNU_staurosporine_15,control,SNU_staurosporine_07,0.4000000059604645,139.89999389648438,0.7344511151313782,-0.6989540771678399
lowpass,SNU_staurosporine_16,matched,SNU_staurosporine_16,32.5,241.8000030517578,0.7187902927398682,-0.714913377222867
lowpass,SNU_staurosporine_16,control,T24_FCCP_10uM_47,0.30000001192092896,225.60000610351562,0.6862509250640869,-0.7277467506736934
lowpass,SNU_staurosporine_17,matched,SNU_staurosporine_17,32.599998474121094,242.89999389648438,0.7381782531738281,-0.7158676124514507
lowpass,SNU_staurosporine_17,control,T24_rotenone_500nM_37,28.5,198.39999389648438,0.7368752360343933,-0.7297299986592627
lowpass,SNU_staurosporine_18,matched,SNU_staurosporine_18,38.5,249.39999389648438,0.7345860004425049,-0.7099228149903125
lowpass,SNU_staurosporine_18,control,NCI_23,0.30000001192092896,245.0,0.7067698836326599,-0.7166528233288637
lowpass,SNU_staurosporine_19,matched,SNU_staurosporine_19,38.5,241.89999389648438,0.7219941020011902,-0.7242524085342937
lowpass,SNU_staurosporine_19,control,NCI_FCCP_10uM_19,28.5,189.5,0.7286800742149353,-0.7196425017427587
lowpass,SNU_staurosporine_20,matched,SNU_staurosporine_20,30.700000762939453,247.8000030517578,0.744410514831543,-0.6992363759216139
lowpass,SNU_staurosporine_20,control,T24_rotenone_500nM_26,28.399999618530273,177.1999969482422,0.7576214075088501,-0.6873838873220782
lowpass,SNU_staurosporine_21,matched,SNU_staurosporine_21,26.5,257.6000061035156,0.7415557503700256,-0.7087822849637775
lowpass,SNU_staurosporine_21,control,SNU_blebbistatin_27,20.600000381469727,252.10000610351562,0.7306559681892395,-0.7164314985861076
lowpass,SNU_staurosporine_22,matched,SNU_staurosporine_22,42.400001525878906,222.8000030517578,0.7093883156776428,-0.7353419264935989
lowpass,SNU_staurosporine_22,control,SNU_FCCP_10uM_07,32.5,194.39999389648438,0.7053789496421814,-0.7313309888506132
lowpass,SNU_staurosporine_23,matched,SNU_staurosporine_23,0.30000001192092896,245.6999969482422,0.7326794862747192,-0.6885705554676838
lowpass,SNU_staurosporine_23,control,T24_FCCP_10uM_28,0.30000001192092896,217.0,0.7152066826820374,-0.70871275679772
lowpass,SNU_staurosporine_24,matched,SNU_staurosporine_24,32.400001525878906,240.39999389648438,0.7116525173187256,-0.7263399231524909
lowpass,SNU_staurosporine_24,control,SNU_FCCP_10uM_39,26.5,229.6999969482422,0.7038000226020813,-0.7290346471089798
lowpass,SNU_staurosporine_25,matched,SNU_staurosporine_25,26.5,265.29998779296875,0.7256388664245605,-0.7227739610073949
lowpass,SNU_staurosporine_25,control,SNU_blebbistatin_11,36.5,251.60000610351562,0.7359580993652344,-0.7056508400663447
lowpass,SNU_staurosporine_26,matched,SNU_staurosporine_26,24.399999618530273,249.1999969482422,0.726024866104126,-0.7088474312834847
lowpass,SNU_staurosporine_26,control,NCI_FCCP_10uM_20,28.700000762939453,200.5,0.737118661403656,-0.7108716601128313
lowpass,SNU_staurosporine_27,matched,SNU_staurosporine_27,0.30000001192092896,251.0,0.7361454963684082,-0.6939903894675911
lowpass,SNU_staurosporine_27,control,SNU_17,0.4000000059604645,255.8000030517578,0.7342759966850281,-0.6963524975863836
lowpass,SNU_staurosporine_28,matched,SNU_staurosporine_28,32.79999923706055,234.6999969482422,0.7300420999526978,-0.7161076161046791
lowpass,SNU_staurosporine_28,control,SNU_28,0.4000000059604645,248.60000610351562,0.7216936945915222,-0.6989208259693573
lowpass,SNU_staurosporine_29,matched,SNU_staurosporine_29,36.70000076293945,248.0,0.7308446764945984,-0.7129943203229065
lowpass,SNU_staurosporine_29,control,NCI_39,0.30000001192092896,225.3000030517578,0.7076825499534607,-0.7026164495651502
lowpass,SNU_staurosporine_30,matched,SNU_staurosporine_30,38.400001525878906,249.8000030517578,0.7467353940010071,-0.7157358984577626
lowpass,SNU_staurosporine_30,control,NCI_Staurosporine_100nM_31,0.30000001192092896,219.0,0.7288614511489868,-0.6934543345498133
lowpass,SNU_staurosporine_31,matched,SNU_staurosporine_31,0.4000000059604645,245.0,0.7245560884475708,-0.6840071179360638
lowpass,SNU_staurosporine_31,control,NCI_Staurosporine_100nM_47,0.30000001192092896,216.5,0.7065073847770691,-0.6987794721191789
lowpass,SNU_staurosporine_32,matched,SNU_staurosporine_32,28.399999618530273,257.1000061035156,0.7224897742271423,-0.7187543836568433
lowpass,SNU_staurosporine_32,control,NCI_Blebbistatin_5uM_44,56.5,98.9000015258789,0.767015814781189,-0.6949583164177429
lowpass,SNU_staurosporine_33,matched,SNU_staurosporine_33,0.0,0.10000000149011612,0.03711098060011864,0.9992744988711021
lowpass,SNU_staurosporine_33,control,T24_Staurosporine_100nM_05,0.30000001192092896,229.60000610351562,0.7016946077346802,-0.7011351781973514
lowpass,SNU_staurosporine_34,matched,SNU_staurosporine_34,26.600000381469727,256.5,0.7105047702789307,-0.7290051431041688
lowpass,SNU_staurosporine_34,control,NCI_16,0.4000000059604645,242.0,0.6981055736541748,-0.7263412632605504
lowpass,SNU_staurosporine_35,matched,SNU_staurosporine_35,16.600000381469727,249.5,0.7019608020782471,-0.7168161334672479
lowpass,SNU_staurosporine_35,control,SNU_Rotenone_500nM_06,0.4000000059604645,252.6999969482422,0.6895015835762024,-0.7128438558622687
lowpass,SNU_staurosporine_36,matched,SNU_staurosporine_36,0.30000001192092896,251.5,0.7068145871162415,-0.7063502311726281
lowpass,SNU_staurosporine_36,control,SNU_FCCP_10uM_29,0.30000001192092896,239.0,0.7037741541862488,-0.7084793313384568
lowpass,SNU_staurosporine_37,matched,SNU_staurosporine_37,0.4000000059604645,223.0,0.7164314389228821,-0.678832905819966
lowpass,SNU_staurosporine_37,control,SNU_Rotenone_500nM_40,0.30000001192092896,243.6999969482422,0.6811304092407227,-0.7125986644276944
lowpass,SNU_staurosporine_38,matched,SNU_staurosporine_38,6.5,251.60000610351562,0.7023043632507324,-0.7134577541647681
lowpass,SNU_staurosporine_38,control,NCI_Blebbistatin_5uM_24,42.29999923706055,76.5999984741211,0.7654429078102112,-0.6832952630808312
lowpass,SNU_staurosporine_39,matched,SNU_staurosporine_39,0.4000000059604645,247.5,0.7149365544319153,-0.6950628288257176
lowpass,SNU_staurosporine_39,control,T24_FCCP_10uM_15,0.4000000059604645,200.0,0.7015346884727478,-0.7105351104074772
lowpass,SNU_staurosporine_40,matched,SNU_staurosporine_40,28.399999618530273,257.6000061035156,0.7218809127807617,-0.7204262278555261
lowpass,SNU_staurosporine_40,control,T24_Blebbistatin_5uM_03,38.29999923706055,107.0999984741211,0.7617518901824951,-0.6941514854812405
lowpass,SNU_staurosporine_41,matched,SNU_staurosporine_41,26.299999237060547,260.5,0.7180330753326416,-0.7359893748177819
lowpass,SNU_staurosporine_41,control,T24_rotenone_500nM_25,30.700000762939453,186.8000030517578,0.7408500909805298,-0.7191136421416117
lowpass,SNU_staurosporine_42,matched,SNU_staurosporine_42,0.30000001192092896,255.1999969482422,0.7136141657829285,-0.6990163088315657
lowpass,SNU_staurosporine_42,control,SNU_staurosporine_08,46.5,250.10000610351562,0.7440309524536133,-0.7259514508762092
lowpass,SNU_staurosporine_43,matched,SNU_staurosporine_43,24.799999237060547,250.8000030517578,0.7289143204689026,-0.6883995611405436
lowpass,SNU_staurosporine_43,control,NCI_05,22.799999237060547,220.3000030517578,0.7338127493858337,-0.6872185126643845
lowpass,SNU_staurosporine_44,matched,SNU_staurosporine_44,0.4000000059604645,251.10000610351562,0.6885413527488708,-0.7241828842325921
lowpass,SNU_staurosporine_44,control,T24_44,0.30000001192092896,226.1999969482422,0.6881426572799683,-0.729651701364839
lowpass,SNU_staurosporine_45,matched,SNU_staurosporine_45,0.4000000059604645,246.3000030517578,0.6997313499450684,-0.7185620268928666
lowpass,SNU_staurosporine_45,control,T24_25,0.4000000059604645,199.5,0.7142886519432068,-0.7048314398518711
lowpass,SNU_staurosporine_46,matched,SNU_staurosporine_46,0.4000000059604645,230.5,0.7098590731620789,-0.6845339738302073
lowpass,SNU_staurosporine_46,control,SNU_46,0.4000000059604645,248.6999969482422,0.7020057439804077,-0.700783969672375
lowpass,SNU_staurosporine_47,matched,SNU_staurosporine_47,0.4000000059604645,231.3000030517578,0.7068285346031189,-0.6932848821770188
lowpass,SNU_staurosporine_47,control,SNU_blebbistatin_05,28.399999618530273,228.3000030517578,0.7271595597267151,-0.6950816108399892
lowpass,SNU_staurosporine_48,matched,SNU_staurosporine_48,0.30000001192092896,247.39999389648438,0.6881961226463318,-0.720765635171687
lowpass,SNU_staurosporine_48,control,T24_rotenone_500nM_09,32.599998474121094,162.8000030517578,0.7276720404624939,-0.7207910117217161
lowpass,SNU_staurosporine_49,matched,SNU_staurosporine_49,0.30000001192092896,243.8000030517578,0.688636302947998,-0.714848955470866
lowpass,SNU_staurosporine_49,control,T24_FCCP_10uM_22,0.30000001192092896,199.5,0.6877052783966064,-0.71949294156413
lowpass,SNU_staurosporine_50,matched,SNU_staurosporine_50,0.4000000059604645,252.8000030517578,0.7142477631568909,-0.7023564746074382
lowpass,SNU_staurosporine_50,control,T24_27,0.4000000059604645,199.3000030517578,0.7257341742515564,-0.6826289517356623
lowpass,T24_01,matched,T24_01,52.5,304.20001220703125,0.8603026270866394,-0.525576293261584
lowpass,T24_01,control,SNU_staurosporine_29,0.30000001192092896,252.1999969482422,0.8452157378196716,-0.5085415234863809
lowpass,T24_02,matched,T24_02,24.399999618530273,221.3000030517578,0.8000492453575134,-0.6281696847298792
lowpass,T24_02,control,T24_26,8.5,247.0,0.7803171873092651,-0.6577823916905422
lowpass,T24_03,matched,T24_03,38.599998474121094,242.10000610351562,0.784304141998291,-0.6415360151913244
lowpass,T24_03,control,SNU_Rotenone_500nM_09,0.30000001192092896,257.6000061035156,0.7637531757354736,-0.6346385386062793
lowpass,T24_04,matched,T24_04,28.700000762939453,224.8000030517578,0.7935124039649963,-0.6313783375408526
lowpass,T24_04,control,SNU_blebbistatin_33,18.5,259.20001220703125,0.7792329788208008,-0.6423066622575812
lowpass,T24_05,matched,T24_05,38.400001525878906,214.6999969482422,0.7785182595252991,-0.6347197583871662
lowpass,T24_05,control,T24_13,42.29999923706055,212.60000610351562,0.771263599395752,-0.642164866058597
lowpass,T24_06,matched,T24_06,42.599998474121094,213.3000030517578,0.7657794952392578,-0.6707166065315926
lowpass,T24_06,control,T24_rotenone_500nM_34,0.4000000059604645,176.60000610351562,0.7597751021385193,-0.6600725544060836
lowpass,T24_07,matched,T24_07,26.399999618530273,218.1999969482422,0.728143036365509,-0.7049049879646669
lowpass,T24_07,control,SNU_Rotenone_500nM_45,0.30000001192092896,259.8999938964844,0.6890900731086731,-0.7086814753658329
lowpass,T24_08,matched,T24_08,24.5,198.3000030517578,0.7349463701248169,-0.6844741877236936
lowpass,T24_08,control,SNU_Rotenone_500nM_05,0.4000000059604645,248.1999969482422,0.7151828408241272,-0.6841942485737281
lowpass,T24_09,matched,T24_09,30.600000381469727,200.8000030517578,0.7288154363632202,-0.6969109501668619
lowpass,T24_09,control,SNU_Rotenone_500nM_24,0.30000001192092896,248.8000030517578,0.6965056657791138,-0.6959562414969948
lowpass,T24_10,matched,T24_10,38.599998474121094,205.10000610351562,0.7297627329826355,-0.6965498505157102
lowpass,T24_10,control,NCI_FCCP_10uM_11,42.5,169.10000610351562,0.7371252179145813,-0.696240932888754
lowpass,T24_11,matched,T24_11,28.5,208.5,0.7305535078048706,-0.708240479917972
lowpass,T24_11,control,T24_Blebbistatin_5uM_35,12.5,96.5,0.7392145395278931,-0.7043310994801294
lowpass,T24_12,matched,T24_12,32.599998474121094,211.10000610351562,0.7334828972816467,-0.6983805506985369
lowpass,T24_12,control,NCI_Blebbistatin_5uM_47,44.599998474121094,97.69999694824219,0.7659375667572021,-0.6814726583583781
lowpass,T24_13,matched,T24_13,20.5,205.89999389648438,0.7215484976768494,-0.7015325715991813
lowpass,T24_13,control,SNU_FCCP_10uM_18,12.5,226.89999389648438,0.7195360064506531,-0.696375375817156
lowpass,T24_14,matched,T24_14,30.700000762939453,211.0,0.7186378240585327,-0.7157751021810365
lowpass,T24_14,control,SNU_Rotenone_500nM_47,0.30000001192092896,252.1999969482422,0.6737309098243713,-0.7221105171820268
lowpass,T24_15,matched,T24_15,40.5,216.89999389648438,0.7305305600166321,-0.720990233288285
lowpass,T24_15,control,SNU_blebbistatin_12,40.29999923706055,257.5,0.7305703163146973,-0.725407232086054
lowpass,T24_16,matched,T24_16,28.399999618530273,206.5,0.719855010509491,-0.7057064809501014
lowpass,T24_16,control,SNU_77,0.30000001192092896,270.0,0.6836043000221252,-0.7116188865639412
lowpass,T24_17,matched,T24_17,16.5,215.6999969482422,0.7269418239593506,-0.6956617798403503
lowpass,T24_17,control,SNU_Rotenone_500nM_03,0.4000000059604645,243.6999969482422,0.7088638544082642,-0.6921478747814904
lowpass,T24_18,matched,T24_18,20.399999618530273,200.6999969482422,0.7210187911987305,-0.6975632286897616
lowpass,T24_18,control,SNU_50,0.4000000059604645,257.20001220703125,0.7001063823699951,-0.7030560063457092
lowpass,T24_19,matched,T24_19,0.30000001192092896,208.6999969482422,0.6628882884979248,-0.7512769862738055
lowpass,T24_19,control,T24_Staurosporine_100nM_17,0.20000000298023224,255.5,0.6435660123825073,-0.775544564384648
lowpass,T24_20,matched,T24_20,10.5,200.6999969482422,0.7686688303947449,-0.6342263676087866
lowpass,T24_20,control,SNU_FCCP_10uM_19,32.599998474121094,238.6999969482422,0.7645499110221863,-0.6697845705594249
lowpass,T24_21,matched,T24_21,10.5,208.8000030517578,0.7079367637634277,-0.7145462415147703
lowpass,T24_21,control,T24_Blebbistatin_5uM_30,10.5,118.5999984741211,0.7362039685249329,-0.708412755978585
lowpass,T24_22,matched,T24_22,8.5,197.3000030517578,0.7459908723831177,-0.6576545141747346
lowpass,T24_22,control,NCI_FCCP_10uM_35,0.4000000059604645,190.5,0.7470954656600952,-0.6620774986950094
lowpass,T24_23,matched,T24_23,10.5,226.8000030517578,0.7313728928565979,-0.7134156023584631
lowpass,T24_23,control,SNU_FCCP_10uM_46,0.4000000059604645,233.3000030517578,0.7142465710639954,-0.7140051258429609
lowpass,T24_24,matched,T24_24,8.5,216.3000030517578,0.6893633604049683,-0.7258860373454157
lowpass,T24_24,control,NCI_rotenone_500nM_27,0.30000001192092896,198.5,0.6813541650772095,-0.7351845079757614
lowpass,T24_25,matched,T24_25,0.4000000059604645,221.89999389648438,0.7071890234947205,-0.7123586344899293
lowpass,T24_25,control,T24_rotenone_500nM_46,0.4000000059604645,219.3000030517578,0.71314537525177,-0.7264640466855365
lowpass,T24_26,matched,T24_26,0.4000000059604645,213.10000610351562,0.6868568062782288,-0.7172852771524902
lowpass,T24_26,control,NCI_rotenone_500nM_26,0.30000001192092896,208.89999389648438,0.6826541423797607,-0.7350882361204515
lowpass,T24_27,matched,T24_27,0.4000000059604645,204.8000030517578,0.6944433450698853,-0.7158179387342795
lowpass,T24_27,control,T24_Blebbistatin_5uM_02,24.5,79.5999984741211,0.7326912879943848,-0.7090388384895223
lowpass,T24_28,matched,T24_28,0.4000000059604645,230.60000610351562,0.692920446395874,-0.7268812808069797
lowpass,T24_28,control,NCI_Blebbistatin_5uM_18,48.70000076293945,92.69999694824219,0.7550318837165833,-0.6953873151905702
lowpass,T24_29,matched,T24_29,16.600000381469727,215.8000030517578,0.7236099243164062,-0.7005217049307766
lowpass,T24_29,control,NCI_Staurosporine_100nM_36,8.5,213.5,0.7054735422134399,-0.7077958439204053
lowpass,T24_30,matched,T24_30,0.30000001192092896,211.39999389648438,0.6839219927787781,-0.7281141977312093
lowpass,T24_30,control,SNU_16,0.4000000059604645,250.1999969482422,0.6907252669334412,-0.7238641371700894
lowpass,T24_31,matched,T24_31,0.4000000059604645,198.8000030517578,0.7068533897399902,-0.696601072253038
lowpass,T24_31,control,T24_Staurosporine_100nM_19,0.30000001192092896,250.6999969482422,0.6668647527694702,-0.7347374229879379
lowpass,T24_32,matched,T24_32,0.4000000059604645,220.39999389648438,0.6765421032905579,-0.7390548695873483
lowpass,T24_32,control,NCI_FCCP_10uM_24,0.4000000059604645,205.3000030517578,0.6933019161224365,-0.7306405353768883
lowpass,T24_33,matched,T24_33,0.4000000059604645,211.10000610351562,0.6788879036903381,-0.7266229767355172
lowpass,T24_33,control,T24_14,6.5,212.3000030517578,0.6912497282028198,-0.7188407838249947
lowpass,T24_34,matched,T24_34,0.30000001192092896,218.5,0.6813510656356812,-0.7271983363686748
lowpass,T24_34,control,NCI_rotenone_500nM_18,0.30000001192092896,190.39999389648438,0.6857016682624817,-0.7274172079108483
lowpass,T24_35,matched,T24_35,0.4000000059604645,216.3000030517578,0.6714755892753601,-0.7387738542827448
lowpass,T24_35,control,T24_FCCP_10uM_46,0.30000001192092896,222.0,0.6638091206550598,-0.7484648711938218
lowpass,T24_36,matched,T24_36,0.30000001192092896,220.60000610351562,0.6973347067832947,-0.7255208074067728
lowpass,T24_36,control,T24_rotenone_500nM_49,0.4000000059604645,175.3000030517578,0.7076689004898071,-0.7140564080545166
lowpass,T24_37,matched,T24_37,0.4000000059604645,247.0,0.7186796069145203,-0.7019217295253237
lowpass,T24_37,control,SNU_staurosporine_48,0.4000000059604645,256.0,0.709019660949707,-0.6939479841397411
lowpass,T24_38,matched,T24_38,6.5,231.60000610351562,0.735008716583252,-0.667500840801019
lowpass,T24_38,control,SNU_blebbistatin_23,26.5,261.20001220703125,0.7329844236373901,-0.6793734028376786
lowpass,T24_39,matched,T24_39,0.4000000059604645,224.60000610351562,0.6976799368858337,-0.7215274599439274
lowpass,T24_39,control,NCI_rotenone_500nM_06,0.4000000059604645,212.3000030517578,0.7186533212661743,-0.7113061453007617
lowpass,T24_40,matched,T24_40,0.4000000059604645,223.5,0.7132686972618103,-0.6964502587875536
lowpass,T24_40,control,SNU_Rotenone_500nM_08,0.4000000059604645,252.10000610351562,0.7010591626167297,-0.702952164536134
lowpass,T24_41,matched,T24_41,0.4000000059604645,223.89999389648438,0.7264508605003357,-0.7134054322288049
lowpass,T24_41,control,T24_15,20.600000381469727,224.3000030517578,0.7434843182563782,-0.7095299919004467
lowpass,T24_42,matched,T24_42,0.4000000059604645,227.10000610351562,0.6973304748535156,-0.7286020893745226
lowpass,T24_42,control,T24_50,0.4000000059604645,229.0,0.7188034057617188,-0.7028046956123005
lowpass,T24_43,matched,T24_43,0.4000000059604645,226.3000030517578,0.6902818083763123,-0.719620725397781
lowpass,T24_43,control,NCI_27,0.30000001192092896,226.5,0.6758105158805847,-0.7288337858331246
lowpass,T24_44,matched,T24_44,0.4000000059604645,229.39999389648438,0.6879611015319824,-0.7358705296013301
lowpass,T24_44,control,NCI_Staurosporine_100nM_34,0.4000000059604645,230.89999389648438,0.6845785975456238,-0.7383683975951651
lowpass,T24_45,matched,T24_45,0.4000000059604645,228.10000610351562,0.6919192671775818,-0.7183838827912331
lowpass,T24_45,control,T24_rotenone_500nM_35,0.4000000059604645,202.0,0.719711184501648,-0.7039535214052491
lowpass,T24_46,matched,T24_46,0.4000000059604645,232.1999969482422,0.6861104965209961,-0.7388427046660804
lowpass,T24_46,control,NCI_rotenone_500nM_08,0.4000000059604645,181.8000030517578,0.7065123319625854,-0.7111047694603659
lowpass,T24_47,matched,T24_47,0.4000000059604645,227.10000610351562,0.6886874437332153,-0.7366495024911486
lowpass,T24_47,control,NCI_rotenone_500nM_19,0.4000000059604645,188.5,0.7106843590736389,-0.7155864504790269
lowpass,T24_48,matched,T24_48,0.4000000059604645,224.10000610351562,0.6879119873046875,-0.728986656075253
lowpass,T24_48,control,T24_rotenone_500nM_31,0.4000000059604645,199.10000610351562,0.717450737953186,-0.7166692377641991
lowpass,T24_49,matched,T24_49,0.4000000059604645,222.5,0.6983430981636047,-0.7327758071516742
lowpass,T24_49,control,NCI_42,0.4000000059604645,232.89999389648438,0.6875951290130615,-0.7428868611725814
lowpass,T24_50,matched,T24_50,0.4000000059604645,230.89999389648438,0.8375007510185242,-0.580051299820452
lowpass,T24_50,control,T24_rotenone_500nM_13,50.400001525878906,162.89999389648438,0.8403932452201843,-0.5997738741270937
lowpass,T24_Blebbistatin_5uM_01,matched,T24_Blebbistatin_5uM_01,38.400001525878906,113.19999694824219,0.7677396535873413,-0.6792156781222939
lowpass,T24_Blebbistatin_5uM_01,control,SNU_staurosporine_30,0.4000000059604645,265.20001220703125,0.7167853116989136,-0.7083282815725137
lowpass,T24_Blebbistatin_5uM_02,matched,T24_Blebbistatin_5uM_02,8.5,122.0,0.7824516892433167,-0.638159732219217
lowpass,T24_Blebbistatin_5uM_02,control,NCI_Staurosporine_100nM_17,0.4000000059604645,230.5,0.7271101474761963,-0.6891100002427941
lowpass,T24_Blebbistatin_5uM_03,matched,T24_Blebbistatin_5uM_03,42.599998474121094,158.8000030517578,0.7961486577987671,-0.6595376204322856
lowpass,T24_Blebbistatin_5uM_03,control,NCI_Blebbistatin_5uM_15,51.0,158.5,0.8298871517181396,-0.6131008418331877
lowpass,T24_Blebbistatin_5uM_04,matched,T24_Blebbistatin_5uM_04,0.30000001192092896,77.9000015258789,0.788425087928772,-0.6270151209360278
lowpass,T24_Blebbistatin_5uM_04,control,T24_rotenone_500nM_15,0.4000000059604645,176.0,0.7708068490028381,-0.6532457847406815
lowpass,T24_Blebbistatin_5uM_05,matched,T24_Blebbistatin_5uM_05,0.0,0.0,0.04592764750123024,0.9989449797089123
lowpass,T24_Blebbistatin_5uM_05,control,T24_rotenone_500nM_07,0.30000001192092896,171.8000030517578,0.8072741031646729,-0.5902607336436092
lowpass,T24_Blebbistatin_5uM_06,matched,T24_Blebbistatin_5uM_06,34.70000076293945,160.1999969482422,0.8032883405685425,-0.6387409046120338
lowpass,T24_Blebbistatin_5uM_06,control,SNU_staurosporine_22,34.29999923706055,272.70001220703125,0.7561302185058594,-0.6934169763940725
lowpass,T24_Blebbistatin_5uM_07,matched,T24_Blebbistatin_5uM_07,0.30000001192092896,137.8000030517578,0.7923487424850464,-0.6243243713613373
lowpass,T24_Blebbistatin_5uM_07,control,T24_30,0.30000001192092896,260.6000061035156,0.7330660223960876,-0.6847343774082413
lowpass,T24_Blebbistatin_5uM_08,matched,T24_Blebbistatin_5uM_08,0.4000000059604645,138.1999969482422,0.8070287108421326,-0.592202119255197
lowpass,T24_Blebbistatin_5uM_08,control,NCI_08,0.30000001192092896,243.5,0.748373806476593,-0.6573077798017715
lowpass,T24_Blebbistatin_5uM_09,matched,T24_Blebbistatin_5uM_09,0.30000001192092896,206.89999389648438,0.7724825143814087,-0.6543423459983401
lowpass,T24_Blebbistatin_5uM_09,control,T24_FCCP_10uM_37,0.30000001192092896,305.6000061035156,0.6821213960647583,-0.7387788382080529
lowpass,T24_Blebbistatin_5uM_10,matched,T24_Blebbistatin_5uM_10,40.400001525878906,82.80000305175781,0.7816186547279358,-0.658486673041858
lowpass,T24_Blebbistatin_5uM_10,control,NCI_Blebbistatin_5uM_21,56.400001525878906,80.19999694824219,0.812020480632782,-0.6203464611522619
lowpass,T24_Blebbistatin_5uM_11,matched,T24_Blebbistatin_5uM_11,0.30000001192092896,132.39999389648438,0.8026508092880249,-0.6029992103048557
lowpass,T24_Blebbistatin_5uM_11,control,SNU_02,0.4000000059604645,258.29998779296875,0.7595632076263428,-0.6440222149721457
lowpass,T24_Blebbistatin_5uM_12,matched,T24_Blebbistatin_5uM_12,0.4000000059604645,140.6999969482422,0.7915990948677063,-0.6180035260941108
lowpass,T24_Blebbistatin_5uM_12,control,SNU_Rotenone_500nM_34,0.30000001192092896,312.1000061035156,0.6984195113182068,-0.7012279680812427
lowpass,T24_Blebbistatin_5uM_13,matched,T24_Blebbistatin_5uM_13,0.4000000059604645,148.5,0.7656920552253723,-0.6584403109210819
lowpass,T24_Blebbistatin_5uM_13,control,NCI_Staurosporine_100nM_42,-0.10000000149011612,0.20000000298023224,0.4664399027824402,0.8845137747870531
lowpass,T24_Blebbistatin_5uM_14,matched,T24_Blebbistatin_5uM_14,0.4000000059604645,164.89999389648438,0.7542721629142761,-0.665591513338688
lowpass,T24_Blebbistatin_5uM_14,control,NCI_Blebbistatin_5uM_20,56.400001525878906,162.0,0.8142087459564209,-0.6276885155048171
lowpass,T24_Blebbistatin_5uM_15,matched,T24_Blebbistatin_5uM_15,6.5,132.3000030517578,0.7631260752677917,-0.6619377493806745
lowpass,T24_Blebbistatin_5uM_15,control,SNU_Rotenone_500nM_37,0.30000001192092896,305.1000061035156,0.6577763557434082,-0.7489433290846848
lowpass,T24_Blebbistatin_5uM_16,matched,T24_Blebbistatin_5uM_16,0.4000000059604645,179.8000030517578,0.7807188630104065,-0.6721485269287869
lowpass,T24_Blebbistatin_5uM_16,control,SNU_42,0.30000001192092896,297.0,0.7032099962234497,-0.7518513122693651
lowpass,T24_Blebbistatin_5uM_17,matched,T24_Blebbistatin_5uM_17,0.30000001192092896,116.0999984741211,0.7704780101776123,-0.660343079687289
lowpass,T24_Blebbistatin_5uM_17,control,SNU_staurosporine_40,0.4000000059604645,256.0,0.7218950390815735,-0.6996756218374907
lowpass,T24_Blebbistatin_5uM_18,matched,T24_Blebbistatin_5uM_18,0.4000000059604645,147.89999389648438,0.7508156299591064,-0.6807539761028545
lowpass,T24_Blebbistatin_5uM_18,control,SNU_74,0.30000001192092896,288.5,0.6592271327972412,-0.7553281320023497
lowpass,T24_Blebbistatin_5uM_19,matched,T24_Blebbistatin_5uM_19,0.4000000059604645,124.5,0.7698959708213806,-0.6415428201620786
lowpass,T24_Blebbistatin_5uM_19,control,SNU_blebbistatin_04,0.4000000059604645,245.39999389648438,0.7467250823974609,-0.6473826868106968
lowpass,T24_Blebbistatin_5uM_20,matched,T24_Blebbistatin_5uM_20,0.4000000059604645,157.3000030517578,0.7626876831054688,-0.6650246773715067
lowpass,T24_Blebbistatin_5uM_20,control,SNU_07,0.4000000059604645,272.5,0.7234160900115967,-0.686779324876042
lowpass,T24_Blebbistatin_5uM_21,matched,T24_Blebbistatin_5uM_21,0.4000000059604645,123.9000015258789,0.799501895904541,-0.6325712908180078
lowpass,T24_Blebbistatin_5uM_21,control,NCI_15,0.4000000059604645,249.6999969482422,0.748282790184021,-0.6897051017754728
lowpass,T24_Blebbistatin_5uM_22,matched,T24_Blebbistatin_5uM_22,0.0,0.10000000149011612,0.04868387058377266,0.9988096422431229
lowpass,T24_Blebbistatin_5uM_22,control,SNU_blebbistatin_44,0.30000001192092896,268.8999938964844,0.7014562487602234,-0.7073423740225542
lowpass,T24_Blebbistatin_5uM_23,matched,T24_Blebbistatin_5uM_23,0.30000001192092896,116.30000305175781,0.7964524030685425,-0.628492922877111
lowpass,T24_Blebbistatin_5uM_23,control,NCI_Blebbistatin_5uM_50,44.099998474121094,96.30000305175781,0.8118217587471008,-0.6269342054114262
lowpass,T24_Blebbistatin_5uM_24,matched,T24_Blebbistatin_5uM_24,8.399999618530273,158.89999389648438,0.7651740312576294,-0.6742706770154868
lowpass,T24_Blebbistatin_5uM_24,control,T24_32,2.5,221.39999389648438,0.7132588028907776,-0.7066475744659302
lowpass,T24_Blebbistatin_5uM_25,matched,T24_Blebbistatin_5uM_25,24.5,114.5999984741211,0.7794528007507324,-0.6564689727111332
lowpass,T24_Blebbistatin_5uM_25,control,T24_Staurosporine_100nM_02,0.30000001192092896,243.60000610351562,0.7002134919166565,-0.7091535159374102
lowpass,T24_Blebbistatin_5uM_26,matched,T24_Blebbistatin_5uM_26,0.30000001192092896,124.19999694824219,0.8002862930297852,-0.6169178934339938
lowpass,T24_Blebbistatin_5uM_26,control,SNU_FCCP_10uM_34,0.30000001192092896,212.60000610351562,0.7548598647117615,-0.6448932766940909
lowpass,T24_Blebbistatin_5uM_27,matched,T24_Blebbistatin_5uM_27,0.20000000298023224,117.80000305175781,0.7846847772598267,-0.6351608914193378
lowpass,T24_Blebbistatin_5uM_27,control,NCI_Blebbistatin_5uM_05,54.599998474121094,104.5,0.8293859958648682,-0.6036100243570393
lowpass,T24_Blebbistatin_5uM_28,matched,T24_Blebbistatin_5uM_28,0.30000001192092896,139.3000030517578,0.7776007056236267,-0.6351084388707845
lowpass,T24_Blebbistatin_5uM_28,control,NCI_Staurosporine_100nM_19,0.30000001192092896,212.60000610351562,0.7332461476325989,-0.661895368829752
lowpass,T24_Blebbistatin_5uM_29,matched,T24_Blebbistatin_5uM_29,0.4000000059604645,117.69999694824219,0.752960741519928,-0.6603690804059223
lowpass,T24_Blebbistatin_5uM_29,control,NCI_13,0.30000001192092896,247.39999389648438,0.6994536519050598,-0.6988390314653946
lowpass,T24_Blebbistatin_5uM_30,matched,T24_Blebbistatin_5uM_30,26.299999237060547,108.80000305175781,0.771264374256134,-0.6630441166770191
lowpass,T24_Blebbistatin_5uM_30,control,SNU_FCCP_10uM_25,0.4000000059604645,227.0,0.7135799527168274,-0.6884959411257021
lowpass,T24_Blebbistatin_5uM_31,matched,T24_Blebbistatin_5uM_31,0.4000000059604645,121.19999694824219,0.7498026490211487,-0.6816543273535633
lowpass,T24_Blebbistatin_5uM_31,control,SNU_45,0.30000001192092896,272.8999938964844,0.6762809157371521,-0.7444440671833262
lowpass,T24_Blebbistatin_5uM_32,matched,T24_Blebbistatin_5uM_32,28.200000762939453,111.80000305175781,0.7525440454483032,-0.6893883478651016
lowpass,T24_Blebbistatin_5uM_32,control,T24_Staurosporine_100nM_04,0.30000001192092896,244.5,0.6707400679588318,-0.7397262940470922
lowpass,T24_Blebbistatin_5uM_33,matched,T24_Blebbistatin_5uM_33,0.0,0.0,0.03271028771996498,0.9994649671825804
lowpass,T24_Blebbistatin_5uM_33,control,SNU_FCCP_10uM_36,0.4000000059604645,251.8000030517578,0.7410646080970764,-0.6524635659114718
lowpass,T24_Blebbistatin_5uM_34,matched,T24_Blebbistatin_5uM_34,10.399999618530273,120.19999694824219,0.770641028881073,-0.6574704730851908
lowpass,T24_Blebbistatin_5uM_34,control,SNU_14,10.399999618530273,276.20001220703125,0.7340453863143921,-0.6949664843972716
lowpass,T24_Blebbistatin_5uM_35,matched,T24_Blebbistatin_5uM_35,0.4000000059604645,124.30000305175781,0.7655380368232727,-0.653949480449842
lowpass,T24_Blebbistatin_5uM_35,control,T24_Blebbistatin_5uM_42,0.4000000059604645,121.0,0.7580587863922119,-0.6601965206421142
lowpass,T24_Blebbistatin_5uM_36,matched,T24_Blebbistatin_5uM_36,0.4000000059604645,140.1999969482422,0.7872620820999146,-0.6207461123389255
lowpass,T24_Blebbistatin_5uM_36,control,SNU_FCCP_10uM_04,0.4000000059604645,258.29998779296875,0.7448368072509766,-0.6463163272314978
lowpass,T24_Blebbistatin_5uM_37,matched,T24_Blebbistatin_5uM_37,0.30000001192092896,115.69999694824219,0.7307537794113159,-0.6891944797847251
lowpass,T24_Blebbistatin_5uM_37,control,SNU_01,-0.10000000149011612,-0.10000000149011612,0.5849179625511169,0.811057672186937
lowpass,T24_Blebbistatin_5uM_38,matched,T24_Blebbistatin_5uM_38,0.4000000059604645,122.30000305175781,0.7550202012062073,-0.6596808610095602
lowpass,T24_Blebbistatin_5uM_38,control,NCI_Staurosporine_100nM_09,0.4000000059604645,206.5,0.7166080474853516,-0.6862552997392306
lowpass,T24_Blebbistatin_5uM_39,matched,T24_Blebbistatin_5uM_39,0.0,0.0,0.022992033511400223,0.9997352843337067
lowpass,T24_Blebbistatin_5uM_39,control,T24_FCCP_10uM_18,0.3999999761581421,210.0,0.7194663286209106,-0.6946032734338853
lowpass,T24_Blebbistatin_5uM_40,matched,T24_Blebbistatin_5uM_40,0.4000000059604645,140.89999389648438,0.7438820004463196,-0.6911319419505255
lowpass,T24_Blebbistatin_5uM_40,control,NCI_rotenone_500nM_43,0.30000001192092896,194.89999389648438,0.6896218061447144,-0.7285087076205545
lowpass,T24_Blebbistatin_5uM_41,matched,T24_Blebbistatin_5uM_41,0.0,-0.10000000149011612,0.02395690232515335,0.9997119291403578
lowpass,T24_Blebbistatin_5uM_41,control,SNU_70,0.30000001192092896,254.10000610351562,0.674501359462738,-0.7189144922637501
lowpass,T24_Blebbistatin_5uM_42,matched,T24_Blebbistatin_5uM_42,0.30000001192092896,115.69999694824219,0.7349581122398376,-0.6985536933066764
lowpass,T24_Blebbistatin_5uM_42,control,NCI_rotenone_500nM_16,0.30000001192092896,180.3000030517578,0.702558696269989,-0.7192100989257743
lowpass,T24_Blebbistatin_5uM_43,matched,T24_Blebbistatin_5uM_43,0.0,0.0,0.027569519355893135,0.9996200530316074
lowpass,T24_Blebbistatin_5uM_43,control,SNU_blebbistatin_15,0.4000000059604645,250.6999969482422,0.7126885652542114,-0.6849173966404125
lowpass,T24_Blebbistatin_5uM_44,matched,T24_Blebbistatin_5uM_44,0.4000000059604645,136.3000030517578,0.7403287291526794,-0.6785227470986458
lowpass,T24_Blebbistatin_5uM_44,control,SNU_blebbistatin_42,0.30000001192092896,283.6000061035156,0.6769422292709351,-0.7333918163028165
lowpass,T24_Blebbistatin_5uM_45,matched,T24_Blebbistatin_5uM_45,16.5,134.39999389648438,0.7517786026000977,-0.6812028735996309
lowpass,T24_Blebbistatin_5uM_45,control,T24_Staurosporine_100nM_21,0.30000001192092896,276.70001220703125,0.6545551419258118,-0.7611772006101708
lowpass,T24_Blebbistatin_5uM_46,matched,T24_Blebbistatin_5uM_46,0.4000000059604645,149.10000610351562,0.7297380566596985,-0.6990675804924779
lowpass,T24_Blebbistatin_5uM_46,control,NCI_rotenone_500nM_10,0.30000001192092896,251.10000610351562,0.6810008883476257,-0.7459931035813723
lowpass,T24_Blebbistatin_5uM_47,matched,T24_Blebbistatin_5uM_47,0.30000001192092896,156.5,0.7437763810157776,-0.6835909111730033
lowpass,T24_Blebbistatin_5uM_47,control,NCI_FCCP_10uM_15,0.4000000059604645,222.89999389648438,0.7327300310134888,-0.6861733280838183
lowpass,T24_Blebbistatin_5uM_48,matched,T24_Blebbistatin_5uM_48,0.4000000059604645,154.8000030517578,0.7634252905845642,-0.6476540437623263
lowpass,T24_Blebbistatin_5uM_48,control,T24_35,0.30000001192092896,228.1999969482422,0.724480926990509,-0.6659194723674429
lowpass,T24_Blebbistatin_5uM_49,matched,T24_Blebbistatin_5uM_49,0.30000001192092896,123.5,0.7407957911491394,-0.6772519354163439
lowpass,T24_Blebbistatin_5uM_49,control,SNU_Rotenone_500nM_33,0.20000000298023224,288.29998779296875,0.6704109311103821,-0.7316251931554655
lowpass,T24_Blebbistatin_5uM_50,matched,T24_Blebbistatin_5uM_50,0.4000000059604645,129.0,0.7490624189376831,-0.673761150148057
lowpass,T24_Blebbistatin_5uM_50,control,SNU_Rotenone_500nM_49,0.30000001192092896,265.1000061035156,0.6679652333259583,-0.739125920895666
lowpass,T24_FCCP_10uM_01,matched,T24_FCCP_10uM_01,0.30000001192092896,210.1999969482422,0.7145196795463562,-0.6849486362507922
lowpass,T24_FCCP_10uM_01,control,SNU_61,0.30000001192092896,258.6000061035156,0.6953954100608826,-0.7051243422962058
lowpass,T24_FCCP_10uM_02,matched,T24_FCCP_10uM_02,0.30000001192092896,219.10000610351562,0.6856808662414551,-0.7248563256416701
lowpass,T24_FCCP_10uM_02,control,T24_Blebbistatin_5uM_32,0.30000001192092896,100.5,0.7392323613166809,-0.6861202889080924
lowpass,T24_FCCP_10uM_03,matched,T24_FCCP_10uM_03,0.30000001192092896,214.5,0.7066699862480164,-0.7097990147602828
lowpass,T24_FCCP_10uM_03,control,T24_Blebbistatin_5uM_01,0.4000000059604645,134.5,0.7711572647094727,-0.6603210035064893
lowpass,T24_FCCP_10uM_04,matched,T24_FCCP_10uM_04,0.30000001192092896,208.8000030517578,0.6624504923820496,-0.7469768727366556
lowpass,T24_FCCP_10uM_04,control,T24_rotenone_500nM_10,0.4000000059604645,170.1999969482422,0.7174023389816284,-0.7017248010611177
lowpass,T24_FCCP_10uM_05,matched,T24_FCCP_10uM_05,0.30000001192092896,223.39999389648438,0.7123018503189087,-0.6941625909521544
lowpass,T24_FCCP_10uM_05,control,T24_FCCP_10uM_24,0.30000001192092896,194.1999969482422,0.7153003811836243,-0.6808878740562173
lowpass,T24_FCCP_10uM_06,matched,T24_FCCP_10uM_06,0.30000001192092896,206.6999969482422,0.7270010709762573,-0.6703954497361012
lowpass,T24_FCCP_10uM_06,control,T24_FCCP_10uM_08,0.30000001192092896,222.39999389648438,0.7234523892402649,-0.6801564661801737
lowpass,T24_FCCP_10uM_07,matched,T24_FCCP_10uM_07,0.30000001192092896,227.39999389648438,0.7303857803344727,-0.6881020549046379
lowpass,T24_FCCP_10uM_07,control,T24_FCCP_10uM_44,0.30000001192092896,223.10000610351562,0.7213369011878967,-0.6909511793085527
lowpass,T24_FCCP_10uM_08,matched,T24_FCCP_10uM_08,0.30000001192092896,209.89999389648438,0.6850058436393738,-0.729396712281182
lowpass,T24_FCCP_10uM_08,control,T24_FCCP_10uM_49,0.30000001192092896,206.39999389648438,0.6778237819671631,-0.7273113223265807
lowpass,T24_FCCP_10uM_09,matched,T24_FCCP_10uM_09,0.30000001192092896,228.3000030517578,0.7156384587287903,-0.7027560453270083
lowpass,T24_FCCP_10uM_09,control,SNU_90,0.30000001192092896,286.79998779296875,0.6884037256240845,-0.7208234992432255
lowpass,T24_FCCP_10uM_10,matched,T24_FCCP_10uM_10,0.30000001192092896,200.5,0.7382450699806213,-0.6651395208433085
lowpass,T24_FCCP_10uM_10,control,SNU_48,0.30000001192092896,267.6000061035156,0.7281374335289001,-0.6855897221857699
lowpass,T24_FCCP_10uM_11,matched,T24_FCCP_10uM_11,0.30000001192092896,208.0,0.7070567011833191,-0.7264635078981049
lowpass,T24_FCCP_10uM_11,control,T24_Blebbistatin_5uM_45,0.4000000059604645,130.8000030517578,0.7553707957267761,-0.6878272388818465
lowpass,T24_FCCP_10uM_12,matched,T24_FCCP_10uM_12,0.30000001192092896,210.1999969482422,0.6730329990386963,-0.7503579742327378
lowpass,T24_FCCP_10uM_12,control,SNU_staurosporine_05,20.600000381469727,253.5,0.7264242768287659,-0.7160526920111481
lowpass,T24_FCCP_10uM_13,matched,T24_FCCP_10uM_13,0.30000001192092896,226.89999389648438,0.7244224548339844,-0.6878704523153826
lowpass,T24_FCCP_10uM_13,control,T24_Staurosporine_100nM_48,0.30000001192092896,287.79998779296875,0.6856114268302917,-0.7299265905730095
lowpass,T24_FCCP_10uM_14,matched,T24_FCCP_10uM_14,0.30000001192092896,226.8000030517578,0.6919772028923035,-0.7265383730049172
lowpass,T24_FCCP_10uM_14,control,T24_Staurosporine_100nM_28,0.20000000298023224,249.60000610351562,0.6635953783988953,-0.7456402864616585
lowpass,T24_FCCP_10uM_15,matched,T24_FCCP_10uM_15,0.30000001192092896,185.0,0.6471633911132812,-0.7732397317650883
lowpass,T24_FCCP_10uM_15,control,SNU_FCCP_10uM_50,0.30000001192092896,219.10000610351562,0.6470479369163513,-0.7688122349969636
lowpass,T24_FCCP_10uM_16,matched,T24_FCCP_10uM_16,0.30000001192092896,218.5,0.6770449876785278,-0.7325148295168601
lowpass,T24_FCCP_10uM_16,control,T24_Staurosporine_100nM_44,0.20000000298023224,248.39999389648438,0.6361730694770813,-0.7621294953312899
lowpass,T24_FCCP_10uM_17,matched,T24_FCCP_10uM_17,0.30000001192092896,216.10000610351562,0.6884945631027222,-0.7308905863846811
lowpass,T24_FCCP_10uM_17,control,NCI_Staurosporine_100nM_08,0.4000000059604645,204.6999969482422,0.710793137550354,-0.7033614904418369
lowpass,T24_FCCP_10uM_18,matched,T24_FCCP_10uM_18,0.30000001192092896,217.0,0.6834636926651001,-0.7226336877928262
lowpass,T24_FCCP_10uM_18,control,NCI_rotenone_500nM_44,0.30000001192092896,198.3000030517578,0.6847952008247375,-0.719270689818222
lowpass,T24_FCCP_10uM_19,matched,T24_FCCP_10uM_19,0.30000001192092896,225.89999389648438,0.7078887224197388,-0.69282972168363
lowpass,T24_FCCP_10uM_19,control,SNU_staurosporine_50,0.30000001192092896,255.89999389648438,0.703646719455719,-0.6902335929906397
lowpass,T24_FCCP_10uM_20,matched,T24_FCCP_10uM_20,0.30000001192092896,226.10000610351562,0.7038751840591431,-0.7043200479659188
lowpass,T24_FCCP_10uM_20,control,NCI_rotenone_500nM_07,0.4000000059604645,194.8000030517578,0.7296764850616455,-0.6793901410669788
lowpass,T24_FCCP_10uM_21,matched,T24_FCCP_10uM_21,0.30000001192092896,218.39999389648438,0.7048758864402771,-0.7133001003648837
lowpass,T24_FCCP_10uM_21,control,T24_FCCP_10uM_07,0.30000001192092896,211.10000610351562,0.7080991268157959,-0.7104419764110963
lowpass,T24_FCCP_10uM_22,matched,T24_FCCP_10uM_22,0.30000001192092896,209.89999389648438,0.6845311522483826,-0.7237475285680713
lowpass,T24_FCCP_10uM_22,control,SNU_blebbistatin_49,0.0,0.20000000298023224,0.4741441011428833,0.880405012661886
lowpass,T24_FCCP_10uM_23,matched,T24_FCCP_10uM_23,0.30000001192092896,220.60000610351562,0.6931318044662476,-0.7139781295021169
lowpass,T24_FCCP_10uM_23,control,NCI_Staurosporine_100nM_11,0.4000000059604645,215.39999389648438,0.7059822678565979,-0.7015373303408541
lowpass,T24_FCCP_10uM_24,matched,T24_FCCP_10uM_24,0.30000001192092896,213.3000030517578,0.7086072564125061,-0.7274720248915508
lowpass,T24_FCCP_10uM_24,control,T24_Staurosporine_100nM_29,0.30000001192092896,226.10000610351562,0.6785339713096619,-0.7503483489846781
lowpass,T24_FCCP_10uM_25,matched,T24_FCCP_10uM_25,0.30000001192092896,221.6999969482422,0.699144184589386,-0.6977931523643159
lowpass,T24_FCCP_10uM_25,control,NCI_Staurosporine_100nM_40,0.30000001192092896,226.39999389648438,0.6906388401985168,-0.7031245164114555
lowpass,T24_FCCP_10uM_26,matched,T24_FCCP_10uM_26,0.30000001192092896,218.39999389648438,0.6625614762306213,-0.7468436062951275
lowpass,T24_FCCP_10uM_26,control,T24_Blebbistatin_5uM_17,0.30000001192092896,118.9000015258789,0.7330526113510132,-0.6967220360161474
lowpass,T24_FCCP_10uM_27,matched,T24_FCCP_10uM_27,0.30000001192092896,210.1999969482422,0.6777661442756653,-0.7369593326008147
lowpass,T24_FCCP_10uM_27,control,T24_11,0.4000000059604645,210.3000030517578,0.7097843289375305,-0.7054076087191815
lowpass,T24_FCCP_10uM_28,matched,T24_FCCP_10uM_28,0.30000001192092896,220.0,0.7019054889678955,-0.6981285714425969
lowpass,T24_FCCP_10uM_28,control,SNU_18,0.4000000059604645,246.3000030517578,0.7166963219642639,-0.6819769674065204
lowpass,T24_FCCP_10uM_29,matched,T24_FCCP_10uM_29,0.30000001192092896,220.3000030517578,0.6704395413398743,-0.7406360567467087
lowpass,T24_FCCP_10uM_29,control,SNU_FCCP_10uM_28,0.30000001192092896,214.1999969482422,0.6856062412261963,-0.7166043746202467
lowpass,T24_FCCP_10uM_30,matched,T24_FCCP_10uM_30,0.30000001192092896,215.10000610351562,0.6707910895347595,-0.7410395662059734
lowpass,T24_FCCP_10uM_30,control,SNU_FCCP_10uM_11,0.4000000059604645,218.6999969482422,0.693031907081604,-0.7145353570575057
lowpass,T24_FCCP_10uM_31,matched,T24_FCCP_10uM_31,0.30000001192092896,219.0,0.6513409614562988,-0.7563483070068052
lowpass,T24_FCCP_10uM_31,control,SNU_Rotenone_500nM_32,0.30000001192092896,233.1999969482422,0.637365460395813,-0.7529639245213664
lowpass,T24_FCCP_10uM_32,matched,T24_FCCP_10uM_32,0.30000001192092896,207.1999969482422,0.6830862164497375,-0.7214222526296181
lowpass,T24_FCCP_10uM_32,control,NCI_Blebbistatin_5uM_03,58.599998474121094,87.0999984741211,0.789431095123291,-0.6527404860103566
lowpass,T24_FCCP_10uM_33,matched,T24_FCCP_10uM_33,0.30000001192092896,213.89999389648438,0.6936680674552917,-0.7251341834065723
lowpass,T24_FCCP_10uM_33,control,SNU_Rotenone_500nM_13,0.30000001192092896,253.60000610351562,0.6865742802619934,-0.7311702385317824
lowpass,T24_FCCP_10uM_34,matched,T24_FCCP_10uM_34,0.30000001192092896,206.10000610351562,0.6721120476722717,-0.7373205172177633
lowpass,T24_FCCP_10uM_34,control,T24_19,0.4000000059604645,206.8000030517578,0.6924957633018494,-0.7142596938683475
lowpass,T24_FCCP_10uM_35,matched,T24_FCCP_10uM_35,0.30000001192092896,212.5,0.6965380907058716,-0.7050653633128661
lowpass,T24_FCCP_10uM_35,control,T24_rotenone_500nM_18,42.599998474121094,195.89999389648438,0.7427281737327576,-0.6992409971496213
lowpass,T24_FCCP_10uM_36,matched,T24_FCCP_10uM_36,0.30000001192092896,207.6999969482422,0.6932260990142822,-0.7297254658712301
lowpass,T24_FCCP_10uM_36,control,NCI_04,0.30000001192092896,229.3000030517578,0.701386034488678,-0.7229242691012902
lowpass,T24_FCCP_10uM_37,matched,T24_FCCP_10uM_37,0.30000001192092896,232.5,0.7095111608505249,-0.7230189331735182
lowpass,T24_FCCP_10uM_37,control,SNU_Rotenone_500nM_44,0.30000001192092896,249.3000030517578,0.6855382919311523,-0.7311990209026213
lowpass,T24_FCCP_10uM_38,matched,T24_FCCP_10uM_38,0.30000001192092896,224.6999969482422,0.7062845230102539,-0.7158991464669244
lowpass,T24_FCCP_10uM_38,control,NCI_FCCP_10uM_03,26.299999237060547,168.89999389648438,0.7576829195022583,-0.6693032658960404
lowpass,T24_FCCP_10uM_39,matched,T24_FCCP_10uM_39,0.30000001192092896,197.5,0.7189744710922241,-0.7086566670550927
lowpass,T24_FCCP_10uM_39,control,T24_Staurosporine_100nM_10,0.0,0.0,0.5505498051643372,0.834801923073192
lowpass,T24_FCCP_10uM_40,matched,T24_FCCP_10uM_40,0.30000001192092896,210.60000610351562,0.6924492716789246,-0.7110136649488977
lowpass,T24_FCCP_10uM_40,control,T24_39,0.30000001192092896,214.6999969482422,0.7005577087402344,-0.7050280850443704
lowpass,T24_FCCP_10uM_41,matched,T24_FCCP_10uM_41,0.30000001192092896,219.6999969482422,0.7246463298797607,-0.6887995149651199
lowpass,T24_FCCP_10uM_41,control,T24_rotenone_500nM_50,0.4000000059604645,168.6999969482422,0.7424305081367493,-0.667305966225819
lowpass,T24_FCCP_10uM_42,matched,T24_FCCP_10uM_42,0.30000001192092896,188.39999389648438,0.691487729549408,-0.7211480170652956
lowpass,T24_FCCP_10uM_42,control,SNU_staurosporine_28,6.5,223.89999389648438,0.71879643201828,-0.6996669287279761
lowpass,T24_FCCP_10uM_43,matched,T24_FCCP_10uM_43,0.30000001192092896,221.89999389648438,0.7101969122886658,-0.7120936582523508
lowpass,T24_FCCP_10uM_43,control,T24_Staurosporine_100nM_08,0.30000001192092896,205.89999389648438,0.698121964931488,-0.7104168658175489
lowpass,T24_FCCP_10uM_44,matched,T24_FCCP_10uM_44,0.30000001192092896,221.39999389648438,0.7023734450340271,-0.7091630526474969
lowpass,T24_FCCP_10uM_44,control,T24_Blebbistatin_5uM_34,0.30000001192092896,122.4000015258789,0.7583739757537842,-0.6673857084406661
lowpass,T24_FCCP_10uM_45,matched,T24_FCCP_10uM_45,0.0,0.0,0.02391456812620163,0.999714116691171
lowpass,T24_FCCP_10uM_45,control,SNU_04,8.5,246.5,0.7128903865814209,-0.7210273662092918
lowpass,T24_FCCP_10uM_46,matched,T24_FCCP_10uM_46,0.4000000059604645,203.89999389648438,0.7369251847267151,-0.6909808199413334
lowpass,T24_FCCP_10uM_46,control,SNU_27,0.4000000059604645,220.0,0.7475248575210571,-0.6667079259363405
lowpass,T24_FCCP_10uM_47,matched,T24_FCCP_10uM_47,0.30000001192092896,216.1999969482422,0.6923985481262207,-0.7096888547671452
lowpass,T24_FCCP_10uM_47,control,T24_Blebbistatin_5uM_36,0.4000000059604645,80.9000015258789,0.7624459266662598,-0.6514440193494286
lowpass,T24_FCCP_10uM_48,matched,T24_FCCP_10uM_48,0.30000001192092896,220.39999389648438,0.6488308310508728,-0.7558119342145051
lowpass,T24_FCCP_10uM_48,control,SNU_staurosporine_19,0.4000000059604645,246.6999969482422,0.6925249099731445,-0.7198954657017563
lowpass,T24_FCCP_10uM_49,matched,T24_FCCP_10uM_49,0.30000001192092896,240.10000610351562,0.660699725151062,-0.7459391636907069
lowpass,T24_FCCP_10uM_49,control,NCI_Staurosporine_100nM_46,0.30000001192092896,242.6999969482422,0.6516002416610718,-0.7530218972995709
lowpass,T24_FCCP_10uM_50,matched,T24_FCCP_10uM_50,0.30000001192092896,216.6999969482422,0.678124189376831,-0.7145290286167582
lowpass,T24_FCCP_10uM_50,control,T24_37,0.30000001192092896,221.1999969482422,0.6955604553222656,-0.7026319961220099
lowpass,T24_Staurosporine_100nM_01,matched,T24_Staurosporine_100nM_01,0.30000001192092896,221.5,0.7067524194717407,-0.6902462435919701
lowpass,T24_Staurosporine_100nM_01,control,T24_rotenone_500nM_40,0.30000001192092896,214.3000030517578,0.7480058670043945,-0.6673711210987423
lowpass,T24_Staurosporine_100nM_02,matched,T24_Staurosporine_100nM_02,0.30000001192092896,230.1999969482422,0.6808562278747559,-0.7124221126879802
lowpass,T24_Staurosporine_100nM_02,control,SNU_86,0.30000001192092896,279.5,0.6706704497337341,-0.7209570640283803
lowpass,T24_Staurosporine_100nM_03,matched,T24_Staurosporine_100nM_03,0.30000001192092896,243.89999389648438,0.667203962802887,-0.7330740554016413
lowpass,T24_Staurosporine_100nM_03,control,SNU_69,0.30000001192092896,247.8000030517578,0.6634984612464905,-0.729267023759508
lowpass,T24_Staurosporine_100nM_04,matched,T24_Staurosporine_100nM_04,0.30000001192092896,224.8000030517578,0.6605156660079956,-0.7394251507685807
lowpass,T24_Staurosporine_100nM_04,control,SNU_FCCP_10uM_42,0.30000001192092896,226.39999389648438,0.6809396743774414,-0.7228153565102053
lowpass,T24_Staurosporine_100nM_05,matched,T24_Staurosporine_100nM_05,0.30000001192092896,231.3000030517578,0.6529841423034668,-0.7495718379207577
lowpass,T24_Staurosporine_100nM_05,control,NCI_rotenone_500nM_32,0.30000001192092896,198.60000610351562,0.6733074188232422,-0.7409151356544574
lowpass,T24_Staurosporine_100nM_06,matched,T24_Staurosporine_100nM_06,0.4000000059604645,221.60000610351562,0.7381207346916199,-0.6764068684817349
lowpass,T24_Staurosporine_100nM_06,control,T24_Blebbistatin_5uM_38,12.5,101.5,0.7896296977996826,-0.6434669259725798
lowpass,T24_Staurosporine_100nM_07,matched,T24_Staurosporine_100nM_07,0.30000001192092896,215.39999389648438,0.686873197555542,-0.7428735000812218
lowpass,T24_Staurosporine_100nM_07,control,SNU_35,0.30000001192092896,225.89999389648438,0.7047516107559204,-0.7260470372982607
lowpass,T24_Staurosporine_100nM_08,matched,T24_Staurosporine_100nM_08,0.30000001192092896,218.39999389648438,0.6963667273521423,-0.7286739286100771
lowpass,T24_Staurosporine_100nM_08,control,T24_Blebbistatin_5uM_10,0.4000000059604645,86.30000305175781,0.765693187713623,-0.6760509554276155
lowpass,T24_Staurosporine_100nM_09,matched,T24_Staurosporine_100nM_09,0.30000001192092896,223.1999969482422,0.6808226704597473,-0.7116259203521208
lowpass,T24_Staurosporine_100nM_09,control,SNU_92,0.30000001192092896,275.29998779296875,0.6755563616752625,-0.7175106543971723
lowpass,T24_Staurosporine_100nM_10,matched,T24_Staurosporine_100nM_10,0.0,0.0,0.04237791895866394,0.9991011458604132
lowpass,T24_Staurosporine_100nM_10,control,T24_23,0.4000000059604645,246.10000610351562,0.713118851184845,-0.7102693077883165
lowpass,T24_Staurosporine_100nM_11,matched,T24_Staurosporine_100nM_11,0.30000001192092896,242.10000610351562,0.6708115935325623,-0.7371598973849042
lowpass,T24_Staurosporine_100nM_11,control,T24_rotenone_500nM_44,0.4000000059604645,199.60000610351562,0.7199888825416565,-0.7104905010757973
lowpass,T24_Staurosporine_100nM_12,matched,T24_Staurosporine_100nM_12,0.30000001192092896,257.1000061035156,0.68771892786026,-0.7224894388428857
lowpass,T24_Staurosporine_100nM_12,control,SNU_Rotenone_500nM_28,0.30000001192092896,257.1000061035156,0.686883270740509,-0.7196722150582004
lowpass,T24_Staurosporine_100nM_13,matched,T24_Staurosporine_100nM_13,0.30000001192092896,245.10000610351562,0.671222984790802,-0.7414002133070074
lowpass,T24_Staurosporine_100nM_13,control,SNU_87,0.30000001192092896,273.8999938964844,0.6674792170524597,-0.7488797242946877
lowpass,T24_Staurosporine_100nM_14,matched,T24_Staurosporine_100nM_14,0.30000001192092896,223.60000610351562,0.6648760437965393,-0.7252154096266625
lowpass,T24_Staurosporine_100nM_14,control,T24_34,0.4000000059604645,203.89999389648438,0.7033102512359619,-0.6970654873324522
lowpass,T24_Staurosporine_100nM_15,matched,T24_Staurosporine_100nM_15,0.20000000298023224,246.39999389648438,0.6661941409111023,-0.7322613298012624
lowpass,T24_Staurosporine_100nM_15,control,SNU_blebbistatin_13,0.4000000059604645,227.39999389648438,0.7208642959594727,-0.6743257666641709
lowpass,T24_Staurosporine_100nM_16,matched,T24_Staurosporine_100nM_16,0.30000001192092896,229.0,0.6330164670944214,-0.763683250558803
lowpass,T24_Staurosporine_100nM_16,control,NCI_FCCP_10uM_41,0.4000000059604645,198.3000030517578,0.6842458844184875,-0.7310312498094579
lowpass,T24_Staurosporine_100nM_17,matched,T24_Staurosporine_100nM_17,0.20000000298023224,246.8000030517578,0.6302466988563538,-0.7705684102799016
lowpass,T24_Staurosporine_100nM_17,control,SNU_Rotenone_500nM_01,0.30000001192092896,249.10000610351562,0.6557230949401855,-0.7482611303322572
lowpass,T24_Staurosporine_100nM_18,matched,T24_Staurosporine_100nM_18,0.20000000298023224,245.6999969482422,0.6171987056732178,-0.7853345286769347
lowpass,T24_Staurosporine_100nM_18,control,T24_rotenone_500nM_14,0.4000000059604645,169.60000610351562,0.7041792869567871,-0.7225764062193194
lowpass,T24_Staurosporine_100nM_19,matched,T24_Staurosporine_100nM_19,0.20000000298023224,245.5,0.6263941526412964,-0.7757614771584705
lowpass,T24_Staurosporine_100nM_19,control,NCI_Blebbistatin_5uM_19,50.400001525878906,82.69999694824219,0.758578360080719,-0.6934404485094785
lowpass,T24_Staurosporine_100nM_20,matched,T24_Staurosporine_100nM_20,0.30000001192092896,221.0,0.6462321281433105,-0.7459234276015705
lowpass,T24_Staurosporine_100nM_20,control,T24_Blebbistatin_5uM_27,0.4000000059604645,80.19999694824219,0.7297340035438538,-0.6909212861466744
lowpass,T24_Staurosporine_100nM_21,matched,T24_Staurosporine_100nM_21,0.30000001192092896,249.6999969482422,0.6265182495117188,-0.7736201413154262
lowpass,T24_Staurosporine_100nM_21,control,T24_rotenone_500nM_24,0.30000001192092896,164.5,0.7040645480155945,-0.7159366608633785
lowpass,T24_Staurosporine_100nM_22,matched,T24_Staurosporine_100nM_22,0.30000001192092896,252.89999389648438,0.6876927018165588,-0.7290623600053269
lowpass,T24_Staurosporine_100nM_22,control,SNU_FCCP_10uM_03,0.4000000059604645,213.1999969482422,0.7325047850608826,-0.6689319284769196
lowpass,T24_Staurosporine_100nM_23,matched,T24_Staurosporine_100nM_23,0.30000001192092896,242.8000030517578,0.6502219438552856,-0.7463415459603009
lowpass,T24_Staurosporine_100nM_23,control,NCI_rotenone_500nM_46,0.30000001192092896,193.5,0.6818072199821472,-0.724256622480281
lowpass,T24_Staurosporine_100nM_24,matched,T24_Staurosporine_100nM_24,0.30000001192092896,241.39999389648438,0.649915337562561,-0.7494099254015933
lowpass,T24_Staurosporine_100nM_24,control,NCI_Blebbistatin_5uM_11,-0.10000000149011612,-0.20000000298023224,0.6351402401924133,0.772332989368374
lowpass,T24_Staurosporine_100nM_25,matched,T24_Staurosporine_100nM_25,0.30000001192092896,248.60000610351562,0.6730259656906128,-0.7355898756568445
lowpass,T24_Staurosporine_100nM_25,control,SNU_22,0.4000000059604645,245.39999389648438,0.7110758423805237,-0.7016329855456587
lowpass,T24_Staurosporine_100nM_26,matched,T24_Staurosporine_100nM_26,0.30000001192092896,247.5,0.6408389806747437,-0.7597757692329554
lowpass,T24_Staurosporine_100nM_26,control,NCI_Blebbistatin_5uM_02,46.20000076293945,98.69999694824219,0.7892829179763794,-0.6547363078315893
lowpass,T24_Staurosporine_100nM_27,matched,T24_Staurosporine_100nM_27,0.30000001192092896,250.5,0.671734631061554,-0.7275106238809971
lowpass,T24_Staurosporine_100nM_27,control,SNU_65,0.4000000059604645,266.79998779296875,0.684998095035553,-0.7117225826713562
lowpass,T24_Staurosporine_100nM_28,matched,T24_Staurosporine_100nM_28,0.20000000298023224,255.5,0.6633592844009399,-0.7597751012141882
lowpass,T24_Staurosporine_100nM_28,control,SNU_staurosporine_37,0.30000001192092896,262.8999938964844,0.7043405771255493,-0.726064819332724
lowpass,T24_Staurosporine_100nM_29,matched,T24_Staurosporine_100nM_29,0.30000001192092896,250.10000610351562,0.6377841234207153,-0.7743482695348872
lowpass,T24_Staurosporine_100nM_29,control,T24_rotenone_500nM_16,0.4000000059604645,170.3000030517578,0.726991593837738,-0.6976255041403676
lowpass,T24_Staurosporine_100nM_30,matched,T24_Staurosporine_100nM_30,0.30000001192092896,243.10000610351562,0.6322659850120544,-0.7766251135791725
lowpass,T24_Staurosporine_100nM_30,control,NCI_rotenone_500nM_12,0.30000001192092896,170.3000030517578,0.6859427690505981,-0.7300460932502808
lowpass,T24_Staurosporine_100nM_31,matched,T24_Staurosporine_100nM_31,0.20000000298023224,245.10000610351562,0.6159394383430481,-0.781964451244082
lowpass,T24_Staurosporine_100nM_31,control,SNU_75,0.30000001192092896,250.3000030517578,0.6345610022544861,-0.7608517024493373
lowpass,T24_Staurosporine_100nM_32,matched,T24_Staurosporine_100nM_32,0.30000001192092896,247.5,0.6292732357978821,-0.7637031175418656
lowpass,T24_Staurosporine_100nM_32,control,T24_Staurosporine_100nM_06,0.30000001192092896,232.0,0.6452914476394653,-0.7563449356288017
lowpass,T24_Staurosporine_100nM_33,matched,T24_Staurosporine_100nM_33,0.20000000298023224,253.3000030517578,0.6436930894851685,-0.7665424456076395
lowpass,T24_Staurosporine_100nM_33,control,NCI_FCCP_10uM_30,0.4000000059604645,207.39999389648438,0.7110387682914734,-0.7113410168215085
lowpass,T24_Staurosporine_100nM_34,matched,T24_Staurosporine_100nM_34,0.30000001192092896,232.0,0.6165813207626343,-0.7738805363005015
lowpass,T24_Staurosporine_100nM_34,control,T24_Blebbistatin_5uM_28,0.4000000059604645,104.30000305175781,0.7243327498435974,-0.7024141703184557
lowpass,T24_Staurosporine_100nM_35,matched,T24_Staurosporine_100nM_35,0.0,0.0,0.026926398277282715,0.9996372041077995
lowpass,T24_Staurosporine_100nM_35,control,SNU_blebbistatin_46,0.30000001192092896,255.0,0.6500909924507141,-0.7478537089846565
lowpass,T24_Staurosporine_100nM_36,matched,T24_Staurosporine_100nM_36,0.30000001192092896,237.6999969482422,0.6163696646690369,-0.7768797612206033
lowpass,T24_Staurosporine_100nM_36,control,SNU_blebbistatin_14,0.4000000059604645,243.6999969482422,0.6890438199043274,-0.7198870926992157
lowpass,T24_Staurosporine_100nM_37,matched,T24_Staurosporine_100nM_37,0.30000001192092896,245.6999969482422,0.6275100708007812,-0.7656078871962644
lowpass,T24_Staurosporine_100nM_37,control,SNU_staurosporine_47,0.30000001192092896,247.1999969482422,0.6671531796455383,-0.7327683871822356
lowpass,T24_Staurosporine_100nM_38,matched,T24_Staurosporine_100nM_38,0.20000000298023224,248.1999969482422,0.6170686483383179,-0.7748484303976002
lowpass,T24_Staurosporine_100nM_38,control,SNU_10,0.4000000059604645,245.8000030517578,0.681921660900116,-0.7220135096574032
lowpass,T24_Staurosporine_100nM_39,matched,T24_Staurosporine_100nM_39,0.30000001192092896,264.0,0.6154654026031494,-0.7742198224953916
lowpass,T24_Staurosporine_100nM_39,control,NCI_25,0.30000001192092896,236.10000610351562,0.6552483439445496,-0.7422771390053469
lowpass,T24_Staurosporine_100nM_40,matched,T24_Staurosporine_100nM_40,0.20000000298023224,324.1000061035156,0.664305567741394,-0.7869233218985856
lowpass,T24_Staurosporine_100nM_40,control,T24_FCCP_10uM_27,0.30000001192092896,296.0,0.7035809755325317,-0.7541662990307145
lowpass,T24_Staurosporine_100nM_41,matched,T24_Staurosporine_100nM_41,0.30000001192092896,259.79998779296875,0.6695685982704163,-0.7739429737671689
lowpass,T24_Staurosporine_100nM_41,control,SNU_Rotenone_500nM_30,0.30000001192092896,248.39999389648438,0.6805446147918701,-0.7567768442649102
lowpass,T24_Staurosporine_100nM_42,matched,T24_Staurosporine_100nM_42,0.20000000298023224,234.89999389648438,0.6469660401344299,-0.7385542843942144
lowpass,T24_Staurosporine_100nM_42,control,NCI_Blebbistatin_5uM_46,16.5,90.30000305175781,0.7803102731704712,-0.6417819296847078
lowpass,T24_Staurosporine_100nM_43,matched,T24_Staurosporine_100nM_43,0.30000001192092896,246.10000610351562,0.6258189082145691,-0.7722735110455409
lowpass,T24_Staurosporine_100nM_43,control,SNU_blebbistatin_50,0.30000001192092896,244.5,0.6484817862510681,-0.7529894186616038
lowpass,T24_Staurosporine_100nM_44,matched,T24_Staurosporine_100nM_44,0.30000001192092896,245.89999389648438,0.6252791285514832,-0.7608753503663357
lowpass,T24_Staurosporine_100nM_44,control,SNU_FCCP_10uM_40,6.5,225.6999969482422,0.6746906042098999,-0.7273590558848946
lowpass,T24_Staurosporine_100nM_45,matched,T24_Staurosporine_100nM_45,0.20000000298023224,251.89999389648438,0.6441730856895447,-0.7498023961516285
lowpass,T24_Staurosporine_100nM_45,control,SNU_12,0.4000000059604645,240.60000610351562,0.7080036997795105,-0.6979707810156424
lowpass,T24_Staurosporine_100nM_46,matched,T24_Staurosporine_100nM_46,0.20000000298023224,229.89999389648438,0.6788554787635803,-0.7479267357134264
lowpass,T24_Staurosporine_100nM_46,control,NCI_FCCP_10uM_39,0.30000001192092896,204.8000030517578,0.7317019701004028,-0.7116277777818172
lowpass,T24_Staurosporine_100nM_47,matched,T24_Staurosporine_100nM_47,0.20000000298023224,231.8000030517578,0.6408858299255371,-0.7673087461364727
lowpass,T24_Staurosporine_100nM_47,control,SNU_blebbistatin_43,0.30000001192092896,244.5,0.6777852773666382,-0.741459905412231
lowpass,T24_Staurosporine_100nM_48,matched,T24_Staurosporine_100nM_48,0.20000000298023224,231.0,0.6763435006141663,-0.7082603400066712
lowpass,T24_Staurosporine_100nM_48,control,T24_42,0.30000001192092896,226.6999969482422,0.7149162292480469,-0.6864369559418713
lowpass,T24_Staurosporine_100nM_49,matched,T24_Staurosporine_100nM_49,0.30000001192092896,230.39999389648438,0.6859449744224548,-0.7387073354930754
lowpass,T24_Staurosporine_100nM_49,control,T24_41,0.4000000059604645,223.0,0.7258917689323425,-0.711239832788402
lowpass,T24_Staurosporine_100nM_50,matched,T24_Staurosporine_100nM_50,0.20000000298023224,241.39999389648438,0.6270511150360107,-0.7686039955062347
lowpass,T24_Staurosporine_100nM_50,control,T24_Blebbistatin_5uM_18,0.30000001192092896,84.69999694824219,0.7367128729820251,-0.6827532599146776
lowpass,T24_rotenone_500nM_01,matched,T24_rotenone_500nM_01,55.20000076293945,153.60000610351562,0.795409083366394,-0.6425646044946215
lowpass,T24_rotenone_500nM_01,control,SNU_Rotenone_500nM_41,28.600000381469727,231.10000610351562,0.7574912905693054,-0.6781562189678273
lowpass,T24_rotenone_500nM_02,matched,T24_rotenone_500nM_02,69.9000015258789,288.70001220703125,0.7949389219284058,-0.6590466335174062
lowpass,T24_rotenone_500nM_02,control,SNU_100,8.5,356.8999938964844,0.7368157505989075,-0.6894315335015608
lowpass,T24_rotenone_500nM_03,matched,T24_rotenone_500nM_03,27.899999618530273,177.8000030517578,0.8388345241546631,-0.5908465457149512
lowpass,T24_rotenone_500nM_03,control,SNU_Rotenone_500nM_21,0.4000000059604645,256.29998779296875,0.811040461063385,-0.6154387139808742
lowpass,T24_rotenone_500nM_04,matched,T24_rotenone_500nM_04,32.599998474121094,164.89999389648438,0.843001663684845,-0.5702005499074017
lowpass,T24_rotenone_500nM_04,control,SNU_staurosporine_26,28.600000381469727,265.79998779296875,0.8261444568634033,-0.5861888136231456
lowpass,T24_rotenone_500nM_05,matched,T24_rotenone_500nM_05,26.5,155.0,0.8030037879943848,-0.6320036990905981
lowpass,T24_rotenone_500nM_05,control,T24_Staurosporine_100nM_03,0.30000001192092896,246.8000030517578,0.7566350698471069,-0.6461865958358852
lowpass,T24_rotenone_500nM_06,matched,T24_rotenone_500nM_06,0.0,-0.10000000149011612,0.05732211843132973,0.9983356558985187
lowpass,T24_rotenone_500nM_06,control,T24_Staurosporine_100nM_16,0.4000000059604645,255.3000030517578,0.733950138092041,-0.6873805216121702
lowpass,T24_rotenone_500nM_07,matched,T24_rotenone_500nM_07,28.299999237060547,180.60000610351562,0.7724117636680603,-0.6610943293773713
lowpass,T24_rotenone_500nM_07,control,SNU_19,22.399999618530273,256.1000061035156,0.7481508255004883,-0.6676260342403685
lowpass,T24_rotenone_500nM_08,matched,T24_rotenone_500nM_08,40.400001525878906,178.0,0.7393335700035095,-0.7117559913275375
lowpass,T24_rotenone_500nM_08,control,SNU_67,0.4000000059604645,274.8999938964844,0.6866152286529541,-0.726872383302993
lowpass,T24_rotenone_500nM_09,matched,T24_rotenone_500nM_09,52.20000076293945,160.89999389648438,0.7732512950897217,-0.6600334021642588
lowpass,T24_rotenone_500nM_09,control,T24_FCCP_10uM_05,14.5,206.10000610351562,0.7439664602279663,-0.6731596837804129
lowpass,T24_rotenone_500nM_10,matched,T24_rotenone_500nM_10,36.400001525878906,202.5,0.7670182585716248,-0.6743715425227967
lowpass,T24_rotenone_500nM_10,control,SNU_blebbistatin_16,36.5,233.39999389648438,0.7482070922851562,-0.6691723636657936
lowpass,T24_rotenone_500nM_11,matched,T24_rotenone_500nM_11,44.5,176.8000030517578,0.7527183890342712,-0.692608502642852
lowpass,T24_rotenone_500nM_11,control,T24_Staurosporine_100nM_30,0.30000001192092896,244.6999969482422,0.6914428472518921,-0.7153552766908732
lowpass,T24_rotenone_500nM_12,matched,T24_rotenone_500nM_12,49.900001525878906,206.8000030517578,0.7683467268943787,-0.6807528381455203
lowpass,T24_rotenone_500nM_12,control,SNU_FCCP_10uM_43,47.0,252.39999389648438,0.7469224333763123,-0.6938625955224109
lowpass,T24_rotenone_500nM_13,matched,T24_rotenone_500nM_13,46.20000076293945,166.10000610351562,0.7583479881286621,-0.681249006420481
lowpass,T24_rotenone_500nM_13,control,NCI_Blebbistatin_5uM_14,72.0999984741211,107.0999984741211,0.8013543486595154,-0.6406286793305545
lowpass,T24_rotenone_500nM_14,matched,T24_rotenone_500nM_14,38.29999923706055,205.0,0.7751924395561218,-0.6972636782389435
lowpass,T24_rotenone_500nM_14,control,T24_Staurosporine_100nM_22,0.30000001192092896,227.39999389648438,0.7356501817703247,-0.7000716797156435
lowpass,T24_rotenone_500nM_15,matched,T24_rotenone_500nM_15,42.400001525878906,180.8000030517578,0.7854244709014893,-0.6407214227779369
lowpass,T24_rotenone_500nM_15,control,T24_rotenone_500nM_19,38.599998474121094,202.39999389648438,0.7852484583854675,-0.6411210973332483
lowpass,T24_rotenone_500nM_16,matched,T24_rotenone_500nM_16,36.599998474121094,192.5,0.774875283241272,-0.6657518882084443
lowpass,T24_rotenone_500nM_16,control,T24_FCCP_10uM_31,8.5,210.6999969482422,0.7435575723648071,-0.6790364781952262
lowpass,T24_rotenone_500nM_17,matched,T24_rotenone_500nM_17,44.5,196.60000610351562,0.7673256397247314,-0.6781995808561774
lowpass,T24_rotenone_500nM_17,control,NCI_Blebbistatin_5uM_37,52.599998474121094,110.9000015258789,0.7928502559661865,-0.650602270185327
lowpass,T24_rotenone_500nM_18,matched,T24_rotenone_500nM_18,22.5,166.8000030517578,0.792046070098877,-0.6292102397955749
lowpass,T24_rotenone_500nM_18,control,NCI_rotenone_500nM_24,18.600000381469727,217.10000610351562,0.7692329287528992,-0.6585609279737334
lowpass,T24_rotenone_500nM_19,matched,T24_rotenone_500nM_19,36.400001525878906,229.60000610351562,0.7719475626945496,-0.6782106964347377
lowpass,T24_rotenone_500nM_19,control,NCI_Staurosporine_100nM_35,0.0,0.0,0.6209746599197388,0.7838306167720804
lowpass,T24_rotenone_500nM_20,matched,T24_rotenone_500nM_20,38.29999923706055,216.10000610351562,0.7922841310501099,-0.6460159732078742
lowpass,T24_rotenone_500nM_20,control,SNU_40,0.4000000059604645,275.8999938964844,0.7694409489631653,-0.6372580197580694
lowpass,T24_rotenone_500nM_21,matched,T24_rotenone_500nM_21,36.400001525878906,188.3000030517578,0.749261736869812,-0.6985472001685306
lowpass,T24_rotenone_500nM_21,control,T24_Blebbistatin_5uM_40,16.5,118.69999694824219,0.7579888701438904,-0.684728212581802
lowpass,T24_rotenone_500nM_22,matched,T24_rotenone_500nM_22,0.0,-0.10000000149011612,0.061783015727996826,0.9980576915916917
lowpass,T24_rotenone_500nM_22,control,NCI_Staurosporine_100nM_43,0.4000000059604645,246.60000610351562,0.7303341627120972,-0.6848350644005485
lowpass,T24_rotenone_500nM_23,matched,T24_rotenone_500nM_23,30.600000381469727,176.0,0.8182687759399414,-0.5826647477969659
lowpass,T24_rotenone_500nM_23,control,T24_Blebbistatin_5uM_47,28.399999618530273,114.0,0.8200985193252563,-0.5888894833143969
lowpass,T24_rotenone_500nM_24,matched,T24_rotenone_500nM_24,0.4000000059604645,134.6999969482422,0.8020482659339905,-0.6037564143242506
lowpass,T24_rotenone_500nM_24,control,SNU_staurosporine_45,0.4000000059604645,215.6999969482422,0.7728243470191956,-0.6185588254207843
lowpass,T24_rotenone_500nM_25,matched,T24_rotenone_500nM_25,0.4000000059604645,190.3000030517578,0.8094552755355835,-0.5992035887076034
lowpass,T24_rotenone_500nM_25,control,NCI_Staurosporine_100nM_24,0.30000001192092896,235.1999969482422,0.7928376197814941,-0.6125558394807045
lowpass,T24_rotenone_500nM_26,matched,T24_rotenone_500nM_26,12.399999618530273,204.60000610351562,0.8113676905632019,-0.6259968838442826
lowpass,T24_rotenone_500nM_26,control,T24_Staurosporine_100nM_47,0.30000001192092896,293.0,0.760625958442688,-0.668243279667219
lowpass,T24_rotenone_500nM_27,matched,T24_rotenone_500nM_27,36.70000076293945,208.10000610351562,0.7894789576530457,-0.6491781570735154
lowpass,T24_rotenone_500nM_27,control,T24_45,0.4000000059604645,252.0,0.7624080777168274,-0.6487126865874794
lowpass,T24_rotenone_500nM_28,matched,T24_rotenone_500nM_28,20.5,225.1999969482422,0.8094082474708557,-0.6249804535003655
lowpass,T24_rotenone_500nM_28,control,T24_40,30.5,231.60000610351562,0.7888811826705933,-0.6401288404749397
lowpass,T24_rotenone_500nM_29,matched,T24_rotenone_500nM_29,36.599998474121094,204.5,0.7586097121238708,-0.7011638928287343
lowpass,T24_rotenone_500nM_29,control,T24_FCCP_10uM_21,12.5,251.1999969482422,0.7352420687675476,-0.7224041739185689
lowpass,T24_rotenone_500nM_30,matched,T24_rotenone_500nM_30,36.79999923706055,215.89999389648438,0.7624794840812683,-0.6767617558692561
lowpass,T24_rotenone_500nM_30,control,NCI_Staurosporine_100nM_32,8.600000381469727,254.5,0.7443521618843079,-0.680983513870397
lowpass,T24_rotenone_500nM_31,matched,T24_rotenone_500nM_31,52.20000076293945,172.60000610351562,0.7558578252792358,-0.6787244470831488
lowpass,T24_rotenone_500nM_31,control,NCI_09,46.400001525878906,202.60000610351562,0.745492160320282,-0.6801266686586513
lowpass,T24_rotenone_500nM_32,matched,T24_rotenone_500nM_32,22.5,217.6999969482422,0.7372559905052185,-0.7157348570706595
lowpass,T24_rotenone_500nM_32,control,NCI_Staurosporine_100nM_26,8.5,222.60000610351562,0.7147893905639648,-0.7118285045001487
lowpass,T24_rotenone_500nM_33,matched,T24_rotenone_500nM_33,34.599998474121094,196.5,0.7521981596946716,-0.6949331257230255
lowpass,T24_rotenone_500nM_33,control,SNU_84,0.4000000059604645,286.29998779296875,0.7093656659126282,-0.7001496641276566
lowpass,T24_rotenone_500nM_34,matched,T24_rotenone_500nM_34,36.5,220.60000610351562,0.7420857548713684,-0.7232802182361779
lowpass,T24_rotenone_500nM_34,control,T24_rotenone_500nM_41,18.5,211.60000610351562,0.7445513606071472,-0.7048170904101753
lowpass,T24_rotenone_500nM_35,matched,T24_rotenone_500nM_35,38.29999923706055,196.10000610351562,0.7628874778747559,-0.6639684757998713
lowpass,T24_rotenone_500nM_35,control,SNU_FCCP_10uM_38,28.5,230.3000030517578,0.7479438185691833,-0.6580913102743764
lowpass,T24_rotenone_500nM_36,matched,T24_rotenone_500nM_36,32.5,218.89999389648438,0.7212361097335815,-0.7315830147407143
lowpass,T24_rotenone_500nM_36,control,SNU_85,0.30000001192092896,296.5,0.6759774684906006,-0.7302568025919343
lowpass,T24_rotenone_500nM_37,matched,T24_rotenone_500nM_37,36.70000076293945,205.39999389648438,0.7210037708282471,-0.7347283199435799
lowpass,T24_rotenone_500nM_37,control,SNU_Rotenone_500nM_14,0.30000001192092896,252.1999969482422,0.6877551674842834,-0.7232109259525439
lowpass,T24_rotenone_500nM_38,matched,T24_rotenone_500nM_38,0.4000000059604645,194.39999389648438,0.7568693161010742,-0.6600131198028847
lowpass,T24_rotenone_500nM_38,control,T24_FCCP_10uM_25,0.4000000059604645,226.8000030517578,0.7356419563293457,-0.6820632393718892
lowpass,T24_rotenone_500nM_39,matched,T24_rotenone_500nM_39,28.600000381469727,220.6999969482422,0.7510377764701843,-0.6974002824876457
lowpass,T24_rotenone_500nM_39,control,SNU_blebbistatin_48,12.5,271.8999938964844,0.722660481929779,-0.6956820344242913
lowpass,T24_rotenone_500nM_40,matched,T24_rotenone_500nM_40,30.5,212.60000610351562,0.75716233253479,-0.6886310261704593
lowpass,T24_rotenone_500nM_40,control,NCI_FCCP_10uM_34,28.200000762939453,184.39999389648438,0.7524990439414978,-0.6710558836503755
lowpass,T24_rotenone_500nM_41,matched,T24_rotenone_500nM_41,38.400001525878906,210.39999389648438,0.77529376745224,-0.6596280636387797
lowpass,T24_rotenone_500nM_41,control,SNU_FCCP_10uM_21,20.399999618530273,249.1999969482422,0.7626520395278931,-0.652206800335218
lowpass,T24_rotenone_500nM_42,matched,T24_rotenone_500nM_42,14.600000381469727,211.39999389648438,0.7692445516586304,-0.650131282336401
lowpass,T24_rotenone_500nM_42,control,NCI_07,10.5,251.89999389648438,0.7602450251579285,-0.6532864025977818
lowpass,T24_rotenone_500nM_43,matched,T24_rotenone_500nM_43,6.400000095367432,190.10000610351562,0.7615448832511902,-0.6686230692159156
lowpass,T24_rotenone_500nM_43,control,T24_Blebbistatin_5uM_29,8.399999618530273,95.30000305175781,0.7843853235244751,-0.6548948035443943
lowpass,T24_rotenone_500nM_44,matched,T24_rotenone_500nM_44,34.5,205.89999389648438,0.7578843832015991,-0.6906364562196856
lowpass,T24_rotenone_500nM_44,control,T24_FCCP_10uM_13,6.5,233.1999969482422,0.7470858693122864,-0.6838735506956005
lowpass,T24_rotenone_500nM_45,matched,T24_rotenone_500nM_45,40.70000076293945,204.10000610351562,0.7359766960144043,-0.7198877210008939
lowpass,T24_rotenone_500nM_45,control,SNU_41,38.70000076293945,272.79998779296875,0.7217000722885132,-0.7253803228291269
lowpass,T24_rotenone_500nM_46,matched,T24_rotenone_500nM_46,0.4000000059604645,181.8000030517578,0.766087532043457,-0.6497212526380255
lowpass,T24_rotenone_500nM_46,control,NCI_Staurosporine_100nM_45,0.30000001192092896,212.39999389648438,0.7444172501564026,-0.6603849799461126
lowpass,T24_rotenone_500nM_47,matched,T24_rotenone_500nM_47,12.600000381469727,201.39999389648438,0.7947428822517395,-0.6520379714001213
lowpass,T24_rotenone_500nM_47,control,SNU_82,8.300000190734863,258.29998779296875,0.7581084966659546,-0.6772590072154799
lowpass,T24_rotenone_500nM_48,matched,T24_rotenone_500nM_48,6.5,202.0,0.7422228455543518,-0.6859991184589282
lowpass,T24_rotenone_500nM_48,control,SNU_Rotenone_500nM_42,0.30000001192092896,246.39999389648438,0.7017681002616882,-0.6907257236413259
lowpass,T24_rotenone_500nM_49,matched,T24_rotenone_500nM_49,2.5,198.39999389648438,0.7532132863998413,-0.6747782482840068
lowpass,T24_rotenone_500nM_49,control,T24_FCCP_10uM_42,0.30000001192092896,221.3000030517578,0.7343113422393799,-0.6832113982091004
lowpass,T24_rotenone_500nM_50,matched,T24_rotenone_500nM_50,0.4000000059604645,198.5,0.7714150547981262,-0.6536547562480022
lowpass,T24_rotenone_500nM_50,control,SNU_Rotenone_500nM_18,0.4000000059604645,251.10000610351562,0.7496770024299622,-0.6569147501147946
bandpass,NCI_01,matched,NCI_01,2.4000000953674316,-4.0,0.6549593806266785,0.7579180594032784
bandpass,NCI_01,control,SNU_blebbistatin_26,-15.100000381469727,-207.10000610351562,0.9953451156616211,-0.09932323592808454
bandpass,NCI_02,matched,NCI_02,0.5,-0.20000000298023224,0.5463261008262634,0.8395644834225389
bandpass,NCI_02,control,NCI_rotenone_500nM_39,81.5999984741211,37.900001525878906,0.989124059677124,0.1469992170276712
bandpass,NCI_03,matched,NCI_03,0.4000000059604645,-0.20000000298023224,0.5964881181716919,0.8057030783712708
bandpass,NCI_03,control,NCI_FCCP_10uM_09,343.5,228.5,0.9882057905197144,0.18445916945058027
bandpass,NCI_04,matched,NCI_04,0.20000000298023224,-0.4000000059604645,0.469563364982605,0.8846048806291515
bandpass,NCI_04,control,T24_31,-95.0999984741211,-16.600000381469727,0.9939361214637756,0.11022586082613565
bandpass,NCI_05,matched,NCI_05,-0.30000001192092896,0.10000000149011612,0.4216136038303375,0.9085259692122498
bandpass,NCI_05,control,SNU_Rotenone_500nM_16,-156.8000030517578,-5.599999904632568,0.9940558075904846,-0.11128991478207056
bandpass,NCI_06,matched,NCI_06,0.10000000149011612,-0.6000000238418579,0.5438389182090759,0.8419309234505362
bandpass,NCI_06,control,T24_Blebbistatin_5uM_21,-87.19999694824219,-85.4000015258789,0.9958968758583069,-0.09217458921765177
bandpass,NCI_07,matched,NCI_07,-0.20000000298023224,-0.30000001192092896,0.397989958524704,0.9189607020856135
bandpass,NCI_07,control,SNU_93,181.8000030517578,-41.20000076293945,0.9956585764884949,-0.09750970838111256
bandpass,NCI_08,matched,NCI_08,0.0,-0.30000001192092896,0.29574552178382874,0.9560406816395688
bandpass,NCI_08,control,NCI_FCCP_10uM_31,-104.19999694824219,130.10000610351562,0.9951480031013489,0.09903548883220345
bandpass,NCI_09,matched,NCI_09,0.0,0.0,0.3452371060848236,0.9400344186897857
bandpass,NCI_09,control,NCI_Blebbistatin_5uM_07,81.80000305175781,-78.9000015258789,0.9906411170959473,0.1365065900102725
bandpass,NCI_10,matched,NCI_10,-0.30000001192092896,0.0,0.40327391028404236,0.916735389879941
bandpass,NCI_10,control,NCI_11,-283.3999938964844,69.9000015258789,0.991737961769104,0.13971052993411592
bandpass,NCI_11,matched,NCI_11,0.30000001192092896,-0.4000000059604645,0.4916684329509735,0.8726309346654433
bandpass,NCI_11,control,SNU_Rotenone_500nM_02,21.700000762939453,179.60000610351562,0.9930325746536255,-0.12077904081750701
bandpass,NCI_12,matched,NCI_12,0.4000000059604645,0.20000000298023224,0.5230621099472046,0.8545825849477262
bandpass,NCI_12,control,T24_36,2.799999952316284,11.699999809265137,0.988429069519043,0.15243036463777013
bandpass,NCI_13,matched,NCI_13,-0.10000000149011612,-0.30000001192092896,0.5794858336448669,0.8183124205074888
bandpass,NCI_13,control,SNU_blebbistatin_24,-16.899999618530273,-14.800000190734863,0.9933986663818359,0.11469912698586784
bandpass,NCI_14,matched,NCI_14,0.30000001192092896,-0.20000000298023224,0.6287673711776733,0.7813550556223673
bandpass,NCI_14,control,SNU_Rotenone_500nM_11,180.89999389648438,75.5,0.9938064217567444,-0.11326497636051373
bandpass,NCI_15,matched,NCI_15,0.10000000149011612,-0.10000000149011612,0.4942925274372101,0.8721466087656647
bandpass,NCI_15,control,T24_Blebbistatin_5uM_43,-25.799999237060547,69.0,0.991313099861145,0.1314605932652713
bandpass,NCI_16,matched,NCI_16,0.10000000149011612,0.0,0.42444947361946106,0.9076403394863221
bandpass,NCI_16,control,NCI_48,-91.69999694824219,66.80000305175781,0.9945700764656067,0.10436187882511795
bandpass,NCI_17,matched,NCI_17,-0.10000000149011612,-0.10000000149011612,0.7329115271568298,0.6846765223467005
bandpass,NCI_17,control,SNU_Rotenone_500nM_29,180.1999969482422,-142.8000030517578,0.9939718246459961,0.11006058392126629
bandpass,NCI_18,matched,NCI_18,-0.30000001192092896,-0.10000000149011612,0.5180838704109192,0.8581951881984331
bandpass,NCI_18,control,NCI_Staurosporine_100nM_48,-87.5,176.8000030517578,0.9784430265426636,0.2091111988751796
bandpass,NCI_19,matched,NCI_19,-0.10000000149011612,-0.10000000149011612,0.5974789261817932,0.8056155259304579
bandpass,NCI_19,control,SNU_25,119.0999984741211,-39.5,0.9942513108253479,0.10685221276724707
bandpass,NCI_20,matched,NCI_20,-0.10000000149011612,-0.20000000298023224,0.699312150478363,0.7191317874210492
bandpass,NCI_20,control,SNU_FCCP_10uM_13,-94.69999694824219,46.900001525878906,0.9935268759727478,0.11314809206209554
bandpass,NCI_21,matched,NCI_21,0.10000000149011612,0.20000000298023224,0.5047672390937805,0.8660412644674621
bandpass,NCI_21,control,NCI_rotenone_500nM_15,-144.6999969482422,111.9000015258789,0.9920416474342346,0.12625977907415803
bandpass,NCI_22,matched,NCI_22,0.10000000149011612,-0.10000000149011612,0.5489832162857056,0.8392662763426589
bandpass,NCI_22,control,NCI_rotenone_500nM_34,85.5,-50.20000076293945,0.9910438656806946,0.1334947269291137
bandpass,NCI_23,matched,NCI_23,-0.10000000149011612,-0.6000000238418579,0.6848914623260498,0.7322642102506147
bandpass,NCI_23,control,T24_18,-147.1999969482422,-18.299999237060547,0.9900493621826172,0.14028563879905684
bandpass,NCI_24,matched,NCI_24,0.10000000149011612,-0.4000000059604645,0.6321485638618469,0.7780915784066038
bandpass,NCI_24,control,NCI_Blebbistatin_5uM_29,-77.69999694824219,68.80000305175781,0.9908897876739502,-0.1361291815768431
bandpass,NCI_25,matched,NCI_25,-0.4000000059604645,-0.10000000149011612,0.4045710861682892,0.9158396167764389
bandpass,NCI_25,control,T24_rotenone_500nM_48,179.60000610351562,51.29999923706055,0.9823470115661621,0.18830330723622027
bandpass,NCI_26,matched,NCI_26,0.10000000149011612,-0.30000001192092896,0.4564695954322815,0.8919706364471789
bandpass,NCI_26,control,NCI_Blebbistatin_5uM_25,162.5,149.60000610351562,0.9887540340423584,0.15035689212636835
bandpass,NCI_27,matched,NCI_27,0.20000000298023224,-0.5,0.6290670037269592,0.7805230055651031
bandpass,NCI_27,control,T24_12,-39.0,77.80000305175781,0.9924376010894775,0.12258049552297504
bandpass,NCI_28,matched,NCI_28,0.0,0.10000000149011612,0.5829582214355469,0.8160939960748356
bandpass,NCI_28,control,T24_04,-7.699999809265137,-84.5,0.9915291666984558,0.129612525713028
bandpass,NCI_29,matched,NCI_29,0.10000000149011612,0.20000000298023224,0.7172225117683411,0.7010619696475644
bandpass,NCI_29,control,T24_07,-49.0,-153.39999389648438,0.996192991733551,-0.09039665500982152
bandpass,NCI_30,matched,NCI_30,0.8999999761581421,0.10000000149011612,0.6849968433380127,0.7327955837938128
bandpass,NCI_30,control,NCI_Staurosporine_100nM_16,-78.5,-52.70000076293945,0.9921700358390808,0.12472510349043713
bandpass,NCI_31,matched,NCI_31,0.0,-0.30000001192092896,0.4700140655040741,0.8850620703328932
bandpass,NCI_31,control,SNU_59,43.79999923706055,-181.6999969482422,0.9881669878959656,0.1554088057977589
bandpass,NCI_32,matched,NCI_32,0.30000001192092896,0.0,0.6383990049362183,0.7732318691270833
bandpass,NCI_32,control,NCI_45,-49.900001525878906,-29.0,0.9941390752792358,0.10757330794761905
bandpass,NCI_33,matched,NCI_33,-0.10000000149011612,-0.20000000298023224,0.6097413301467896,0.7960695841278935
bandpass,NCI_33,control,SNU_FCCP_10uM_33,44.70000076293945,185.8000030517578,0.9944636225700378,0.10601887567961749
bandpass,NCI_34,matched,NCI_34,-0.30000001192092896,0.6000000238418579,0.6007654666900635,0.8021671766274925
bandpass,NCI_34,control,SNU_blebbistatin_08,-40.79999923706055,112.9000015258789,0.9931703805923462,-0.1198276274076608
bandpass,NCI_35,matched,NCI_35,0.30000001192092896,-0.30000001192092896,0.7376689314842224,0.6788428495782393
bandpass,NCI_35,control,SNU_FCCP_10uM_15,2.0999999046325684,40.099998474121094,0.9953966736793518,-0.09866735772665869
bandpass,NCI_36,matched,NCI_36,0.5,0.4000000059604645,0.7918891310691833,0.6137459764679115
bandpass,NCI_36,control,NCI_47,-104.0,-149.89999389648438,0.991786777973175,0.1271585456884907
bandpass,NCI_37,matched,NCI_37,-0.10000000149011612,-0.10000000149011612,0.5418624877929688,0.8437523697300356
bandpass,NCI_37,control,SNU_FCCP_10uM_31,4.5,-169.10000610351562,0.9944469928741455,0.10545053120641514
bandpass,NCI_38,matched,NCI_38,-0.10000000149011612,0.20000000298023224,0.5033352375030518,0.8669437746333863
bandpass,NCI_38,control,T24_Blebbistatin_5uM_25,42.29999923706055,12.699999809265137,0.9876363277435303,0.15682576864950568
bandpass,NCI_39,matched,NCI_39,-0.10000000149011612,-0.5,0.6325594782829285,0.7778526176053926
bandpass,NCI_39,control,T24_Staurosporine_100nM_45,-133.1999969482422,-6.099999904632568,0.9955548644065857,0.09379830377057434
bandpass,NCI_40,matched,NCI_40,0.10000000149011612,-0.30000001192092896,0.6099116802215576,0.7960325534614565
bandpass,NCI_40,control,SNU_03,69.19999694824219,76.19999694824219,0.9929773807525635,0.11819030681917508
bandpass,NCI_41,matched,NCI_41,0.5,-0.20000000298023224,0.8209938406944275,0.5743016559934164
bandpass,NCI_41,control,NCI_rotenone_500nM_29,-133.5,-60.599998474121094,0.9937606453895569,0.11050975231451445
bandpass,NCI_42,matched,NCI_42,0.20000000298023224,-0.10000000149011612,0.544613778591156,0.8417241765926325
bandpass,NCI_42,control,T24_rotenone_500nM_28,40.20000076293945,156.8000030517578,0.9895511269569397,0.14419467084186863
bandpass,NCI_43,matched,NCI_43,-0.30000001192092896,0.30000001192092896,0.7298055291175842,0.6874641853587287
bandpass,NCI_43,control,T24_Staurosporine_100nM_50,-14.300000190734863,-134.89999389648438,0.9947027564048767,-0.10564359993150339
bandpass,NCI_44,matched,NCI_44,0.10000000149011612,0.4000000059604645,0.6196397542953491,0.7880424672445657
bandpass,NCI_44,control,NCI_Blebbistatin_5uM_42,159.10000610351562,-100.80000305175781,0.9913037419319153,0.1317248951753246
bandpass,NCI_45,matched,NCI_45,-0.20000000298023224,0.0,0.5869935154914856,0.8130624224591678
bandpass,NCI_45,control,NCI_50,43.5,45.5,0.9934290647506714,0.11399529334796407
bandpass,NCI_46,matched,NCI_46,-0.20000000298023224,-0.30000001192092896,0.5827708840370178,0.8156230340903047
bandpass,NCI_46,control,SNU_blebbistatin_01,-35.599998474121094,16.100000381469727,0.9961039423942566,-0.09040380589420267
bandpass,NCI_47,matched,NCI_47,0.20000000298023224,-0.10000000149011612,0.5960466861724854,0.8064573231940553
bandpass,NCI_47,control,SNU_49,-34.20000076293945,93.0999984741211,0.9893566966056824,0.1459074670420804
bandpass,NCI_48,matched,NCI_48,0.10000000149011612,-0.10000000149011612,0.7253925800323486,0.6924947778380267
bandpass,NCI_48,control,T24_rotenone_500nM_06,-96.30000305175781,13.699999809265137,0.9929874539375305,-0.11832424147200149
bandpass,NCI_49,matched,NCI_49,0.0,0.5,0.5611506700515747,0.8297576524991056
bandpass,NCI_49,control,SNU_FCCP_10uM_12,-105.0999984741211,-119.80000305175781,0.9926764369010925,0.12096511076987725
bandpass,NCI_50,matched,NCI_50,-0.20000000298023224,0.20000000298023224,0.5889628529548645,0.811533460971732
bandpass,NCI_50,control,T24_43,67.80000305175781,-16.5,0.9913941025733948,0.1306618329345583
bandpass,NCI_Blebbistatin_5uM_01,matched,NCI_Blebbistatin_5uM_01,-0.30000001192092896,0.5,0.5417133569717407,0.8424935173645849
bandpass,NCI_Blebbistatin_5uM_01,control,SNU_64,-147.6999969482422,67.5999984741211,0.9943451881408691,0.10567853369257438
bandpass,NCI_Blebbistatin_5uM_02,matched,NCI_Blebbistatin_5uM_02,0.4000000059604645,0.20000000298023224,0.4349238872528076,0.9016361183001291
bandpass,NCI_Blebbistatin_5uM_02,control,T24_Staurosporine_100nM_13,105.19999694824219,198.10000610351562,0.9907837510108948,0.1362600341400262
bandpass,NCI_Blebbistatin_5uM_03,matched,NCI_Blebbistatin_5uM_03,-0.20000000298023224,-0.20000000298023224,0.4916534423828125,0.8732468528451174
bandpass,NCI_Blebbistatin_5uM_03,control,SNU_staurosporine_42,-56.29999923706055,-76.5,0.9902859926223755,-0.14229669956212362
bandpass,NCI_Blebbistatin_5uM_04,matched,NCI_Blebbistatin_5uM_04,0.4000000059604645,0.4000000059604645,0.42725250124931335,0.9052486420046657
bandpass,NCI_Blebbistatin_5uM_04,control,NCI_28,2.0999999046325684,-15.600000381469727,0.9919143319129944,0.12682819771001738
bandpass,NCI_Blebbistatin_5uM_05,matched,NCI_Blebbistatin_5uM_05,0.20000000298023224,0.4000000059604645,0.4280201494693756,0.9053209107896114
bandpass,NCI_Blebbistatin_5uM_05,control,SNU_Rotenone_500nM_15,31.100000381469727,90.80000305175781,0.9964472055435181,0.08430931099862207
bandpass,NCI_Blebbistatin_5uM_06,matched,NCI_Blebbistatin_5uM_06,0.20000000298023224,0.0,0.4526140093803406,0.8938891910575256
bandpass,NCI_Blebbistatin_5uM_06,control,SNU_blebbistatin_39,-182.89999389648438,-80.9000015258789,0.9957247972488403,-0.09584848588923583
bandpass,NCI_Blebbistatin_5uM_07,matched,NCI_Blebbistatin_5uM_07,0.20000000298023224,-0.10000000149011612,0.3550075888633728,0.9362498281088742
bandpass,NCI_Blebbistatin_5uM_07,control,NCI_20,-115.4000015258789,-45.5,0.9935380220413208,-0.11536231350538853
bandpass,NCI_Blebbistatin_5uM_08,matched,NCI_Blebbistatin_5uM_08,-0.10000000149011612,0.0,0.25814682245254517,0.9669501411569481
bandpass,NCI_Blebbistatin_5uM_08,control,T24_Blebbistatin_5uM_44,-155.6999969482422,-98.69999694824219,0.9940812587738037,0.1095839557336086
bandpass,NCI_Blebbistatin_5uM_09,matched,NCI_Blebbistatin_5uM_09,-0.20000000298023224,0.20000000298023224,0.3659903407096863,0.9320447178899095
bandpass,NCI_Blebbistatin_5uM_09,control,NCI_FCCP_10uM_45,-11.100000381469727,8.100000381469727,0.9941684007644653,0.10817185574298649
bandpass,NCI_Blebbistatin_5uM_10,matched,NCI_Blebbistatin_5uM_10,0.0,0.10000000149011612,0.30653905868530273,0.9530732137264771
bandpass,NCI_Blebbistatin_5uM_10,control,SNU_FCCP_10uM_35,-73.5,-115.80000305175781,0.9897896647453308,-0.1444768462368219
bandpass,NCI_Blebbistatin_5uM_11,matched,NCI_Blebbistatin_5uM_11,-0.10000000149011612,0.10000000149011612,0.0763668566942215,0.9969849224206527
bandpass,NCI_Blebbistatin_5uM_11,control,T24_Blebbistatin_5uM_50,-27.5,36.099998474121094,0.9914706945419312,0.13016137159333924
bandpass,NCI_Blebbistatin_5uM_12,matched,NCI_Blebbistatin_5uM_12,0.4000000059604645,0.20000000298023224,0.3728012144565582,0.9286962916889415
bandpass,NCI_Blebbistatin_5uM_12,control,SNU_FCCP_10uM_08,94.69999694824219,-81.80000305175781,0.993381679058075,-0.11738053851446495
bandpass,NCI_Blebbistatin_5uM_13,matched,NCI_Blebbistatin_5uM_13,0.10000000149011612,-0.10000000149011612,0.5071998238563538,0.8647210001037887
bandpass,NCI_Blebbistatin_5uM_13,control,NCI_FCCP_10uM_04,-233.3000030517578,125.0999984741211,0.9940270781517029,0.1099188667585376
bandpass,NCI_Blebbistatin_5uM_14,matched,NCI_Blebbistatin_5uM_14,-0.30000001192092896,0.20000000298023224,0.6508722901344299,0.762720017617381
bandpass,NCI_Blebbistatin_5uM_14,control,NCI_Staurosporine_100nM_14,-88.69999694824219,37.400001525878906,0.9948331713676453,0.10035980442344668
bandpass,NCI_Blebbistatin_5uM_15,matched,NCI_Blebbistatin_5uM_15,-0.30000001192092896,0.10000000149011612,0.4651687443256378,0.8872656148051088
bandpass,NCI_Blebbistatin_5uM_15,control,T24_rotenone_500nM_29,34.5,158.10000610351562,0.995118260383606,-0.1007828061934061
bandpass,NCI_Blebbistatin_5uM_16,matched,NCI_Blebbistatin_5uM_16,0.0,0.0,0.4588344991207123,0.8910835631429113
bandpass,NCI_Blebbistatin_5uM_16,control,NCI_31,-75.30000305175781,-156.10000610351562,0.991741418838501,-0.13030803666095425
bandpass,NCI_Blebbistatin_5uM_17,matched,NCI_Blebbistatin_5uM_17,-0.10000000149011612,-0.10000000149011612,0.7191993594169617,0.6990224900782362
bandpass,NCI_Blebbistatin_5uM_17,control,T24_FCCP_10uM_20,8.699999809265137,-147.3000030517578,0.9919019341468811,-0.1308098116571994
bandpass,NCI_Blebbistatin_5uM_18,matched,NCI_Blebbistatin_5uM_18,0.30000001192092896,-0.20000000298023224,0.6793555617332458,0.7372344105265699
bandpass,NCI_Blebbistatin_5uM_18,control,T24_FCCP_10uM_14,-171.60000610351562,-78.69999694824219,0.992820143699646,0.11905098212586805
bandpass,NCI_Blebbistatin_5uM_19,matched,NCI_Blebbistatin_5uM_19,-0.5,0.0,0.6536397337913513,0.7598476110576791
bandpass,NCI_Blebbistatin_5uM_19,control,NCI_FCCP_10uM_01,147.8000030517578,215.1999969482422,0.9907431602478027,0.1374794626374968
bandpass,NCI_Blebbistatin_5uM_20,matched,NCI_Blebbistatin_5uM_20,0.0,-0.20000000298023224,0.7184614539146423,0.700861138980163
bandpass,NCI_Blebbistatin_5uM_20,control,NCI_FCCP_10uM_17,44.400001525878906,113.19999694824219,0.9904772043228149,-0.13826820245227603
bandpass,NCI_Blebbistatin_5uM_21,matched,NCI_Blebbistatin_5uM_21,0.0,0.10000000149011612,0.5271602869033813,0.8528483422457775
bandpass,NCI_Blebbistatin_5uM_21,control,SNU_blebbistatin_21,-5.5,-0.8999999761581421,0.9945817589759827,0.10366232945018211
bandpass,NCI_Blebbistatin_5uM_22,matched,NCI_Blebbistatin_5uM_22,-0.10000000149011612,-0.20000000298023224,0.6694648861885071,0.7466181794207251
bandpass,NCI_Blebbistatin_5uM_22,control,SNU_staurosporine_38,-8.399999618530273,-39.099998474121094,0.9953820109367371,0.09503345538972868
bandpass,NCI_Blebbistatin_5uM_23,matched,NCI_Blebbistatin_5uM_23,0.0,-0.20000000298023224,0.5346015095710754,0.8480809066516687
bandpass,NCI_Blebbistatin_5uM_23,control,T24_Staurosporine_100nM_42,10.100000381469727,13.800000190734863,0.9896302223205566,0.14362830717644112
bandpass,NCI_Blebbistatin_5uM_24,matched,NCI_Blebbistatin_5uM_24,-0.10000000149011612,-0.10000000149011612,0.5347890257835388,0.8480656889183346
bandpass,NCI_Blebbistatin_5uM_24,control,NCI_Staurosporine_100nM_21,-30.600000381469727,248.39999389648438,0.9940991401672363,-0.11460640502193024
bandpass,NCI_Blebbistatin_5uM_25,matched,NCI_Blebbistatin_5uM_25,0.0,-0.4000000059604645,0.588710606098175,0.8115541207818924
bandpass,NCI_Blebbistatin_5uM_25,control,SNU_staurosporine_33,3.5,-0.30000001192092896,0.994348406791687,0.10597237434200307
bandpass,NCI_Blebbistatin_5uM_26,matched,NCI_Blebbistatin_5uM_26,-0.20000000298023224,0.20000000298023224,0.4570406973361969,0.891734239394787
bandpass,NCI_Blebbistatin_5uM_26,control,NCI_Blebbistatin_5uM_28,-25.299999237060547,-60.099998474121094,0.99236661195755,0.12331935592558779
bandpass,NCI_Blebbistatin_5uM_27,matched,NCI_Blebbistatin_5uM_27,0.5,-0.30000001192092896,0.7173563838005066,0.7003181114405903
bandpass,NCI_Blebbistatin_5uM_27,control,SNU_Rotenone_500nM_19,-252.3000030517578,-33.29999923706055,0.9928621649742126,-0.12424449570078959
bandpass,NCI_Blebbistatin_5uM_28,matched,NCI_Blebbistatin_5uM_28,-0.10000000149011612,0.4000000059604645,0.6135001182556152,0.7928226393476084
bandpass,NCI_Blebbistatin_5uM_28,control,T24_Staurosporine_100nM_39,-59.20000076293945,276.0,0.9947611689567566,-0.10762532914422683
bandpass,NCI_Blebbistatin_5uM_29,matched,NCI_Blebbistatin_5uM_29,-0.20000000298023224,-0.30000001192092896,0.4638184905052185,0.8878896613356608
bandpass,NCI_Blebbistatin_5uM_29,control,T24_Blebbistatin_5uM_19,15.899999618530273,47.20000076293945,0.991044282913208,-0.13452466513459868
bandpass,NCI_Blebbistatin_5uM_30,matched,NCI_Blebbistatin_5uM_30,0.10000000149011612,-0.20000000298023224,0.6048140525817871,0.7999539301923015
bandpass,NCI_Blebbistatin_5uM_30,control,SNU_blebbistatin_40,-147.39999389648438,31.600000381469727,0.9908003807067871,0.13548953722586105
bandpass,NCI_Blebbistatin_5uM_31,matched,NCI_Blebbistatin_5uM_31,0.20000000298023224,-0.5,0.6817981600761414,0.7347109939992681
bandpass,NCI_Blebbistatin_5uM_31,control,T24_49,19.899999618530273,-201.10000610351562,0.9939661622047424,-0.11468478943169182
bandpass,NCI_Blebbistatin_5uM_32,matched,NCI_Blebbistatin_5uM_32,0.30000001192092896,-0.20000000298023224,0.5981339812278748,0.8045372515693987
bandpass,NCI_Blebbistatin_5uM_32,control,T24_rotenone_500nM_17,-77.5,75.0,0.9877755641937256,-0.1574899644036275
bandpass,NCI_Blebbistatin_5uM_33,matched,NCI_Blebbistatin_5uM_33,-0.20000000298023224,-0.20000000298023224,0.6536879539489746,0.7603253266468487
bandpass,NCI_Blebbistatin_5uM_33,control,SNU_39,-107.0,-162.3000030517578,0.993044376373291,-0.12323268576548847
bandpass,NCI_Blebbistatin_5uM_34,matched,NCI_Blebbistatin_5uM_34,-0.20000000298023224,0.0,0.5505210757255554,0.8378878440988219
bandpass,NCI_Blebbistatin_5uM_34,control,SNU_FCCP_10uM_30,-18.700000762939453,-2.700000047683716,0.9934806823730469,0.11373167155916103
bandpass,NCI_Blebbistatin_5uM_35,matched,NCI_Blebbistatin_5uM_35,0.0,0.30000001192092896,0.6173721551895142,0.7900503510358923
bandpass,NCI_Blebbistatin_5uM_35,control,NCI_Staurosporine_100nM_10,-166.39999389648438,-26.299999237060547,0.9943585395812988,0.10558043935941404
bandpass,NCI_Blebbistatin_5uM_36,matched,NCI_Blebbistatin_5uM_36,0.10000000149011612,0.10000000149011612,0.06582748144865036,0.9976867821083235
bandpass,NCI_Blebbistatin_5uM_36,control,NCI_Staurosporine_100nM_07,-25.399999618530273,-39.599998474121094,0.992719292640686,0.11975993320043643
bandpass,NCI_Blebbistatin_5uM_37,matched,NCI_Blebbistatin_5uM_37,0.0,0.30000001192092896,0.6811069250106812,0.7358365364579633
bandpass,NCI_Blebbistatin_5uM_37,control,NCI_rotenone_500nM_42,-175.1999969482422,-9.100000381469727,0.9921095967292786,-0.12790242399405863
bandpass,NCI_Blebbistatin_5uM_38,matched,NCI_Blebbistatin_5uM_38,-0.20000000298023224,0.20000000298023224,0.7825692296028137,0.6261368226218958
bandpass,NCI_Blebbistatin_5uM_38,control,SNU_89,-24.600000381469727,-46.0,0.9928808212280273,0.11732321348901997
bandpass,NCI_Blebbistatin_5uM_39,matched,NCI_Blebbistatin_5uM_39,0.0,-0.30000001192092896,0.565699577331543,0.8275598071567187
bandpass,NCI_Blebbistatin_5uM_39,control,NCI_rotenone_500nM_37,0.6000000238418579,131.10000610351562,0.9882500171661377,0.15285505813641626
bandpass,NCI_Blebbistatin_5uM_40,matched,NCI_Blebbistatin_5uM_40,0.10000000149011612,-0.10000000149011612,0.4645017087459564,0.8879935623350703
bandpass,NCI_Blebbistatin_5uM_40,control,NCI_Staurosporine_100nM_15,19.399999618530273,-30.399999618530273,0.9950732588768005,0.09899079478098877
bandpass,NCI_Blebbistatin_5uM_41,matched,NCI_Blebbistatin_5uM_41,-0.10000000149011612,0.20000000298023224,0.6276220083236694,0.7820673856480285
bandpass,NCI_Blebbistatin_5uM_41,control,SNU_33,28.0,-9.600000381469727,0.9941235780715942,0.10751143336370461
bandpass,NCI_Blebbistatin_5uM_42,matched,NCI_Blebbistatin_5uM_42,0.20000000298023224,-0.30000001192092896,0.570686399936676,0.8236690595818323
bandpass,NCI_Blebbistatin_5uM_42,control,NCI_40,-72.30000305175781,-39.400001525878906,0.9923107028007507,0.12331784368623377
bandpass,NCI_Blebbistatin_5uM_43,matched,NCI_Blebbistatin_5uM_43,-0.10000000149011612,0.10000000149011612,0.5787993669509888,0.8187682596498661
bandpass,NCI_Blebbistatin_5uM_43,control,NCI_FCCP_10uM_26,7.599999904632568,113.5999984741211,0.9857932925224304,0.1676902211040733
bandpass,NCI_Blebbistatin_5uM_44,matched,NCI_Blebbistatin_5uM_44,-0.20000000298023224,-0.10000000149011612,0.49986669421195984,0.8687007830425842
bandpass,NCI_Blebbistatin_5uM_44,control,T24_FCCP_10uM_33,-11.699999809265137,-121.9000015258789,0.9907338619232178,0.1358058371545011
bandpass,NCI_Blebbistatin_5uM_45,matched,NCI_Blebbistatin_5uM_45,0.0,-0.20000000298023224,0.5740331411361694,0.8220875666019967
bandpass,NCI_Blebbistatin_5uM_45,control,NCI_rotenone_500nM_40,9.600000381469727,57.70000076293945,0.9916885495185852,0.1281128967001898
bandpass,NCI_Blebbistatin_5uM_46,matched,NCI_Blebbistatin_5uM_46,-0.20000000298023224,0.30000001192092896,0.5107576251029968,0.86214191921298
bandpass,NCI_Blebbistatin_5uM_46,control,NCI_Staurosporine_100nM_49,-32.599998474121094,113.9000015258789,0.9949737787246704,-0.10312950530361921
bandpass,NCI_Blebbistatin_5uM_47,matched,NCI_Blebbistatin_5uM_47,0.20000000298023224,0.10000000149011612,0.5383527874946594,0.8457853668824108
bandpass,NCI_Blebbistatin_5uM_47,control,T24_22,-63.900001525878906,129.1999969482422,0.9962860345840454,0.08580449014032245
bandpass,NCI_Blebbistatin_5uM_48,matched,NCI_Blebbistatin_5uM_48,0.0,-0.4000000059604645,0.5949391722679138,0.8066424197068257
bandpass,NCI_Blebbistatin_5uM_48,control,NCI_FCCP_10uM_29,152.89999389648438,77.19999694824219,0.9934596419334412,-0.11786384479739581
bandpass,NCI_Blebbistatin_5uM_49,matched,NCI_Blebbistatin_5uM_49,0.0,0.5,0.4784042537212372,0.8798646619125917
bandpass,NCI_Blebbistatin_5uM_49,control,SNU_blebbistatin_22,-99.5999984741211,48.599998474121094,0.9950215220451355,0.09954137389361013
bandpass,NCI_Blebbistatin_5uM_50,matched,NCI_Blebbistatin_5uM_50,-0.10000000149011612,0.30000001192092896,0.5625423192977905,0.8297511408407237
bandpass,NCI_Blebbistatin_5uM_50,control,NCI_29,-220.0,121.0999984741211,0.9897971749305725,0.1450873667612402
bandpass,NCI_FCCP_10uM_01,matched,NCI_FCCP_10uM_01,0.0,-0.10000000149011612,0.4204176068305969,0.9094779561604523
bandpass,NCI_FCCP_10uM_01,control,T24_Blebbistatin_5uM_12,34.599998474121094,-56.29999923706055,0.9821864366531372,0.1881452286817808
bandpass,NCI_FCCP_10uM_02,matched,NCI_FCCP_10uM_02,0.0,0.10000000149011612,0.5796084403991699,0.8186704670509755
bandpass,NCI_FCCP_10uM_02,control,T24_Blebbistatin_5uM_15,-55.400001525878906,23.799999237060547,0.989818811416626,0.14211320463255134
bandpass,NCI_FCCP_10uM_03,matched,NCI_FCCP_10uM_03,0.30000001192092896,-0.4000000059604645,0.3942508399486542,0.9203724622248975
bandpass,NCI_FCCP_10uM_03,control,SNU_05,-9.100000381469727,-116.9000015258789,0.9928650259971619,-0.12130700923870348
bandpass,NCI_FCCP_10uM_04,matched,NCI_FCCP_10uM_04,0.0,0.20000000298023224,0.6371797323226929,0.7748224914492176
bandpass,NCI_FCCP_10uM_04,control,NCI_rotenone_500nM_38,25.700000762939453,-104.30000305175781,0.9890738129615784,0.14720502408139807
bandpass,NCI_FCCP_10uM_05,matched,NCI_FCCP_10uM_05,0.0,0.10000000149011612,0.7372856736183167,0.6802852870200512
bandpass,NCI_FCCP_10uM_05,control,NCI_FCCP_10uM_06,-0.5,0.699999988079071,0.9839337468147278,0.17856245291803666
bandpass,NCI_FCCP_10uM_06,matched,NCI_FCCP_10uM_06,0.30000001192092896,0.20000000298023224,0.7918166518211365,0.6151207056877487
bandpass,NCI_FCCP_10uM_06,control,SNU_staurosporine_17,47.5,-98.5,0.9915256500244141,-0.13309595500050744
bandpass,NCI_FCCP_10uM_07,matched,NCI_FCCP_10uM_07,-0.20000000298023224,-0.10000000149011612,0.6946904063224792,0.723818039694704
bandpass,NCI_FCCP_10uM_07,control,NCI_rotenone_500nM_02,-94.80000305175781,-318.6000061035156,0.9931196570396423,0.12281649460642592
bandpass,NCI_FCCP_10uM_08,matched,NCI_FCCP_10uM_08,-0.10000000149011612,0.10000000149011612,0.5555674433708191,0.8349779419836177
bandpass,NCI_FCCP_10uM_08,control,T24_Staurosporine_100nM_49,-91.69999694824219,158.1999969482422,0.9955911040306091,0.09378922046408396
bandpass,NCI_FCCP_10uM_09,matched,NCI_FCCP_10uM_09,0.6000000238418579,0.5,0.5272995829582214,0.8510398792156175
bandpass,NCI_FCCP_10uM_09,control,T24_Staurosporine_100nM_18,-115.30000305175781,31.700000762939453,0.9950965642929077,-0.10111548495177236
bandpass,NCI_FCCP_10uM_10,matched,NCI_FCCP_10uM_10,0.20000000298023224,0.10000000149011612,0.7089133262634277,0.7097134539057223
bandpass,NCI_FCCP_10uM_10,control,SNU_60,169.0,99.5,0.9958093762397766,-0.09552612883378798
bandpass,NCI_FCCP_10uM_11,matched,NCI_FCCP_10uM_11,0.0,0.0,0.5799402594566345,0.8185227384710838
bandpass,NCI_FCCP_10uM_11,control,T24_20,-119.19999694824219,66.5999984741211,0.9881073832511902,0.15400790379774865
bandpass,NCI_FCCP_10uM_12,matched,NCI_FCCP_10uM_12,0.20000000298023224,-0.10000000149011612,0.5833094716072083,0.8158977046655567
bandpass,NCI_FCCP_10uM_12,control,SNU_Rotenone_500nM_38,221.6999969482422,75.4000015258789,0.9891800284385681,-0.1524334540848261
bandpass,NCI_FCCP_10uM_13,matched,NCI_FCCP_10uM_13,0.10000000149011612,0.0,0.7530671954154968,0.6626584412698258
bandpass,NCI_FCCP_10uM_13,control,T24_FCCP_10uM_36,-34.29999923706055,-22.299999237060547,0.9916899800300598,0.12808427144635803
bandpass,NCI_FCCP_10uM_14,matched,NCI_FCCP_10uM_14,0.10000000149011612,-0.10000000149011612,0.6433283686637878,0.7699468706730476
bandpass,NCI_FCCP_10uM_14,control,NCI_FCCP_10uM_44,-22.100000381469727,-31.799999237060547,0.9947439432144165,0.10231258547650056
bandpass,NCI_FCCP_10uM_15,matched,NCI_FCCP_10uM_15,0.20000000298023224,-0.30000001192092896,0.654026985168457,0.7602214048086212
bandpass,NCI_FCCP_10uM_15,control,NCI_02,308.6000061035156,158.0,0.9949202537536621,0.10898122192234137
bandpass,NCI_FCCP_10uM_16,matched,NCI_FCCP_10uM_16,-0.6000000238418579,0.20000000298023224,0.6023610830307007,0.8017746587845349
bandpass,NCI_FCCP_10uM_16,control,NCI_41,72.30000305175781,-19.5,0.9946916699409485,-0.10508610205521446
bandpass,NCI_FCCP_10uM_17,matched,NCI_FCCP_10uM_17,0.0,0.10000000149011612,0.7561167478561401,0.6590186133942246
bandpass,NCI_FCCP_10uM_17,control,SNU_FCCP_10uM_05,-95.30000305175781,-246.39999389648438,0.9931989312171936,0.11749486695222065
bandpass,NCI_FCCP_10uM_18,matched,NCI_FCCP_10uM_18,0.20000000298023224,-0.10000000149011612,0.7569739818572998,0.6579131047743568
bandpass,NCI_FCCP_10uM_18,control,T24_09,-38.400001525878906,-54.29999923706055,0.9920379519462585,-0.1281765322015807
bandpass,NCI_FCCP_10uM_19,matched,NCI_FCCP_10uM_19,0.0,-0.20000000298023224,0.6575457453727722,0.7575775654484561
bandpass,NCI_FCCP_10uM_19,control,SNU_72,43.79999923706055,137.1999969482422,0.9949034452438354,0.10058730524430483
bandpass,NCI_FCCP_10uM_20,matched,NCI_FCCP_10uM_20,0.20000000298023224,-0.10000000149011612,0.7614660263061523,0.6527552577675668
bandpass,NCI_FCCP_10uM_20,control,SNU_Rotenone_500nM_22,-23.0,4.5,0.9916085004806519,0.1287612658725687
bandpass,NCI_FCCP_10uM_21,matched,NCI_FCCP_10uM_21,-0.10000000149011612,0.10000000149011612,0.6918893456459045,0.7265753919112771
bandpass,NCI_FCCP_10uM_21,control,SNU_43,-120.5,154.60000610351562,0.9955210089683533,-0.09893880642329358
bandpass,NCI_FCCP_10uM_22,matched,NCI_FCCP_10uM_22,-0.20000000298023224,0.20000000298023224,0.6690118312835693,0.7474957052355161
bandpass,NCI_FCCP_10uM_22,control,SNU_78,-5.699999809265137,-16.700000762939453,0.9958895444869995,0.09005791683878794
bandpass,NCI_FCCP_10uM_23,matched,NCI_FCCP_10uM_23,0.20000000298023224,-0.30000001192092896,0.7670889496803284,0.6455624639537583
bandpass,NCI_FCCP_10uM_23,control,NCI_33,184.6999969482422,26.600000381469727,0.9931983947753906,0.11592729783148964
bandpass,NCI_FCCP_10uM_24,matched,NCI_FCCP_10uM_24,0.20000000298023224,-0.10000000149011612,0.8012082576751709,0.6025587009945776
bandpass,NCI_FCCP_10uM_24,control,T24_FCCP_10uM_11,-34.900001525878906,-20.100000381469727,0.9929201602935791,0.11788176917767851
bandpass,NCI_FCCP_10uM_25,matched,NCI_FCCP_10uM_25,0.0,0.30000001192092896,0.7654059529304504,0.6478161734427724
bandpass,NCI_FCCP_10uM_25,control,SNU_Rotenone_500nM_39,12.699999809265137,-3.4000000953674316,0.9871727824211121,0.1592306612740212
bandpass,NCI_FCCP_10uM_26,matched,NCI_FCCP_10uM_26,0.20000000298023224,-0.4000000059604645,0.6451598405838013,0.7675614051021902
bandpass,NCI_FCCP_10uM_26,control,NCI_Staurosporine_100nM_44,-3.4000000953674316,-8.699999809265137,0.9936630129814148,0.11220168540377219
bandpass,NCI_FCCP_10uM_27,matched,NCI_FCCP_10uM_27,0.30000001192092896,0.30000001192092896,0.7736722826957703,0.6377054024624476
bandpass,NCI_FCCP_10uM_27,control,NCI_34,-126.30000305175781,-56.29999923706055,0.9925074577331543,-0.1249888889177279
bandpass,NCI_FCCP_10uM_28,matched,NCI_FCCP_10uM_28,0.0,0.4000000059604645,0.8119276762008667,0.5879244566741069
bandpass,NCI_FCCP_10uM_28,control,T24_Blebbistatin_5uM_39,-9.600000381469727,-1.899999976158142,0.990448534488678,0.13773279277423078
bandpass,NCI_FCCP_10uM_29,matched,NCI_FCCP_10uM_29,-0.30000001192092896,-0.10000000149011612,0.6752173900604248,0.7418001718962693
bandpass,NCI_FCCP_10uM_29,control,NCI_Blebbistatin_5uM_31,10.5,-30.200000762939453,0.9929894804954529,0.11779107456392508
bandpass,NCI_FCCP_10uM_30,matched,NCI_FCCP_10uM_30,0.4000000059604645,-0.10000000149011612,0.7085978984832764,0.7096943531058966
bandpass,NCI_FCCP_10uM_30,control,SNU_blebbistatin_07,-105.5999984741211,174.39999389648438,0.9913209676742554,0.13125771660812727
bandpass,NCI_FCCP_10uM_31,matched,NCI_FCCP_10uM_31,0.10000000149011612,0.20000000298023224,0.7499768733978271,0.6659925677847912
bandpass,NCI_FCCP_10uM_31,control,T24_Staurosporine_100nM_41,-30.899999618530273,-111.5,0.9918403029441833,0.12709323467273898
bandpass,NCI_FCCP_10uM_32,matched,NCI_FCCP_10uM_32,0.10000000149011612,-0.30000001192092896,0.5820619463920593,0.8164436057701806
bandpass,NCI_FCCP_10uM_32,control,T24_FCCP_10uM_29,-50.5,-197.8000030517578,0.9938321709632874,0.11179309275078128
bandpass,NCI_FCCP_10uM_33,matched,NCI_FCCP_10uM_33,0.20000000298023224,-0.699999988079071,0.6647303700447083,0.7510023885804707
bandpass,NCI_FCCP_10uM_33,control,NCI_FCCP_10uM_23,-14.5,43.29999923706055,0.9945756793022156,0.10353281065493074
bandpass,NCI_FCCP_10uM_34,matched,NCI_FCCP_10uM_34,-0.5,0.0,0.6644112467765808,0.7508029668494105
bandpass,NCI_FCCP_10uM_34,control,NCI_Blebbistatin_5uM_35,-15.399999618530273,-16.399999618530273,0.9882816076278687,0.152450363851661
bandpass,NCI_FCCP_10uM_35,matched,NCI_FCCP_10uM_35,-0.30000001192092896,0.0,0.7887420058250427,0.6191830403105579
bandpass,NCI_FCCP_10uM_35,control,SNU_staurosporine_39,-83.19999694824219,66.69999694824219,0.9933024048805237,0.11492618577375849
bandpass,NCI_FCCP_10uM_36,matched,NCI_FCCP_10uM_36,0.20000000298023224,0.4000000059604645,0.698893666267395,0.7189791785462696
bandpass,NCI_FCCP_10uM_36,control,SNU_staurosporine_13,5.699999809265137,66.69999694824219,0.9952070713043213,-0.09790741402003268
bandpass,NCI_FCCP_10uM_37,matched,NCI_FCCP_10uM_37,0.10000000149011612,0.0,0.6555001735687256,0.7593623519273576
bandpass,NCI_FCCP_10uM_37,control,SNU_56,-227.6999969482422,-33.0,0.9920870065689087,-0.13200552949089744
bandpass,NCI_FCCP_10uM_38,matched,NCI_FCCP_10uM_38,-0.10000000149011612,0.30000001192092896,0.7116979956626892,0.706638725379509
bandpass,NCI_FCCP_10uM_38,control,SNU_blebbistatin_18,11.300000190734863,9.0,0.9953985810279846,0.09496973606287953
bandpass,NCI_FCCP_10uM_39,matched,NCI_FCCP_10uM_39,0.4000000059604645,-0.30000001192092896,0.5474753379821777,0.8391662727578422
bandpass,NCI_FCCP_10uM_39,control,NCI_rotenone_500nM_03,55.29999923706055,-138.3000030517578,0.9817901849746704,0.1902176395618276
bandpass,NCI_FCCP_10uM_40,matched,NCI_FCCP_10uM_40,0.20000000298023224,0.0,0.5911633968353271,0.8102861888072902
bandpass,NCI_FCCP_10uM_40,control,T24_08,-152.6999969482422,-99.0,0.9949577450752258,0.10031024591180272
bandpass,NCI_FCCP_10uM_41,matched,NCI_FCCP_10uM_41,0.0,0.20000000298023224,0.6646855473518372,0.751331387700354
bandpass,NCI_FCCP_10uM_41,control,SNU_staurosporine_35,-76.5999984741211,-205.8000030517578,0.9929706454277039,0.11880862912601971
bandpass,NCI_FCCP_10uM_42,matched,NCI_FCCP_10uM_42,0.20000000298023224,-0.10000000149011612,0.6715860366821289,0.74512778552481
bandpass,NCI_FCCP_10uM_42,control,NCI_Staurosporine_100nM_02,-183.0,-13.199999809265137,0.9927709698677063,0.12002297774466034
bandpass,NCI_FCCP_10uM_43,matched,NCI_FCCP_10uM_43,0.10000000149011612,0.10000000149011612,0.7434222102165222,0.6732563789723381
bandpass,NCI_FCCP_10uM_43,control,SNU_FCCP_10uM_32,24.899999618530273,-162.10000610351562,0.9928109645843506,-0.12380182548062782
bandpass,NCI_FCCP_10uM_44,matched,NCI_FCCP_10uM_44,0.30000001192092896,0.20000000298023224,0.8307507634162903,0.5602972623525632
bandpass,NCI_FCCP_10uM_44,control,SNU_Rotenone_500nM_12,64.30000305175781,173.3000030517578,0.9949171543121338,0.10031991168121632
bandpass,NCI_FCCP_10uM_45,matched,NCI_FCCP_10uM_45,0.20000000298023224,0.30000001192092896,0.8073530197143555,0.5942160992654759
bandpass,NCI_FCCP_10uM_45,control,SNU_FCCP_10uM_10,8.100000381469727,19.399999618530273,0.9899696111679077,0.1405293190128501
bandpass,NCI_FCCP_10uM_46,matched,NCI_FCCP_10uM_46,-0.20000000298023224,-0.20000000298023224,0.766006588935852,0.6470552640591896
bandpass,NCI_FCCP_10uM_46,control,SNU_FCCP_10uM_02,-22.899999618530273,-28.100000381469727,0.9936110973358154,0.11220112064574954
bandpass,NCI_FCCP_10uM_47,matched,NCI_FCCP_10uM_47,0.20000000298023224,0.0,0.7721530199050903,0.6398830396436862
bandpass,NCI_FCCP_10uM_47,control,T24_rotenone_500nM_03,-43.20000076293945,93.5,0.9937150478363037,0.1111569041908443
bandpass,NCI_FCCP_10uM_48,matched,NCI_FCCP_10uM_48,0.10000000149011612,0.20000000298023224,0.6409794092178345,0.7714771157226932
bandpass,NCI_FCCP_10uM_48,control,NCI_Blebbistatin_5uM_08,-32.400001525878906,-19.399999618530273,0.9856571555137634,0.16826247163545116
bandpass,NCI_FCCP_10uM_49,matched,NCI_FCCP_10uM_49,0.10000000149011612,0.20000000298023224,0.7396048307418823,0.6774119510902662
bandpass,NCI_FCCP_10uM_49,control,T24_Staurosporine_100nM_01,1.2000000476837158,-2.0999999046325684,0.9917539954185486,0.12761329332845436
bandpass,NCI_FCCP_10uM_50,matched,NCI_FCCP_10uM_50,0.4000000059604645,-0.4000000059604645,0.7983599901199341,0.6054451588963813
bandpass,NCI_FCCP_10uM_50,control,SNU_staurosporine_02,8.800000190734863,23.799999237060547,0.9957876801490784,0.09062105904444269
bandpass,NCI_Staurosporine_100nM_01,matched,NCI_Staurosporine_100nM_01,0.6000000238418579,-0.30000001192092896,0.6081020832061768,0.796357148252156
bandpass,NCI_Staurosporine_100nM_01,control,SNU_staurosporine_27,54.5,-33.400001525878906,0.9931439757347107,-0.11906785810243871
bandpass,NCI_Staurosporine_100nM_02,matched,NCI_Staurosporine_100nM_02,-0.20000000298023224,0.30000001192092896,0.6635181903839111,0.7520249621019189
bandpass,NCI_Staurosporine_100nM_02,control,NCI_Blebbistatin_5uM_26,70.69999694824219,-109.4000015258789,0.9946421384811401,0.10270633868826538
bandpass,NCI_Staurosporine_100nM_03,matched,NCI_Staurosporine_100nM_03,0.4000000059604645,0.4000000059604645,0.615753710269928,0.7903948370460423
bandpass,NCI_Staurosporine_100nM_03,control,SNU_30,196.1999969482422,-31.700000762939453,0.9962244629859924,0.08665288281250112
bandpass,NCI_Staurosporine_100nM_04,matched,NCI_Staurosporine_100nM_04,0.20000000298023224,-0.4000000059604645,0.566861629486084,0.8263725970330016
bandpass,NCI_Staurosporine_100nM_04,control,NCI_FCCP_10uM_32,50.599998474121094,-19.799999237060547,0.993519127368927,0.11330000666838538
bandpass,NCI_Staurosporine_100nM_05,matched,NCI_Staurosporine_100nM_05,0.0,0.10000000149011612,0.5471674799919128,0.8404865216567403
bandpass,NCI_Staurosporine_100nM_05,control,SNU_staurosporine_24,-1.399999976158142,-12.899999618530273,0.9931268095970154,0.11742955238855833
bandpass,NCI_Staurosporine_100nM_06,matched,NCI_Staurosporine_100nM_06,0.0,-0.10000000149011612,0.49822473526000977,0.87004548824298
bandpass,NCI_Staurosporine_100nM_06,control,T24_38,-220.0,-200.3000030517578,0.9928322434425354,-0.12514610197198586
bandpass,NCI_Staurosporine_100nM_07,matched,NCI_Staurosporine_100nM_07,-0.30000001192092896,0.30000001192092896,0.637851357460022,0.7732632982833201
bandpass,NCI_Staurosporine_100nM_07,control,T24_28,-45.900001525878906,82.0,0.9957315325737,0.09209326547976239
bandpass,NCI_Staurosporine_100nM_08,matched,NCI_Staurosporine_100nM_08,-0.30000001192092896,0.0,0.5874637365341187,0.8126280828395218
bandpass,NCI_Staurosporine_100nM_08,control,T24_Blebbistatin_5uM_07,-348.1000061035156,-179.8000030517578,0.9926706552505493,0.1336682135195813
bandpass,NCI_Staurosporine_100nM_09,matched,NCI_Staurosporine_100nM_09,-0.30000001192092896,0.30000001192092896,0.6935304403305054,0.7241721153069391
bandpass,NCI_Staurosporine_100nM_09,control,T24_rotenone_500nM_36,-193.6999969482422,269.79998779296875,0.9949063658714294,0.10310649914005211
bandpass,NCI_Staurosporine_100nM_10,matched,NCI_Staurosporine_100nM_10,0.5,0.4000000059604645,0.6884223818778992,0.7279671186313258
bandpass,NCI_Staurosporine_100nM_10,control,NCI_FCCP_10uM_46,-248.1999969482422,117.69999694824219,0.994303286075592,0.10861115340537017
bandpass,NCI_Staurosporine_100nM_11,matched,NCI_Staurosporine_100nM_11,-0.10000000149011612,0.0,0.7250413298606873,0.6933078565796659
bandpass,NCI_Staurosporine_100nM_11,control,NCI_rotenone_500nM_50,5.699999809265137,-24.200000762939453,0.9926931262016296,0.12015684764585927
bandpass,NCI_Staurosporine_100nM_12,matched,NCI_Staurosporine_100nM_12,0.10000000149011612,0.30000001192092896,0.599452018737793,0.8039595646670854
bandpass,NCI_Staurosporine_100nM_12,control,T24_rotenone_500nM_01,-112.69999694824219,-11.300000190734863,0.9821510314941406,0.188008630554359
bandpass,NCI_Staurosporine_100nM_13,matched,NCI_Staurosporine_100nM_13,-0.10000000149011612,-0.30000001192092896,0.7415270209312439,0.6751518244923616
bandpass,NCI_Staurosporine_100nM_13,control,SNU_blebbistatin_19,-89.4000015258789,11.5,0.9930681586265564,0.1167045638547077
bandpass,NCI_Staurosporine_100nM_14,matched,NCI_Staurosporine_100nM_14,0.10000000149011612,0.30000001192092896,0.7863597273826599,0.6219794504902685
bandpass,NCI_Staurosporine_100nM_14,control,NCI_FCCP_10uM_21,20.899999618530273,12.199999809265137,0.9846082329750061,0.17445335305127835
bandpass,NCI_Staurosporine_100nM_15,matched,NCI_Staurosporine_100nM_15,0.30000001192092896,0.20000000298023224,0.7678818702697754,0.6445718552909138
bandpass,NCI_Staurosporine_100nM_15,control,NCI_FCCP_10uM_27,5.900000095367432,19.700000762939453,0.9910305142402649,0.1328649016675965
bandpass,NCI_Staurosporine_100nM_16,matched,NCI_Staurosporine_100nM_16,0.20000000298023224,0.10000000149011612,0.7098806500434875,0.7085477899227087
bandpass,NCI_Staurosporine_100nM_16,control,NCI_Staurosporine_100nM_13,1.600000023841858,99.9000015258789,0.9930368661880493,0.11702334925581266
bandpass,NCI_Staurosporine_100nM_17,matched,NCI_Staurosporine_100nM_17,0.0,-0.20000000298023224,0.6545807719230652,0.7600199801243812
bandpass,NCI_Staurosporine_100nM_17,control,SNU_blebbistatin_32,-110.5999984741211,-148.60000610351562,0.9940394759178162,-0.11300171301632557
bandpass,NCI_Staurosporine_100nM_18,matched,NCI_Staurosporine_100nM_18,0.20000000298023224,-0.10000000149011612,0.5812797546386719,0.8170804560475756
bandpass,NCI_Staurosporine_100nM_18,control,SNU_FCCP_10uM_37,-51.0,-174.10000610351562,0.9942016005516052,0.1078178855023168
bandpass,NCI_Staurosporine_100nM_19,matched,NCI_Staurosporine_100nM_19,-0.30000001192092896,0.0,0.7334637641906738,0.6840887088556562
bandpass,NCI_Staurosporine_100nM_19,control,NCI_rotenone_500nM_21,-0.20000000298023224,39.20000076293945,0.9897979497909546,0.1419611299730949
bandpass,NCI_Staurosporine_100nM_20,matched,NCI_Staurosporine_100nM_20,0.0,-0.5,0.689446747303009,0.7276446566402787
bandpass,NCI_Staurosporine_100nM_20,control,NCI_Blebbistatin_5uM_49,-42.79999923706055,240.0,0.9927656054496765,0.12074175649536546
bandpass,NCI_Staurosporine_100nM_21,matched,NCI_Staurosporine_100nM_21,0.20000000298023224,0.0,0.6619627475738525,0.7537387332893738
bandpass,NCI_Staurosporine_100nM_21,control,T24_05,-20.299999237060547,-29.200000762939453,0.9950326085090637,-0.10105590528287764
bandpass,NCI_Staurosporine_100nM_22,matched,NCI_Staurosporine_100nM_22,-0.30000001192092896,-0.30000001192092896,0.7089014053344727,0.7089384214707392
bandpass,NCI_Staurosporine_100nM_22,control,SNU_31,-0.6000000238418579,-13.199999809265137,0.9925828576087952,0.12141567124217141
bandpass,NCI_Staurosporine_100nM_23,matched,NCI_Staurosporine_100nM_23,0.20000000298023224,-0.10000000149011612,0.749126136302948,0.6669211987531992
bandpass,NCI_Staurosporine_100nM_23,control,SNU_FCCP_10uM_24,-200.6999969482422,149.1999969482422,0.9935242533683777,0.11366855982861925
bandpass,NCI_Staurosporine_100nM_24,matched,NCI_Staurosporine_100nM_24,0.0,0.20000000298023224,0.7304175496101379,0.6872363141725156
bandpass,NCI_Staurosporine_100nM_24,control,SNU_91,-26.600000381469727,128.8000030517578,0.9956635236740112,-0.09683415513092389
bandpass,NCI_Staurosporine_100nM_25,matched,NCI_Staurosporine_100nM_25,0.10000000149011612,0.0,0.6701958179473877,0.7465495248572571
bandpass,NCI_Staurosporine_100nM_25,control,NCI_FCCP_10uM_42,23.5,-36.400001525878906,0.9954574704170227,-0.09699280232692858
bandpass,NCI_Staurosporine_100nM_26,matched,NCI_Staurosporine_100nM_26,0.10000000149011612,0.20000000298023224,0.7212566137313843,0.6968715563429981
bandpass,NCI_Staurosporine_100nM_26,control,T24_Staurosporine_100nM_11,226.3000030517578,169.89999389648438,0.9962475299835205,0.08755657127751813
bandpass,NCI_Staurosporine_100nM_27,matched,NCI_Staurosporine_100nM_27,0.10000000149011612,-0.20000000298023224,0.750525712966919,0.6652445365250045
bandpass,NCI_Staurosporine_100nM_27,control,NCI_FCCP_10uM_08,145.89999389648438,-97.4000015258789,0.9912726283073425,0.13107283836777311
bandpass,NCI_Staurosporine_100nM_28,matched,NCI_Staurosporine_100nM_28,-0.4000000059604645,0.30000001192092896,0.6958308219909668,0.7212046345774707
bandpass,NCI_Staurosporine_100nM_28,control,T24_FCCP_10uM_43,18.399999618530273,-161.3000030517578,0.9921537041664124,0.12510310165498661
bandpass,NCI_Staurosporine_100nM_29,matched,NCI_Staurosporine_100nM_29,0.10000000149011612,-0.30000001192092896,0.7119824886322021,0.7059952960442489
bandpass,NCI_Staurosporine_100nM_29,control,NCI_Blebbistatin_5uM_16,63.20000076293945,22.799999237060547,0.9932190179824829,0.11569753415063802
bandpass,NCI_Staurosporine_100nM_30,matched,NCI_Staurosporine_100nM_30,0.30000001192092896,0.30000001192092896,0.637357234954834,0.7738268257238925
bandpass,NCI_Staurosporine_100nM_30,control,SNU_Rotenone_500nM_36,-50.29999923706055,-81.4000015258789,0.992542564868927,0.12171965995592554
bandpass,NCI_Staurosporine_100nM_31,matched,NCI_Staurosporine_100nM_31,0.0,0.30000001192092896,0.6476979851722717,0.7658974346396634
bandpass,NCI_Staurosporine_100nM_31,control,T24_FCCP_10uM_06,107.69999694824219,-103.9000015258789,0.9856266379356384,0.16903231097825552
bandpass,NCI_Staurosporine_100nM_32,matched,NCI_Staurosporine_100nM_32,0.30000001192092896,-0.10000000149011612,0.7109653949737549,0.7072052932571473
bandpass,NCI_Staurosporine_100nM_32,control,SNU_73,-153.1999969482422,-87.0,0.9954906702041626,0.09407100622666095
bandpass,NCI_Staurosporine_100nM_33,matched,NCI_Staurosporine_100nM_33,0.30000001192092896,0.0,0.6995662450790405,0.718416644285363
bandpass,NCI_Staurosporine_100nM_33,control,NCI_FCCP_10uM_14,21.200000762939453,31.299999237060547,0.9940256476402283,0.10845511933931755
bandpass,NCI_Staurosporine_100nM_34,matched,NCI_Staurosporine_100nM_34,-0.20000000298023224,0.20000000298023224,0.7678844928741455,0.6447210229758905
bandpass,NCI_Staurosporine_100nM_34,control,SNU_34,19.399999618530273,-14.199999809265137,0.9929692149162292,0.11749964982431306
bandpass,NCI_Staurosporine_100nM_35,matched,NCI_Staurosporine_100nM_35,0.30000001192092896,-0.10000000149011612,0.22594961524009705,0.9737660766329208
bandpass,NCI_Staurosporine_100nM_35,control,T24_Staurosporine_100nM_24,-190.0,-268.3999938964844,0.993903398513794,0.11396642530240685
bandpass,NCI_Staurosporine_100nM_36,matched,NCI_Staurosporine_100nM_36,0.0,-0.5,0.6416974067687988,0.7699540889639993
bandpass,NCI_Staurosporine_100nM_36,control,NCI_18,-32.599998474121094,12.300000190734863,0.9674919843673706,0.2527603990067257
bandpass,NCI_Staurosporine_100nM_37,matched,NCI_Staurosporine_100nM_37,0.10000000149011612,0.10000000149011612,0.7398583889007568,0.6769409058623636
bandpass,NCI_Staurosporine_100nM_37,control,T24_Blebbistatin_5uM_16,-164.8000030517578,99.19999694824219,0.993552565574646,0.11322418642406079
bandpass,NCI_Staurosporine_100nM_38,matched,NCI_Staurosporine_100nM_38,0.0,0.10000000149011612,0.7202937006950378,0.6981058986297504
bandpass,NCI_Staurosporine_100nM_38,control,NCI_FCCP_10uM_07,-78.30000305175781,-164.10000610351562,0.9936333298683167,0.112401806949669
bandpass,NCI_Staurosporine_100nM_39,matched,NCI_Staurosporine_100nM_39,-0.10000000149011612,0.20000000298023224,0.7342937588691711,0.6831251116062552
bandpass,NCI_Staurosporine_100nM_39,control,SNU_FCCP_10uM_27,9.800000190734863,45.099998474121094,0.9926822185516357,0.12023457614712496
bandpass,NCI_Staurosporine_100nM_40,matched,NCI_Staurosporine_100nM_40,-0.5,-0.30000001192092896,0.6927865147590637,0.7240949380321153
bandpass,NCI_Staurosporine_100nM_40,control,T24_rotenone_500nM_45,-4.5,0.6000000238418579,0.9921191930770874,0.12456851330289885
bandpass,NCI_Staurosporine_100nM_41,matched,NCI_Staurosporine_100nM_41,0.0,0.30000001192092896,0.78077632188797,0.6287750247322865
bandpass,NCI_Staurosporine_100nM_41,control,SNU_blebbistatin_34,16.5,8.399999618530273,0.9932554364204407,0.11459614452395075
bandpass,NCI_Staurosporine_100nM_42,matched,NCI_Staurosporine_100nM_42,-0.10000000149011612,0.20000000298023224,0.12199533730745316,0.9922913289482114
bandpass,NCI_Staurosporine_100nM_42,control,SNU_blebbistatin_10,-99.30000305175781,33.900001525878906,0.9946593046188354,0.10260419898342917
bandpass,NCI_Staurosporine_100nM_43,matched,NCI_Staurosporine_100nM_43,0.30000001192092896,0.30000001192092896,0.7164739370346069,0.7013859024095352
bandpass,NCI_Staurosporine_100nM_43,control,T24_Blebbistatin_5uM_37,-211.1999969482422,-228.89999389648438,0.9956638813018799,0.09550376609689061
bandpass,NCI_Staurosporine_100nM_44,matched,NCI_Staurosporine_100nM_44,-0.20000000298023224,0.20000000298023224,0.7805644869804382,0.6293049069174202
bandpass,NCI_Staurosporine_100nM_44,control,T24_rotenone_500nM_21,-173.10000610351562,-29.600000381469727,0.9942733645439148,0.10623539297174933
bandpass,NCI_Staurosporine_100nM_45,matched,NCI_Staurosporine_100nM_45,-0.30000001192092896,-0.30000001192092896,0.7679333090782166,0.6443021564702974
bandpass,NCI_Staurosporine_100nM_45,control,SNU_staurosporine_34,9.5,7.300000190734863,0.9914042353630066,0.13060956879973357
bandpass,NCI_Staurosporine_100nM_46,matched,NCI_Staurosporine_100nM_46,0.4000000059604645,-0.20000000298023224,0.8213656544685364,0.5737963877950945
bandpass,NCI_Staurosporine_100nM_46,control,T24_Blebbistatin_5uM_08,-136.3000030517578,189.8000030517578,0.9942901730537415,0.10700136051759085
bandpass,NCI_Staurosporine_100nM_47,matched,NCI_Staurosporine_100nM_47,-0.30000001192092896,-0.10000000149011612,0.7495860457420349,0.6660725789493707
bandpass,NCI_Staurosporine_100nM_47,control,NCI_Staurosporine_100nM_03,-14.300000190734863,16.399999618530273,0.9935071468353271,0.11330817391307765
bandpass,NCI_Staurosporine_100nM_48,matched,NCI_Staurosporine_100nM_48,0.4000000059604645,0.20000000298023224,0.7311267256736755,0.6862829874855587
bandpass,NCI_Staurosporine_100nM_48,control,SNU_Rotenone_500nM_26,-31.5,20.799999237060547,0.9946357607841492,0.10299072277296882
bandpass,NCI_Staurosporine_100nM_49,matched,NCI_Staurosporine_100nM_49,-0.10000000149011612,-0.10000000149011612,0.7683827877044678,0.6441575816871196
bandpass,NCI_Staurosporine_100nM_49,control,SNU_FCCP_10uM_09,1.7000000476837158,36.099998474121094,0.9932648539543152,0.11489382876414377
bandpass,NCI_Staurosporine_100nM_50,matched,NCI_Staurosporine_100nM_50,0.20000000298023224,0.4000000059604645,0.7896413803100586,0.6179048161458803
bandpass,NCI_Staurosporine_100nM_50,control,NCI_Staurosporine_100nM_12,182.8000030517578,-113.4000015258789,0.9934824109077454,0.1144523932023671
bandpass,NCI_rotenone_500nM_01,matched,NCI_rotenone_500nM_01,-2.5,2.0,0.5833348035812378,0.8145445442681558
bandpass,NCI_rotenone_500nM_01,control,SNU_54,-172.6999969482422,-100.30000305175781,0.9936007857322693,-0.11675924660183772
bandpass,NCI_rotenone_500nM_02,matched,NCI_rotenone_500nM_02,-0.20000000298023224,0.800000011920929,0.5528123378753662,0.8364442289731747
bandpass,NCI_rotenone_500nM_02,control,T24_06,21.5,214.10000610351562,0.9955374598503113,0.09442956239740036
bandpass,NCI_rotenone_500nM_03,matched,NCI_rotenone_500nM_03,0.10000000149011612,-0.10000000149011612,0.526931881904602,0.8528350484271803
bandpass,NCI_rotenone_500nM_03,control,NCI_Staurosporine_100nM_04,308.1000061035156,71.80000305175781,0.992728054523468,0.1256648749136717
bandpass,NCI_rotenone_500nM_04,matched,NCI_rotenone_500nM_04,0.4000000059604645,0.800000011920929,0.5669335126876831,0.8264578309755941
bandpass,NCI_rotenone_500nM_04,control,SNU_53,-315.0,236.6999969482422,0.9866286516189575,0.17711463799673768
bandpass,NCI_rotenone_500nM_05,matched,NCI_rotenone_500nM_05,-0.30000001192092896,-0.10000000149011612,0.5827651023864746,0.8160234299561783
bandpass,NCI_rotenone_500nM_05,control,SNU_staurosporine_10,45.599998474121094,31.5,0.9922242760658264,-0.12645192272106867
bandpass,NCI_rotenone_500nM_06,matched,NCI_rotenone_500nM_06,0.5,-0.10000000149011612,0.48845499753952026,0.8743542606400362
bandpass,NCI_rotenone_500nM_06,control,T24_FCCP_10uM_16,-36.20000076293945,58.900001525878906,0.9951643347740173,0.09805038909270573
bandpass,NCI_rotenone_500nM_07,matched,NCI_rotenone_500nM_07,0.0,0.20000000298023224,0.39625513553619385,0.9199411818592275
bandpass,NCI_rotenone_500nM_07,control,NCI_FCCP_10uM_10,-54.599998474121094,158.0,0.9950764179229736,-0.10145785548303952
bandpass,NCI_rotenone_500nM_08,matched,NCI_rotenone_500nM_08,-0.10000000149011612,0.0,0.4424913823604584,0.8991536043378512
bandpass,NCI_rotenone_500nM_08,control,T24_FCCP_10uM_12,-198.6999969482422,124.19999694824219,0.9885433316230774,0.15249195156936096
bandpass,NCI_rotenone_500nM_09,matched,NCI_rotenone_500nM_09,-0.10000000149011612,0.10000000149011612,0.43259260058403015,0.9038789541557034
bandpass,NCI_rotenone_500nM_09,control,T24_48,-59.70000076293945,-124.30000305175781,0.9889996647834778,-0.15040606531880732
bandpass,NCI_rotenone_500nM_10,matched,NCI_rotenone_500nM_10,0.10000000149011612,0.10000000149011612,0.45688915252685547,0.8920309810873196
bandpass,NCI_rotenone_500nM_10,control,NCI_Blebbistatin_5uM_12,12.800000190734863,209.39999389648438,0.9930649399757385,0.11931052782332396
bandpass,NCI_rotenone_500nM_11,matched,NCI_rotenone_500nM_11,0.0,0.10000000149011612,0.48227253556251526,0.8786432095824176
bandpass,NCI_rotenone_500nM_11,control,NCI_Blebbistatin_5uM_13,-66.30000305175781,44.900001525878906,0.9882543683052063,0.15280234356340966
bandpass,NCI_rotenone_500nM_12,matched,NCI_rotenone_500nM_12,-0.10000000149011612,0.30000001192092896,0.6638142466545105,0.7518141327469311
bandpass,NCI_rotenone_500nM_12,control,NCI_FCCP_10uM_36,-76.4000015258789,-40.400001525878906,0.9942183494567871,0.10677184672477501
bandpass,NCI_rotenone_500nM_13,matched,NCI_rotenone_500nM_13,0.10000000149011612,0.20000000298023224,0.6954956650733948,0.7226640086551723
bandpass,NCI_rotenone_500nM_13,control,T24_Blebbistatin_5uM_49,-8.899999618530273,20.700000762939453,0.9927217364311218,0.11976385318591592
bandpass,NCI_rotenone_500nM_14,matched,NCI_rotenone_500nM_14,-0.10000000149011612,0.20000000298023224,0.6694191694259644,0.7468160058881566
bandpass,NCI_rotenone_500nM_14,control,T24_rotenone_500nM_04,173.89999389648438,8.800000190734863,0.9794327616691589,0.2037127032856271
bandpass,NCI_rotenone_500nM_15,matched,NCI_rotenone_500nM_15,0.20000000298023224,-0.10000000149011612,0.5004066228866577,0.8684460166550384
bandpass,NCI_rotenone_500nM_15,control,SNU_97,-103.30000305175781,-82.5999984741211,0.9909797310829163,-0.13698105272178912
bandpass,NCI_rotenone_500nM_16,matched,NCI_rotenone_500nM_16,0.20000000298023224,0.0,0.5662688612937927,0.8275513297929088
bandpass,NCI_rotenone_500nM_16,control,T24_Staurosporine_100nM_20,-27.600000381469727,338.5,0.9930716753005981,0.13265102376714571
bandpass,NCI_rotenone_500nM_17,matched,NCI_rotenone_500nM_17,0.0,0.10000000149011612,0.597756564617157,0.8054552033254448
bandpass,NCI_rotenone_500nM_17,control,T24_rotenone_500nM_43,207.60000610351562,-133.8000030517578,0.994645893573761,0.1046402321693035
bandpass,NCI_rotenone_500nM_18,matched,NCI_rotenone_500nM_18,0.0,0.0,0.514474093914032,0.8605608220900662
bandpass,NCI_rotenone_500nM_18,control,SNU_blebbistatin_31,-28.100000381469727,-66.80000305175781,0.9859174489974976,-0.17023427772147878
bandpass,NCI_rotenone_500nM_19,matched,NCI_rotenone_500nM_19,0.4000000059604645,0.0,0.4938119351863861,0.8718524515758358
bandpass,NCI_rotenone_500nM_19,control,T24_Blebbistatin_5uM_22,37.79999923706055,-141.39999389648438,0.9826720356941223,0.1854514224970394
bandpass,NCI_rotenone_500nM_20,matched,NCI_rotenone_500nM_20,-1.0,0.10000000149011612,0.4834286570549011,0.8780998039615152
bandpass,NCI_rotenone_500nM_20,control,NCI_Staurosporine_100nM_22,-146.60000610351562,-27.399999618530273,0.9924709796905518,0.12284052560733019
bandpass,NCI_rotenone_500nM_21,matched,NCI_rotenone_500nM_21,0.10000000149011612,0.0,0.48899325728416443,0.8750485943564908
bandpass,NCI_rotenone_500nM_21,control,NCI_32,-128.89999389648438,66.5,0.9926811456680298,0.12094463348591922
bandpass,NCI_rotenone_500nM_22,matched,NCI_rotenone_500nM_22,-0.20000000298023224,-0.10000000149011612,0.5074027180671692,0.8645241383099935
bandpass,NCI_rotenone_500nM_22,control,T24_10,-237.6999969482422,-147.3000030517578,0.9933086633682251,-0.12083065265014704
bandpass,NCI_rotenone_500nM_23,matched,NCI_rotenone_500nM_23,0.0,0.20000000298023224,0.7292147874832153,0.688568595750919
bandpass,NCI_rotenone_500nM_23,control,NCI_Blebbistatin_5uM_41,-51.20000076293945,-12.100000381469727,0.993922770023346,0.10934798130360239
bandpass,NCI_rotenone_500nM_24,matched,NCI_rotenone_500nM_24,0.10000000149011612,0.20000000298023224,0.6415172219276428,0.7709883572995795
bandpass,NCI_rotenone_500nM_24,control,NCI_Staurosporine_100nM_01,41.900001525878906,-59.400001525878906,0.9938023090362549,-0.1131656139778996
bandpass,NCI_rotenone_500nM_25,matched,NCI_rotenone_500nM_25,0.0,0.0,0.42542698979377747,0.9072806613139629
bandpass,NCI_rotenone_500nM_25,control,T24_FCCP_10uM_35,-0.30000001192092896,-68.9000015258789,0.9916213750839233,0.12959465329580191
bandpass,NCI_rotenone_500nM_26,matched,NCI_rotenone_500nM_26,0.20000000298023224,-0.10000000149011612,0.4577561318874359,0.891378064571502
bandpass,NCI_rotenone_500nM_26,control,NCI_Staurosporine_100nM_37,-53.599998474121094,-106.0,0.9963707327842712,-0.08666472883242236
bandpass,NCI_rotenone_500nM_27,matched,NCI_rotenone_500nM_27,0.10000000149011612,-0.10000000149011612,0.5191795229911804,0.8576879688600758
bandpass,NCI_rotenone_500nM_27,control,SNU_FCCP_10uM_41,43.400001525878906,-138.0,0.9911309480667114,-0.13560061243429458
bandpass,NCI_rotenone_500nM_28,matched,NCI_rotenone_500nM_28,-0.10000000149011612,0.20000000298023224,0.5860328078269958,0.8138874464567236
bandpass,NCI_rotenone_500nM_28,control,NCI_44,-8.800000190734863,-26.0,0.9949784874916077,0.10001649780658002
bandpass,NCI_rotenone_500nM_29,matched,NCI_rotenone_500nM_29,-0.20000000298023224,-0.20000000298023224,0.4690142869949341,0.8855567617296873
bandpass,NCI_rotenone_500nM_29,control,T24_Staurosporine_100nM_33,-70.0999984741211,81.5,0.9934474229812622,-0.1164457746998852
bandpass,NCI_rotenone_500nM_30,matched,NCI_rotenone_500nM_30,0.0,0.0,0.6191819310188293,0.7892587693916362
bandpass,NCI_rotenone_500nM_30,control,T24_Staurosporine_100nM_32,154.6999969482422,22.600000381469727,0.9856815934181213,-0.1707640584620173
bandpass,NCI_rotenone_500nM_31,matched,NCI_rotenone_500nM_31,-0.30000001192092896,-0.10000000149011612,0.620060920715332,0.788101735727557
bandpass,NCI_rotenone_500nM_31,control,SNU_blebbistatin_45,-29.600000381469727,-12.699999809265137,0.9927693605422974,0.11992643431367668
bandpass,NCI_rotenone_500nM_32,matched,NCI_rotenone_500nM_32,1.2999999523162842,-0.30000001192092896,0.591031014919281,0.8095085768169706
bandpass,NCI_rotenone_500nM_32,control,SNU_98,-207.89999389648438,-50.0,0.994021475315094,-0.11273051156547614
bandpass,NCI_rotenone_500nM_33,matched,NCI_rotenone_500nM_33,0.5,-0.6000000238418579,0.6827333569526672,0.7336239635465632
bandpass,NCI_rotenone_500nM_33,control,SNU_47,-122.30000305175781,41.5,0.9935857653617859,0.1136330139477484
bandpass,NCI_rotenone_500nM_34,matched,NCI_rotenone_500nM_34,0.10000000149011612,0.0,0.5897955298423767,0.8112943455458046
bandpass,NCI_rotenone_500nM_34,control,NCI_FCCP_10uM_48,24.5,136.1999969482422,0.9918602108955383,-0.12950031123369177
bandpass,NCI_rotenone_500nM_35,matched,NCI_rotenone_500nM_35,0.0,0.0,0.48701372742652893,0.8762843346333659
bandpass,NCI_rotenone_500nM_35,control,T24_rotenone_500nM_20,-142.5,-84.69999694824219,0.9858105182647705,0.16808215811363858
bandpass,NCI_rotenone_500nM_36,matched,NCI_rotenone_500nM_36,-0.10000000149011612,-0.30000001192092896,0.4778458774089813,0.8807776582838454
bandpass,NCI_rotenone_500nM_36,control,T24_Blebbistatin_5uM_20,-143.3000030517578,-73.5,0.9939129948616028,-0.11186324889619141
bandpass,NCI_rotenone_500nM_37,matched,NCI_rotenone_500nM_37,-0.10000000149011612,-0.4000000059604645,0.553871214389801,0.8351567783352507
bandpass,NCI_rotenone_500nM_37,control,NCI_FCCP_10uM_18,-94.4000015258789,17.100000381469727,0.9941350221633911,0.10820141688054555
bandpass,NCI_rotenone_500nM_38,matched,NCI_rotenone_500nM_38,0.0,0.5,0.5255006551742554,0.8527601203644688
bandpass,NCI_rotenone_500nM_38,control,NCI_Staurosporine_100nM_29,-187.60000610351562,36.0,0.9959436058998108,0.0902788043395683
bandpass,NCI_rotenone_500nM_39,matched,NCI_rotenone_500nM_39,-0.30000001192092896,-0.20000000298023224,0.15398384630680084,0.9874174611471347
bandpass,NCI_rotenone_500nM_39,control,T24_01,-56.0,35.099998474121094,0.9868949055671692,0.1611339282299742
bandpass,NCI_rotenone_500nM_40,matched,NCI_rotenone_500nM_40,-0.10000000149011612,-0.4000000059604645,0.4444957971572876,0.8976461005271211
bandpass,NCI_rotenone_500nM_40,control,NCI_46,-170.89999389648438,-122.5,0.990375816822052,0.13920030154430113
bandpass,NCI_rotenone_500nM_41,matched,NCI_rotenone_500nM_41,0.0,0.0,0.6809514760971069,0.7364806722513442
bandpass,NCI_rotenone_500nM_41,control,SNU_FCCP_10uM_48,22.799999237060547,1.399999976158142,0.9938582181930542,0.10996224523554866
bandpass,NCI_rotenone_500nM_42,matched,NCI_rotenone_500nM_42,-0.10000000149011612,-0.5,0.5661935210227966,0.8267450049741716
bandpass,NCI_rotenone_500nM_42,control,NCI_Blebbistatin_5uM_10,110.5,244.5,0.9904022812843323,0.13924900587564407
bandpass,NCI_rotenone_500nM_43,matched,NCI_rotenone_500nM_43,-0.30000001192092896,-0.20000000298023224,0.6555537581443787,0.758620487730737
bandpass,NCI_rotenone_500nM_43,control,SNU_Rotenone_500nM_27,190.1999969482422,-160.39999389648438,0.9931870102882385,0.11691566299163289
bandpass,NCI_rotenone_500nM_44,matched,NCI_rotenone_500nM_44,0.0,-0.10000000149011612,0.6275017261505127,0.7825298757368219
bandpass,NCI_rotenone_500nM_44,control,NCI_rotenone_500nM_33,-366.0,15.0,0.9916940927505493,-0.15037807577471782
bandpass,NCI_rotenone_500nM_45,matched,NCI_rotenone_500nM_45,0.10000000149011612,-0.10000000149011612,0.6138928532600403,0.7931960375569964
bandpass,NCI_rotenone_500nM_45,control,NCI_Blebbistatin_5uM_30,21.0,111.4000015258789,0.9933169484138489,0.11521131081185743
bandpass,NCI_rotenone_500nM_46,matched,NCI_rotenone_500nM_46,0.10000000149011612,0.10000000149011612,0.7272416949272156,0.6905833204618806
bandpass,NCI_rotenone_500nM_46,control,NCI_rotenone_500nM_01,-111.4000015258789,4.0,0.9911292195320129,-0.1353183081734388
bandpass,NCI_rotenone_500nM_47,matched,NCI_rotenone_500nM_47,0.10000000149011612,-0.30000001192092896,0.5768183469772339,0.8200761033760952
bandpass,NCI_rotenone_500nM_47,control,T24_rotenone_500nM_23,9.199999809265137,261.8999938964844,0.9744017720222473,0.22937137207036576
bandpass,NCI_rotenone_500nM_48,matched,NCI_rotenone_500nM_48,-0.4000000059604645,0.30000001192092896,0.6107681393623352,0.7948796744009182
bandpass,NCI_rotenone_500nM_48,control,SNU_Rotenone_500nM_23,-55.599998474121094,78.80000305175781,0.9912461042404175,0.1321458669092361
bandpass,NCI_rotenone_500nM_49,matched,NCI_rotenone_500nM_49,0.30000001192092896,-0.20000000298023224,0.6090600490570068,0.7964787325691205
bandpass,NCI_rotenone_500nM_49,control,SNU_88,42.400001525878906,-44.70000076293945,0.9930402636528015,0.11755348571155906
bandpass,NCI_rotenone_500nM_50,matched,NCI_rotenone_500nM_50,0.10000000149011612,-0.10000000149011612,0.6665052771568298,0.7496697390697292
bandpass,NCI_rotenone_500nM_50,control,NCI_Blebbistatin_5uM_39,89.0999984741211,63.900001525878906,0.9903756976127625,0.13823944966794635
bandpass,SNU_01,matched,SNU_01,34.29999923706055,-6.300000190734863,0.9921424388885498,0.12497043623609537
bandpass,SNU_01,control,NCI_Blebbistatin_5uM_32,267.6000061035156,26.5,0.9943208694458008,0.11335483107999718
bandpass,SNU_02,matched,SNU_02,89.69999694824219,-47.400001525878906,0.994079053401947,0.10756744386454875
bandpass,SNU_02,control,SNU_Rotenone_500nM_31,-37.900001525878906,-71.30000305175781,0.9890413880348206,-0.15131784614230442
bandpass,SNU_03,matched,SNU_03,75.80000305175781,10.600000381469727,0.9931343793869019,0.11635120518585261
bandpass,SNU_03,control,SNU_blebbistatin_41,-131.6999969482422,-145.89999389648438,0.9921422600746155,0.12523861004491404
bandpass,SNU_04,matched,SNU_04,32.400001525878906,86.19999694824219,0.9953805208206177,0.09479737993364812
bandpass,SNU_04,control,SNU_staurosporine_25,89.5999984741211,40.70000076293945,0.9904314279556274,-0.14141853908002341
bandpass,SNU_05,matched,SNU_05,-115.69999694824219,-98.19999694824219,0.9948462247848511,0.10035829661125747
bandpass,SNU_05,control,SNU_FCCP_10uM_16,13.399999618530273,-53.599998474121094,0.9918805956840515,0.12639640943449382
bandpass,SNU_06,matched,SNU_06,49.79999923706055,-15.0,0.9919992089271545,0.12651799793707602
bandpass,SNU_06,control,T24_Staurosporine_100nM_27,-57.5,-33.900001525878906,0.9907786250114441,0.13533609097398552
bandpass,SNU_07,matched,SNU_07,184.6999969482422,-109.0999984741211,0.9854744672775269,0.17067343175949543
bandpass,SNU_07,control,T24_Staurosporine_100nM_43,108.9000015258789,-21.200000762939453,0.9912921786308289,-0.13447637830324957
bandpass,SNU_08,matched,SNU_08,18.399999618530273,-189.8000030517578,0.990525484085083,0.13727147496684172
bandpass,SNU_08,control,NCI_Staurosporine_100nM_20,-136.0,-233.6999969482422,0.9911864995956421,0.132821483482343
bandpass,SNU_09,matched,SNU_09,44.70000076293945,-233.39999389648438,0.9944028258323669,0.10551343020321366
bandpass,SNU_09,control,SNU_staurosporine_49,145.1999969482422,96.5,0.9940521717071533,0.10764495278503809
bandpass,SNU_100,matched,SNU_100,-0.5,0.0,0.7714191675186157,0.6400480352735971
bandpass,SNU_100,control,SNU_staurosporine_20,9.0,36.400001525878906,0.9952387809753418,-0.1001938996628597
bandpass,SNU_10,matched,SNU_10,77.4000015258789,-356.0,0.9892117977142334,0.16214498936617838
bandpass,SNU_10,control,SNU_23,-8.100000381469727,-173.10000610351562,0.9952482581138611,-0.10297728315984538
bandpass,SNU_11,matched,SNU_11,-101.0,-84.0,0.994204580783844,0.10703347565721325
bandpass,SNU_11,control,SNU_Rotenone_500nM_07,-239.3000030517578,-38.20000076293945,0.9942794442176819,0.10729668736725291
bandpass,SNU_12,matched,SNU_12,34.400001525878906,-96.30000305175781,0.9941537976264954,-0.11136278186426372
bandpass,SNU_12,control,NCI_FCCP_10uM_13,-138.39999389648438,128.8000030517578,0.9952965974807739,0.09551495554767808
bandpass,SNU_13,matched,SNU_13,50.79999923706055,23.0,0.9918638467788696,0.1262799400465089
bandpass,SNU_13,control,NCI_38,126.4000015258789,44.599998474121094,0.9942073225975037,0.1065680345791298
bandpass,SNU_14,matched,SNU_14,-272.29998779296875,-35.0,0.995537519454956,-0.1029002987071499
bandpass,SNU_14,control,SNU_blebbistatin_47,-139.3000030517578,-36.0,0.9925848841667175,0.12135583852265745
bandpass,SNU_15,matched,SNU_15,116.9000015258789,-60.900001525878906,0.9921324253082275,-0.12820620044028117
bandpass,SNU_15,control,NCI_rotenone_500nM_09,83.0,149.10000610351562,0.9903779625892639,0.1378522101613544
bandpass,SNU_16,matched,SNU_16,45.79999923706055,-45.0,0.9897968173027039,0.1411313301321739
bandpass,SNU_16,control,SNU_13,63.70000076293945,-53.900001525878906,0.990694522857666,0.13466096271551978
bandpass,SNU_17,matched,SNU_17,-52.5,-17.299999237060547,0.9934065937995911,0.11362331710769609
bandpass,SNU_17,control,NCI_FCCP_10uM_33,-47.20000076293945,67.9000015258789,0.995102047920227,0.09780247186994988
bandpass,SNU_18,matched,SNU_18,40.599998474121094,-33.79999923706055,0.9895058274269104,0.14389977390621478
bandpass,SNU_18,control,T24_Staurosporine_100nM_34,-27.100000381469727,-158.0,0.9947011470794678,0.10179254789202102
bandpass,SNU_19,matched,SNU_19,51.900001525878906,-39.099998474121094,0.9914252161979675,0.12887703565171132
bandpass,SNU_19,control,T24_24,142.6999969482422,11.0,0.9917179942131042,0.12707034891285052
bandpass,SNU_20,matched,SNU_20,49.20000076293945,-36.79999923706055,0.9919087290763855,0.12594901863684216
bandpass,SNU_20,control,SNU_staurosporine_04,397.79998779296875,-6.699999809265137,0.9897353053092957,0.17392422576473088
bandpass,SNU_21,matched,SNU_21,121.5999984741211,-11.899999618530273,0.9941732883453369,0.10727962336168076
bandpass,SNU_21,control,SNU_staurosporine_09,135.60000610351562,2.4000000953674316,0.995265543460846,0.09645335113936697
bandpass,SNU_22,matched,SNU_22,-149.1999969482422,-137.3000030517578,0.9935330152511597,0.11293036659513142
bandpass,SNU_22,control,SNU_staurosporine_23,-117.9000015258789,-220.39999389648438,0.9948386549949646,-0.10600429084800306
bandpass,SNU_23,matched,SNU_23,43.599998474121094,23.399999618530273,0.9885721802711487,0.14987525520626388
bandpass,SNU_23,control,NCI_17,149.10000610351562,0.699999988079071,0.9951945543289185,0.09685091601795517
bandpass,SNU_24,matched,SNU_24,41.0,22.0,0.9954479932785034,0.0941245629419232
bandpass,SNU_24,control,NCI_FCCP_10uM_12,8.199999809265137,218.60000610351562,0.9915019869804382,0.1317463954287915
bandpass,SNU_25,matched,SNU_25,41.79999923706055,25.5,0.9845679402351379,0.17388375560482772
bandpass,SNU_25,control,T24_Blebbistatin_5uM_06,86.0,28.100000381469727,0.9948778748512268,-0.10328951595325536
bandpass,SNU_26,matched,SNU_26,86.0,-38.70000076293945,0.9921681880950928,-0.12821393832231828
bandpass,SNU_26,control,NCI_rotenone_500nM_17,-190.5,16.799999237060547,0.9929291605949402,0.11883750398900009
bandpass,SNU_27,matched,SNU_27,41.29999923706055,-0.30000001192092896,0.9940894842147827,0.10677850708626263
bandpass,SNU_27,control,NCI_Blebbistatin_5uM_34,-189.3000030517578,104.9000015258789,0.9931212663650513,-0.12052270239757804
bandpass,SNU_28,matched,SNU_28,35.79999923706055,17.600000381469727,0.9903879761695862,0.13659437437394217
bandpass,SNU_28,control,SNU_blebbistatin_20,112.30000305175781,108.9000015258789,0.9942815899848938,0.10495817004857172
bandpass,SNU_29,matched,SNU_29,10.699999809265137,183.6999969482422,0.9916297197341919,-0.13346932433956107
bandpass,SNU_29,control,SNU_09,205.5,43.29999923706055,0.9955864548683167,0.09482406087763201
bandpass,SNU_30,matched,SNU_30,-82.4000015258789,223.0,0.995465874671936,-0.09963384697357841
bandpass,SNU_30,control,NCI_Blebbistatin_5uM_06,-135.39999389648438,-142.89999389648438,0.9930897355079651,0.11673581807570797
bandpass,SNU_31,matched,SNU_31,26.899999618530273,5.199999809265137,0.991686224937439,0.12798822238494797
bandpass,SNU_31,control,NCI_22,44.70000076293945,10.399999618530273,0.9918820261955261,0.12627922596649294
bandpass,SNU_32,matched,SNU_32,32.599998474121094,-43.5,0.9917032122612,0.12733318741021593
bandpass,SNU_32,control,NCI_FCCP_10uM_47,-62.70000076293945,-207.89999389648438,0.9952296018600464,0.09689075005483222
bandpass,SNU_33,matched,SNU_33,3.5999999046325684,27.700000762939453,0.9944910407066345,-0.10911293018685755
bandpass,SNU_33,control,T24_Staurosporine_100nM_15,-66.9000015258789,-47.70000076293945,0.9956787824630737,0.09156957315128703
bandpass,SNU_34,matched,SNU_34,44.099998474121094,-64.9000015258789,0.9918144345283508,0.12665753933387147
bandpass,SNU_34,control,NCI_12,-140.5,-75.5999984741211,0.9891672730445862,0.14560566345817688
bandpass,SNU_35,matched,SNU_35,20.799999237060547,-93.4000015258789,0.9889650344848633,0.1468203884709738
bandpass,SNU_35,control,T24_03,65.0999984741211,30.200000762939453,0.995827317237854,-0.09404495809460915
bandpass,SNU_36,matched,SNU_36,13.399999618530273,-49.099998474121094,0.9901143908500671,0.1395412791551626
bandpass,SNU_36,control,NCI_Staurosporine_100nM_30,-67.5999984741211,99.0999984741211,0.9905821681022644,0.13593420349607177
bandpass,SNU_37,matched,SNU_37,-84.9000015258789,-8.100000381469727,0.994022011756897,0.10799393970026788
bandpass,SNU_37,control,SNU_FCCP_10uM_47,-57.599998474121094,-88.4000015258789,0.9944442510604858,0.10389717129278501
bandpass,SNU_38,matched,SNU_38,20.0,-20.399999618530273,0.9916037917137146,0.12840961951152105
bandpass,SNU_38,control,NCI_49,-30.600000381469727,119.69999694824219,0.9940422773361206,-0.11142226426511229
bandpass,SNU_39,matched,SNU_39,-169.0,-27.700000762939453,0.9925302267074585,0.12196937746310328
bandpass,SNU_39,control,NCI_10,137.5,-33.20000076293945,0.9887942671775818,0.1486839988239142
bandpass,SNU_40,matched,SNU_40,8.5,-60.20000076293945,0.9840229153633118,0.17692061718776603
bandpass,SNU_40,control,NCI_01,119.0,23.700000762939453,0.9929454922676086,0.1175172057094433
bandpass,SNU_41,matched,SNU_41,16.899999618530273,43.099998474121094,0.9927575588226318,0.11905419297615202
bandpass,SNU_41,control,SNU_FCCP_10uM_26,23.100000381469727,41.70000076293945,0.9881852865219116,0.15245161633487403
bandpass,SNU_42,matched,SNU_42,9.600000381469727,57.5,0.9916325211524963,0.12632464154397147
bandpass,SNU_42,control,SNU_staurosporine_01,-181.0,2.700000047683716,0.9944894909858704,0.10261515047680528
bandpass,SNU_43,matched,SNU_43,12.5,48.0,0.9901425838470459,0.13887639398826174
bandpass,SNU_43,control,T24_rotenone_500nM_42,41.29999923706055,-200.3000030517578,0.9951045513153076,-0.10372517516390364
bandpass,SNU_44,matched,SNU_44,6.599999904632568,14.100000381469727,0.9930464029312134,0.11647651527891982
bandpass,SNU_44,control,SNU_51,6.199999809265137,19.0,0.9893924593925476,0.14438500448111763
bandpass,SNU_45,matched,SNU_45,6.900000095367432,-38.099998474121094,0.99366295337677,0.11111090609128055
bandpass,SNU_45,control,NCI_FCCP_10uM_05,64.80000305175781,-18.899999618530273,0.9931620955467224,-0.12032293213651833
bandpass,SNU_46,matched,SNU_46,16.5,-41.599998474121094,0.9914475679397583,0.1281711163867462
bandpass,SNU_46,control,T24_Blebbistatin_5uM_11,-41.5,64.9000015258789,0.9897329211235046,0.1411841471937716
bandpass,SNU_47,matched,SNU_47,19.600000381469727,-85.19999694824219,0.9868951439857483,0.16076350223820243
bandpass,SNU_47,control,SNU_Rotenone_500nM_04,86.30000305175781,66.0999984741211,0.9951210021972656,-0.10145132166304281
bandpass,SNU_48,matched,SNU_48,22.600000381469727,-100.80000305175781,0.9948116540908813,0.10022780627457685
bandpass,SNU_48,control,NCI_rotenone_500nM_25,123.4000015258789,-76.5,0.9872088432312012,0.15860309791846278
bandpass,SNU_49,matched,SNU_49,-1.100000023841858,6.900000095367432,0.990186870098114,0.1383540940983533
bandpass,SNU_49,control,SNU_blebbistatin_17,92.4000015258789,21.600000381469727,0.9955958127975464,0.09176166915905437
bandpass,SNU_50,matched,SNU_50,-289.0,-48.70000076293945,0.9941853880882263,0.11272731514487551
bandpass,SNU_50,control,SNU_68,-114.9000015258789,-40.099998474121094,0.9947264194488525,0.10134841957647213
bandpass,SNU_51,matched,SNU_51,-0.10000000149011612,-0.20000000298023224,0.7823265194892883,0.6277115527840958
bandpass,SNU_51,control,T24_rotenone_500nM_11,-345.3999938964844,84.80000305175781,0.9942654967308044,0.11158736969513931
bandpass,SNU_52,matched,SNU_52,0.30000001192092896,0.10000000149011612,0.7497942447662354,0.6663903564422381
bandpass,SNU_52,control,NCI_rotenone_500nM_28,235.3000030517578,-6.0,0.9936391711235046,0.11534666870949249
bandpass,SNU_53,matched,SNU_53,0.30000001192092896,0.6000000238418579,0.8232879638671875,0.5715596770226176
bandpass,SNU_53,control,NCI_Staurosporine_100nM_27,46.0,68.0,0.9926367402076721,0.11980426314898793
bandpass,SNU_54,matched,SNU_54,0.10000000149011612,-0.10000000149011612,0.8142591118812561,0.5850205589668962
bandpass,SNU_54,control,SNU_staurosporine_16,-360.29998779296875,-20.799999237060547,0.9876253008842468,0.1843648898794876
bandpass,SNU_55,matched,SNU_55,0.20000000298023224,0.4000000059604645,0.8203756213188171,0.5759691531518857
bandpass,SNU_55,control,NCI_30,178.39999389648438,-78.69999694824219,0.9924683570861816,-0.1267371700118897
bandpass,SNU_56,matched,SNU_56,-0.20000000298023224,0.30000001192092896,0.8320613503456116,0.5585703024150408
bandpass,SNU_56,control,NCI_FCCP_10uM_50,137.10000610351562,-141.8000030517578,0.9951278567314148,0.0963804961085799
bandpass,SNU_57,matched,SNU_57,0.10000000149011612,-0.10000000149011612,0.8354259729385376,0.5540256404485207
bandpass,SNU_57,control,NCI_FCCP_10uM_43,136.60000610351562,-68.9000015258789,0.9890127182006836,0.14714845713103322
bandpass,SNU_58,matched,SNU_58,-0.5,0.5,0.8569804430007935,0.5181397421527686
bandpass,SNU_58,control,T24_29,30.100000381469727,-1.100000023841858,0.9936442375183105,0.11110247807516105
bandpass,SNU_59,matched,SNU_59,-0.699999988079071,0.10000000149011612,0.843877911567688,0.5406746070148086
bandpass,SNU_59,control,NCI_rotenone_500nM_45,30.200000762939453,33.5,0.9922454953193665,-0.12713526274330791
bandpass,SNU_60,matched,SNU_60,-0.20000000298023224,0.20000000298023224,0.8173627853393555,0.5807229070009875
bandpass,SNU_60,control,T24_Blebbistatin_5uM_09,145.5,-119.30000305175781,0.9939540028572083,0.10859000574703727
bandpass,SNU_61,matched,SNU_61,-0.30000001192092896,0.10000000149011612,0.8224680423736572,0.5730193007875961
bandpass,SNU_61,control,T24_Staurosporine_100nM_46,-22.600000381469727,147.5,0.9932982921600342,0.11396841329107446
bandpass,SNU_62,matched,SNU_62,0.10000000149011612,0.30000001192092896,0.7281007170677185,0.6900560720278338
bandpass,SNU_62,control,SNU_staurosporine_12,-165.60000610351562,-68.5,0.984666645526886,0.174162809713247
bandpass,SNU_63,matched,SNU_63,0.0,-0.20000000298023224,0.6531179547309875,0.7617340432136478
bandpass,SNU_63,control,T24_FCCP_10uM_32,-282.1000061035156,-29.799999237060547,0.9926683902740479,-0.1263661716320444
bandpass,SNU_64,matched,SNU_64,0.0,-0.20000000298023224,0.615855872631073,0.7918056660120064
bandpass,SNU_64,control,NCI_FCCP_10uM_25,-34.400001525878906,-86.19999694824219,0.9951809048652649,0.09658264824037627
bandpass,SNU_65,matched,SNU_65,0.0,0.10000000149011612,0.7518664002418518,0.6641747996839128
bandpass,SNU_65,control,SNU_Rotenone_500nM_20,-239.5,-34.099998474121094,0.9904735088348389,-0.14409695718158044
bandpass,SNU_66,matched,SNU_66,-0.10000000149011612,0.10000000149011612,0.8053550720214844,0.5970562618738582
bandpass,SNU_66,control,SNU_staurosporine_43,-16.899999618530273,-60.400001525878906,0.9934448599815369,0.1125852782106865
bandpass,SNU_67,matched,SNU_67,0.20000000298023224,-0.10000000149011612,0.7889503836631775,0.6188951011312166
bandpass,SNU_67,control,NCI_FCCP_10uM_37,-16.299999237060547,40.099998474121094,0.992856502532959,0.11800764196449019
bandpass,SNU_68,matched,SNU_68,-0.4000000059604645,0.10000000149011612,0.7725775837898254,0.6389306207468469
bandpass,SNU_68,control,T24_46,112.5,27.700000762939453,0.9919483065605164,0.12550680493201413
bandpass,SNU_69,matched,SNU_69,-0.10000000149011612,0.10000000149011612,0.7918010950088501,0.6153512129165901
bandpass,SNU_69,control,SNU_FCCP_10uM_06,-10.0,19.100000381469727,0.9943346381187439,0.10510286365323372
bandpass,SNU_70,matched,SNU_70,-0.5,0.5,0.80093914270401,0.6017439786758537
bandpass,SNU_70,control,SNU_FCCP_10uM_01,166.6999969482422,26.399999618530273,0.9946237206459045,0.10040855216766957
bandpass,SNU_71,matched,SNU_71,-0.20000000298023224,0.6000000238418579,0.7626225352287292,0.650756279389977
bandpass,SNU_71,control,NCI_Blebbistatin_5uM_38,182.60000610351562,16.399999618530273,0.996541440486908,0.08209996487449607
bandpass,SNU_72,matched,SNU_72,-0.10000000149011612,0.20000000298023224,0.7732503414154053,0.6388223991560213
bandpass,SNU_72,control,T24_FCCP_10uM_30,-34.900001525878906,-5.0,0.9943763017654419,0.10477197684046406
bandpass,SNU_73,matched,SNU_73,0.0,0.0,0.7805861830711365,0.6291875672099897
bandpass,SNU_73,control,NCI_Blebbistatin_5uM_27,18.299999237060547,18.399999618530273,0.992813229560852,0.11788108509468931
bandpass,SNU_74,matched,SNU_74,-0.6000000238418579,0.10000000149011612,0.8585790395736694,0.5159054738422062
bandpass,SNU_74,control,SNU_Rotenone_500nM_10,90.80000305175781,12.0,0.9954078793525696,-0.09966173143491519
bandpass,SNU_75,matched,SNU_75,-0.30000001192092896,0.0,0.7796439528465271,0.6305995047317382
bandpass,SNU_75,control,T24_FCCP_10uM_03,-198.6999969482422,-30.0,0.9900005459785461,0.14047019981575057
bandpass,SNU_76,matched,SNU_76,0.10000000149011612,0.0,0.7947834134101868,0.6113546153437779
bandpass,SNU_76,control,NCI_26,-167.39999389648438,-106.0999984741211,0.9940990805625916,0.10717684618213077
bandpass,SNU_77,matched,SNU_77,0.20000000298023224,0.6000000238418579,0.73393714427948,0.683493134477011
bandpass,SNU_77,control,SNU_08,4.099999904632568,10.699999809265137,0.9870287775993347,0.1600437234110327
bandpass,SNU_78,matched,SNU_78,-0.30000001192092896,0.0,0.7734075784683228,0.6383739684250058
bandpass,SNU_78,control,NCI_Staurosporine_100nM_50,-173.10000610351562,-232.39999389648438,0.9931632280349731,0.11755305780414264
bandpass,SNU_79,matched,SNU_79,0.20000000298023224,0.20000000298023224,0.7916204929351807,0.6155032239100502
bandpass,SNU_79,control,NCI_Blebbistatin_5uM_22,-136.39999389648438,55.099998474121094,0.9954308271408081,0.09419793093296122
bandpass,SNU_80,matched,SNU_80,-0.699999988079071,0.0,0.7554608583450317,0.6597706474647245
bandpass,SNU_80,control,NCI_rotenone_500nM_30,-151.8000030517578,33.29999923706055,0.990766704082489,0.13491251749030894
bandpass,SNU_81,matched,SNU_81,-0.10000000149011612,-0.20000000298023224,0.7789910435676575,0.6315349617593006
bandpass,SNU_81,control,NCI_rotenone_500nM_05,-144.3000030517578,54.79999923706055,0.9937942624092102,0.10997578499601689
bandpass,SNU_82,matched,SNU_82,-0.5,0.5,0.8272802233695984,0.564557226985382
bandpass,SNU_82,control,NCI_FCCP_10uM_22,24.700000762939453,228.10000610351562,0.9953648447990417,0.09563844608274175
bandpass,SNU_83,matched,SNU_83,-0.30000001192092896,-0.30000001192092896,0.7685633897781372,0.6439868951638265
bandpass,SNU_83,control,SNU_80,-1.5,1.0,0.9860419034957886,0.16621375770470737
bandpass,SNU_84,matched,SNU_84,-0.30000001192092896,-0.10000000149011612,0.8404343724250793,0.545939703100555
bandpass,SNU_84,control,T24_FCCP_10uM_48,127.0999984741211,77.5,0.9941428899765015,-0.11222535512575633
bandpass,SNU_85,matched,SNU_85,0.20000000298023224,0.30000001192092896,0.789046049118042,0.6183941335932198
bandpass,SNU_85,control,T24_FCCP_10uM_38,-151.0,30.700000762939453,0.9938815236091614,0.10909950754833317
bandpass,SNU_86,matched,SNU_86,-0.10000000149011612,-0.20000000298023224,0.8227034211158752,0.5727837281531554
bandpass,SNU_86,control,NCI_19,55.0,-56.20000076293945,0.9933353066444397,0.11406466810403885
bandpass,SNU_87,matched,SNU_87,0.10000000149011612,0.30000001192092896,0.7381592392921448,0.6789429410872484
bandpass,SNU_87,control,T24_Staurosporine_100nM_25,8.100000381469727,-129.39999389648438,0.9914530515670776,0.12947132625772173
bandpass,SNU_88,matched,SNU_88,-0.30000001192092896,-0.10000000149011612,0.7361896634101868,0.681253108778981
bandpass,SNU_88,control,SNU_blebbistatin_37,143.39999389648438,33.099998474121094,0.9944431781768799,0.10446795811092488
bandpass,SNU_89,matched,SNU_89,-0.10000000149011612,0.4000000059604645,0.713842511177063,0.7047533842125572
bandpass,SNU_89,control,T24_FCCP_10uM_34,111.5999984741211,34.400001525878906,0.9916274547576904,-0.13197204623845815
bandpass,SNU_90,matched,SNU_90,0.20000000298023224,0.0,0.798069179058075,0.6068897300813372
bandpass,SNU_90,control,SNU_staurosporine_03,131.3000030517578,309.70001220703125,0.993964433670044,-0.11751859052752343
bandpass,SNU_91,matched,SNU_91,-0.20000000298023224,-0.4000000059604645,0.859097957611084,0.5149356119670291
bandpass,SNU_91,control,T24_Staurosporine_100nM_09,-116.5,-112.80000305175781,0.9945947527885437,0.10215565554695062
bandpass,SNU_92,matched,SNU_92,0.10000000149011612,-0.20000000298023224,0.8197048902511597,0.5768018517655517
bandpass,SNU_92,control,T24_FCCP_10uM_41,147.10000610351562,-12.600000381469727,0.995178759098053,0.09648400356604174
bandpass,SNU_93,matched,SNU_93,-0.10000000149011612,-0.30000001192092896,0.7768192291259766,0.6339793046701948
bandpass,SNU_93,control,SNU_FCCP_10uM_23,118.80000305175781,66.0,0.9950713515281677,-0.10242863203872167
bandpass,SNU_94,matched,SNU_94,-0.10000000149011612,-0.30000001192092896,0.7237750887870789,0.6945952602926411
bandpass,SNU_94,control,SNU_blebbistatin_02,59.29999923706055,-24.100000381469727,0.9796642661094666,0.20055104967099446
bandpass,SNU_95,matched,SNU_95,-0.20000000298023224,-0.10000000149011612,0.7944687604904175,0.6116644906698258
bandpass,SNU_95,control,NCI_rotenone_500nM_13,-154.5,61.0,0.9950939416885376,0.09774392504542892
bandpass,SNU_96,matched,SNU_96,0.0,-0.30000001192092896,0.7549107670783997,0.6604196602881505
bandpass,SNU_96,control,SNU_staurosporine_36,-24.799999237060547,-118.19999694824219,0.9912176132202148,0.13184303547947845
bandpass,SNU_97,matched,SNU_97,0.30000001192092896,0.0,0.7699666023254395,0.6426419274094801
bandpass,SNU_97,control,SNU_20,4.5,-6.099999904632568,0.9897621273994446,0.14221690701412903
bandpass,SNU_98,matched,SNU_98,-1.100000023841858,-0.10000000149011612,0.7812281250953674,0.6288141646307382
bandpass,SNU_98,control,NCI_Staurosporine_100nM_41,-10.5,-3.0999999046325684,0.9916941523551941,0.12768480714890787
bandpass,SNU_99,matched,SNU_99,-0.4000000059604645,0.20000000298023224,0.8243345022201538,0.57029819000596
bandpass,SNU_99,control,SNU_FCCP_10uM_44,60.599998474121094,90.9000015258789,0.9913769364356995,-0.1342932275479215
bandpass,SNU_FCCP_10uM_01,matched,SNU_FCCP_10uM_01,-1.0,0.6000000238418579,0.6700082421302795,0.7462176038235708
bandpass,SNU_FCCP_10uM_01,control,T24_Staurosporine_100nM_31,13.399999618530273,-1.600000023841858,0.9893827438354492,0.14476647523540231
bandpass,SNU_FCCP_10uM_02,matched,SNU_FCCP_10uM_02,0.0,0.0,0.7393540740013123,0.67794748028962
bandpass,SNU_FCCP_10uM_02,control,SNU_FCCP_10uM_20,22.700000762939453,25.399999618530273,0.9927788972854614,0.11907448174588135
bandpass,SNU_FCCP_10uM_03,matched,SNU_FCCP_10uM_03,0.4000000059604645,0.30000001192092896,0.695722222328186,0.7219374316001546
bandpass,SNU_FCCP_10uM_03,control,SNU_blebbistatin_30,-140.39999389648438,11.899999618530273,0.9948233366012573,-0.10468708393064491
bandpass,SNU_FCCP_10uM_04,matched,SNU_FCCP_10uM_04,0.20000000298023224,-0.20000000298023224,0.741733193397522,0.6751146328376164
bandpass,SNU_FCCP_10uM_04,control,SNU_staurosporine_46,14.399999618530273,162.6999969482422,0.9924665093421936,-0.12601001784058324
bandpass,SNU_FCCP_10uM_05,matched,SNU_FCCP_10uM_05,0.10000000149011612,-0.6000000238418579,0.7056922912597656,0.7124182569470907
bandpass,SNU_FCCP_10uM_05,control,NCI_Staurosporine_100nM_39,4.199999809265137,1.7999999523162842,0.991405725479126,0.1302274622421947
bandpass,SNU_FCCP_10uM_06,matched,SNU_FCCP_10uM_06,0.20000000298023224,0.10000000149011612,0.6863029599189758,0.7318273581164532
bandpass,SNU_FCCP_10uM_06,control,NCI_FCCP_10uM_02,132.10000610351562,3.700000047683716,0.9914440512657166,0.1303989631186896
bandpass,SNU_FCCP_10uM_07,matched,SNU_FCCP_10uM_07,-0.20000000298023224,-0.20000000298023224,0.6466278433799744,0.7668750938520268
bandpass,SNU_FCCP_10uM_07,control,T24_FCCP_10uM_45,-150.89999389648438,262.1000061035156,0.990999698638916,0.13533442562789105
bandpass,SNU_FCCP_10uM_08,matched,SNU_FCCP_10uM_08,0.5,-0.10000000149011612,0.7859715223312378,0.621844911343193
bandpass,SNU_FCCP_10uM_08,control,T24_Staurosporine_100nM_12,5.400000095367432,3.799999952316284,0.9884124398231506,0.15110609391256893
bandpass,SNU_FCCP_10uM_09,matched,SNU_FCCP_10uM_09,0.20000000298023224,0.0,0.587793231010437,0.8127401144535364
bandpass,SNU_FCCP_10uM_09,control,T24_Blebbistatin_5uM_24,1.0,15.800000190734863,0.9937626123428345,0.11118097997946497
bandpass,SNU_FCCP_10uM_10,matched,SNU_FCCP_10uM_10,0.8999999761581421,-0.20000000298023224,0.6953392624855042,0.7232075013586874
bandpass,SNU_FCCP_10uM_10,control,NCI_rotenone_500nM_36,237.60000610351562,-113.80000305175781,0.9912878274917603,0.1348929778740813
bandpass,SNU_FCCP_10uM_11,matched,SNU_FCCP_10uM_11,0.10000000149011612,0.10000000149011612,0.7170447707176208,0.701613876625117
bandpass,SNU_FCCP_10uM_11,control,T24_FCCP_10uM_09,155.3000030517578,52.400001525878906,0.9933999180793762,-0.11736832265884355
bandpass,SNU_FCCP_10uM_12,matched,SNU_FCCP_10uM_12,0.20000000298023224,-0.10000000149011612,0.7767952084541321,0.6344588031639603
bandpass,SNU_FCCP_10uM_12,control,NCI_Blebbistatin_5uM_40,160.5,-190.6999969482422,0.9953050017356873,0.09642338579563169
bandpass,SNU_FCCP_10uM_13,matched,SNU_FCCP_10uM_13,-0.20000000298023224,0.20000000298023224,0.7857041358947754,0.623130057499832
bandpass,SNU_FCCP_10uM_13,control,SNU_Rotenone_500nM_35,15.5,-2.299999952316284,0.9905106425285339,0.13695864368053282
bandpass,SNU_FCCP_10uM_14,matched,SNU_FCCP_10uM_14,0.30000001192092896,0.20000000298023224,0.7857286334037781,0.6227904483747199
bandpass,SNU_FCCP_10uM_14,control,T24_Staurosporine_100nM_40,-3.299999952316284,-54.900001525878906,0.9933102130889893,0.11471133732072912
bandpass,SNU_FCCP_10uM_15,matched,SNU_FCCP_10uM_15,0.0,0.30000001192092896,0.7712917923927307,0.641076120954132
bandpass,SNU_FCCP_10uM_15,control,T24_rotenone_500nM_12,-99.80000305175781,-73.4000015258789,0.9901714324951172,0.13933947318253692
bandpass,SNU_FCCP_10uM_16,matched,SNU_FCCP_10uM_16,0.10000000149011612,0.0,0.7057846784591675,0.71309430602452
bandpass,SNU_FCCP_10uM_16,control,T24_rotenone_500nM_33,-90.5999984741211,-179.60000610351562,0.9921219348907471,0.1257030679917737
bandpass,SNU_FCCP_10uM_17,matched,SNU_FCCP_10uM_17,0.4000000059604645,0.5,0.7812659740447998,0.627884948273846
bandpass,SNU_FCCP_10uM_17,control,T24_33,-75.0,47.0,0.9931073188781738,0.11646363464543423
bandpass,SNU_FCCP_10uM_18,matched,SNU_FCCP_10uM_18,0.4000000059604645,-0.4000000059604645,0.7020490765571594,0.716015974845256
bandpass,SNU_FCCP_10uM_18,control,T24_FCCP_10uM_40,43.0,115.5999984741211,0.991405189037323,0.1303491156064035
bandpass,SNU_FCCP_10uM_19,matched,SNU_FCCP_10uM_19,-0.20000000298023224,-0.20000000298023224,0.8132603168487549,0.5857432343203353
bandpass,SNU_FCCP_10uM_19,control,NCI_rotenone_500nM_20,137.0,174.89999389648438,0.9873658418655396,0.15802085195293564
bandpass,SNU_FCCP_10uM_20,matched,SNU_FCCP_10uM_20,-0.10000000149011612,0.30000001192092896,0.7637296319007874,0.6498015995118781
bandpass,SNU_FCCP_10uM_20,control,NCI_rotenone_500nM_35,-31.299999237060547,-25.100000381469727,0.9903739094734192,0.13783125520218242
bandpass,SNU_FCCP_10uM_21,matched,SNU_FCCP_10uM_21,0.30000001192092896,0.4000000059604645,0.7015279531478882,0.7165799335400884
bandpass,SNU_FCCP_10uM_21,control,NCI_35,36.0,-119.19999694824219,0.9949376583099365,-0.1031493929424533
bandpass,SNU_FCCP_10uM_22,matched,SNU_FCCP_10uM_22,0.5,0.5,0.715085506439209,0.7023476995080971
bandpass,SNU_FCCP_10uM_22,control,SNU_blebbistatin_28,-10.100000381469727,192.60000610351562,0.9944252371788025,0.10560649161918295
bandpass,SNU_FCCP_10uM_23,matched,SNU_FCCP_10uM_23,0.30000001192092896,-0.20000000298023224,0.6643591523170471,0.7514487369489448
bandpass,SNU_FCCP_10uM_23,control,NCI_rotenone_500nM_49,57.099998474121094,-76.19999694824219,0.9890523552894592,0.1476296821839276
bandpass,SNU_FCCP_10uM_24,matched,SNU_FCCP_10uM_24,0.5,-0.20000000298023224,0.6924218535423279,0.7251647983862759
bandpass,SNU_FCCP_10uM_24,control,SNU_FCCP_10uM_49,69.0999984741211,172.3000030517578,0.9937577247619629,-0.11426886615177073
bandpass,SNU_FCCP_10uM_25,matched,SNU_FCCP_10uM_25,0.30000001192092896,-0.30000001192092896,0.7002471685409546,0.7179887210695555
bandpass,SNU_FCCP_10uM_25,control,SNU_staurosporine_14,-59.29999923706055,-108.19999694824219,0.9955015778541565,0.09417772680577154
bandpass,SNU_FCCP_10uM_26,matched,SNU_FCCP_10uM_26,0.5,-0.4000000059604645,0.7436088919639587,0.6722586101202265
bandpass,SNU_FCCP_10uM_26,control,T24_rotenone_500nM_27,-101.30000305175781,-173.3000030517578,0.993151843547821,0.1163538832960537
bandpass,SNU_FCCP_10uM_27,matched,SNU_FCCP_10uM_27,-0.20000000298023224,-0.5,0.6704279184341431,0.7455010726354361
bandpass,SNU_FCCP_10uM_27,control,T24_FCCP_10uM_39,-19.600000381469727,-28.100000381469727,0.9902045726776123,0.13939923804278262
bandpass,SNU_FCCP_10uM_28,matched,SNU_FCCP_10uM_28,0.10000000149011612,0.4000000059604645,0.7452793121337891,0.6715517772613505
bandpass,SNU_FCCP_10uM_28,control,T24_Blebbistatin_5uM_13,7.800000190734863,-4.400000095367432,0.993781328201294,0.11145004321758906
bandpass,SNU_FCCP_10uM_29,matched,SNU_FCCP_10uM_29,-0.30000001192092896,0.10000000149011612,0.7657136917114258,0.6472807483014361
bandpass,SNU_FCCP_10uM_29,control,NCI_FCCP_10uM_16,-111.80000305175781,-116.5,0.9900293350219727,0.13975572335729208
bandpass,SNU_FCCP_10uM_30,matched,SNU_FCCP_10uM_30,-0.10000000149011612,0.10000000149011612,0.6785368919372559,0.7388619374299454
bandpass,SNU_FCCP_10uM_30,control,SNU_staurosporine_31,55.20000076293945,-99.30000305175781,0.9952765703201294,0.09628088979953782
bandpass,SNU_FCCP_10uM_31,matched,SNU_FCCP_10uM_31,0.0,-0.10000000149011612,0.6722829341888428,0.744507148145293
bandpass,SNU_FCCP_10uM_31,control,T24_FCCP_10uM_23,-30.200000762939453,-28.799999237060547,0.9934491515159607,0.11360062507100047
bandpass,SNU_FCCP_10uM_32,matched,SNU_FCCP_10uM_32,0.0,0.30000001192092896,0.7798073291778564,0.6300406554496082
bandpass,SNU_FCCP_10uM_32,control,NCI_Staurosporine_100nM_05,-1.0,5.0,0.9929697513580322,0.11731943498639451
bandpass,SNU_FCCP_10uM_33,matched,SNU_FCCP_10uM_33,-1.2000000476837158,-0.4000000059604645,0.7463222146034241,0.6693874419341785
bandpass,SNU_FCCP_10uM_33,control,NCI_Blebbistatin_5uM_04,-52.79999923706055,-92.69999694824219,0.9934788346290588,-0.11605518229383437
bandpass,SNU_FCCP_10uM_34,matched,SNU_FCCP_10uM_34,0.0,-0.10000000149011612,0.617832362651825,0.790296154188639
bandpass,SNU_FCCP_10uM_34,control,NCI_rotenone_500nM_48,179.5,23.5,0.9946430325508118,0.10331249514661921
bandpass,SNU_FCCP_10uM_35,matched,SNU_FCCP_10uM_35,0.4000000059604645,-0.10000000149011612,0.6701071858406067,0.7459070919839895
bandpass,SNU_FCCP_10uM_35,control,NCI_Blebbistatin_5uM_17,15.100000381469727,18.799999237060547,0.993995189666748,0.10920157530802349
bandpass,SNU_FCCP_10uM_36,matched,SNU_FCCP_10uM_36,0.20000000298023224,-0.20000000298023224,0.5857172012329102,0.8140962760645629
bandpass,SNU_FCCP_10uM_36,control,SNU_blebbistatin_38,-248.39999389648438,-121.0999984741211,0.995617151260376,0.0968296984870706
bandpass,SNU_FCCP_10uM_37,matched,SNU_FCCP_10uM_37,0.30000001192092896,-0.20000000298023224,0.5440405607223511,0.8418574725230905
bandpass,SNU_FCCP_10uM_37,control,SNU_71,-171.10000610351562,-59.900001525878906,0.9966283440589905,0.08198257258997772
bandpass,SNU_FCCP_10uM_38,matched,SNU_FCCP_10uM_38,-0.10000000149011612,0.0,0.775740385055542,0.6353758340409009
bandpass,SNU_FCCP_10uM_38,control,SNU_94,-143.3000030517578,-133.10000610351562,0.9938317537307739,0.1097036335526196
bandpass,SNU_FCCP_10uM_39,matched,SNU_FCCP_10uM_39,0.0,0.0,0.7059680819511414,0.7128131137894987
bandpass,SNU_FCCP_10uM_39,control,SNU_15,-277.20001220703125,-55.79999923706055,0.994434118270874,0.10766208168518016
bandpass,SNU_FCCP_10uM_40,matched,SNU_FCCP_10uM_40,0.20000000298023224,0.10000000149011612,0.6485662460327148,0.7653748143207508
bandpass,SNU_FCCP_10uM_40,control,NCI_rotenone_500nM_22,-8.100000381469727,-44.599998474121094,0.9938898682594299,0.10994974951294124
bandpass,SNU_FCCP_10uM_41,matched,SNU_FCCP_10uM_41,0.6000000238418579,-0.20000000298023224,0.7641777992248535,0.6491235488518582
bandpass,SNU_FCCP_10uM_41,control,SNU_staurosporine_18,-116.69999694824219,180.39999389648438,0.9945376515388489,-0.10799647605617527
bandpass,SNU_FCCP_10uM_42,matched,SNU_FCCP_10uM_42,0.0,0.20000000298023224,0.7276803851127625,0.6904316867437617
bandpass,SNU_FCCP_10uM_42,control,SNU_66,-7.5,-33.5,0.9931675791740417,0.11640703097988439
bandpass,SNU_FCCP_10uM_43,matched,SNU_FCCP_10uM_43,-0.5,0.30000001192092896,0.716174304485321,0.7016124066775116
bandpass,SNU_FCCP_10uM_43,control,T24_02,35.0,-168.8000030517578,0.984316885471344,0.17828268052725824
bandpass,SNU_FCCP_10uM_44,matched,SNU_FCCP_10uM_44,0.20000000298023224,0.20000000298023224,0.6803182363510132,0.7370490930920153
bandpass,SNU_FCCP_10uM_44,control,T24_Blebbistatin_5uM_31,-198.39999389648438,43.79999923706055,0.9905279874801636,-0.1404540820407371
bandpass,SNU_FCCP_10uM_45,matched,SNU_FCCP_10uM_45,0.0,-0.20000000298023224,0.7763814926147461,0.634629896447301
bandpass,SNU_FCCP_10uM_45,control,SNU_11,72.5999984741211,73.5999984741211,0.9952254295349121,0.09640229009259238
bandpass,SNU_FCCP_10uM_46,matched,SNU_FCCP_10uM_46,0.4000000059604645,0.10000000149011612,0.7349701523780823,0.6819154183979423
bandpass,SNU_FCCP_10uM_46,control,NCI_Blebbistatin_5uM_43,5.400000095367432,-1.600000023841858,0.9787086844444275,0.20502359138687087
bandpass,SNU_FCCP_10uM_47,matched,SNU_FCCP_10uM_47,0.10000000149011612,-0.10000000149011612,0.6011247634887695,0.8029896219340059
bandpass,SNU_FCCP_10uM_47,control,T24_rotenone_500nM_22,-78.4000015258789,-48.0,0.9831957817077637,-0.18257950177203935
bandpass,SNU_FCCP_10uM_48,matched,SNU_FCCP_10uM_48,-0.20000000298023224,0.4000000059604645,0.7425379753112793,0.6738660377738331
bandpass,SNU_FCCP_10uM_48,control,SNU_blebbistatin_06,-78.80000305175781,3.9000000953674316,0.9903756976127625,0.13782206902690758
bandpass,SNU_FCCP_10uM_49,matched,SNU_FCCP_10uM_49,0.20000000298023224,-0.10000000149011612,0.6939113736152649,0.7242230325913969
bandpass,SNU_FCCP_10uM_49,control,T24_Blebbistatin_5uM_23,-10.399999618530273,20.0,0.9893672466278076,0.14524085947140059
bandpass,SNU_FCCP_10uM_50,matched,SNU_FCCP_10uM_50,0.10000000149011612,0.20000000298023224,0.7557664513587952,0.6592801399947126
bandpass,SNU_FCCP_10uM_50,control,NCI_Blebbistatin_5uM_45,-14.699999809265137,-0.699999988079071,0.9915460348129272,0.12910591861496792
bandpass,SNU_Rotenone_500nM_01,matched,SNU_Rotenone_500nM_01,0.0,0.4000000059604645,0.6911473870277405,0.7267020593660788
bandpass,SNU_Rotenone_500nM_01,control,T24_rotenone_500nM_39,100.4000015258789,-68.19999694824219,0.9925398230552673,0.12166467518517415
bandpass,SNU_Rotenone_500nM_02,matched,SNU_Rotenone_500nM_02,-0.10000000149011612,-0.10000000149011612,0.7178122997283936,0.7007092139444109
bandpass,SNU_Rotenone_500nM_02,control,T24_FCCP_10uM_50,-86.4000015258789,147.10000610351562,0.9799554944038391,-0.202974417876169
bandpass,SNU_Rotenone_500nM_03,matched,SNU_Rotenone_500nM_03,-0.20000000298023224,-0.4000000059604645,0.5574647784233093,0.8326943886708438
bandpass,SNU_Rotenone_500nM_03,control,NCI_Staurosporine_100nM_18,-59.5,-153.3000030517578,0.98841792345047,0.15154533900151734
bandpass,SNU_Rotenone_500nM_04,matched,SNU_Rotenone_500nM_04,0.4000000059604645,-0.20000000298023224,0.6332029104232788,0.7775363389815715
bandpass,SNU_Rotenone_500nM_04,control,SNU_26,39.599998474121094,-275.3999938964844,0.9961769580841064,-0.09512173481926295
bandpass,SNU_Rotenone_500nM_05,matched,SNU_Rotenone_500nM_05,0.10000000149011612,0.0,0.7855581045150757,0.623316175186287
bandpass,SNU_Rotenone_500nM_05,control,T24_Blebbistatin_5uM_26,4.199999809265137,26.600000381469727,0.9926262497901917,0.12051763611608478
bandpass,SNU_Rotenone_500nM_06,matched,SNU_Rotenone_500nM_06,-0.4000000059604645,0.30000001192092896,0.6566089391708374,0.7573723882139128
bandpass,SNU_Rotenone_500nM_06,control,T24_FCCP_10uM_04,55.5,-368.3999938964844,0.9908202290534973,0.15569594773322828
bandpass,SNU_Rotenone_500nM_07,matched,SNU_Rotenone_500nM_07,-0.20000000298023224,0.10000000149011612,0.6991196274757385,0.7192987843089556
bandpass,SNU_Rotenone_500nM_07,control,T24_rotenone_500nM_05,95.4000015258789,-23.299999237060547,0.9911624193191528,0.13238213180036384
bandpass,SNU_Rotenone_500nM_08,matched,SNU_Rotenone_500nM_08,0.10000000149011612,0.10000000149011612,0.8185274004936218,0.5788387193676233
bandpass,SNU_Rotenone_500nM_08,control,SNU_blebbistatin_03,-82.19999694824219,-41.0,0.9918597936630249,0.1267173328131408
bandpass,SNU_Rotenone_500nM_09,matched,SNU_Rotenone_500nM_09,0.0,0.20000000298023224,0.7023975849151611,0.716129192186165
bandpass,SNU_Rotenone_500nM_09,control,NCI_Staurosporine_100nM_38,-67.69999694824219,-235.3000030517578,0.995424211025238,-0.10069050826499154
bandpass,SNU_Rotenone_500nM_10,matched,SNU_Rotenone_500nM_10,0.0,-0.20000000298023224,0.733019232749939,0.684805967437618
bandpass,SNU_Rotenone_500nM_10,control,T24_Staurosporine_100nM_35,50.099998474121094,100.30000305175781,0.9938809871673584,0.11035301318391373
bandpass,SNU_Rotenone_500nM_11,matched,SNU_Rotenone_500nM_11,0.4000000059604645,0.20000000298023224,0.6167628765106201,0.7904623715422378
bandpass,SNU_Rotenone_500nM_11,control,NCI_Staurosporine_100nM_28,-61.900001525878906,-11.600000381469727,0.9948132634162903,0.10153422807211639
bandpass,SNU_Rotenone_500nM_12,matched,SNU_Rotenone_500nM_12,-0.10000000149011612,0.10000000149011612,0.6264529228210449,0.7835223988485889
bandpass,SNU_Rotenone_500nM_12,control,NCI_FCCP_10uM_49,-172.39999389648438,42.70000076293945,0.9949532747268677,-0.10276431384670173
bandpass,SNU_Rotenone_500nM_13,matched,SNU_Rotenone_500nM_13,0.4000000059604645,-0.20000000298023224,0.6092829704284668,0.7960702109259473
bandpass,SNU_Rotenone_500nM_13,control,T24_Staurosporine_100nM_36,-13.800000190734863,-21.200000762939453,0.9944555163383484,0.10506299775112118
bandpass,SNU_Rotenone_500nM_14,matched,SNU_Rotenone_500nM_14,0.10000000149011612,0.20000000298023224,0.7660808563232422,0.647314903215515
bandpass,SNU_Rotenone_500nM_14,control,SNU_57,45.599998474121094,-41.900001525878906,0.9922255277633667,0.12458154055871098
bandpass,SNU_Rotenone_500nM_15,matched,SNU_Rotenone_500nM_15,0.0,0.0,0.8858737349510193,0.4672754693735671
bandpass,SNU_Rotenone_500nM_15,control,NCI_Blebbistatin_5uM_23,-13.800000190734863,11.199999809265137,0.9904451370239258,0.13698677473906226
bandpass,SNU_Rotenone_500nM_16,matched,SNU_Rotenone_500nM_16,0.10000000149011612,-0.6000000238418579,0.8378503322601318,0.5500316981074395
bandpass,SNU_Rotenone_500nM_16,control,NCI_FCCP_10uM_28,-6.300000190734863,48.20000076293945,0.9894524812698364,0.14481127259634308
bandpass,SNU_Rotenone_500nM_17,matched,SNU_Rotenone_500nM_17,0.4000000059604645,0.20000000298023224,0.7498077154159546,0.6654909805754315
bandpass,SNU_Rotenone_500nM_17,control,SNU_44,102.0,-62.70000076293945,0.9854888319969177,0.17016374697453665
bandpass,SNU_Rotenone_500nM_18,matched,SNU_Rotenone_500nM_18,0.10000000149011612,0.20000000298023224,0.8266755938529968,0.5668234526258537
bandpass,SNU_Rotenone_500nM_18,control,SNU_Rotenone_500nM_50,-19.899999618530273,-8.399999618530273,0.9902514815330505,0.13870280379710984
bandpass,SNU_Rotenone_500nM_19,matched,SNU_Rotenone_500nM_19,-0.30000001192092896,0.20000000298023224,0.7335267663002014,0.6840191455702224
bandpass,SNU_Rotenone_500nM_19,control,SNU_staurosporine_41,-89.30000305175781,163.10000610351562,0.9890090227127075,-0.15196159093044145
bandpass,SNU_Rotenone_500nM_20,matched,SNU_Rotenone_500nM_20,0.30000001192092896,-0.10000000149011612,0.6683251857757568,0.7478407370841401
bandpass,SNU_Rotenone_500nM_20,control,SNU_06,-38.29999923706055,89.5999984741211,0.9936771392822266,-0.11552604579369194
bandpass,SNU_Rotenone_500nM_21,matched,SNU_Rotenone_500nM_21,0.4000000059604645,0.0,0.7617274522781372,0.6521422803860907
bandpass,SNU_Rotenone_500nM_21,control,NCI_Blebbistatin_5uM_09,-119.80000305175781,-105.0999984741211,0.993953287601471,0.10930202601988331
bandpass,SNU_Rotenone_500nM_22,matched,SNU_Rotenone_500nM_22,0.20000000298023224,0.30000001192092896,0.7850942611694336,0.6235720048522324
bandpass,SNU_Rotenone_500nM_22,control,T24_47,101.0,-78.5999984741211,0.9926923513412476,-0.12371321354724002
bandpass,SNU_Rotenone_500nM_23,matched,SNU_Rotenone_500nM_23,0.0,-0.699999988079071,0.7711459994316101,0.6408742456552643
bandpass,SNU_Rotenone_500nM_23,control,NCI_Blebbistatin_5uM_36,30.700000762939453,4.800000190734863,0.9851517677307129,0.17152929240525977
bandpass,SNU_Rotenone_500nM_24,matched,SNU_Rotenone_500nM_24,0.0,-0.20000000298023224,0.8158305287361145,0.582546427276068
bandpass,SNU_Rotenone_500nM_24,control,SNU_21,-172.89999389648438,184.0,0.9938138127326965,0.1107266619392302
bandpass,SNU_Rotenone_500nM_25,matched,SNU_Rotenone_500nM_25,-0.4000000059604645,0.20000000298023224,0.6626579761505127,0.7526058910484409
bandpass,SNU_Rotenone_500nM_25,control,SNU_95,-61.400001525878906,-44.0,0.9943622350692749,0.10513284731476624
bandpass,SNU_Rotenone_500nM_26,matched,SNU_Rotenone_500nM_26,0.0,0.30000001192092896,0.7954374551773071,0.6104569182022761
bandpass,SNU_Rotenone_500nM_26,control,SNU_96,-136.0,70.4000015258789,0.991567075252533,0.12947545096210042
bandpass,SNU_Rotenone_500nM_27,matched,SNU_Rotenone_500nM_27,-0.10000000149011612,0.10000000149011612,0.6517185568809509,0.7626005033403845
bandpass,SNU_Rotenone_500nM_27,control,SNU_staurosporine_15,40.900001525878906,-53.5,0.9943705201148987,-0.10731068919010756
bandpass,SNU_Rotenone_500nM_28,matched,SNU_Rotenone_500nM_28,0.0,0.20000000298023224,0.7441264390945435,0.6725089282749526
bandpass,SNU_Rotenone_500nM_28,control,SNU_staurosporine_44,78.5999984741211,19.200000762939453,0.9930867552757263,-0.1204540994642729
bandpass,SNU_Rotenone_500nM_29,matched,SNU_Rotenone_500nM_29,-0.10000000149011612,0.0,0.7129629254341125,0.7057494241220182
bandpass,SNU_Rotenone_500nM_29,control,NCI_rotenone_500nM_47,56.400001525878906,-92.30000305175781,0.9932724237442017,0.11540029790371835
bandpass,SNU_Rotenone_500nM_30,matched,SNU_Rotenone_500nM_30,0.30000001192092896,0.0,0.684021532535553,0.7335580310732929
bandpass,SNU_Rotenone_500nM_30,control,NCI_FCCP_10uM_40,-80.80000305175781,-203.39999389648438,0.9925978183746338,0.12301581351345561
bandpass,SNU_Rotenone_500nM_31,matched,SNU_Rotenone_500nM_31,0.10000000149011612,0.4000000059604645,0.7590201497077942,0.6553195985750635
bandpass,SNU_Rotenone_500nM_31,control,SNU_blebbistatin_36,-78.4000015258789,5.800000190734863,0.9801314473152161,0.19891951859796891
bandpass,SNU_Rotenone_500nM_32,matched,SNU_Rotenone_500nM_32,-0.20000000298023224,0.20000000298023224,0.7213348746299744,0.6966074150914633
bandpass,SNU_Rotenone_500nM_32,control,SNU_staurosporine_11,-0.10000000149011612,0.30000001192092896,0.9936782121658325,0.11179799871660943
bandpass,SNU_Rotenone_500nM_33,matched,SNU_Rotenone_500nM_33,-0.20000000298023224,-0.30000001192092896,0.7231019735336304,0.6948029722422129
bandpass,SNU_Rotenone_500nM_33,control,NCI_rotenone_500nM_41,-13.300000190734863,1.2999999523162842,0.993212103843689,0.11599790711278662
bandpass,SNU_Rotenone_500nM_34,matched,SNU_Rotenone_500nM_34,0.4000000059604645,-0.20000000298023224,0.7418285608291626,0.6742081866208643
bandpass,SNU_Rotenone_500nM_34,control,T24_Staurosporine_100nM_07,224.10000610351562,73.80000305175781,0.992300271987915,0.1263538884351162
bandpass,SNU_Rotenone_500nM_35,matched,SNU_Rotenone_500nM_35,0.10000000149011612,-0.30000001192092896,0.7956740856170654,0.6100917904979125
bandpass,SNU_Rotenone_500nM_35,control,SNU_FCCP_10uM_17,-20.899999618530273,-137.0,0.9925572872161865,-0.12506766166645616
bandpass,SNU_Rotenone_500nM_36,matched,SNU_Rotenone_500nM_36,0.20000000298023224,-0.30000001192092896,0.8095259666442871,0.5913857225232326
bandpass,SNU_Rotenone_500nM_36,control,T24_Staurosporine_100nM_23,81.80000305175781,189.1999969482422,0.992563009262085,-0.1261540210741919
bandpass,SNU_Rotenone_500nM_37,matched,SNU_Rotenone_500nM_37,0.10000000149011612,0.20000000298023224,0.7682101130485535,0.6447408375461446
bandpass,SNU_Rotenone_500nM_37,control,T24_FCCP_10uM_10,48.0,-138.1999969482422,0.9901252388954163,0.14001998151895997
bandpass,SNU_Rotenone_500nM_38,matched,SNU_Rotenone_500nM_38,0.20000000298023224,-0.30000001192092896,0.778265118598938,0.6322982783464453
bandpass,SNU_Rotenone_500nM_38,control,SNU_FCCP_10uM_45,-22.100000381469727,-20.0,0.9898959994316101,0.1418637054676349
bandpass,SNU_Rotenone_500nM_39,matched,SNU_Rotenone_500nM_39,-0.20000000298023224,0.0,0.8231433629989624,0.5720536710269236
bandpass,SNU_Rotenone_500nM_39,control,NCI_FCCP_10uM_38,-24.100000381469727,4.900000095367432,0.9928975105285645,0.11839595731254848
bandpass,SNU_Rotenone_500nM_40,matched,SNU_Rotenone_500nM_40,0.10000000149011612,0.699999988079071,0.7683600783348083,0.6442398891610706
bandpass,SNU_Rotenone_500nM_40,control,SNU_62,16.200000762939453,117.9000015258789,0.9940483570098877,0.10874056437371833
bandpass,SNU_Rotenone_500nM_41,matched,SNU_Rotenone_500nM_41,0.20000000298023224,-0.30000001192092896,0.8484631180763245,0.5330102131581054
bandpass,SNU_Rotenone_500nM_41,control,NCI_rotenone_500nM_31,70.0,-9.5,0.9933663606643677,0.11406614195810949
bandpass,SNU_Rotenone_500nM_42,matched,SNU_Rotenone_500nM_42,0.0,0.0,0.8313551545143127,0.5598745697372858
bandpass,SNU_Rotenone_500nM_42,control,T24_Blebbistatin_5uM_05,-27.399999618530273,-14.0,0.9959527254104614,0.08974046887438486
bandpass,SNU_Rotenone_500nM_43,matched,SNU_Rotenone_500nM_43,0.30000001192092896,0.30000001192092896,0.7965163588523865,0.6084953700202799
bandpass,SNU_Rotenone_500nM_43,control,SNU_81,-3.5,-14.0,0.9919489026069641,0.12590543239211652
bandpass,SNU_Rotenone_500nM_44,matched,SNU_Rotenone_500nM_44,-0.10000000149011612,0.4000000059604645,0.6990232467651367,0.7190144111507828
bandpass,SNU_Rotenone_500nM_44,control,T24_FCCP_10uM_19,-26.100000381469727,-0.5,0.9947414398193359,0.1019406678443698
bandpass,SNU_Rotenone_500nM_45,matched,SNU_Rotenone_500nM_45,-0.4000000059604645,0.10000000149011612,0.7845927476882935,0.6240002543067551
bandpass,SNU_Rotenone_500nM_45,control,T24_rotenone_500nM_47,71.5,-14.100000381469727,0.9935708045959473,0.11265713417246451
bandpass,SNU_Rotenone_500nM_46,matched,SNU_Rotenone_500nM_46,0.4000000059604645,0.20000000298023224,0.8115701079368591,0.5878733635063891
bandpass,SNU_Rotenone_500nM_46,control,NCI_Blebbistatin_5uM_33,23.399999618530273,4.0,0.9908328652381897,0.13447105338760543
bandpass,SNU_Rotenone_500nM_47,matched,SNU_Rotenone_500nM_47,-0.20000000298023224,0.30000001192092896,0.8178045749664307,0.5793832163590852
bandpass,SNU_Rotenone_500nM_47,control,T24_Blebbistatin_5uM_33,0.8999999761581421,1.7999999523162842,0.9943496584892273,0.10605297317921547
bandpass,SNU_Rotenone_500nM_48,matched,SNU_Rotenone_500nM_48,-0.10000000149011612,0.10000000149011612,0.7398573756217957,0.6771682865126869
bandpass,SNU_Rotenone_500nM_48,control,SNU_blebbistatin_09,11.5,-50.0,0.995212972164154,0.09719959373708884
bandpass,SNU_Rotenone_500nM_49,matched,SNU_Rotenone_500nM_49,0.0,0.20000000298023224,0.7481065392494202,0.6679472459723791
bandpass,SNU_Rotenone_500nM_49,control,NCI_43,-56.0,12.699999809265137,0.994606614112854,0.1030365465315457
bandpass,SNU_Rotenone_500nM_50,matched,SNU_Rotenone_500nM_50,0.20000000298023224,0.0,0.7861638069152832,0.6224558495314495
bandpass,SNU_Rotenone_500nM_50,control,NCI_Blebbistatin_5uM_48,-10.100000381469727,-7.0,0.9905880093574524,0.13655214766501672
bandpass,SNU_blebbistatin_01,matched,SNU_blebbistatin_01,-0.10000000149011612,-0.20000000298023224,0.7610501050949097,0.6532140590728018
bandpass,SNU_blebbistatin_01,control,NCI_Blebbistatin_5uM_01,65.30000305175781,69.9000015258789,0.9961726665496826,-0.08950436815330967
bandpass,SNU_blebbistatin_02,matched,SNU_blebbistatin_02,0.30000001192092896,-0.699999988079071,0.6345605850219727,0.7771758332959217
bandpass,SNU_blebbistatin_02,control,NCI_Staurosporine_100nM_33,21.299999237060547,-113.19999694824219,0.9945856928825378,0.10317438175112739
bandpass,SNU_blebbistatin_03,matched,SNU_blebbistatin_03,-0.10000000149011612,-0.4000000059604645,0.699432909488678,0.7191144035726081
bandpass,SNU_blebbistatin_03,control,SNU_24,-12.100000381469727,-98.80000305175781,0.9950798749923706,-0.10298106717550225
bandpass,SNU_blebbistatin_04,matched,SNU_blebbistatin_04,-0.20000000298023224,-0.20000000298023224,0.6290011405944824,0.7816003227062677
bandpass,SNU_blebbistatin_04,control,NCI_rotenone_500nM_23,-218.0,-116.19999694824219,0.9949920177459717,0.10159550854461874
bandpass,SNU_blebbistatin_05,matched,SNU_blebbistatin_05,-0.10000000149011612,0.0,0.6730039715766907,0.744567069611833
bandpass,SNU_blebbistatin_05,control,SNU_38,-162.89999389648438,-55.0,0.9946841597557068,0.10224031620750312
bandpass,SNU_blebbistatin_06,matched,SNU_blebbistatin_06,-0.10000000149011612,0.10000000149011612,0.6569976806640625,0.7586197353580206
bandpass,SNU_blebbistatin_06,control,NCI_36,-155.60000610351562,-141.8000030517578,0.9929675459861755,0.11797891536412876
bandpass,SNU_blebbistatin_07,matched,SNU_blebbistatin_07,0.20000000298023224,0.20000000298023224,0.6490026712417603,0.7653877488446448
bandpass,SNU_blebbistatin_07,control,T24_FCCP_10uM_17,75.9000015258789,-37.0,0.9933353066444397,0.11477394151821146
bandpass,SNU_blebbistatin_08,matched,SNU_blebbistatin_08,-0.20000000298023224,0.0,0.7822793126106262,0.627602095183462
bandpass,SNU_blebbistatin_08,control,SNU_staurosporine_21,6.5,7.400000095367432,0.9815124869346619,0.1905648174443278
bandpass,SNU_blebbistatin_09,matched,SNU_blebbistatin_09,0.0,-0.20000000298023224,0.6801057457923889,0.7378718126376549
bandpass,SNU_blebbistatin_09,control,NCI_03,10.100000381469727,21.0,0.9896908402442932,0.14259059701762286
bandpass,SNU_blebbistatin_10,matched,SNU_blebbistatin_10,0.0,0.30000001192092896,0.714528501033783,0.7042885140769296
bandpass,SNU_blebbistatin_10,control,NCI_rotenone_500nM_14,-27.899999618530273,-18.899999618530273,0.9935848116874695,-0.11565359689349382
bandpass,SNU_blebbistatin_11,matched,SNU_blebbistatin_11,-0.4000000059604645,-0.5,0.759640097618103,0.6535760849924448
bandpass,SNU_blebbistatin_11,control,SNU_76,62.400001525878906,14.399999618530273,0.9894260168075562,0.1435765835737425
bandpass,SNU_blebbistatin_12,matched,SNU_blebbistatin_12,0.20000000298023224,0.30000001192092896,0.6916243433952332,0.7266667234553418
bandpass,SNU_blebbistatin_12,control,SNU_staurosporine_06,-233.89999389648438,77.4000015258789,0.9916795492172241,0.12977835980909638
bandpass,SNU_blebbistatin_13,matched,SNU_blebbistatin_13,-0.20000000298023224,0.0,0.6714767217636108,0.7456787711885002
bandpass,SNU_blebbistatin_13,control,SNU_Rotenone_500nM_46,108.80000305175781,92.19999694824219,0.9954107403755188,0.09508360842001365
bandpass,SNU_blebbistatin_14,matched,SNU_blebbistatin_14,0.0,-0.6000000238418579,0.6756325960159302,0.7418430664239271
bandpass,SNU_blebbistatin_14,control,T24_rotenone_500nM_30,-43.29999923706055,-158.6999969482422,0.9901456236839294,0.13965977819150335
bandpass,SNU_blebbistatin_15,matched,SNU_blebbistatin_15,0.30000001192092896,0.0,0.7422716617584229,0.6748913257770307
bandpass,SNU_blebbistatin_15,control,SNU_staurosporine_32,7.900000095367432,4.400000095367432,0.9892092347145081,0.14586058568227322
bandpass,SNU_blebbistatin_16,matched,SNU_blebbistatin_16,-0.4000000059604645,0.30000001192092896,0.7572683095932007,0.6572339457295024
bandpass,SNU_blebbistatin_16,control,SNU_83,3.5999999046325684,-4.099999904632568,0.994245171546936,0.10601897930571327
bandpass,SNU_blebbistatin_17,matched,SNU_blebbistatin_17,-0.5,-0.10000000149011612,0.7453254461288452,0.6707814770827537
bandpass,SNU_blebbistatin_17,control,SNU_Rotenone_500nM_25,10.800000190734863,119.0999984741211,0.9963424205780029,0.0846017031216652
bandpass,SNU_blebbistatin_18,matched,SNU_blebbistatin_18,-0.4000000059604645,0.10000000149011612,0.7896270155906677,0.6180264250440701
bandpass,SNU_blebbistatin_18,control,SNU_63,0.800000011920929,-4.199999809265137,0.9955869317054749,0.0925231603098532
bandpass,SNU_blebbistatin_19,matched,SNU_blebbistatin_19,-0.20000000298023224,0.6000000238418579,0.7010180354118347,0.7172982101792399
bandpass,SNU_blebbistatin_19,control,SNU_36,-77.4000015258789,3.0,0.9953199028968811,0.09639595491673479
bandpass,SNU_blebbistatin_20,matched,SNU_blebbistatin_20,-0.20000000298023224,0.20000000298023224,0.7750657796859741,0.6366753271079121
bandpass,SNU_blebbistatin_20,control,SNU_FCCP_10uM_22,-48.20000076293945,-49.099998474121094,0.9922384023666382,0.12349413225148526
bandpass,SNU_blebbistatin_21,matched,SNU_blebbistatin_21,-0.10000000149011612,-0.10000000149011612,0.7800532579421997,0.630869259113478
bandpass,SNU_blebbistatin_21,control,NCI_24,30.5,20.700000762939453,0.9928073287010193,0.11884328792968483
bandpass,SNU_blebbistatin_22,matched,SNU_blebbistatin_22,-0.10000000149011612,0.20000000298023224,0.78980553150177,0.6183282995737609
bandpass,SNU_blebbistatin_22,control,SNU_79,-68.69999694824219,9.600000381469727,0.9927328824996948,0.1194687175800861
bandpass,SNU_blebbistatin_23,matched,SNU_blebbistatin_23,-0.30000001192092896,-0.20000000298023224,0.7851534485816956,0.6239229406609882
bandpass,SNU_blebbistatin_23,control,T24_rotenone_500nM_38,108.4000015258789,33.29999923706055,0.990147054195404,-0.14280294956035952
bandpass,SNU_blebbistatin_24,matched,SNU_blebbistatin_24,-0.20000000298023224,0.10000000149011612,0.7229153513908386,0.6959024245791265
bandpass,SNU_blebbistatin_24,control,NCI_06,33.29999923706055,135.89999389648438,0.9958211779594421,0.09049122978080379
bandpass,SNU_blebbistatin_25,matched,SNU_blebbistatin_25,-0.20000000298023224,0.30000001192092896,0.7551457285881042,0.6601985588157037
bandpass,SNU_blebbistatin_25,control,SNU_55,-60.70000076293945,24.399999618530273,0.9944022297859192,0.10459502580422421
bandpass,SNU_blebbistatin_26,matched,SNU_blebbistatin_26,-0.4000000059604645,0.0,0.7451435327529907,0.671399047634793
bandpass,SNU_blebbistatin_26,control,T24_FCCP_10uM_01,17.899999618530273,-132.10000610351562,0.9938111901283264,0.11016025238422264
bandpass,SNU_blebbistatin_27,matched,SNU_blebbistatin_27,-0.4000000059604645,0.10000000149011612,0.8103148937225342,0.5905033475355115
bandpass,SNU_blebbistatin_27,control,SNU_blebbistatin_25,-0.5,2.4000000953674316,0.9856677651405334,0.16817010450578382
bandpass,SNU_blebbistatin_28,matched,SNU_blebbistatin_28,0.0,0.30000001192092896,0.7860310077667236,0.6226476274692742
bandpass,SNU_blebbistatin_28,control,T24_Staurosporine_100nM_14,-1.600000023841858,3.0999999046325684,0.9953547716140747,0.09500141746300375
bandpass,SNU_blebbistatin_29,matched,SNU_blebbistatin_29,-0.5,-0.10000000149011612,0.7748540639877319,0.636473069600135
bandpass,SNU_blebbistatin_29,control,NCI_21,1.7999999523162842,47.099998474121094,0.988707959651947,0.14906990755029445
bandpass,SNU_blebbistatin_30,matched,SNU_blebbistatin_30,0.20000000298023224,0.4000000059604645,0.6966767311096191,0.7215715097365866
bandpass,SNU_blebbistatin_30,control,T24_17,-5.400000095367432,71.30000305175781,0.9905679225921631,0.13699742651828595
bandpass,SNU_blebbistatin_31,matched,SNU_blebbistatin_31,-0.6000000238418579,0.30000001192092896,0.7245495915412903,0.6931139168281795
bandpass,SNU_blebbistatin_31,control,T24_FCCP_10uM_02,-159.8000030517578,213.89999389648438,0.9949637651443481,-0.10454436026468752
bandpass,SNU_blebbistatin_32,matched,SNU_blebbistatin_32,-0.10000000149011612,0.10000000149011612,0.7968374490737915,0.6091085940101679
bandpass,SNU_blebbistatin_32,control,NCI_37,-23.299999237060547,29.799999237060547,0.9948575496673584,0.10034176442099707
bandpass,SNU_blebbistatin_33,matched,SNU_blebbistatin_33,0.4000000059604645,-0.10000000149011612,0.7147287726402283,0.7037787035104602
bandpass,SNU_blebbistatin_33,control,SNU_Rotenone_500nM_43,-251.1999969482422,-323.5,0.9942488074302673,0.12039500294678289
bandpass,SNU_blebbistatin_34,matched,SNU_blebbistatin_34,0.5,0.10000000149011612,0.8112137317657471,0.5887654790755023
bandpass,SNU_blebbistatin_34,control,SNU_29,-239.0,74.5999984741211,0.9937199354171753,0.11450192719072441
bandpass,SNU_blebbistatin_35,matched,SNU_blebbistatin_35,-0.10000000149011612,0.0,0.7880527973175049,0.620589603031021
bandpass,SNU_blebbistatin_35,control,NCI_Staurosporine_100nM_25,-12.0,-10.100000381469727,0.9953864812850952,0.09500823446735605
bandpass,SNU_blebbistatin_36,matched,SNU_blebbistatin_36,0.5,-0.10000000149011612,0.7506399750709534,0.6651935911246533
bandpass,SNU_blebbistatin_36,control,T24_Blebbistatin_5uM_14,190.6999969482422,-56.29999923706055,0.9905626773834229,-0.14035533415151677
bandpass,SNU_blebbistatin_37,matched,SNU_blebbistatin_37,0.10000000149011612,-0.10000000149011612,0.8198016285896301,0.5773163946907727
bandpass,SNU_blebbistatin_37,control,SNU_99,-10.199999809265137,0.20000000298023224,0.9934874773025513,0.11281949822439558
bandpass,SNU_blebbistatin_38,matched,SNU_blebbistatin_38,0.20000000298023224,-0.30000001192092896,0.7881899476051331,0.6199831035217596
bandpass,SNU_blebbistatin_38,control,T24_Staurosporine_100nM_26,-181.8000030517578,86.5,0.9953008890151978,0.09560347632285496
bandpass,SNU_blebbistatin_39,matched,SNU_blebbistatin_39,0.4000000059604645,-0.4000000059604645,0.7575856447219849,0.6567246554022653
bandpass,SNU_blebbistatin_39,control,SNU_Rotenone_500nM_48,96.30000305175781,3.5999999046325684,0.9926804900169373,0.11998194600616731
bandpass,SNU_blebbistatin_40,matched,SNU_blebbistatin_40,0.30000001192092896,-0.699999988079071,0.7918165922164917,0.6155494921652519
bandpass,SNU_blebbistatin_40,control,SNU_32,60.79999923706055,193.39999389648438,0.9946768283843994,0.10410864454817183
bandpass,SNU_blebbistatin_41,matched,SNU_blebbistatin_41,0.8999999761581421,-0.20000000298023224,0.8202310800552368,0.5765560526988124
bandpass,SNU_blebbistatin_41,control,T24_rotenone_500nM_08,-23.0,-10.5,0.9862320423126221,0.16459411071358207
bandpass,SNU_blebbistatin_42,matched,SNU_blebbistatin_42,0.800000011920929,-0.10000000149011612,0.7606194615364075,0.6542131005473996
bandpass,SNU_blebbistatin_42,control,T24_Blebbistatin_5uM_04,58.099998474121094,27.899999618530273,0.9881181716918945,0.15315431380972713
bandpass,SNU_blebbistatin_43,matched,SNU_blebbistatin_43,0.0,0.10000000149011612,0.7144657373428345,0.7046232854109968
bandpass,SNU_blebbistatin_43,control,SNU_blebbistatin_35,-7.099999904632568,-20.399999618530273,0.9871931672096252,0.15961863788725875
bandpass,SNU_blebbistatin_44,matched,SNU_blebbistatin_44,0.20000000298023224,-0.30000001192092896,0.7203608155250549,0.6983018780466248
bandpass,SNU_blebbistatin_44,control,T24_Staurosporine_100nM_37,-30.299999237060547,-216.89999389648438,0.9931098222732544,0.11746343954037389
bandpass,SNU_blebbistatin_45,matched,SNU_blebbistatin_45,0.0,0.0,0.7711928486824036,0.6415333246187481
bandpass,SNU_blebbistatin_45,control,NCI_14,-8.5,-31.0,0.9955928325653076,0.09270191493564743
bandpass,SNU_blebbistatin_46,matched,SNU_blebbistatin_46,0.20000000298023224,0.10000000149011612,0.65287184715271,0.7619049315738572
bandpass,SNU_blebbistatin_46,control,T24_rotenone_500nM_02,-18.799999237060547,-98.5,0.9946598410606384,0.10266640473353174
bandpass,SNU_blebbistatin_47,matched,SNU_blebbistatin_47,0.5,0.10000000149011612,0.7286586165428162,0.6889291858729445
bandpass,SNU_blebbistatin_47,control,T24_rotenone_500nM_32,-26.100000381469727,-30.399999618530273,0.9899413585662842,0.1410795620014503
bandpass,SNU_blebbistatin_48,matched,SNU_blebbistatin_48,0.6000000238418579,-0.20000000298023224,0.7551782131195068,0.6598406436387005
bandpass,SNU_blebbistatin_48,control,NCI_rotenone_500nM_04,-45.20000076293945,-107.80000305175781,0.994714081287384,-0.10482067756250638
bandpass,SNU_blebbistatin_49,matched,SNU_blebbistatin_49,0.0,-0.10000000149011612,0.10570217669010162,0.9943357605663762
bandpass,SNU_blebbistatin_49,control,SNU_37,-68.9000015258789,-88.30000305175781,0.9933112263679504,-0.1188002384956807
bandpass,SNU_blebbistatin_50,matched,SNU_blebbistatin_50,0.10000000149011612,-0.10000000149011612,0.8170640468597412,0.5810851697414335
bandpass,SNU_blebbistatin_50,control,T24_Blebbistatin_5uM_41,-30.100000381469727,-2.9000000953674316,0.9951290488243103,0.09843490849147055
bandpass,SNU_staurosporine_01,matched,SNU_staurosporine_01,0.699999988079071,-1.399999976158142,0.5983037948608398,0.8047753182598809
bandpass,SNU_staurosporine_01,control,T24_16,-114.5,-60.400001525878906,0.9956713914871216,-0.09550646414130022
bandpass,SNU_staurosporine_02,matched,SNU_staurosporine_02,0.0,0.20000000298023224,0.5229405760765076,0.856048951923338
bandpass,SNU_staurosporine_02,control,SNU_58,-0.20000000298023224,45.70000076293945,0.9950436353683472,0.09945965087658347
bandpass,SNU_staurosporine_03,matched,SNU_staurosporine_03,-0.4000000059604645,0.0,0.4144042432308197,0.9119593223003221
bandpass,SNU_staurosporine_03,control,NCI_Staurosporine_100nM_06,19.799999237060547,-93.69999694824219,0.9895313382148743,0.14433380164214502
bandpass,SNU_staurosporine_04,matched,SNU_staurosporine_04,0.10000000149011612,-0.30000001192092896,0.517530083656311,0.85876689183647
bandpass,SNU_staurosporine_04,control,T24_21,-248.60000610351562,-114.19999694824219,0.9955897927284241,0.09596825259510168
bandpass,SNU_staurosporine_05,matched,SNU_staurosporine_05,0.0,0.20000000298023224,0.4500676095485687,0.8956222212915117
bandpass,SNU_staurosporine_05,control,T24_Blebbistatin_5uM_46,-82.69999694824219,-95.0,0.9930742979049683,0.11759751755524829
bandpass,SNU_staurosporine_06,matched,SNU_staurosporine_06,-0.20000000298023224,-0.10000000149011612,0.5043731331825256,0.8666351777355461
bandpass,SNU_staurosporine_06,control,T24_Staurosporine_100nM_38,-68.0999984741211,-108.80000305175781,0.9940598011016846,0.1087435306382403
bandpass,SNU_staurosporine_07,matched,SNU_staurosporine_07,0.0,0.30000001192092896,0.6185274720191956,0.789997994971704
bandpass,SNU_staurosporine_07,control,SNU_Rotenone_500nM_17,-24.799999237060547,66.5999984741211,0.9963130354881287,0.08518654056315862
bandpass,SNU_staurosporine_08,matched,SNU_staurosporine_08,0.20000000298023224,0.10000000149011612,0.6560124754905701,0.759415040121552
bandpass,SNU_staurosporine_08,control,SNU_FCCP_10uM_14,74.69999694824219,-62.599998474121094,0.9947106838226318,0.10214497733091299
bandpass,SNU_staurosporine_09,matched,SNU_staurosporine_09,0.4000000059604645,0.4000000059604645,0.5688105821609497,0.824803246352972
bandpass,SNU_staurosporine_09,control,T24_Blebbistatin_5uM_48,17.399999618530273,17.899999618530273,0.9931403994560242,0.11675925051671054
bandpass,SNU_staurosporine_10,matched,SNU_staurosporine_10,-0.20000000298023224,0.20000000298023224,0.6184508800506592,0.7897604701359243
bandpass,SNU_staurosporine_10,control,SNU_blebbistatin_29,-10.300000190734863,-8.5,0.992729127407074,0.1199641089951008
bandpass,SNU_staurosporine_11,matched,SNU_staurosporine_11,0.0,-0.30000001192092896,0.6556985974311829,0.7597141586814161
bandpass,SNU_staurosporine_11,control,NCI_Staurosporine_100nM_23,0.30000001192092896,-2.5999999046325684,0.99567049741745,0.09217537219878963
bandpass,SNU_staurosporine_12,matched,SNU_staurosporine_12,0.20000000298023224,-0.4000000059604645,0.6079423427581787,0.7975239280020106
bandpass,SNU_staurosporine_12,control,NCI_rotenone_500nM_11,354.5,6.800000190734863,0.993354320526123,0.12821416370401284
bandpass,SNU_staurosporine_13,matched,SNU_staurosporine_13,0.0,0.0,0.0825570821762085,0.9965857664090807
bandpass,SNU_staurosporine_13,control,SNU_52,4.800000190734863,2.799999952316284,0.9947987794876099,0.10087681609968101
bandpass,SNU_staurosporine_14,matched,SNU_staurosporine_14,0.10000000149011612,-0.20000000298023224,0.6647819876670837,0.7518195502662768
bandpass,SNU_staurosporine_14,control,T24_FCCP_10uM_26,40.099998474121094,50.70000076293945,0.994676947593689,-0.10615632572124666
bandpass,SNU_staurosporine_15,matched,SNU_staurosporine_15,0.4000000059604645,-0.30000001192092896,0.6517220735549927,0.7638418631061104
bandpass,SNU_staurosporine_15,control,SNU_staurosporine_07,-5.199999809265137,1.0,0.9916187524795532,0.1323326027016384
bandpass,SNU_staurosporine_16,matched,SNU_staurosporine_16,0.0,-0.10000000149011612,0.734819769859314,0.683400746794909
bandpass,SNU_staurosporine_16,control,T24_FCCP_10uM_47,-62.099998474121094,-22.100000381469727,0.9953789710998535,0.09506350672203455
bandpass,SNU_staurosporine_17,matched,SNU_staurosporine_17,-0.699999988079071,0.0,0.702035129070282,0.7167340645229408
bandpass,SNU_staurosporine_17,control,T24_rotenone_500nM_37,-11.899999618530273,-0.20000000298023224,0.9896864295005798,0.1428190398087298
bandpass,SNU_staurosporine_18,matched,SNU_staurosporine_18,0.20000000298023224,-0.6000000238418579,0.667285680770874,0.7485639450904649
bandpass,SNU_staurosporine_18,control,NCI_23,-55.900001525878906,-130.3000030517578,0.9953272938728333,-0.09928836731751003
bandpass,SNU_staurosporine_19,matched,SNU_staurosporine_19,0.0,-0.30000001192092896,0.7602365016937256,0.6545494449689033
bandpass,SNU_staurosporine_19,control,NCI_FCCP_10uM_19,-44.29999923706055,-133.8000030517578,0.9941087365150452,-0.11142762023325749
bandpass,SNU_staurosporine_20,matched,SNU_staurosporine_20,-0.10000000149011612,-0.20000000298023224,0.607623815536499,0.7985477727210205
bandpass,SNU_staurosporine_20,control,T24_rotenone_500nM_26,-40.5,-68.30000305175781,0.9942811727523804,0.10628256616640044
bandpass,SNU_staurosporine_21,matched,SNU_staurosporine_21,0.0,0.30000001192092896,0.6552907228469849,0.7599943571115912
bandpass,SNU_staurosporine_21,control,SNU_blebbistatin_27,-104.0999984741211,-53.599998474121094,0.9942808151245117,-0.11026942062585854
bandpass,SNU_staurosporine_22,matched,SNU_staurosporine_22,0.30000001192092896,-0.4000000059604645,0.7249029874801636,0.6931245503310948
bandpass,SNU_staurosporine_22,control,SNU_FCCP_10uM_07,54.20000076293945,-54.79999923706055,0.9939091205596924,0.10987556815259271
bandpass,SNU_staurosporine_23,matched,SNU_staurosporine_23,0.10000000149011612,0.0,0.6144285798072815,0.7934666810034574
bandpass,SNU_staurosporine_23,control,T24_FCCP_10uM_28,-127.80000305175781,64.5,0.9930878281593323,0.11705360540376498
bandpass,SNU_staurosporine_24,matched,SNU_staurosporine_24,0.4000000059604645,-0.4000000059604645,0.7836222052574158,0.6248501356451438
bandpass,SNU_staurosporine_24,control,SNU_FCCP_10uM_39,-6.599999904632568,9.300000190734863,0.9957307577133179,0.09047731587920685
bandpass,SNU_staurosporine_25,matched,SNU_staurosporine_25,0.0,0.10000000149011612,0.6629170775413513,0.753543963996257
bandpass,SNU_staurosporine_25,control,SNU_blebbistatin_11,-29.600000381469727,139.89999389648438,0.9937213659286499,-0.11534039290349773
bandpass,SNU_staurosporine_26,matched,SNU_staurosporine_26,-0.20000000298023224,-0.10000000149011612,0.7411671876907349,0.6763698660410549
bandpass,SNU_staurosporine_26,control,NCI_FCCP_10uM_20,99.19999694824219,-36.20000076293945,0.99527508020401,0.09632287670672449
bandpass,SNU_staurosporine_27,matched,SNU_staurosporine_27,0.20000000298023224,0.10000000149011612,0.6673751473426819,0.7494358108921731
bandpass,SNU_staurosporine_27,control,SNU_17,-283.20001220703125,-86.30000305175781,0.9962779879570007,0.08898070287613763
bandpass,SNU_staurosporine_28,matched,SNU_staurosporine_28,-0.10000000149011612,-0.30000001192092896,0.7492650151252747,0.6672301928658088
bandpass,SNU_staurosporine_28,control,SNU_28,-2.200000047683716,-12.600000381469727,0.9938563108444214,0.1099280937890177
bandpass,SNU_staurosporine_29,matched,SNU_staurosporine_29,0.30000001192092896,-0.20000000298023224,0.692934513092041,0.7253450627797792
bandpass,SNU_staurosporine_29,control,NCI_39,-81.5,228.0,0.9935821294784546,0.11361359322126247
bandpass,SNU_staurosporine_30,matched,SNU_staurosporine_30,0.5,-0.5,0.7210347652435303,0.6963777880726563
bandpass,SNU_staurosporine_30,control,NCI_Staurosporine_100nM_31,79.19999694824219,36.79999923706055,0.993105411529541,0.11659293350637993
bandpass,SNU_staurosporine_31,matched,SNU_staurosporine_31,0.699999988079071,-0.30000001192092896,0.7404158115386963,0.6767437689515026
bandpass,SNU_staurosporine_31,control,NCI_Staurosporine_100nM_47,8.899999618530273,-12.899999618530273,0.9948501586914062,0.1006146537746977
bandpass,SNU_staurosporine_32,matched,SNU_staurosporine_32,0.4000000059604645,-0.4000000059604645,0.6556711196899414,0.7586615211257476
bandpass,SNU_staurosporine_32,control,NCI_Blebbistatin_5uM_44,115.5999984741211,5.699999809265137,0.9921615123748779,-0.12646603958255997
bandpass,SNU_staurosporine_33,matched,SNU_staurosporine_33,-0.10000000149011612,0.4000000059604645,0.07686204463243484,0.9963421488321373
bandpass,SNU_staurosporine_33,control,T24_Staurosporine_100nM_05,-117.19999694824219,-50.599998474121094,0.989916980266571,0.14172302828461544
bandpass,SNU_staurosporine_34,matched,SNU_staurosporine_34,0.30000001192092896,0.30000001192092896,0.7913883328437805,0.6158171090654917
bandpass,SNU_staurosporine_34,control,NCI_16,35.900001525878906,19.0,0.9926732778549194,0.12004947908985174
bandpass,SNU_staurosporine_35,matched,SNU_staurosporine_35,0.30000001192092896,0.0,0.7259473204612732,0.6926310040890334
bandpass,SNU_staurosporine_35,control,SNU_Rotenone_500nM_06,87.5999984741211,-45.5,0.9894827604293823,0.1438307537684077
bandpass,SNU_staurosporine_36,matched,SNU_staurosporine_36,0.30000001192092896,-0.5,0.7557530403137207,0.659047485011558
bandpass,SNU_staurosporine_36,control,SNU_FCCP_10uM_29,-22.899999618530273,-13.699999809265137,0.9916772246360779,0.12788848718762227
bandpass,SNU_staurosporine_37,matched,SNU_staurosporine_37,-0.800000011920929,0.800000011920929,0.6484705209732056,0.7655554697253188
bandpass,SNU_staurosporine_37,control,SNU_Rotenone_500nM_40,-52.099998474121094,-112.80000305175781,0.9947443008422852,-0.10504788429759745
bandpass,SNU_staurosporine_38,matched,SNU_staurosporine_38,0.20000000298023224,0.30000001192092896,0.7363523840904236,0.6811957070912953
bandpass,SNU_staurosporine_38,control,NCI_Blebbistatin_5uM_24,21.799999237060547,21.700000762939453,0.9934445023536682,0.11355130859218522
bandpass,SNU_staurosporine_39,matched,SNU_staurosporine_39,0.10000000149011612,0.10000000149011612,0.7353431582450867,0.6826190346642337
bandpass,SNU_staurosporine_39,control,T24_FCCP_10uM_15,77.4000015258789,-46.20000076293945,0.9939872026443481,0.10858645809762511
bandpass,SNU_staurosporine_40,matched,SNU_staurosporine_40,0.0,0.10000000149011612,0.7070853114128113,0.7121254667280523
bandpass,SNU_staurosporine_40,control,T24_Blebbistatin_5uM_03,55.29999923706055,64.9000015258789,0.9921363592147827,-0.1275048608171068
bandpass,SNU_staurosporine_41,matched,SNU_staurosporine_41,0.10000000149011612,-0.5,0.7654036283493042,0.6476529008280316
bandpass,SNU_staurosporine_41,control,T24_rotenone_500nM_25,1.7999999523162842,-16.700000762939453,0.9927532076835632,0.11952370315691287
bandpass,SNU_staurosporine_42,matched,SNU_staurosporine_42,0.20000000298023224,-0.10000000149011612,0.7887735366821289,0.6196169577714997
bandpass,SNU_staurosporine_42,control,SNU_staurosporine_08,-11.100000381469727,-0.30000001192092896,0.9894596934318542,0.1443586649416475
bandpass,SNU_staurosporine_43,matched,SNU_staurosporine_43,0.699999988079071,-0.10000000149011612,0.7480089664459229,0.6682881499507428
bandpass,SNU_staurosporine_43,control,NCI_05,66.69999694824219,162.8000030517578,0.9928506016731262,0.11863610344323139
bandpass,SNU_staurosporine_44,matched,SNU_staurosporine_44,0.699999988079071,0.10000000149011612,0.7799299359321594,0.6306070356711534
bandpass,SNU_staurosporine_44,control,T24_44,10.199999809265137,-23.299999237060547,0.9891190528869629,0.14669413851816254
bandpass,SNU_staurosporine_45,matched,SNU_staurosporine_45,0.20000000298023224,0.10000000149011612,0.7726739645004272,0.6395849256752761
bandpass,SNU_staurosporine_45,control,T24_25,6.099999904632568,21.799999237060547,0.9925169944763184,0.12135047710855007
bandpass,SNU_staurosporine_46,matched,SNU_staurosporine_46,-0.10000000149011612,0.0,0.6396235823631287,0.773267323936598
bandpass,SNU_staurosporine_46,control,SNU_46,37.0,-128.8000030517578,0.9943416714668274,0.10583960336169286
bandpass,SNU_staurosporine_47,matched,SNU_staurosporine_47,0.0,-0.10000000149011612,0.716342568397522,0.7027728978130552
bandpass,SNU_staurosporine_47,control,SNU_blebbistatin_05,-100.4000015258789,102.5,0.9936692118644714,-0.1153243831142529
bandpass,SNU_staurosporine_48,matched,SNU_staurosporine_48,0.0,0.10000000149011612,0.8177491426467896,0.5802126608284158
bandpass,SNU_staurosporine_48,control,T24_rotenone_500nM_09,-28.799999237060547,-27.799999237060547,0.9936410784721375,0.11143497749985071
bandpass,SNU_staurosporine_49,matched,SNU_staurosporine_49,0.10000000149011612,-0.10000000149011612,0.8021949529647827,0.6019162440826065
bandpass,SNU_staurosporine_49,control,T24_FCCP_10uM_22,-274.79998779296875,-190.6999969482422,0.9952431321144104,0.10199336819325777
bandpass,SNU_staurosporine_50,matched,SNU_staurosporine_50,0.10000000149011612,0.20000000298023224,0.6993640065193176,0.7195184974620894
bandpass,SNU_staurosporine_50,control,T24_27,31.899999618530273,2.5999999046325684,0.9936618208885193,0.11172585525880825
bandpass,T24_01,matched,T24_01,1.399999976158142,-1.0,0.5357180237770081,0.8456474562403233
bandpass,T24_01,control,SNU_staurosporine_29,-13.399999618530273,19.600000381469727,0.9893315434455872,0.14616284404216556
bandpass,T24_02,matched,T24_02,0.4000000059604645,-0.30000001192092896,0.46620485186576843,0.8861021627913143
bandpass,T24_02,control,T24_26,-120.69999694824219,28.100000381469727,0.9933429956436157,-0.11802321321869055
bandpass,T24_03,matched,T24_03,0.5,-0.20000000298023224,0.5831895470619202,0.8152725553263181
bandpass,T24_03,control,SNU_Rotenone_500nM_09,-58.70000076293945,128.6999969482422,0.9948697686195374,-0.10351831474240208
bandpass,T24_04,matched,T24_04,-0.10000000149011612,-0.30000001192092896,0.4927586317062378,0.872733741757763
bandpass,T24_04,control,SNU_blebbistatin_33,-213.5,142.89999389648438,0.9953315854072571,0.09698846516763272
bandpass,T24_05,matched,T24_05,0.0,0.0,0.5527801513671875,0.8368825402899739
bandpass,T24_05,control,T24_13,18.899999618530273,141.0,0.9864543676376343,0.16446946754072914
bandpass,T24_06,matched,T24_06,0.0,0.0,0.7261757254600525,0.6922594574455846
bandpass,T24_06,control,T24_rotenone_500nM_34,-6.800000190734863,-40.5,0.9836019277572632,0.17989154762351464
bandpass,T24_07,matched,T24_07,0.5,0.4000000059604645,0.760419487953186,0.6526991496498599
bandpass,T24_07,control,SNU_Rotenone_500nM_45,102.4000015258789,118.9000015258789,0.9921155571937561,0.12476541673307938
bandpass,T24_08,matched,T24_08,0.10000000149011612,0.10000000149011612,0.7263055443763733,0.6918885832635
bandpass,T24_08,control,SNU_Rotenone_500nM_05,115.0,-51.29999923706055,0.9931014776229858,0.11669405880065302
bandpass,T24_09,matched,T24_09,0.30000001192092896,-0.10000000149011612,0.5805202126502991,0.8178039048070033
bandpass,T24_09,control,SNU_Rotenone_500nM_24,128.39999389648438,-33.900001525878906,0.9895374178886414,0.14465943260757108
bandpass,T24_10,matched,T24_10,-0.20000000298023224,-0.30000001192092896,0.7779313325881958,0.6325407958323058
bandpass,T24_10,control,NCI_FCCP_10uM_11,148.10000610351562,-81.0,0.983026385307312,0.1829745996928136
bandpass,T24_11,matched,T24_11,-0.4000000059604645,0.30000001192092896,0.7585077285766602,0.6557343038550821
bandpass,T24_11,control,T24_Blebbistatin_5uM_35,118.69999694824219,-57.5,0.9943171143531799,0.10552735248565548
bandpass,T24_12,matched,T24_12,-0.30000001192092896,0.20000000298023224,0.6839860081672668,0.7334532485640215
bandpass,T24_12,control,NCI_Blebbistatin_5uM_47,-65.0999984741211,-100.30000305175781,0.9939765334129333,-0.11175954123687724
bandpass,T24_13,matched,T24_13,-0.10000000149011612,0.20000000298023224,0.6411113142967224,0.7715881870660124
bandpass,T24_13,control,SNU_FCCP_10uM_18,137.8000030517578,122.9000015258789,0.9930890798568726,0.11708733908664025
bandpass,T24_14,matched,T24_14,-0.10000000149011612,0.10000000149011612,0.7339230179786682,0.6837119103899226
bandpass,T24_14,control,SNU_Rotenone_500nM_47,53.099998474121094,-61.29999923706055,0.9946112036705017,0.10250748883076971
bandpass,T24_15,matched,T24_15,0.20000000298023224,0.0,0.7870892286300659,0.6211058500944621
bandpass,T24_15,control,SNU_blebbistatin_12,-55.0,1.2999999523162842,0.9933016300201416,0.11430485542633029
bandpass,T24_16,matched,T24_16,0.10000000149011612,-0.20000000298023224,0.7478503584861755,0.6681404704351173
bandpass,T24_16,control,SNU_77,-66.69999694824219,-3.700000047683716,0.9824140071868896,-0.19099420686411195
bandpass,T24_17,matched,T24_17,0.5,0.30000001192092896,0.7665841579437256,0.6455937347191083
bandpass,T24_17,control,SNU_Rotenone_500nM_03,108.80000305175781,38.5,0.994160532951355,0.10646507800803351
bandpass,T24_18,matched,T24_18,-0.20000000298023224,-0.4000000059604645,0.6488192081451416,0.7644565939703573
bandpass,T24_18,control,SNU_50,40.29999923706055,-217.8000030517578,0.9915745258331299,0.13138800196591063
bandpass,T24_19,matched,T24_19,-0.30000001192092896,0.0,0.7866466045379639,0.6221916276152901
bandpass,T24_19,control,T24_Staurosporine_100nM_17,64.19999694824219,-188.60000610351562,0.9959103465080261,-0.09402992482179519
bandpass,T24_20,matched,T24_20,0.10000000149011612,0.20000000298023224,0.5996181964874268,0.804015017669081
bandpass,T24_20,control,SNU_FCCP_10uM_19,-34.29999923706055,-101.9000015258789,0.9902902841567993,-0.14244788442555442
bandpass,T24_21,matched,T24_21,0.4000000059604645,0.30000001192092896,0.7296074032783508,0.6876821864407635
bandpass,T24_21,control,T24_Blebbistatin_5uM_30,26.0,96.5999984741211,0.9925020933151245,-0.12504068688422043
bandpass,T24_22,matched,T24_22,0.30000001192092896,-0.30000001192092896,0.6345798373222351,0.7761931802647358
bandpass,T24_22,control,NCI_FCCP_10uM_35,34.599998474121094,-103.0,0.9948132634162903,0.10111341233427232
bandpass,T24_23,matched,T24_23,0.30000001192092896,0.10000000149011612,0.7649116516113281,0.6483383181293366
bandpass,T24_23,control,SNU_FCCP_10uM_46,79.4000015258789,89.30000305175781,0.9932935833930969,0.11444797159142835
bandpass,T24_24,matched,T24_24,0.10000000149011612,0.30000001192092896,0.7910025715827942,0.6161838824406555
bandpass,T24_24,control,NCI_rotenone_500nM_27,-31.399999618530273,97.5,0.9882686138153076,-0.15487410816632702
bandpass,T24_25,matched,T24_25,0.4000000059604645,-1.0,0.7493943572044373,0.6665082522746705
bandpass,T24_25,control,T24_rotenone_500nM_46,-14.800000190734863,53.29999923706055,0.9946103692054749,0.10289497902153125
bandpass,T24_26,matched,T24_26,0.30000001192092896,-0.10000000149011612,0.820173442363739,0.5762609230370022
bandpass,T24_26,control,NCI_rotenone_500nM_26,13.300000190734863,-81.0,0.991923451423645,0.12594279198629008
bandpass,T24_27,matched,T24_27,0.4000000059604645,-0.10000000149011612,0.6944448947906494,0.7239152092141313
bandpass,T24_27,control,T24_Blebbistatin_5uM_02,-49.599998474121094,72.0,0.9881069660186768,0.15382180112838567
bandpass,T24_28,matched,T24_28,-0.4000000059604645,-0.10000000149011612,0.8090972304344177,0.5914256165810307
bandpass,T24_28,control,NCI_Blebbistatin_5uM_18,-105.9000015258789,102.5,0.9937669038772583,0.10996890115139248
bandpass,T24_29,matched,T24_29,0.30000001192092896,0.20000000298023224,0.699563205242157,0.7185519256831621
bandpass,T24_29,control,NCI_Staurosporine_100nM_36,145.89999389648438,-75.4000015258789,0.9909188747406006,0.13412372787854412
bandpass,T24_30,matched,T24_30,-0.10000000149011612,-0.20000000298023224,0.7322884202003479,0.6855493601549194
bandpass,T24_30,control,SNU_16,-107.0,-1.7000000476837158,0.9911898970603943,0.13238440819994318
bandpass,T24_31,matched,T24_31,0.20000000298023224,0.0,0.7437244057655334,0.6730198302354037
bandpass,T24_31,control,T24_Staurosporine_100nM_19,-138.0,85.4000015258789,0.9951968193054199,0.09673578873351361
bandpass,T24_32,matched,T24_32,0.0,-0.5,0.8325144648551941,0.557214276921575
bandpass,T24_32,control,NCI_FCCP_10uM_24,-16.600000381469727,-13.399999618530273,0.9923174977302551,0.1224358452716817
bandpass,T24_33,matched,T24_33,-0.10000000149011612,0.20000000298023224,0.7098812460899353,0.7087988086256716
bandpass,T24_33,control,T24_14,28.700000762939453,39.20000076293945,0.983713686466217,-0.18316075128732562
bandpass,T24_34,matched,T24_34,-0.20000000298023224,0.30000001192092896,0.7917629480361938,0.6149056677150576
bandpass,T24_34,control,NCI_rotenone_500nM_18,180.8000030517578,-34.599998474121094,0.9845286011695862,0.17541812109007812
bandpass,T24_35,matched,T24_35,0.10000000149011612,0.0,0.8388060927391052,0.5479646006951356
bandpass,T24_35,control,T24_FCCP_10uM_46,-56.099998474121094,-156.10000610351562,0.9941450953483582,-0.11266727872521819
bandpass,T24_36,matched,T24_36,0.8999999761581421,0.10000000149011612,0.8311087489128113,0.5597616634558775
bandpass,T24_36,control,T24_rotenone_500nM_49,162.5,-33.099998474121094,0.9951286315917969,0.09697949358224454
bandpass,T24_37,matched,T24_37,0.0,0.30000001192092896,0.6148520708084106,0.7922876937198229
bandpass,T24_37,control,SNU_staurosporine_48,-20.100000381469727,16.399999618530273,0.9943099021911621,0.10642246928802072
bandpass,T24_38,matched,T24_38,-0.10000000149011612,0.20000000298023224,0.6719862222671509,0.744746097975241
bandpass,T24_38,control,SNU_blebbistatin_23,147.60000610351562,-23.899999618530273,0.9945235252380371,0.1038864810814958
bandpass,T24_39,matched,T24_39,0.800000011920929,-0.800000011920929,0.7971484065055847,0.6078113682934744
bandpass,T24_39,control,NCI_rotenone_500nM_06,23.5,113.69999694824219,0.9953187108039856,-0.09877906149440645
bandpass,T24_40,matched,T24_40,0.10000000149011612,0.0,0.7326057553291321,0.6853246518081055
bandpass,T24_40,control,SNU_Rotenone_500nM_08,199.60000610351562,-56.400001525878906,0.9950122237205505,0.1006641855505287
bandpass,T24_41,matched,T24_41,0.10000000149011612,-0.10000000149011612,0.6749959588050842,0.742235069458529
bandpass,T24_41,control,T24_15,-41.0,-61.0,0.9931983351707458,-0.11931034323711917
bandpass,T24_42,matched,T24_42,-0.30000001192092896,-0.4000000059604645,0.7250785827636719,0.692515327206985
bandpass,T24_42,control,T24_50,-10.100000381469727,-4.900000095367432,0.991020917892456,0.13335988614223182
bandpass,T24_43,matched,T24_43,0.4000000059604645,0.0,0.7288327813148499,0.6885432526121925
bandpass,T24_43,control,NCI_27,6.099999904632568,-5.300000190734863,0.990584135055542,0.1361675828119483
bandpass,T24_44,matched,T24_44,0.10000000149011612,-0.20000000298023224,0.7921046018600464,0.6145790123398919
bandpass,T24_44,control,NCI_Staurosporine_100nM_34,21.100000381469727,-112.0999984741211,0.9961557984352112,0.08613690553918722
bandpass,T24_45,matched,T24_45,0.699999988079071,-0.10000000149011612,0.7481343746185303,0.6677481904000091
bandpass,T24_45,control,T24_rotenone_500nM_35,115.5999984741211,18.700000762939453,0.9929323792457581,0.11798186257594331
bandpass,T24_46,matched,T24_46,-0.10000000149011612,0.0,0.775305449962616,0.6360094648936366
bandpass,T24_46,control,NCI_rotenone_500nM_08,46.79999923706055,-289.20001220703125,0.9922613501548767,0.12814230021718873
bandpass,T24_47,matched,T24_47,0.10000000149011612,-0.20000000298023224,0.7142506241798401,0.7043606510301454
bandpass,T24_47,control,NCI_rotenone_500nM_19,-91.80000305175781,-240.3000030517578,0.991610050201416,0.13098474355302145
bandpass,T24_48,matched,T24_48,0.6000000238418579,-0.30000001192092896,0.7018268704414368,0.7158214600194596
bandpass,T24_48,control,T24_rotenone_500nM_31,73.5999984741211,-106.9000015258789,0.9911993741989136,0.13189538737469314
bandpass,T24_49,matched,T24_49,0.10000000149011612,0.10000000149011612,0.7733895182609558,0.6383550099175701
bandpass,T24_49,control,NCI_42,25.399999618530273,35.900001525878906,0.993112325668335,-0.11914499129375798
bandpass,T24_50,matched,T24_50,0.30000001192092896,0.30000001192092896,0.6079450845718384,0.7974371955685079
bandpass,T24_50,control,T24_rotenone_500nM_13,-60.599998474121094,-174.6999969482422,0.9951953291893005,-0.09961001364589131
bandpass,T24_Blebbistatin_5uM_01,matched,T24_Blebbistatin_5uM_01,3.0999999046325684,1.100000023841858,0.6769289374351501,0.7395415919622966
bandpass,T24_Blebbistatin_5uM_01,control,SNU_staurosporine_30,-46.5,49.400001525878906,0.9946295022964478,0.10282940209955524
bandpass,T24_Blebbistatin_5uM_02,matched,T24_Blebbistatin_5uM_02,0.0,-0.10000000149011612,0.6023262739181519,0.8017650150126233
bandpass,T24_Blebbistatin_5uM_02,control,NCI_Staurosporine_100nM_17,43.70000076293945,-199.0,0.9948097467422485,-0.10460323886835958
bandpass,T24_Blebbistatin_5uM_03,matched,T24_Blebbistatin_5uM_03,-0.10000000149011612,-0.20000000298023224,0.6227538585662842,0.7859476379556286
bandpass,T24_Blebbistatin_5uM_03,control,NCI_Blebbistatin_5uM_15,200.89999389648438,-109.9000015258789,0.9930116534233093,0.11882905134597589
bandpass,T24_Blebbistatin_5uM_04,matched,T24_Blebbistatin_5uM_04,0.10000000149011612,0.30000001192092896,0.5758321285247803,0.8206954800248913
bandpass,T24_Blebbistatin_5uM_04,control,T24_rotenone_500nM_15,51.5,200.5,0.9940510392189026,0.11057830965597086
bandpass,T24_Blebbistatin_5uM_05,matched,T24_Blebbistatin_5uM_05,-0.20000000298023224,0.30000001192092896,0.11651699244976044,0.992715015477972
bandpass,T24_Blebbistatin_5uM_05,control,T24_rotenone_500nM_07,-35.900001525878906,-49.70000076293945,0.9886714816093445,-0.15140495114143462
bandpass,T24_Blebbistatin_5uM_06,matched,T24_Blebbistatin_5uM_06,0.0,0.4000000059604645,0.4715479910373688,0.8838002290716992
bandpass,T24_Blebbistatin_5uM_06,control,SNU_staurosporine_22,-97.5999984741211,15.699999809265137,0.990929126739502,0.13439457821802542
bandpass,T24_Blebbistatin_5uM_07,matched,T24_Blebbistatin_5uM_07,-0.10000000149011612,0.10000000149011612,0.5130026340484619,0.8611684958523277
bandpass,T24_Blebbistatin_5uM_07,control,T24_30,90.69999694824219,133.1999969482422,0.9915085434913635,-0.1330999239117573
bandpass,T24_Blebbistatin_5uM_08,matched,T24_Blebbistatin_5uM_08,0.30000001192092896,0.0,0.5074787735939026,0.8640967976726823
bandpass,T24_Blebbistatin_5uM_08,control,NCI_08,-1.600000023841858,-210.8000030517578,0.9869699478149414,0.16474378774478252
bandpass,T24_Blebbistatin_5uM_09,matched,T24_Blebbistatin_5uM_09,-0.10000000149011612,0.30000001192092896,0.6805786490440369,0.7363651273148872
bandpass,T24_Blebbistatin_5uM_09,control,T24_FCCP_10uM_37,-35.79999923706055,7.900000095367432,0.9896056056022644,0.1430864361854915
bandpass,T24_Blebbistatin_5uM_10,matched,T24_Blebbistatin_5uM_10,0.10000000149011612,0.0,0.6287540793418884,0.7814129977529696
bandpass,T24_Blebbistatin_5uM_10,control,NCI_Blebbistatin_5uM_21,-81.0999984741211,-46.5,0.9906207919120789,0.13602711866122305
bandpass,T24_Blebbistatin_5uM_11,matched,T24_Blebbistatin_5uM_11,-0.10000000149011612,0.10000000149011612,0.4718623161315918,0.8841026264438646
bandpass,T24_Blebbistatin_5uM_11,control,SNU_02,67.9000015258789,-126.9000015258789,0.9964122176170349,0.08456038136856998
bandpass,T24_Blebbistatin_5uM_12,matched,T24_Blebbistatin_5uM_12,-0.10000000149011612,0.20000000298023224,0.5421122908592224,0.843288433208416
bandpass,T24_Blebbistatin_5uM_12,control,SNU_Rotenone_500nM_34,-100.0999984741211,143.8000030517578,0.988728404045105,-0.15323674465366685
bandpass,T24_Blebbistatin_5uM_13,matched,T24_Blebbistatin_5uM_13,0.4000000059604645,-0.20000000298023224,0.6360743045806885,0.7748143596348716
bandpass,T24_Blebbistatin_5uM_13,control,NCI_Staurosporine_100nM_42,-14.899999618530273,13.199999809265137,0.9916567802429199,0.12879533728208326
bandpass,T24_Blebbistatin_5uM_14,matched,T24_Blebbistatin_5uM_14,0.20000000298023224,-0.20000000298023224,0.5585809946060181,0.8325913135226813
bandpass,T24_Blebbistatin_5uM_14,control,NCI_Blebbistatin_5uM_20,-17.200000762939453,-176.10000610351562,0.9942366480827332,0.10700729148740522
bandpass,T24_Blebbistatin_5uM_15,matched,T24_Blebbistatin_5uM_15,0.20000000298023224,-0.4000000059604645,0.5748345851898193,0.8211633660674206
bandpass,T24_Blebbistatin_5uM_15,control,SNU_Rotenone_500nM_37,-193.60000610351562,155.89999389648438,0.9940841197967529,0.10883740189783925
bandpass,T24_Blebbistatin_5uM_16,matched,T24_Blebbistatin_5uM_16,0.4000000059604645,0.4000000059604645,0.70417720079422,0.7130366016379698
bandpass,T24_Blebbistatin_5uM_16,control,SNU_42,12.600000381469727,19.600000381469727,0.9898830652236938,0.1413655112194626
bandpass,T24_Blebbistatin_5uM_17,matched,T24_Blebbistatin_5uM_17,0.0,0.10000000149011612,0.5193672180175781,0.8574870065442589
bandpass,T24_Blebbistatin_5uM_17,control,SNU_staurosporine_40,30.600000381469727,-24.899999618530273,0.9915029406547546,0.130126475053925
bandpass,T24_Blebbistatin_5uM_18,matched,T24_Blebbistatin_5uM_18,-0.20000000298023224,-0.10000000149011612,0.6261017322540283,0.7832529498785371
bandpass,T24_Blebbistatin_5uM_18,control,SNU_74,-215.60000610351562,-37.900001525878906,0.9878081679344177,0.15723916773558283
bandpass,T24_Blebbistatin_5uM_19,matched,T24_Blebbistatin_5uM_19,0.30000001192092896,0.30000001192092896,0.4258088171482086,0.9062836561957123
bandpass,T24_Blebbistatin_5uM_19,control,SNU_blebbistatin_04,-65.9000015258789,-43.5,0.9936198592185974,0.11276831217058389
bandpass,T24_Blebbistatin_5uM_20,matched,T24_Blebbistatin_5uM_20,0.0,-0.5,0.6232904195785522,0.7850868640201518
bandpass,T24_Blebbistatin_5uM_20,control,SNU_07,-297.0,160.39999389648438,0.9935179948806763,0.11687043110301569
bandpass,T24_Blebbistatin_5uM_21,matched,T24_Blebbistatin_5uM_21,0.20000000298023224,0.10000000149011612,0.6605878472328186,0.7545706197186631
bandpass,T24_Blebbistatin_5uM_21,control,NCI_15,21.899999618530273,92.80000305175781,0.9948648810386658,0.10067622716702125
bandpass,T24_Blebbistatin_5uM_22,matched,T24_Blebbistatin_5uM_22,0.0,0.10000000149011612,0.0801830068230629,0.9966701282030993
bandpass,T24_Blebbistatin_5uM_22,control,SNU_blebbistatin_44,-36.5,-17.600000381469727,0.99383944272995,0.11056874453104294
bandpass,T24_Blebbistatin_5uM_23,matched,T24_Blebbistatin_5uM_23,-0.10000000149011612,0.10000000149011612,0.662507176399231,0.752846939332409
bandpass,T24_Blebbistatin_5uM_23,control,NCI_Blebbistatin_5uM_50,271.8999938964844,47.70000076293945,0.9899011850357056,0.14509989029654172
bandpass,T24_Blebbistatin_5uM_24,matched,T24_Blebbistatin_5uM_24,-0.10000000149011612,0.10000000149011612,0.7053990960121155,0.712691329248362
bandpass,T24_Blebbistatin_5uM_24,control,T24_32,-54.900001525878906,-18.799999237060547,0.9907603859901428,0.135013175282944
bandpass,T24_Blebbistatin_5uM_25,matched,T24_Blebbistatin_5uM_25,0.30000001192092896,-0.30000001192092896,0.48190027475357056,0.8783622432812753
bandpass,T24_Blebbistatin_5uM_25,control,T24_Staurosporine_100nM_02,-63.400001525878906,58.099998474121094,0.9920534491539001,-0.1277852203154906
bandpass,T24_Blebbistatin_5uM_26,matched,T24_Blebbistatin_5uM_26,0.0,0.0,0.5539150238037109,0.8358021800628096
bandpass,T24_Blebbistatin_5uM_26,control,SNU_FCCP_10uM_34,-55.20000076293945,-44.70000076293945,0.9922853708267212,0.12382280450026792
bandpass,T24_Blebbistatin_5uM_27,matched,T24_Blebbistatin_5uM_27,-0.10000000149011612,0.10000000149011612,0.632067859172821,0.7784926416799534
bandpass,T24_Blebbistatin_5uM_27,control,NCI_Blebbistatin_5uM_05,21.5,-91.80000305175781,0.9875982403755188,0.15657481191246878
bandpass,T24_Blebbistatin_5uM_28,matched,T24_Blebbistatin_5uM_28,0.10000000149011612,-0.20000000298023224,0.6058449745178223,0.7990181741887978
bandpass,T24_Blebbistatin_5uM_28,control,NCI_Staurosporine_100nM_19,-1.5,-19.799999237060547,0.9943325519561768,0.10570954241024307
bandpass,T24_Blebbistatin_5uM_29,matched,T24_Blebbistatin_5uM_29,-0.10000000149011612,-0.20000000298023224,0.7084498405456543,0.7095748227753758
bandpass,T24_Blebbistatin_5uM_29,control,NCI_13,-98.5,5.300000190734863,0.988664448261261,0.14934161625496806
bandpass,T24_Blebbistatin_5uM_30,matched,T24_Blebbistatin_5uM_30,-0.10000000149011612,0.20000000298023224,0.6816214919090271,0.7354394691528712
bandpass,T24_Blebbistatin_5uM_30,control,SNU_FCCP_10uM_25,-242.8000030517578,63.400001525878906,0.991664707660675,0.12994263700123146
bandpass,T24_Blebbistatin_5uM_31,matched,T24_Blebbistatin_5uM_31,-0.20000000298023224,0.20000000298023224,0.6766443848609924,0.7401611947306527
bandpass,T24_Blebbistatin_5uM_31,control,SNU_45,-27.299999237060547,-86.19999694824219,0.9936652183532715,0.11180827920054816
bandpass,T24_Blebbistatin_5uM_32,matched,T24_Blebbistatin_5uM_32,-0.20000000298023224,-0.10000000149011612,0.6582992076873779,0.756524098748785
bandpass,T24_Blebbistatin_5uM_32,control,T24_Staurosporine_100nM_04,79.9000015258789,119.0,0.9854032397270203,0.17013227612962775
bandpass,T24_Blebbistatin_5uM_33,matched,T24_Blebbistatin_5uM_33,0.0,-0.10000000149011612,0.06213606894016266,0.998056452551675
bandpass,T24_Blebbistatin_5uM_33,control,SNU_FCCP_10uM_36,-80.80000305175781,-11.399999618530273,0.9958279728889465,0.09071214139571376
bandpass,T24_Blebbistatin_5uM_34,matched,T24_Blebbistatin_5uM_34,0.20000000298023224,-0.10000000149011612,0.5420724153518677,0.8432778585476763
bandpass,T24_Blebbistatin_5uM_34,control,SNU_14,161.5,-29.700000762939453,0.9929855465888977,0.11863917927646987
bandpass,T24_Blebbistatin_5uM_35,matched,T24_Blebbistatin_5uM_35,-0.30000001192092896,0.10000000149011612,0.5518455505371094,0.8369238087116138
bandpass,T24_Blebbistatin_5uM_35,control,T24_Blebbistatin_5uM_42,50.400001525878906,-43.599998474121094,0.9929707646369934,0.118054012406028
bandpass,T24_Blebbistatin_5uM_36,matched,T24_Blebbistatin_5uM_36,-0.10000000149011612,0.5,0.5965824723243713,0.8051323138944138
bandpass,T24_Blebbistatin_5uM_36,control,SNU_FCCP_10uM_04,56.900001525878906,160.8000030517578,0.9863156080245972,0.16548323009551463
bandpass,T24_Blebbistatin_5uM_37,matched,T24_Blebbistatin_5uM_37,0.20000000298023224,-0.30000001192092896,0.7146250605583191,0.7034234864412826
bandpass,T24_Blebbistatin_5uM_37,control,SNU_01,-76.69999694824219,306.3999938964844,0.9927443861961365,0.12891989039458587
bandpass,T24_Blebbistatin_5uM_38,matched,T24_Blebbistatin_5uM_38,-0.4000000059604645,0.0,0.5634831190109253,0.8288043522069383
bandpass,T24_Blebbistatin_5uM_38,control,NCI_Staurosporine_100nM_09,-254.1999969482422,-29.5,0.9919660687446594,-0.13228648380318958
bandpass,T24_Blebbistatin_5uM_39,matched,T24_Blebbistatin_5uM_39,0.0,0.0,0.050173718482255936,0.9987403522599797
bandpass,T24_Blebbistatin_5uM_39,control,T24_FCCP_10uM_18,69.4000015258789,39.70000076293945,0.9875138998031616,-0.1597289994718728
bandpass,T24_Blebbistatin_5uM_40,matched,T24_Blebbistatin_5uM_40,0.0,0.4000000059604645,0.6032128930091858,0.8005493601074579
bandpass,T24_Blebbistatin_5uM_40,control,NCI_rotenone_500nM_43,-82.9000015258789,10.800000190734863,0.9866957068443298,0.16246123397089193
bandpass,T24_Blebbistatin_5uM_41,matched,T24_Blebbistatin_5uM_41,0.0,-0.30000001192092896,0.051495734602212906,0.998279454624163
bandpass,T24_Blebbistatin_5uM_41,control,SNU_70,10.199999809265137,-18.700000762939453,0.9940476417541504,0.1086529459804116
bandpass,T24_Blebbistatin_5uM_42,matched,T24_Blebbistatin_5uM_42,0.10000000149011612,0.20000000298023224,0.7382344603538513,0.678245234605467
bandpass,T24_Blebbistatin_5uM_42,control,NCI_rotenone_500nM_16,5.599999904632568,-9.800000190734863,0.9884045124053955,0.1509049409452687
bandpass,T24_Blebbistatin_5uM_43,matched,T24_Blebbistatin_5uM_43,0.10000000149011612,0.10000000149011612,0.059086572378873825,0.9981948877550433
bandpass,T24_Blebbistatin_5uM_43,control,SNU_blebbistatin_15,66.4000015258789,-18.0,0.9912585616111755,-0.13508424499609092
bandpass,T24_Blebbistatin_5uM_44,matched,T24_Blebbistatin_5uM_44,-0.20000000298023224,0.20000000298023224,0.7385605573654175,0.6776793601856743
bandpass,T24_Blebbistatin_5uM_44,control,SNU_blebbistatin_42,-80.9000015258789,-23.100000381469727,0.9927867650985718,0.11828838082206128
bandpass,T24_Blebbistatin_5uM_45,matched,T24_Blebbistatin_5uM_45,-0.30000001192092896,0.20000000298023224,0.6928043961524963,0.7244748269847169
bandpass,T24_Blebbistatin_5uM_45,control,T24_Staurosporine_100nM_21,1.0,7.099999904632568,0.9882546067237854,0.15180716294763336
bandpass,T24_Blebbistatin_5uM_46,matched,T24_Blebbistatin_5uM_46,-0.10000000149011612,0.0,0.697085976600647,0.7208268892052456
bandpass,T24_Blebbistatin_5uM_46,control,NCI_rotenone_500nM_10,-31.0,37.0,0.9928011894226074,-0.12138030207794188
bandpass,T24_Blebbistatin_5uM_47,matched,T24_Blebbistatin_5uM_47,0.0,-0.4000000059604645,0.6200072169303894,0.7875481325498669
bandpass,T24_Blebbistatin_5uM_47,control,NCI_FCCP_10uM_15,11.199999809265137,-136.39999389648438,0.9877790808677673,-0.15899358864589525
bandpass,T24_Blebbistatin_5uM_48,matched,T24_Blebbistatin_5uM_48,0.0,0.30000001192092896,0.6409814357757568,0.7707768030878754
bandpass,T24_Blebbistatin_5uM_48,control,T24_35,76.30000305175781,28.700000762939453,0.9946619868278503,0.10157456878215389
bandpass,T24_Blebbistatin_5uM_49,matched,T24_Blebbistatin_5uM_49,0.20000000298023224,-0.10000000149011612,0.6384387016296387,0.7733436919392579
bandpass,T24_Blebbistatin_5uM_49,control,SNU_Rotenone_500nM_33,-151.8000030517578,-97.0,0.9911620020866394,-0.13597037414584884
bandpass,T24_Blebbistatin_5uM_50,matched,T24_Blebbistatin_5uM_50,-0.5,-0.20000000298023224,0.6398938894271851,0.770874011369265
bandpass,T24_Blebbistatin_5uM_50,control,SNU_Rotenone_500nM_49,13.800000190734863,25.100000381469727,0.994013249874115,0.10850521827659446
bandpass,T24_FCCP_10uM_01,matched,T24_FCCP_10uM_01,0.10000000149011612,-0.30000001192092896,0.5601782202720642,0.83151017457472
bandpass,T24_FCCP_10uM_01,control,SNU_61,-175.89999389648438,-61.20000076293945,0.9958454966545105,0.09130203400184393
bandpass,T24_FCCP_10uM_02,matched,T24_FCCP_10uM_02,0.20000000298023224,0.0,0.6181508302688599,0.7899604794551609
bandpass,T24_FCCP_10uM_02,control,T24_Blebbistatin_5uM_32,18.600000381469727,7.400000095367432,0.9943904876708984,0.10549569228965054
bandpass,T24_FCCP_10uM_03,matched,T24_FCCP_10uM_03,0.20000000298023224,0.20000000298023224,0.4955527186393738,0.8711506921242095
bandpass,T24_FCCP_10uM_03,control,T24_Blebbistatin_5uM_01,16.5,38.400001525878906,0.9930844902992249,0.11741113616881053
bandpass,T24_FCCP_10uM_04,matched,T24_FCCP_10uM_04,0.0,0.30000001192092896,0.7137557864189148,0.7047168378595808
bandpass,T24_FCCP_10uM_04,control,T24_rotenone_500nM_10,-383.29998779296875,67.4000015258789,0.9939115643501282,0.11946065694061321
bandpass,T24_FCCP_10uM_05,matched,T24_FCCP_10uM_05,0.30000001192092896,0.10000000149011612,0.5153045058250427,0.8596850971061168
bandpass,T24_FCCP_10uM_05,control,T24_FCCP_10uM_24,159.39999389648438,190.39999389648438,0.9941986799240112,0.1081821363148749
bandpass,T24_FCCP_10uM_06,matched,T24_FCCP_10uM_06,0.20000000298023224,0.10000000149011612,0.4727924168109894,0.8836397574010382
bandpass,T24_FCCP_10uM_06,control,T24_FCCP_10uM_08,-130.5,-124.19999694824219,0.9937068819999695,-0.113648134784636
bandpass,T24_FCCP_10uM_07,matched,T24_FCCP_10uM_07,-0.10000000149011612,-0.10000000149011612,0.5582818388938904,0.8330619740933982
bandpass,T24_FCCP_10uM_07,control,T24_FCCP_10uM_44,48.0,17.899999618530273,0.994927167892456,0.10046141289799959
bandpass,T24_FCCP_10uM_08,matched,T24_FCCP_10uM_08,0.10000000149011612,-0.10000000149011612,0.5862799882888794,0.8137201489736398
bandpass,T24_FCCP_10uM_08,control,T24_FCCP_10uM_49,-5.5,-34.599998474121094,0.9947676658630371,0.10224966802430344
bandpass,T24_FCCP_10uM_09,matched,T24_FCCP_10uM_09,0.6000000238418579,-0.10000000149011612,0.5690820813179016,0.8252632106736505
bandpass,T24_FCCP_10uM_09,control,SNU_90,6.800000190734863,0.10000000149011612,0.9907299876213074,0.13614622833725065
bandpass,T24_FCCP_10uM_10,matched,T24_FCCP_10uM_10,0.20000000298023224,0.20000000298023224,0.47026434540748596,0.884966932248085
bandpass,T24_FCCP_10uM_10,control,SNU_48,-108.19999694824219,95.30000305175781,0.9923577308654785,0.123747872119572
bandpass,T24_FCCP_10uM_11,matched,T24_FCCP_10uM_11,0.0,0.10000000149011612,0.67238450050354,0.7444291135743195
bandpass,T24_FCCP_10uM_11,control,T24_Blebbistatin_5uM_45,8.300000190734863,3.799999952316284,0.9883463382720947,0.15208350838006435
bandpass,T24_FCCP_10uM_12,matched,T24_FCCP_10uM_12,0.10000000149011612,-0.10000000149011612,0.7194517850875854,0.6989294147087879
bandpass,T24_FCCP_10uM_12,control,SNU_staurosporine_05,-3.5999999046325684,37.900001525878906,0.9936368465423584,0.11191964859461051
bandpass,T24_FCCP_10uM_13,matched,T24_FCCP_10uM_13,0.30000001192092896,-0.30000001192092896,0.5777981281280518,0.8191630427632967
bandpass,T24_FCCP_10uM_13,control,T24_Staurosporine_100nM_48,-126.5,63.099998474121094,0.9925143718719482,0.1219624249812737
bandpass,T24_FCCP_10uM_14,matched,T24_FCCP_10uM_14,0.4000000059604645,-0.20000000298023224,0.6794005632400513,0.7374081998866626
bandpass,T24_FCCP_10uM_14,control,T24_Staurosporine_100nM_28,-6.699999809265137,-122.5,0.9943250417709351,-0.10869065559475166
bandpass,T24_FCCP_10uM_15,matched,T24_FCCP_10uM_15,0.30000001192092896,1.0,0.7862855792045593,0.622628989351603
bandpass,T24_FCCP_10uM_15,control,SNU_FCCP_10uM_50,12.899999618530273,4.300000190734863,0.9926982522010803,0.12064729212990279
bandpass,T24_FCCP_10uM_16,matched,T24_FCCP_10uM_16,0.0,-0.30000001192092896,0.6149802207946777,0.7922066007603106
bandpass,T24_FCCP_10uM_16,control,T24_Staurosporine_100nM_44,10.5,-6.0,0.9935163259506226,0.11339511771094957
bandpass,T24_FCCP_10uM_17,matched,T24_FCCP_10uM_17,0.4000000059604645,-0.10000000149011612,0.747563898563385,0.6678546202523389
bandpass,T24_FCCP_10uM_17,control,NCI_Staurosporine_100nM_08,-180.10000610351562,50.70000076293945,0.9930604696273804,0.11766048826030141
bandpass,T24_FCCP_10uM_18,matched,T24_FCCP_10uM_18,-0.10000000149011612,0.6000000238418579,0.6453911662101746,0.7673597333070084
bandpass,T24_FCCP_10uM_18,control,NCI_rotenone_500nM_44,311.20001220703125,-124.69999694824219,0.9854990839958191,0.1911574852934342
bandpass,T24_FCCP_10uM_19,matched,T24_FCCP_10uM_19,0.0,-0.4000000059604645,0.6790190935134888,0.7378515645127147
bandpass,T24_FCCP_10uM_19,control,SNU_staurosporine_50,25.5,2.0999999046325684,0.9950772523880005,0.09840004446579124
bandpass,T24_FCCP_10uM_20,matched,T24_FCCP_10uM_20,0.4000000059604645,0.30000001192092896,0.7312625646591187,0.6859578447693266
bandpass,T24_FCCP_10uM_20,control,NCI_rotenone_500nM_07,9.699999809265137,-6.699999809265137,0.9903241395950317,0.13828806595171983
bandpass,T24_FCCP_10uM_21,matched,T24_FCCP_10uM_21,0.30000001192092896,0.5,0.710193932056427,0.7075018085705159
bandpass,T24_FCCP_10uM_21,control,T24_FCCP_10uM_07,91.0,-138.39999389648438,0.9875125885009766,0.15734576281248067
bandpass,T24_FCCP_10uM_22,matched,T24_FCCP_10uM_22,-0.20000000298023224,-0.10000000149011612,0.7316008806228638,0.6858729301220484
bandpass,T24_FCCP_10uM_22,control,SNU_blebbistatin_49,-58.099998474121094,-39.900001525878906,0.9915261268615723,0.1297844454365568
bandpass,T24_FCCP_10uM_23,matched,T24_FCCP_10uM_23,0.20000000298023224,0.4000000059604645,0.6491664052009583,0.7641039704824093
bandpass,T24_FCCP_10uM_23,control,NCI_Staurosporine_100nM_11,1.2999999523162842,37.79999923706055,0.9917418956756592,0.12822456516369893
bandpass,T24_FCCP_10uM_24,matched,T24_FCCP_10uM_24,0.30000001192092896,0.10000000149011612,0.6953546404838562,0.7228289885654117
bandpass,T24_FCCP_10uM_24,control,T24_Staurosporine_100nM_29,242.39999389648438,120.5,0.9954021573066711,0.09865043387264297
bandpass,T24_FCCP_10uM_25,matched,T24_FCCP_10uM_25,0.5,0.4000000059604645,0.7354875206947327,0.6813220528333246
bandpass,T24_FCCP_10uM_25,control,NCI_Staurosporine_100nM_40,-41.900001525878906,-15.699999809265137,0.9894105792045593,0.1449669613129782
bandpass,T24_FCCP_10uM_26,matched,T24_FCCP_10uM_26,0.20000000298023224,0.20000000298023224,0.7944510579109192,0.6116081963132705
bandpass,T24_FCCP_10uM_26,control,T24_Blebbistatin_5uM_17,72.30000305175781,-38.5,0.9892773032188416,0.14521882237771613
bandpass,T24_FCCP_10uM_27,matched,T24_FCCP_10uM_27,-0.10000000149011612,0.10000000149011612,0.6727395057678223,0.7442946019826358
bandpass,T24_FCCP_10uM_27,control,T24_11,-386.70001220703125,-93.69999694824219,0.996481716632843,0.09757041308526512
bandpass,T24_FCCP_10uM_28,matched,T24_FCCP_10uM_28,-0.10000000149011612,0.0,0.6531081795692444,0.761558234282556
bandpass,T24_FCCP_10uM_28,control,SNU_18,103.5,66.19999694824219,0.9935128688812256,0.1136936579814019
bandpass,T24_FCCP_10uM_29,matched,T24_FCCP_10uM_29,-0.20000000298023224,-0.10000000149011612,0.6430321931838989,0.7698275536246477
bandpass,T24_FCCP_10uM_29,control,SNU_FCCP_10uM_28,-165.6999969482422,243.60000610351562,0.9937669634819031,0.1161714802518042
bandpass,T24_FCCP_10uM_30,matched,T24_FCCP_10uM_30,0.20000000298023224,0.30000001192092896,0.7495126128196716,0.6661397167465085
bandpass,T24_FCCP_10uM_30,control,SNU_FCCP_10uM_11,16.100000381469727,16.0,0.989472508430481,0.14438781474264956
bandpass,T24_FCCP_10uM_31,matched,T24_FCCP_10uM_31,-0.20000000298023224,-0.4000000059604645,0.7785832285881042,0.6312442716590736
bandpass,T24_FCCP_10uM_31,control,SNU_Rotenone_500nM_32,-30.899999618530273,-26.399999618530273,0.9943453669548035,0.10535998663614879
bandpass,T24_FCCP_10uM_32,matched,T24_FCCP_10uM_32,0.30000001192092896,0.4000000059604645,0.6791103482246399,0.7372387193464298
bandpass,T24_FCCP_10uM_32,control,NCI_Blebbistatin_5uM_03,1.2999999523162842,-1.600000023841858,0.9931107759475708,0.11666280633597673
bandpass,T24_FCCP_10uM_33,matched,T24_FCCP_10uM_33,0.0,0.20000000298023224,0.6515042781829834,0.7625809358876192
bandpass,T24_FCCP_10uM_33,control,SNU_Rotenone_500nM_13,-148.60000610351562,142.6999969482422,0.9939882159233093,0.10927068206804302
bandpass,T24_FCCP_10uM_34,matched,T24_FCCP_10uM_34,0.30000001192092896,0.10000000149011612,0.7079980969429016,0.7104046910938423
bandpass,T24_FCCP_10uM_34,control,T24_19,-88.0,60.0,0.9933145642280579,0.11495713726025704
bandpass,T24_FCCP_10uM_35,matched,T24_FCCP_10uM_35,-0.20000000298023224,-0.5,0.6464248895645142,0.7662059342972508
bandpass,T24_FCCP_10uM_35,control,T24_rotenone_500nM_18,87.5,-139.6999969482422,0.9957895874977112,-0.09327875152750714
bandpass,T24_FCCP_10uM_36,matched,T24_FCCP_10uM_36,0.20000000298023224,-0.4000000059604645,0.6963105201721191,0.7214281798113343
bandpass,T24_FCCP_10uM_36,control,NCI_04,10.199999809265137,-150.6999969482422,0.9930391907691956,0.11762497463341229
bandpass,T24_FCCP_10uM_37,matched,T24_FCCP_10uM_37,0.6000000238418579,-0.5,0.5834168791770935,0.8142695628093655
bandpass,T24_FCCP_10uM_37,control,SNU_Rotenone_500nM_44,-165.3000030517578,2.4000000953674316,0.9942833781242371,-0.10907772976598289
bandpass,T24_FCCP_10uM_38,matched,T24_FCCP_10uM_38,0.0,-0.30000001192092896,0.6769165396690369,0.7400400830758351
bandpass,T24_FCCP_10uM_38,control,NCI_FCCP_10uM_03,44.599998474121094,7.0,0.9903774261474609,0.13794476509829215
bandpass,T24_FCCP_10uM_39,matched,T24_FCCP_10uM_39,-0.10000000149011612,0.30000001192092896,0.6479690074920654,0.7653511847660451
bandpass,T24_FCCP_10uM_39,control,T24_Staurosporine_100nM_10,-111.4000015258789,94.69999694824219,0.9920496940612793,-0.1258981086805861
bandpass,T24_FCCP_10uM_40,matched,T24_FCCP_10uM_40,-0.20000000298023224,0.20000000298023224,0.6064609885215759,0.7986164618654865
bandpass,T24_FCCP_10uM_40,control,T24_39,-16.0,4.400000095367432,0.9933608174324036,0.11479609324859516
bandpass,T24_FCCP_10uM_41,matched,T24_FCCP_10uM_41,-0.4000000059604645,0.10000000149011612,0.6768296360969543,0.7398558441368702
bandpass,T24_FCCP_10uM_41,control,T24_rotenone_500nM_50,58.099998474121094,137.89999389648438,0.9928255677223206,-0.12158994184165574
bandpass,T24_FCCP_10uM_42,matched,T24_FCCP_10uM_42,0.0,-0.30000001192092896,0.6624534726142883,0.7531864494617084
bandpass,T24_FCCP_10uM_42,control,SNU_staurosporine_28,-83.4000015258789,37.900001525878906,0.9953225255012512,0.09640013955821573
bandpass,T24_FCCP_10uM_43,matched,T24_FCCP_10uM_43,0.0,-0.30000001192092896,0.663256824016571,0.752293380393321
bandpass,T24_FCCP_10uM_43,control,T24_Staurosporine_100nM_08,73.19999694824219,-3.200000047683716,0.9933468103408813,-0.11683956610709004
bandpass,T24_FCCP_10uM_44,matched,T24_FCCP_10uM_44,0.20000000298023224,0.0,0.6080917119979858,0.7975882882513926
bandpass,T24_FCCP_10uM_44,control,T24_Blebbistatin_5uM_34,24.399999618530273,-18.5,0.9882621765136719,0.1524665755473896
bandpass,T24_FCCP_10uM_45,matched,T24_FCCP_10uM_45,0.0,0.10000000149011612,0.05692509189248085,0.9982958420933477
bandpass,T24_FCCP_10uM_45,control,SNU_04,-4.0,-85.19999694824219,0.9912105202674866,-0.13538026814433288
bandpass,T24_FCCP_10uM_46,matched,T24_FCCP_10uM_46,0.699999988079071,-0.3999999761581421,0.719275951385498,0.697940800334325
bandpass,T24_FCCP_10uM_46,control,SNU_27,-223.5,130.5,0.9943522810935974,0.10888079698735753
bandpass,T24_FCCP_10uM_47,matched,T24_FCCP_10uM_47,0.10000000149011612,-0.10000000149011612,0.6133418679237366,0.7935879244575847
bandpass,T24_FCCP_10uM_47,control,T24_Blebbistatin_5uM_36,-197.1999969482422,-155.1999969482422,0.9852727055549622,0.17253090802412238
bandpass,T24_FCCP_10uM_48,matched,T24_FCCP_10uM_48,-0.20000000298023224,-0.4000000059604645,0.7825673222541809,0.6265344097244361
bandpass,T24_FCCP_10uM_48,control,SNU_staurosporine_19,-46.099998474121094,-180.5,0.9937242865562439,0.1114715031597906
bandpass,T24_FCCP_10uM_49,matched,T24_FCCP_10uM_49,-0.30000001192092896,-0.30000001192092896,0.7135579586029053,0.7045567364210548
bandpass,T24_FCCP_10uM_49,control,NCI_Staurosporine_100nM_46,8.600000381469727,201.8000030517578,0.9914603233337402,0.13099025784789628
bandpass,T24_FCCP_10uM_50,matched,T24_FCCP_10uM_50,0.0,0.10000000149011612,0.6170032620429993,0.790923284879816
bandpass,T24_FCCP_10uM_50,control,T24_37,-365.1000061035156,12.800000190734863,0.9942810535430908,0.1169426258981509
bandpass,T24_Staurosporine_100nM_01,matched,T24_Staurosporine_100nM_01,1.600000023841858,-0.30000001192092896,0.5937797427177429,0.8071003313224998
bandpass,T24_Staurosporine_100nM_01,control,T24_rotenone_500nM_40,-168.89999389648438,-261.8999938964844,0.9932647347450256,0.12314694672166927
bandpass,T24_Staurosporine_100nM_02,matched,T24_Staurosporine_100nM_02,0.4000000059604645,-0.4000000059604645,0.6515017151832581,0.7612032788884785
bandpass,T24_Staurosporine_100nM_02,control,SNU_86,137.60000610351562,179.6999969482422,0.9950649738311768,0.09910776941482351
bandpass,T24_Staurosporine_100nM_03,matched,T24_Staurosporine_100nM_03,0.10000000149011612,0.10000000149011612,0.5119693279266357,0.8620134349107719
bandpass,T24_Staurosporine_100nM_03,control,SNU_69,-15.600000381469727,22.799999237060547,0.9947408437728882,0.10262649668216546
bandpass,T24_Staurosporine_100nM_04,matched,T24_Staurosporine_100nM_04,0.8999999761581421,-0.6000000238418579,0.652320146560669,0.7612980204348072
bandpass,T24_Staurosporine_100nM_04,control,SNU_FCCP_10uM_42,46.79999923706055,39.20000076293945,0.9914153814315796,0.130799411307973
bandpass,T24_Staurosporine_100nM_05,matched,T24_Staurosporine_100nM_05,0.800000011920929,0.0,0.6801950931549072,0.7368088939867546
bandpass,T24_Staurosporine_100nM_05,control,NCI_rotenone_500nM_32,9.199999809265137,29.799999237060547,0.9925767779350281,0.12110603823810176
bandpass,T24_Staurosporine_100nM_06,matched,T24_Staurosporine_100nM_06,0.5,-0.20000000298023224,0.6141505837440491,0.7922162111961758
bandpass,T24_Staurosporine_100nM_06,control,T24_Blebbistatin_5uM_38,41.0,-15.600000381469727,0.9913434386253357,0.13072829751638937
bandpass,T24_Staurosporine_100nM_07,matched,T24_Staurosporine_100nM_07,-0.10000000149011612,0.0,0.6516181230545044,0.7627232597568493
bandpass,T24_Staurosporine_100nM_07,control,SNU_35,-68.30000305175781,-75.69999694824219,0.9933479428291321,-0.11760389083261355
bandpass,T24_Staurosporine_100nM_08,matched,T24_Staurosporine_100nM_08,0.10000000149011612,0.20000000298023224,0.5618297457695007,0.8304515260745926
bandpass,T24_Staurosporine_100nM_08,control,T24_Blebbistatin_5uM_10,-45.79999923706055,-160.0,0.9934048652648926,-0.11669622354712099
bandpass,T24_Staurosporine_100nM_09,matched,T24_Staurosporine_100nM_09,0.0,0.30000001192092896,0.519011914730072,0.8573744180029189
bandpass,T24_Staurosporine_100nM_09,control,SNU_92,-124.0999984741211,-110.5999984741211,0.9960069060325623,0.0896879018803325
bandpass,T24_Staurosporine_100nM_10,matched,T24_Staurosporine_100nM_10,0.0,-0.20000000298023224,0.11610934138298035,0.9929456864114241
bandpass,T24_Staurosporine_100nM_10,control,T24_23,-156.10000610351562,-195.10000610351562,0.9950912594795227,0.09899462962845333
bandpass,T24_Staurosporine_100nM_11,matched,T24_Staurosporine_100nM_11,0.0,0.10000000149011612,0.5952820181846619,0.8069734279127148
bandpass,T24_Staurosporine_100nM_11,control,T24_rotenone_500nM_44,-91.19999694824219,18.799999237060547,0.9946970343589783,0.10259555651386632
bandpass,T24_Staurosporine_100nM_12,matched,T24_Staurosporine_100nM_12,0.30000001192092896,0.0,0.7712482810020447,0.6404484774019945
bandpass,T24_Staurosporine_100nM_12,control,SNU_Rotenone_500nM_28,-47.79999923706055,-1.600000023841858,0.9893119931221008,0.14524193269208355
bandpass,T24_Staurosporine_100nM_13,matched,T24_Staurosporine_100nM_13,-0.10000000149011612,0.10000000149011612,0.6200667023658752,0.7884391307257145
bandpass,T24_Staurosporine_100nM_13,control,SNU_87,-234.6999969482422,-122.80000305175781,0.9937238693237305,0.11320323599633007
bandpass,T24_Staurosporine_100nM_14,matched,T24_Staurosporine_100nM_14,0.20000000298023224,0.30000001192092896,0.5980545878410339,0.8047642265880638
bandpass,T24_Staurosporine_100nM_14,control,T24_34,-144.60000610351562,17.100000381469727,0.993748128414154,0.11182088578210345
bandpass,T24_Staurosporine_100nM_15,matched,T24_Staurosporine_100nM_15,-0.20000000298023224,0.30000001192092896,0.5320067405700684,0.8490525664085175
bandpass,T24_Staurosporine_100nM_15,control,SNU_blebbistatin_13,-67.4000015258789,28.799999237060547,0.9916043877601624,0.12963301371671868
bandpass,T24_Staurosporine_100nM_16,matched,T24_Staurosporine_100nM_16,-0.20000000298023224,0.20000000298023224,0.8001817464828491,0.6036466331337418
bandpass,T24_Staurosporine_100nM_16,control,NCI_FCCP_10uM_41,-8.0,-5.0,0.992554783821106,0.1210394936996869
bandpass,T24_Staurosporine_100nM_17,matched,T24_Staurosporine_100nM_17,0.10000000149011612,0.30000001192092896,0.6346279978752136,0.7761247126876889
bandpass,T24_Staurosporine_100nM_17,control,SNU_Rotenone_500nM_01,42.099998474121094,20.200000762939453,0.9917503595352173,0.12823053634159032
bandpass,T24_Staurosporine_100nM_18,matched,T24_Staurosporine_100nM_18,-0.30000001192092896,-0.20000000298023224,0.7792200446128845,0.630555772969952
bandpass,T24_Staurosporine_100nM_18,control,T24_rotenone_500nM_14,-71.30000305175781,42.29999923706055,0.9951254725456238,0.09769094708461115
bandpass,T24_Staurosporine_100nM_19,matched,T24_Staurosporine_100nM_19,-0.6000000238418579,0.10000000149011612,0.7569909691810608,0.6573651958074973
bandpass,T24_Staurosporine_100nM_19,control,NCI_Blebbistatin_5uM_19,-13.300000190734863,0.10000000149011612,0.9915710687637329,0.12938422368165273
bandpass,T24_Staurosporine_100nM_20,matched,T24_Staurosporine_100nM_20,0.5,0.0,0.6994266510009766,0.7178974420742189
bandpass,T24_Staurosporine_100nM_20,control,T24_Blebbistatin_5uM_27,2.200000047683716,18.299999237060547,0.9939305186271667,0.1097477480125186
bandpass,T24_Staurosporine_100nM_21,matched,T24_Staurosporine_100nM_21,-0.699999988079071,0.10000000149011612,0.8139964938163757,0.5849141409050105
bandpass,T24_Staurosporine_100nM_21,control,T24_rotenone_500nM_24,-186.89999389648438,112.80000305175781,0.9956294894218445,-0.09997638249017508
bandpass,T24_Staurosporine_100nM_22,matched,T24_Staurosporine_100nM_22,0.10000000149011612,-0.10000000149011612,0.6040975451469421,0.8006961425988048
bandpass,T24_Staurosporine_100nM_22,control,SNU_FCCP_10uM_03,122.80000305175781,-116.5999984741211,0.9929607510566711,0.11890775011617329
bandpass,T24_Staurosporine_100nM_23,matched,T24_Staurosporine_100nM_23,0.6000000238418579,-0.30000001192092896,0.578775942325592,0.8176630397204716
bandpass,T24_Staurosporine_100nM_23,control,NCI_rotenone_500nM_46,-17.100000381469727,43.29999923706055,0.9941755533218384,0.10794107146967005
bandpass,T24_Staurosporine_100nM_24,matched,T24_Staurosporine_100nM_24,0.0,0.10000000149011612,0.7062470316886902,0.7122628867417988
bandpass,T24_Staurosporine_100nM_24,control,NCI_Blebbistatin_5uM_11,-79.9000015258789,278.20001220703125,0.9952783584594727,-0.09833674147811496
bandpass,T24_Staurosporine_100nM_25,matched,T24_Staurosporine_100nM_25,0.10000000149011612,0.0,0.7185705900192261,0.6997913135988678
bandpass,T24_Staurosporine_100nM_25,control,SNU_22,-4.699999809265137,-12.0,0.9913234114646912,0.13171170997626475
bandpass,T24_Staurosporine_100nM_26,matched,T24_Staurosporine_100nM_26,0.3999999761581421,-0.6000000238418579,0.6599703431129456,0.7537069197026955
bandpass,T24_Staurosporine_100nM_26,control,NCI_Blebbistatin_5uM_02,-75.0999984741211,-138.60000610351562,0.9948371648788452,-0.10263617854923444
bandpass,T24_Staurosporine_100nM_27,matched,T24_Staurosporine_100nM_27,0.10000000149011612,0.0,0.6845928430557251,0.7332163714485128
bandpass,T24_Staurosporine_100nM_27,control,SNU_65,115.4000015258789,160.39999389648438,0.9946236610412598,-0.1070559198497472
bandpass,T24_Staurosporine_100nM_28,matched,T24_Staurosporine_100nM_28,0.0,0.0,0.6858583092689514,0.7320338144332134
bandpass,T24_Staurosporine_100nM_28,control,SNU_staurosporine_37,137.6999969482422,129.5,0.9915525913238525,-0.13304407225219025
bandpass,T24_Staurosporine_100nM_29,matched,T24_Staurosporine_100nM_29,0.30000001192092896,0.3999999761581421,0.6937440633773804,0.7231193895749568
bandpass,T24_Staurosporine_100nM_29,control,T24_rotenone_500nM_16,-69.19999694824219,-68.0999984741211,0.9908977150917053,0.13435755392094528
bandpass,T24_Staurosporine_100nM_30,matched,T24_Staurosporine_100nM_30,0.30000001192092896,0.0,0.6770628094673157,0.739701719424071
bandpass,T24_Staurosporine_100nM_30,control,NCI_rotenone_500nM_12,226.10000610351562,-50.70000076293945,0.9919599294662476,0.1286423285403982
bandpass,T24_Staurosporine_100nM_31,matched,T24_Staurosporine_100nM_31,0.30000001192092896,0.10000000149011612,0.7206587195396423,0.6972680430087417
bandpass,T24_Staurosporine_100nM_31,control,SNU_75,0.5,-0.4000000059604645,0.9910805225372314,0.1334783176863303
bandpass,T24_Staurosporine_100nM_32,matched,T24_Staurosporine_100nM_32,-0.10000000149011612,-0.20000000298023224,0.5914900898933411,0.8096930209440608
bandpass,T24_Staurosporine_100nM_32,control,T24_Staurosporine_100nM_06,-58.400001525878906,2.700000047683716,0.9898423552513123,0.14214942157745772
bandpass,T24_Staurosporine_100nM_33,matched,T24_Staurosporine_100nM_33,0.10000000149011612,0.4000000059604645,0.8171234130859375,0.579903471804583
bandpass,T24_Staurosporine_100nM_33,control,NCI_FCCP_10uM_30,5.599999904632568,69.4000015258789,0.9921382665634155,0.12418864613743148
bandpass,T24_Staurosporine_100nM_34,matched,T24_Staurosporine_100nM_34,0.20000000298023224,0.10000000149011612,0.74114990234375,0.6753636025947468
bandpass,T24_Staurosporine_100nM_34,control,T24_Blebbistatin_5uM_28,-17.600000381469727,92.0,0.9927870631217957,0.1193733426435245
bandpass,T24_Staurosporine_100nM_35,matched,T24_Staurosporine_100nM_35,-0.10000000149011612,0.0,0.07442325353622437,0.9971337289906849
bandpass,T24_Staurosporine_100nM_35,control,SNU_blebbistatin_46,-76.5999984741211,147.5,0.9907575845718384,-0.13847346991082532
bandpass,T24_Staurosporine_100nM_36,matched,T24_Staurosporine_100nM_36,0.10000000149011612,0.5,0.7035707831382751,0.7141652071350947
bandpass,T24_Staurosporine_100nM_36,control,SNU_blebbistatin_14,-27.299999237060547,-175.1999969482422,0.9948927760124207,0.10057937674456599
bandpass,T24_Staurosporine_100nM_37,matched,T24_Staurosporine_100nM_37,0.10000000149011612,-0.20000000298023224,0.683161735534668,0.7343598414089462
bandpass,T24_Staurosporine_100nM_37,control,SNU_staurosporine_47,-235.0,28.899999618530273,0.9959127902984619,-0.09518255602977731
bandpass,T24_Staurosporine_100nM_38,matched,T24_Staurosporine_100nM_38,0.0,-0.30000001192092896,0.7606625556945801,0.6531667402765133
bandpass,T24_Staurosporine_100nM_38,control,SNU_10,83.5,-348.3999938964844,0.9941201210021973,0.12456670448922261
bandpass,T24_Staurosporine_100nM_39,matched,T24_Staurosporine_100nM_39,-0.20000000298023224,0.10000000149011612,0.6619647145271301,0.7536689659213346
bandpass,T24_Staurosporine_100nM_39,control,NCI_25,17.899999618530273,-110.5999984741211,0.9873353242874146,0.1585976374465294
bandpass,T24_Staurosporine_100nM_40,matched,T24_Staurosporine_100nM_40,0.20000000298023224,-0.20000000298023224,0.6955004334449768,0.7220088951063337
bandpass,T24_Staurosporine_100nM_40,control,T24_FCCP_10uM_27,179.6999969482422,27.899999618530273,0.9944028258323669,-0.10935887815367402
bandpass,T24_Staurosporine_100nM_41,matched,T24_Staurosporine_100nM_41,-0.20000000298023224,-0.10000000149011612,0.7910122275352478,0.6158544453497412
bandpass,T24_Staurosporine_100nM_41,control,SNU_Rotenone_500nM_30,-8.699999809265137,25.200000762939453,0.9938655495643616,0.10983709450359828
bandpass,T24_Staurosporine_100nM_42,matched,T24_Staurosporine_100nM_42,-0.30000001192092896,-0.10000000149011612,0.7066662311553955,0.7115332703146724
bandpass,T24_Staurosporine_100nM_42,control,NCI_Blebbistatin_5uM_46,-241.10000610351562,-115.5999984741211,0.993989109992981,0.11093236445820791
bandpass,T24_Staurosporine_100nM_43,matched,T24_Staurosporine_100nM_43,0.10000000149011612,-0.5,0.6756452918052673,0.7403719232431895
bandpass,T24_Staurosporine_100nM_43,control,SNU_blebbistatin_50,-17.799999237060547,-3.299999952316284,0.994439959526062,-0.10806560606872362
bandpass,T24_Staurosporine_100nM_44,matched,T24_Staurosporine_100nM_44,-0.20000000298023224,-0.10000000149011612,0.6575391292572021,0.7572553559274718
bandpass,T24_Staurosporine_100nM_44,control,SNU_FCCP_10uM_40,-101.69999694824219,12.399999618530273,0.9900338649749756,0.14068494431020032
bandpass,T24_Staurosporine_100nM_45,matched,T24_Staurosporine_100nM_45,-0.20000000298023224,0.10000000149011612,0.6102263331413269,0.7958298300748621
bandpass,T24_Staurosporine_100nM_45,control,SNU_12,78.0,19.100000381469727,0.9888035655021667,0.14980175335568088
bandpass,T24_Staurosporine_100nM_46,matched,T24_Staurosporine_100nM_46,0.4000000059604645,0.10000000149011612,0.6807622313499451,0.7355440904651572
bandpass,T24_Staurosporine_100nM_46,control,NCI_FCCP_10uM_39,51.400001525878906,-30.399999618530273,0.9910396337509155,-0.13509172532640146
bandpass,T24_Staurosporine_100nM_47,matched,T24_Staurosporine_100nM_47,0.0,0.0,0.693757176399231,0.7245310058393888
bandpass,T24_Staurosporine_100nM_47,control,SNU_blebbistatin_43,-137.1999969482422,72.0,0.9933536648750305,0.11525214338619313
bandpass,T24_Staurosporine_100nM_48,matched,T24_Staurosporine_100nM_48,0.30000001192092896,-0.30000001192092896,0.7524787783622742,0.6623705400712362
bandpass,T24_Staurosporine_100nM_48,control,T24_42,-254.8000030517578,102.0,0.9900220036506653,0.14364616777080713
bandpass,T24_Staurosporine_100nM_49,matched,T24_Staurosporine_100nM_49,0.0,0.0,0.6092931032180786,0.7967076869607603
bandpass,T24_Staurosporine_100nM_49,control,T24_41,-83.0999984741211,125.4000015258789,0.9943978190422058,-0.10778285249634559
bandpass,T24_Staurosporine_100nM_50,matched,T24_Staurosporine_100nM_50,0.30000001192092896,-0.699999988079071,0.7759124040603638,0.6345206136492214
bandpass,T24_Staurosporine_100nM_50,control,T24_Blebbistatin_5uM_18,133.8000030517578,-190.89999389648438,0.98775714635849,0.1571167214203345
bandpass,T24_rotenone_500nM_01,matched,T24_rotenone_500nM_01,0.20000000298023224,-0.10000000149011612,0.42936208844184875,0.9049908052180186
bandpass,T24_rotenone_500nM_01,control,SNU_Rotenone_500nM_41,-66.30000305175781,-71.5,0.9951562881469727,-0.10032213663070784
bandpass,T24_rotenone_500nM_02,matched,T24_rotenone_500nM_02,0.30000001192092896,0.0,0.6284326314926147,0.7814720110076375
bandpass,T24_rotenone_500nM_02,control,SNU_100,-45.599998474121094,131.8000030517578,0.9951828122138977,0.0965811295141946
bandpass,T24_rotenone_500nM_03,matched,T24_rotenone_500nM_03,-0.20000000298023224,0.30000001192092896,0.49017849564552307,0.8739805327736714
bandpass,T24_rotenone_500nM_03,control,SNU_Rotenone_500nM_21,-164.1999969482422,-98.0,0.9963199496269226,-0.08821386359289
bandpass,T24_rotenone_500nM_04,matched,T24_rotenone_500nM_04,0.30000001192092896,-0.6000000238418579,0.44041627645492554,0.899066831796296
bandpass,T24_rotenone_500nM_04,control,SNU_staurosporine_26,-184.5,-267.8999938964844,0.9951121807098389,0.10956753742142003
bandpass,T24_rotenone_500nM_05,matched,T24_rotenone_500nM_05,0.30000001192092896,-0.30000001192092896,0.5572556853294373,0.8330339722678058
bandpass,T24_rotenone_500nM_05,control,T24_Staurosporine_100nM_03,-66.5999984741211,140.8000030517578,0.9859383702278137,0.16739603901058353
bandpass,T24_rotenone_500nM_06,matched,T24_rotenone_500nM_06,0.0,-0.10000000149011612,0.1527087390422821,0.9882281615095605
bandpass,T24_rotenone_500nM_06,control,T24_Staurosporine_100nM_16,-449.1000061035156,-10.0,0.9945600628852844,0.13347399230967727
bandpass,T24_rotenone_500nM_07,matched,T24_rotenone_500nM_07,0.20000000298023224,0.20000000298023224,0.4777704179286957,0.8811463726860533
bandpass,T24_rotenone_500nM_07,control,SNU_19,12.0,66.5,0.9935510158538818,0.11349453376556817
bandpass,T24_rotenone_500nM_08,matched,T24_rotenone_500nM_08,0.10000000149011612,0.0,0.7537955641746521,0.6614364204289925
bandpass,T24_rotenone_500nM_08,control,SNU_67,45.400001525878906,127.5999984741211,0.9950214624404907,-0.10438559300542109
bandpass,T24_rotenone_500nM_09,matched,T24_rotenone_500nM_09,0.4000000059604645,-0.20000000298023224,0.5555694699287415,0.8340862907144606
bandpass,T24_rotenone_500nM_09,control,T24_FCCP_10uM_05,271.70001220703125,45.79999923706055,0.9922871589660645,0.12941087983077262
bandpass,T24_rotenone_500nM_10,matched,T24_rotenone_500nM_10,0.10000000149011612,0.20000000298023224,0.45933136343955994,0.8907344515182697
bandpass,T24_rotenone_500nM_10,control,SNU_blebbistatin_16,38.099998474121094,-15.600000381469727,0.9946587085723877,0.10345597667658714
bandpass,T24_rotenone_500nM_11,matched,T24_rotenone_500nM_11,0.10000000149011612,0.20000000298023224,0.6165404319763184,0.7911424330683641
bandpass,T24_rotenone_500nM_11,control,T24_Staurosporine_100nM_30,44.79999923706055,-252.89999389648438,0.9917241334915161,0.13723641249630844
bandpass,T24_rotenone_500nM_12,matched,T24_rotenone_500nM_12,0.10000000149011612,-0.30000001192092896,0.6145199537277222,0.7922503840768692
bandpass,T24_rotenone_500nM_12,control,SNU_FCCP_10uM_43,-153.5,221.8000030517578,0.9910903573036194,-0.14005923547473043
bandpass,T24_rotenone_500nM_13,matched,T24_rotenone_500nM_13,0.30000001192092896,-0.20000000298023224,0.4882432222366333,0.8752026680280073
bandpass,T24_rotenone_500nM_13,control,NCI_Blebbistatin_5uM_14,-46.20000076293945,127.80000305175781,0.9922317862510681,0.12462562503590131
bandpass,T24_rotenone_500nM_14,matched,T24_rotenone_500nM_14,0.4000000059604645,0.10000000149011612,0.6146435737609863,0.7920604624197034
bandpass,T24_rotenone_500nM_14,control,T24_Staurosporine_100nM_22,205.39999389648438,316.20001220703125,0.9943454265594482,0.1201311970922216
bandpass,T24_rotenone_500nM_15,matched,T24_rotenone_500nM_15,0.0,0.10000000149011612,0.49719002842903137,0.8705773470367472
bandpass,T24_rotenone_500nM_15,control,T24_rotenone_500nM_19,5.199999809265137,87.5,0.9932098984718323,0.11628420052330493
bandpass,T24_rotenone_500nM_16,matched,T24_rotenone_500nM_16,0.4000000059604645,-0.20000000298023224,0.47155481576919556,0.883832430240001
bandpass,T24_rotenone_500nM_16,control,T24_FCCP_10uM_31,-110.0,-45.79999923706055,0.9926373362541199,0.12134532617467286
bandpass,T24_rotenone_500nM_17,matched,T24_rotenone_500nM_17,-0.20000000298023224,0.4000000059604645,0.4706403613090515,0.8843952659995056
bandpass,T24_rotenone_500nM_17,control,NCI_Blebbistatin_5uM_37,11.899999618530273,-248.5,0.9906548261642456,0.14099101232390823
bandpass,T24_rotenone_500nM_18,matched,T24_rotenone_500nM_18,0.0,-0.20000000298023224,0.49611586332321167,0.8711301225904885
bandpass,T24_rotenone_500nM_18,control,NCI_rotenone_500nM_24,-35.20000076293945,46.29999923706055,0.9941039681434631,-0.1101584181012948
bandpass,T24_rotenone_500nM_19,matched,T24_rotenone_500nM_19,0.10000000149011612,0.0,0.641414225101471,0.771196984082681
bandpass,T24_rotenone_500nM_19,control,NCI_Staurosporine_100nM_35,220.60000610351562,105.0,0.9945589303970337,0.10630361073639827
bandpass,T24_rotenone_500nM_20,matched,T24_rotenone_500nM_20,0.0,0.10000000149011612,0.4514008164405823,0.8947721937596578
bandpass,T24_rotenone_500nM_20,control,SNU_40,-113.30000305175781,-33.599998474121094,0.9901854991912842,-0.14182415880688926
bandpass,T24_rotenone_500nM_21,matched,T24_rotenone_500nM_21,0.0,-0.4000000059604645,0.6383526921272278,0.7734677273923526
bandpass,T24_rotenone_500nM_21,control,T24_Blebbistatin_5uM_40,-6.300000190734863,-216.0,0.9863201975822449,0.1662510241106719
bandpass,T24_rotenone_500nM_22,matched,T24_rotenone_500nM_22,0.0,-0.30000001192092896,0.19261813163757324,0.9806806334935061
bandpass,T24_rotenone_500nM_22,control,NCI_Staurosporine_100nM_43,-91.5,-57.900001525878906,0.9921944737434387,-0.1275223386082463
bandpass,T24_rotenone_500nM_23,matched,T24_rotenone_500nM_23,-0.10000000149011612,0.10000000149011612,0.4862525463104248,0.8765170103477601
bandpass,T24_rotenone_500nM_23,control,T24_Blebbistatin_5uM_47,-28.299999237060547,127.5999984741211,0.9906066656112671,0.1367189616880928
bandpass,T24_rotenone_500nM_24,matched,T24_rotenone_500nM_24,0.30000001192092896,-0.6000000238418579,0.5372171401977539,0.8459378894661749
bandpass,T24_rotenone_500nM_24,control,SNU_staurosporine_45,88.80000305175781,-38.599998474121094,0.9956247210502625,-0.0952012210713349
bandpass,T24_rotenone_500nM_25,matched,T24_rotenone_500nM_25,-0.10000000149011612,0.0,0.3983630836009979,0.9191047635172772
bandpass,T24_rotenone_500nM_25,control,NCI_Staurosporine_100nM_24,136.60000610351562,-15.399999618530273,0.9953216910362244,0.09679681065249292
bandpass,T24_rotenone_500nM_26,matched,T24_rotenone_500nM_26,0.0,-0.4000000059604645,0.5194535255432129,0.8566037850877665
bandpass,T24_rotenone_500nM_26,control,T24_Staurosporine_100nM_47,-121.19999694824219,145.0,0.9961135983467102,0.08782327086224334
bandpass,T24_rotenone_500nM_27,matched,T24_rotenone_500nM_27,-0.20000000298023224,-0.30000001192092896,0.542115330696106,0.8432552171784458
bandpass,T24_rotenone_500nM_27,control,T24_45,-184.89999389648438,-251.60000610351562,0.9966591596603394,0.08178020559269464
bandpass,T24_rotenone_500nM_28,matched,T24_rotenone_500nM_28,0.20000000298023224,-0.5,0.49607303738594055,0.8694185155041989
bandpass,T24_rotenone_500nM_28,control,T24_40,-91.80000305175781,40.29999923706055,0.9954450130462646,-0.09727264016274592
bandpass,T24_rotenone_500nM_29,matched,T24_rotenone_500nM_29,-0.4000000059604645,0.10000000149011612,0.6175651550292969,0.78979871394601
bandpass,T24_rotenone_500nM_29,control,T24_FCCP_10uM_21,-171.8000030517578,-68.4000015258789,0.9958283305168152,0.09043899544085272
bandpass,T24_rotenone_500nM_30,matched,T24_rotenone_500nM_30,-0.6000000238418579,0.5,0.46082982420921326,0.888627945618527
bandpass,T24_rotenone_500nM_30,control,NCI_Staurosporine_100nM_32,50.400001525878906,18.899999618530273,0.9924757480621338,-0.12454800473856333
bandpass,T24_rotenone_500nM_31,matched,T24_rotenone_500nM_31,-0.20000000298023224,-0.5,0.6273335814476013,0.781646398303511
bandpass,T24_rotenone_500nM_31,control,NCI_09,-78.0,-78.4000015258789,0.9935309886932373,0.11295367087866884
bandpass,T24_rotenone_500nM_32,matched,T24_rotenone_500nM_32,0.20000000298023224,-0.20000000298023224,0.7011544704437256,0.7171723388933052
bandpass,T24_rotenone_500nM_32,control,NCI_Staurosporine_100nM_26,-110.30000305175781,-46.099998474121094,0.9955823421478271,0.09247392057343243
bandpass,T24_rotenone_500nM_33,matched,T24_rotenone_500nM_33,0.10000000149011612,0.10000000149011612,0.6088960766792297,0.7969883167787098
bandpass,T24_rotenone_500nM_33,control,SNU_84,-197.1999969482422,136.89999389648438,0.9938650131225586,0.11272210826020927
bandpass,T24_rotenone_500nM_34,matched,T24_rotenone_500nM_34,-0.10000000149011612,-0.4000000059604645,0.5395098328590393,0.844884747535533
bandpass,T24_rotenone_500nM_34,control,T24_rotenone_500nM_41,90.5,-170.3000030517578,0.9913763999938965,0.13075911786704872
bandpass,T24_rotenone_500nM_35,matched,T24_rotenone_500nM_35,0.30000001192092896,-0.4000000059604645,0.5093616247177124,0.8623767612828804
bandpass,T24_rotenone_500nM_35,control,SNU_FCCP_10uM_38,-244.89999389648438,-30.399999618530273,0.9942987561225891,0.10893068316373727
bandpass,T24_rotenone_500nM_36,matched,T24_rotenone_500nM_36,0.10000000149011612,-0.10000000149011612,0.6420162916183472,0.770680022303908
bandpass,T24_rotenone_500nM_36,control,SNU_85,134.0,-208.8000030517578,0.9957714080810547,-0.09743967990395955
bandpass,T24_rotenone_500nM_37,matched,T24_rotenone_500nM_37,-0.10000000149011612,0.0,0.6256154179573059,0.7839269651013346
bandpass,T24_rotenone_500nM_37,control,SNU_Rotenone_500nM_14,-105.30000305175781,84.5,0.9831925630569458,0.18267646054951392
bandpass,T24_rotenone_500nM_38,matched,T24_rotenone_500nM_38,-0.30000001192092896,0.0,0.5949722528457642,0.8071014526558622
bandpass,T24_rotenone_500nM_38,control,T24_FCCP_10uM_25,-204.10000610351562,104.69999694824219,0.9925309419631958,-0.1263861691661284
bandpass,T24_rotenone_500nM_39,matched,T24_rotenone_500nM_39,0.4000000059604645,-0.6000000238418579,0.5302271842956543,0.8497113272116007
bandpass,T24_rotenone_500nM_39,control,SNU_blebbistatin_48,-66.69999694824219,26.700000762939453,0.9894790649414062,0.14473297167317306
bandpass,T24_rotenone_500nM_40,matched,T24_rotenone_500nM_40,0.4000000059604645,-0.10000000149011612,0.47796398401260376,0.880329709435594
bandpass,T24_rotenone_500nM_40,control,NCI_FCCP_10uM_34,71.5,-78.9000015258789,0.9953251481056213,0.09624314619232016
bandpass,T24_rotenone_500nM_41,matched,T24_rotenone_500nM_41,0.20000000298023224,-0.20000000298023224,0.47580602765083313,0.8819085311962864
bandpass,T24_rotenone_500nM_41,control,SNU_FCCP_10uM_21,-120.9000015258789,-94.30000305175781,0.9915528297424316,0.12983437995681596
bandpass,T24_rotenone_500nM_42,matched,T24_rotenone_500nM_42,0.20000000298023224,-0.5,0.5308213829994202,0.8499663763980804
bandpass,T24_rotenone_500nM_42,control,NCI_07,-99.9000015258789,-75.80000305175781,0.9926101565361023,-0.1226015777058957
bandpass,T24_rotenone_500nM_43,matched,T24_rotenone_500nM_43,0.0,-0.10000000149011612,0.5679325461387634,0.8265388685990358
bandpass,T24_rotenone_500nM_43,control,T24_Blebbistatin_5uM_29,81.0,242.89999389648438,0.993720293045044,0.11284466669017099
bandpass,T24_rotenone_500nM_44,matched,T24_rotenone_500nM_44,0.20000000298023224,0.10000000149011612,0.6079526543617249,0.7974967700676534
bandpass,T24_rotenone_500nM_44,control,T24_FCCP_10uM_13,-80.80000305175781,-96.80000305175781,0.9906294345855713,0.13598307800691997
bandpass,T24_rotenone_500nM_45,matched,T24_rotenone_500nM_45,-0.5,-0.10000000149011612,0.664436399936676,0.7500483879637355
bandpass,T24_rotenone_500nM_45,control,SNU_41,-43.29999923706055,47.29999923706055,0.9932919144630432,0.11485347999732858
bandpass,T24_rotenone_500nM_46,matched,T24_rotenone_500nM_46,-0.10000000149011612,0.10000000149011612,0.5358474850654602,0.8474258858697824
bandpass,T24_rotenone_500nM_46,control,NCI_Staurosporine_100nM_45,-0.30000001192092896,208.5,0.9963158369064331,-0.08921317814892461
bandpass,T24_rotenone_500nM_47,matched,T24_rotenone_500nM_47,0.10000000149011612,-0.20000000298023224,0.5800582766532898,0.8181049359568024
bandpass,T24_rotenone_500nM_47,control,SNU_82,165.1999969482422,-68.5999984741211,0.9948911070823669,0.1011759469495237
bandpass,T24_rotenone_500nM_48,matched,T24_rotenone_500nM_48,0.30000001192092896,0.0,0.5550875663757324,0.8347498793633841
bandpass,T24_rotenone_500nM_48,control,SNU_Rotenone_500nM_42,31.799999237060547,5.199999809265137,0.9955260753631592,0.09419276674051519
bandpass,T24_rotenone_500nM_49,matched,T24_rotenone_500nM_49,-0.4000000059604645,-0.5,0.5239284038543701,0.8525427013272879
bandpass,T24_rotenone_500nM_49,control,T24_FCCP_10uM_42,-171.6999969482422,96.9000015258789,0.9911773204803467,0.13252340047385844
bandpass,T24_rotenone_500nM_50,matched,T24_rotenone_500nM_50,0.10000000149011612,0.20000000298023224,0.5261361002922058,0.853362372901133
bandpass,T24_rotenone_500nM_50,control,SNU_Rotenone_500nM_18,60.099998474121094,185.39999389648438,0.9950300455093384,-0.10408355168288193
