stem,modality,path,exists,pages,shape,dtype,compression,bytes,mtime_utc,tag_names,imagej,ome,header_pitch_um
NCI_01,off_axis,data/off_axis_hologram/NCI_01_holo.tif,True,1,1024x1024,uint8,5,1229966,2026-09-16T09:09:49+00:00,BitsPerSample;Compression;FillOrder;ImageLength;ImageWidth;NewSubfileType;Orientation;PhotometricInterpretation;PlanarConfiguration;Predictor;ResolutionUnit;RowsPerStrip;SampleFormat;SamplesPerPixel;StripByteCounts;StripOffsets;XResolution;YResolution,False,False,
NCI_01,gabor,data/in_line_gabor_hologram/NCI_01_gabor.tif,True,1,1024x1024,uint8,5,571954,2026-09-16T09:08:13+00:00,BitsPerSample;Compression;FillOrder;ImageLength;ImageWidth;NewSubfileType;Orientation;PhotometricInterpretation;PlanarConfiguration;Predictor;ResolutionUnit;RowsPerStrip;SampleFormat;SamplesPerPixel;StripByteCounts;StripOffsets;XResolution;YResolution,False,False,
NCI_01,phase,data/phase/NCI_01_phase.bin,True,,900x900,float32,,3240023,,,,,0.2848713904768374/0.21199439004249143
NCI_02,off_axis,data/off_axis_hologram/NCI_02_holo.tif,True,1,1024x1024,uint8,5,1235260,2026-09-16T09:09:49+00:00,BitsPerSample;Compression;FillOrder;ImageLength;ImageWidth;NewSubfileType;Orientation;PhotometricInterpretation;PlanarConfiguration;Predictor;ResolutionUnit;RowsPerStrip;SampleFormat;SamplesPerPixel;StripByteCounts;StripOffsets;XResolution;YResolution,False,False,
NCI_02,gabor,data/in_line_gabor_hologram/NCI_02_gabor.tif,True,1,1024x1024,uint8,5,575430,2026-09-16T09:08:13+00:00,BitsPerSample;Compression;FillOrder;ImageLength;ImageWidth;NewSubfileType;Orientation;PhotometricInterpretation;PlanarConfiguration;Predictor;ResolutionUnit;RowsPerStrip;SampleFormat;SamplesPerPixel;StripByteCounts;StripOffsets;XResolution;YResolution,False,False,
NCI_02,phase,data/phase/NCI_02_phase.bin,True,,900x900,float32,,3240023,,,,,0.2848713904768374/0.21199439004249143
NCI_03,off_axis,data/off_axis_hologram/NCI_03_holo.tif,True,1,1024x1024,uint8,5,1235346,2026-09-16T09:09:49+00:00,BitsPerSample;Compression;FillOrder;ImageLength;ImageWidth;NewSubfileType;Orientation;PhotometricInterpretation;PlanarConfiguration;Predictor;ResolutionUnit;RowsPerStrip;SampleFormat;SamplesPerPixel;StripByteCounts;StripOffsets;XResolution;YResolution,False,False,
NCI_03,gabor,data/in_line_gabor_hologram/NCI_03_gabor.tif,True,1,1024x1024,uint8,5,576376,2026-09-16T09:08:13+00:00,BitsPerSample;Compression;FillOrder;ImageLength;ImageWidth;NewSubfileType;Orientation;PhotometricInterpretation;PlanarConfiguration;Predictor;ResolutionUnit;RowsPerStrip;SampleFormat;SamplesPerPixel;StripByteCounts;StripOffsets;XResolution;YResolution,False,False,
NCI_03,phase,data/phase/NCI_03_phase.bin,True,,900x900,float32,,3240023,,,,,0.2848713904768374/0.21199439004249143
NCI_04,off_axis,data/off_axis_hologram/NCI_04_holo.tif,True,1,1024x1024,uint8,5,1240022,2026-09-16T09:09:49+00:00,BitsPerSample;Compression;FillOrder;ImageLength;ImageWidth;NewSubfileType;Orientation;PhotometricInterpretation;PlanarConfiguration;Predictor;ResolutionUnit;RowsPerStrip;SampleFormat;SamplesPerPixel;StripByteCounts;StripOffsets;XResolution;YResolution,False,False,
NCI_04,gabor,data/in_line_gabor_hologram/NCI_04_gabor.tif,True,1,1024x1024,uint8,5,587322,2026-09-16T09:08:13+00:00,BitsPerSample;Compression;FillOrder;ImageLength;ImageWidth;NewSubfileType;Orientation;PhotometricInterpretation;PlanarConfiguration;Predictor;ResolutionUnit;RowsPerStrip;SampleFormat;SamplesPerPixel;StripByteCounts;StripOffsets;XResolution;YResolution,False,False,
NCI_04,phase,data/phase/NCI_04_phase.bin,True,,900x900,float32,,3240023,,,,,0.2848713904768374/0.21199439004249143
NCI_05,off_axis,data/off_axis_hologram/NCI_05_holo.tif,True,1,1024x1024,uint8,5,1248432,2026-09-16T09:09:49+00:00,BitsPerSample;Compression;FillOrder;ImageLength;ImageWidth;NewSubfileType;Orientation;PhotometricInterpretation;PlanarConfiguration;Predictor;ResolutionUnit;RowsPerStrip;SampleFormat;SamplesPerPixel;StripByteCounts;StripOffsets;XResolution;YResolution,False,False,
NCI_05,gabor,data/in_line_gabor_hologram/NCI_05_gabor.tif,True,1,1024x1024,uint8,5,604634,2026-09-16T09:08:13+00:00,BitsPerSample;Compression;FillOrder;ImageLength;ImageWidth;NewSubfileType;Orientation;PhotometricInterpretation;PlanarConfiguration;Predictor;ResolutionUnit;RowsPerStrip;SampleFormat;SamplesPerPixel;StripByteCounts;StripOffsets;XResolution;YResolution,False,False,
NCI_05,phase,data/phase/NCI_05_phase.bin,True,,900x900,float32,,3240023,,,,,0.2848713904768374/0.21199439004249143
NCI_06,off_axis,data/off_axis_hologram/NCI_06_holo.tif,True,1,1024x1024,uint8,5,1239900,2026-09-16T09:09:49+00:00,BitsPerSample;Compression;FillOrder;ImageLength;ImageWidth;NewSubfileType;Orientation;PhotometricInterpretation;PlanarConfiguration;Predictor;ResolutionUnit;RowsPerStrip;SampleFormat;SamplesPerPixel;StripByteCounts;StripOffsets;XResolution;YResolution,False,False,
NCI_06,gabor,data/in_line_gabor_hologram/NCI_06_gabor.tif,True,1,1024x1024,uint8,5,588814,2026-09-16T09:08:13+00:00,BitsPerSample;Compression;FillOrder;ImageLength;ImageWidth;NewSubfileType;Orientation;PhotometricInterpretation;PlanarConfiguration;Predictor;ResolutionUnit;RowsPerStrip;SampleFormat;SamplesPerPixel;StripByteCounts;StripOffsets;XResolution;YResolution,False,False,
NCI_06,phase,data/phase/NCI_06_phase.bin,True,,900x900,float32,,3240023,,,,,0.2848713904768374/0.21199439004249143
NCI_07,off_axis,data/off_axis_hologram/NCI_07_holo.tif,True,1,1024x1024,uint8,5,1250804,2026-09-16T09:09:49+00:00,BitsPerSample;Compression;FillOrder;ImageLength;ImageWidth;NewSubfileType;Orientation;PhotometricInterpretation;PlanarConfiguration;Predictor;ResolutionUnit;RowsPerStrip;SampleFormat;SamplesPerPixel;StripByteCounts;StripOffsets;XResolution;YResolution,False,False,
NCI_07,gabor,data/in_line_gabor_hologram/NCI_07_gabor.tif,True,1,1024x1024,uint8,5,605226,2026-09-16T09:08:13+00:00,BitsPerSample;Compression;FillOrder;ImageLength;ImageWidth;NewSubfileType;Orientation;PhotometricInterpretation;PlanarConfiguration;Predictor;ResolutionUnit;RowsPerStrip;SampleFormat;SamplesPerPixel;StripByteCounts;StripOffsets;XResolution;YResolution,False,False,
NCI_07,phase,data/phase/NCI_07_phase.bin,True,,900x900,float32,,3240023,,,,,0.2848713904768374/0.21199439004249143
NCI_08,off_axis,data/off_axis_hologram/NCI_08_holo.tif,True,1,1024x1024,uint8,5,1252340,2026-09-16T09:09:49+00:00,BitsPerSample;Compression;FillOrder;ImageLength;ImageWidth;NewSubfileType;Orientation;PhotometricInterpretation;PlanarConfiguration;Predictor;ResolutionUnit;RowsPerStrip;SampleFormat;SamplesPerPixel;StripByteCounts;StripOffsets;XResolution;YResolution,False,False,
NCI_08,gabor,data/in_line_gabor_hologram/NCI_08_gabor.tif,True,1,1024x1024,uint8,5,601066,2026-09-16T09:08:13+00:00,BitsPerSample;Compression;FillOrder;ImageLength;ImageWidth;NewSubfileType;Orientation;PhotometricInterpretation;PlanarConfiguration;Predictor;ResolutionUnit;RowsPerStrip;SampleFormat;SamplesPerPixel;StripByteCounts;StripOffsets;XResolution;YResolution,False,False,
NCI_08,phase,data/phase/NCI_08_phase.bin,True,,900x900,float32,,3240023,,,,,0.2848713904768374/0.21199439004249143
NCI_09,off_axis,data/off_axis_hologram/NCI_09_holo.tif,True,1,1024x1024,uint8,5,1242372,2026-09-16T09:09:49+00:00,BitsPerSample;Compression;FillOrder;ImageLength;ImageWidth;NewSubfileType;Orientation;PhotometricInterpretation;PlanarConfiguration;Predictor;ResolutionUnit;RowsPerStrip;SampleFormat;SamplesPerPixel;StripByteCounts;StripOffsets;XResolution;YResolution,False,False,
NCI_09,gabor,data/in_line_gabor_hologram/NCI_09_gabor.tif,True,1,1024x1024,uint8,5,579830,2026-09-16T09:08:13+00:00,BitsPerSample;Compression;FillOrder;ImageLength;ImageWidth;NewSubfileType;Orientation;PhotometricInterpretation;PlanarConfiguration;Predictor;ResolutionUnit;RowsPerStrip;SampleFormat;SamplesPerPixel;StripByteCounts;StripOffsets;XResolution;YResolution,False,False,
NCI_09,phase,data/phase/NCI_09_phase.bin,True,,900x900,float32,,3240023,,,,,0.2848713904768374/0.21199439004249143
NCI_10,off_axis,data/off_axis_hologram/NCI_10_holo.tif,True,1,1024x1024,uint8,5,1241626,2026-09-16T09:09:49+00:00,BitsPerSample;Compression;FillOrder;ImageLength;ImageWidth;NewSubfileType;Orientation;PhotometricInterpretation;PlanarConfiguration;Predictor;ResolutionUnit;RowsPerStrip;SampleFormat;SamplesPerPixel;StripByteCounts;StripOffsets;XResolution;YResolution,False,False,
NCI_10,gabor,data/in_line_gabor_hologram/NCI_10_gabor.tif,True,1,1024x1024,uint8,5,591712,2026-09-16T09:08:13+00:00,BitsPerSample;Compression;FillOrder;ImageLength;ImageWidth;NewSubfileType;Orientation;PhotometricInterpretation;PlanarConfiguration;Predictor;ResolutionUnit;RowsPerStrip;SampleFormat;SamplesPerPixel;StripByteCounts;StripOffsets;XResolution;YResolution,False,False,
NCI_10,phase,data/phase/NCI_10_phase.bin,True,,900x900,float32,,3240023,,,,,0.2848713904768374/0.21199439004249143
NCI_11,off_axis,data/off_axis_hologram/NCI_11_holo.tif,True,1,1024x1024,uint8,5,1245756,2026-09-16T09:09:49+00:00,BitsPerSample;Compression;FillOrder;ImageLength;ImageWidth;NewSubfileType;Orientation;PhotometricInterpretation;PlanarConfiguration;Predictor;ResolutionUnit;RowsPerStrip;SampleFormat;SamplesPerPixel;StripByteCounts;StripOffsets;XResolution;YResolution,False,False,
NCI_11,gabor,data/in_line_gabor_hologram/NCI_11_gabor.tif,True,1,1024x1024,uint8,5,598494,2026-09-16T09:08:13+00:00,BitsPerSample;Compression;FillOrder;ImageLength;ImageWidth;NewSubfileType;Orientation;PhotometricInterpretation;PlanarConfiguration;Predictor;ResolutionUnit;RowsPerStrip;SampleFormat;SamplesPerPixel;StripByteCounts;StripOffsets;XResolution;YResolution,False,False,
NCI_11,phase,data/phase/NCI_11_phase.bin,True,,900x900,float32,,3240023,,,,,0.2848713904768374/0.21199439004249143
NCI_12,off_axis,data/off_axis_hologram/NCI_12_holo.tif,True,1,1024x1024,uint8,5,1220400,2026-09-16T09:09:49+00:00,BitsPerSample;Compression;FillOrder;ImageLength;ImageWidth;NewSubfileType;Orientation;PhotometricInterpretation;PlanarConfiguration;Predictor;ResolutionUnit;RowsPerStrip;SampleFormat;SamplesPerPixel;StripByteCounts;StripOffsets;XResolution;YResolution,False,False,
NCI_12,gabor,data/in_line_gabor_hologram/NCI_12_gabor.tif,True,1,1024x1024,uint8,5,543920,2026-09-16T09:08:13+00:00,BitsPerSample;Compression;FillOrder;ImageLength;ImageWidth;NewSubfileType;Orientation;PhotometricInterpretation;PlanarConfiguration;Predictor;ResolutionUnit;RowsPerStrip;SampleFormat;SamplesPerPixel;StripByteCounts;StripOffsets;XResolution;YResolution,False,False,
NCI_12,phase,data/phase/NCI_12_phase.bin,True,,900x900,float32,,3240023,,,,,0.2848713904768374/0.21199439004249143
NCI_13,off_axis,data/off_axis_hologram/NCI_13_holo.tif,True,1,1024x1024,uint8,5,1234326,2026-09-16T09:09:49+00:00,BitsPerSample;Compression;FillOrder;ImageLength;ImageWidth;NewSubfileType;Orientation;PhotometricInterpretation;PlanarConfiguration;Predictor;ResolutionUnit;RowsPerStrip;SampleFormat;SamplesPerPixel;StripByteCounts;StripOffsets;XResolution;YResolution,False,False,
NCI_13,gabor,data/in_line_gabor_hologram/NCI_13_gabor.tif,True,1,1024x1024,uint8,5,587320,2026-09-16T09:08:13+00:00,BitsPerSample;Compression;FillOrder;ImageLength;ImageWidth;NewSubfileType;Orientation;PhotometricInterpretation;PlanarConfiguration;Predictor;ResolutionUnit;RowsPerStrip;SampleFormat;SamplesPerPixel;StripByteCounts;StripOffsets;XResolution;YResolution,False,False,
NCI_13,phase,data/phase/NCI_13_phase.bin,True,,900x900,float32,,3240023,,,,,0.2848713904768374/0.21199439004249143
NCI_14,off_axis,data/off_axis_hologram/NCI_14_holo.tif,True,1,1024x1024,uint8,5,1225826,2026-09-16T09:09:49+00:00,BitsPerSample;Compression;FillOrder;ImageLength;ImageWidth;NewSubfileType;Orientation;PhotometricInterpretation;PlanarConfiguration;Predictor;ResolutionUnit;RowsPerStrip;SampleFormat;SamplesPerPixel;StripByteCounts;StripOffsets;XResolution;YResolution,False,False,
NCI_14,gabor,data/in_line_gabor_hologram/NCI_14_gabor.tif,True,1,1024x1024,uint8,5,551818,2026-09-16T09:08:13+00:00,BitsPerSample;Compression;FillOrder;ImageLength;ImageWidth;NewSubfileType;Orientation;PhotometricInterpretation;PlanarConfiguration;Predictor;ResolutionUnit;RowsPerStrip;SampleFormat;SamplesPerPixel;StripByteCounts;StripOffsets;XResolution;YResolution,False,False,
NCI_14,phase,data/phase/NCI_14_phase.bin,True,,900x900,float32,,3240023,,,,,0.2848713904768374/0.21199439004249143
NCI_15,off_axis,data/off_axis_hologram/NCI_15_holo.tif,True,1,1024x1024,uint8,5,1223320,2026-09-16T09:09:49+00:00,BitsPerSample;Compression;FillOrder;ImageLength;ImageWidth;NewSubfileType;Orientation;PhotometricInterpretation;PlanarConfiguration;Predictor;ResolutionUnit;RowsPerStrip;SampleFormat;SamplesPerPixel;StripByteCounts;StripOffsets;XResolution;YResolution,False,False,
NCI_15,gabor,data/in_line_gabor_hologram/NCI_15_gabor.tif,True,1,1024x1024,uint8,5,569510,2026-09-16T09:08:13+00:00,BitsPerSample;Compression;FillOrder;ImageLength;ImageWidth;NewSubfileType;Orientation;PhotometricInterpretation;PlanarConfiguration;Predictor;ResolutionUnit;RowsPerStrip;SampleFormat;SamplesPerPixel;StripByteCounts;StripOffsets;XResolution;YResolution,False,False,
NCI_15,phase,data/phase/NCI_15_phase.bin,True,,900x900,float32,,3240023,,,,,0.2848713904768374/0.21199439004249143
NCI_16,off_axis,data/off_axis_hologram/NCI_16_holo.tif,True,1,1024x1024,uint8,5,1215652,2026-09-16T09:09:49+00:00,BitsPerSample;Compression;FillOrder;ImageLength;ImageWidth;NewSubfileType;Orientation;PhotometricInterpretation;PlanarConfiguration;Predictor;ResolutionUnit;RowsPerStrip;SampleFormat;SamplesPerPixel;StripByteCounts;StripOffsets;XResolution;YResolution,False,False,
NCI_16,gabor,data/in_line_gabor_hologram/NCI_16_gabor.tif,True,1,1024x1024,uint8,5,548166,2026-09-16T09:08:13+00:00,BitsPerSample;Compression;FillOrder;ImageLength;ImageWidth;NewSubfileType;Orientation;PhotometricInterpretation;PlanarConfiguration;Predictor;ResolutionUnit;RowsPerStrip;SampleFormat;SamplesPerPixel;StripByteCounts;StripOffsets;XResolution;YResolution,False,False,
NCI_16,phase,data/phase/NCI_16_phase.bin,True,,900x900,float32,,3240023,,,,,0.2848713904768374/0.21199439004249143
NCI_17,off_axis,data/off_axis_hologram/NCI_17_holo.tif,True,1,1024x1024,uint8,5,1217534,2026-09-16T09:09:49+00:00,BitsPerSample;Compression;FillOrder;ImageLength;ImageWidth;NewSubfileType;Orientation;PhotometricInterpretation;PlanarConfiguration;Predictor;ResolutionUnit;RowsPerStrip;SampleFormat;SamplesPerPixel;StripByteCounts;StripOffsets;XResolution;YResolution,False,False,
NCI_17,gabor,data/in_line_gabor_hologram/NCI_17_gabor.tif,True,1,1024x1024,uint8,5,553192,2026-09-16T09:08:13+00:00,BitsPerSample;Compression;FillOrder;ImageLength;ImageWidth;NewSubfileType;Orientation;PhotometricInterpretation;PlanarConfiguration;Predictor;ResolutionUnit;RowsPerStrip;SampleFormat;SamplesPerPixel;StripByteCounts;StripOffsets;XResolution;YResolution,False,False,
NCI_17,phase,data/phase/NCI_17_phase.bin,True,,900x900,float32,,3240023,,,,,0.2848713904768374/0.21199439004249143
NCI_18,off_axis,data/off_axis_hologram/NCI_18_holo.tif,True,1,1024x1024,uint8,5,1213418,2026-09-16T09:09:49+00:00,BitsPerSample;Compression;FillOrder;ImageLength;ImageWidth;NewSubfileType;Orientation;PhotometricInterpretation;PlanarConfiguration;Predictor;ResolutionUnit;RowsPerStrip;SampleFormat;SamplesPerPixel;StripByteCounts;StripOffsets;XResolution;YResolution,False,False,
NCI_18,gabor,data/in_line_gabor_hologram/NCI_18_gabor.tif,True,1,1024x1024,uint8,5,550058,2026-09-16T09:08:13+00:00,BitsPerSample;Compression;FillOrder;ImageLength;ImageWidth;NewSubfileType;Orientation;PhotometricInterpretation;PlanarConfiguration;Predictor;ResolutionUnit;RowsPerStrip;SampleFormat;SamplesPerPixel;StripByteCounts;StripOffsets;XResolution;YResolution,False,False,
NCI_18,phase,data/phase/NCI_18_phase.bin,True,,900x900,float32,,3240023,,,,,0.2848713904768374/0.21199439004249143
NCI_19,off_axis,data/off_axis_hologram/NCI_19_holo.tif,True,1,1024x1024,uint8,5,1212874,2026-09-16T09:09:49+00:00,BitsPerSample;Compression;FillOrder;ImageLength;ImageWidth;NewSubfileType;Orientation;PhotometricInterpretation;PlanarConfiguration;Predictor;ResolutionUnit;RowsPerStrip;SampleFormat;SamplesPerPixel;StripByteCounts;StripOffsets;XResolution;YResolution,False,False,
NCI_19,gabor,data/in_line_gabor_hologram/NCI_19_gabor.tif,True,1,1024x1024,uint8,5,543096,2026-09-16T09:08:13+00:00,BitsPerSample;Compression;FillOrder;ImageLength;ImageWidth;NewSubfileType;Orientation;PhotometricInterpretation;PlanarConfiguration;Predictor;ResolutionUnit;RowsPerStrip;SampleFormat;SamplesPerPixel;StripByteCounts;StripOffsets;XResolution;YResolution,False,False,
NCI_19,phase,data/phase/NCI_19_phase.bin,True,,900x900,float32,,3240023,,,,,0.2848713904768374/0.21199439004249143
NCI_20,off_axis,data/off_axis_hologram/NCI_20_holo.tif,True,1,1024x1024,uint8,5,1223082,2026-09-16T09:09:49+00:00,BitsPerSample;Compression;FillOrder;ImageLength;ImageWidth;NewSubfileType;Orientation;PhotometricInterpretation;PlanarConfiguration;Predictor;ResolutionUnit;RowsPerStrip;SampleFormat;SamplesPerPixel;StripByteCounts;StripOffsets;XResolution;YResolution,False,False,
NCI_20,gabor,data/in_line_gabor_hologram/NCI_20_gabor.tif,True,1,1024x1024,uint8,5,572806,2026-09-16T09:08:13+00:00,BitsPerSample;Compression;FillOrder;ImageLength;ImageWidth;NewSubfileType;Orientation;PhotometricInterpretation;PlanarConfiguration;Predictor;ResolutionUnit;RowsPerStrip;SampleFormat;SamplesPerPixel;StripByteCounts;StripOffsets;XResolution;YResolution,False,False,
NCI_20,phase,data/phase/NCI_20_phase.bin,True,,900x900,float32,,3240023,,,,,0.2848713904768374/0.21199439004249143
NCI_21,off_axis,data/off_axis_hologram/NCI_21_holo.tif,True,1,1024x1024,uint8,5,1229202,2026-09-16T09:09:49+00:00,BitsPerSample;Compression;FillOrder;ImageLength;ImageWidth;NewSubfileType;Orientation;PhotometricInterpretation;PlanarConfiguration;Predictor;ResolutionUnit;RowsPerStrip;SampleFormat;SamplesPerPixel;StripByteCounts;StripOffsets;XResolution;YResolution,False,False,
NCI_21,gabor,data/in_line_gabor_hologram/NCI_21_gabor.tif,True,1,1024x1024,uint8,5,561236,2026-09-16T09:08:13+00:00,BitsPerSample;Compression;FillOrder;ImageLength;ImageWidth;NewSubfileType;Orientation;PhotometricInterpretation;PlanarConfiguration;Predictor;ResolutionUnit;RowsPerStrip;SampleFormat;SamplesPerPixel;StripByteCounts;StripOffsets;XResolution;YResolution,False,False,
NCI_21,phase,data/phase/NCI_21_phase.bin,True,,900x900,float32,,3240023,,,,,0.2848713904768374/0.21199439004249143
NCI_22,off_axis,data/off_axis_hologram/NCI_22_holo.tif,True,1,1024x1024,uint8,5,1226766,2026-09-16T09:09:49+00:00,BitsPerSample;Compression;FillOrder;ImageLength;ImageWidth;NewSubfileType;Orientation;PhotometricInterpretation;PlanarConfiguration;Predictor;ResolutionUnit;RowsPerStrip;SampleFormat;SamplesPerPixel;StripByteCounts;StripOffsets;XResolution;YResolution,False,False,
NCI_22,gabor,data/in_line_gabor_hologram/NCI_22_gabor.tif,True,1,1024x1024,uint8,5,561804,2026-09-16T09:08:13+00:00,BitsPerSample;Compression;FillOrder;ImageLength;ImageWidth;NewSubfileType;Orientation;PhotometricInterpretation;PlanarConfiguration;Predictor;ResolutionUnit;RowsPerStrip;SampleFormat;SamplesPerPixel;StripByteCounts;StripOffsets;XResolution;YResolution,False,False,
NCI_22,phase,data/phase/NCI_22_phase.bin,True,,900x900,float32,,3240023,,,,,0.2848713904768374/0.21199439004249143
NCI_23,off_axis,data/off_axis_hologram/NCI_23_holo.tif,True,1,1024x1024,uint8,5,1222052,2026-09-16T09:09:49+00:00,BitsPerSample;Compression;FillOrder;ImageLength;ImageWidth;NewSubfileType;Orientation;PhotometricInterpretation;PlanarConfiguration;Predictor;ResolutionUnit;RowsPerStrip;SampleFormat;SamplesPerPixel;StripByteCounts;StripOffsets;XResolution;YResolution,False,False,
NCI_23,gabor,data/in_line_gabor_hologram/NCI_23_gabor.tif,True,1,1024x1024,uint8,5,548584,2026-09-16T09:08:13+00:00,BitsPerSample;Compression;FillOrder;ImageLength;ImageWidth;NewSubfileType;Orientation;PhotometricInterpretation;PlanarConfiguration;Predictor;ResolutionUnit;RowsPerStrip;SampleFormat;SamplesPerPixel;StripByteCounts;StripOffsets;XResolution;YResolution,False,False,
NCI_23,phase,data/phase/NCI_23_phase.bin,True,,900x900,float32,,3240023,,,,,0.2848713904768374/0.21199439004249143
NCI_24,off_axis,data/off_axis_hologram/NCI_24_holo.tif,True,1,1024x1024,uint8,5,1224264,2026-09-16T09:09:49+00:00,BitsPerSample;Compression;FillOrder;ImageLength;ImageWidth;NewSubfileType;Orientation;PhotometricInterpretation;PlanarConfiguration;Predictor;ResolutionUnit;RowsPerStrip;SampleFormat;SamplesPerPixel;StripByteCounts;StripOffsets;XResolution;YResolution,False,False,
NCI_24,gabor,data/in_line_gabor_hologram/NCI_24_gabor.tif,True,1,1024x1024,uint8,5,553386,2026-09-16T09:08:13+00:00,BitsPerSample;Compression;FillOrder;ImageLength;ImageWidth;NewSubfileType;Orientation;PhotometricInterpretation;PlanarConfiguration;Predictor;ResolutionUnit;RowsPerStrip;SampleFormat;SamplesPerPixel;StripByteCounts;StripOffsets;XResolution;YResolution,False,False,
NCI_24,phase,data/phase/NCI_24_phase.bin,True,,900x900,float32,,3240023,,,,,0.2848713904768374/0.21199439004249143
NCI_25,off_axis,data/off_axis_hologram/NCI_25_holo.tif,True,1,1024x1024,uint8,5,1234422,2026-09-16T09:09:49+00:00,BitsPerSample;Compression;FillOrder;ImageLength;ImageWidth;NewSubfileType;Orientation;PhotometricInterpretation;PlanarConfiguration;Predictor;ResolutionUnit;RowsPerStrip;SampleFormat;SamplesPerPixel;StripByteCounts;StripOffsets;XResolution;YResolution,False,False,
NCI_25,gabor,data/in_line_gabor_hologram/NCI_25_gabor.tif,True,1,1024x1024,uint8,5,579738,2026-09-16T09:08:13+00:00,BitsPerSample;Compression;FillOrder;ImageLength;ImageWidth;NewSubfileType;Orientation;PhotometricInterpretation;PlanarConfiguration;Predictor;ResolutionUnit;RowsPerStrip;SampleFormat;SamplesPerPixel;StripByteCounts;StripOffsets;XResolution;YResolution,False,False,
NCI_25,phase,data/phase/NCI_25_phase.bin,True,,900x900,float32,,3240023,,,,,0.2848713904768374/0.21199439004249143
NCI_26,off_axis,data/off_axis_hologram/NCI_26_holo.tif,True,1,1024x1024,uint8,5,1235628,2026-09-16T09:09:49+00:00,BitsPerSample;Compression;FillOrder;ImageLength;ImageWidth;NewSubfileType;Orientation;PhotometricInterpretation;PlanarConfiguration;Predictor;ResolutionUnit;RowsPerStrip;SampleFormat;SamplesPerPixel;StripByteCounts;StripOffsets;XResolution;YResolution,False,False,
NCI_26,gabor,data/in_line_gabor_hologram/NCI_26_gabor.tif,True,1,1024x1024,uint8,5,573100,2026-09-16T09:08:13+00:00,BitsPerSample;Compression;FillOrder;ImageLength;ImageWidth;NewSubfileType;Orientation;PhotometricInterpretation;PlanarConfiguration;Predictor;ResolutionUnit;RowsPerStrip;SampleFormat;SamplesPerPixel;StripByteCounts;StripOffsets;XResolution;YResolution,False,False,
NCI_26,phase,data/phase/NCI_26_phase.bin,True,,900x900,float32,,3240023,,,,,0.2848713904768374/0.21199439004249143
NCI_27,off_axis,data/off_axis_hologram/NCI_27_holo.tif,True,1,1024x1024,uint8,5,1208762,2026-09-16T09:09:49+00:00,BitsPerSample;Compression;FillOrder;ImageLength;ImageWidth;NewSubfileType;Orientation;PhotometricInterpretation;PlanarConfiguration;Predictor;ResolutionUnit;RowsPerStrip;SampleFormat;SamplesPerPixel;StripByteCounts;StripOffsets;XResolution;YResolution,False,False,
NCI_27,gabor,data/in_line_gabor_hologram/NCI_27_gabor.tif,True,1,1024x1024,uint8,5,546746,2026-09-16T09:08:13+00:00,BitsPerSample;Compression;FillOrder;ImageLength;ImageWidth;NewSubfileType;Orientation;PhotometricInterpretation;PlanarConfiguration;Predictor;ResolutionUnit;RowsPerStrip;SampleFormat;SamplesPerPixel;StripByteCounts;StripOffsets;XResolution;YResolution,False,False,
NCI_27,phase,data/phase/NCI_27_phase.bin,True,,900x900,float32,,3240023,,,,,0.2848713904768374/0.21199439004249143
NCI_28,off_axis,data/off_axis_hologram/NCI_28_holo.tif,True,1,1024x1024,uint8,5,1217730,2026-09-16T09:09:49+00:00,BitsPerSample;Compression;FillOrder;ImageLength;ImageWidth;NewSubfileType;Orientation;PhotometricInterpretation;PlanarConfiguration;Predictor;ResolutionUnit;RowsPerStrip;SampleFormat;SamplesPerPixel;StripByteCounts;StripOffsets;XResolution;YResolution,False,False,
NCI_28,gabor,data/in_line_gabor_hologram/NCI_28_gabor.tif,True,1,1024x1024,uint8,5,566452,2026-09-16T09:08:13+00:00,BitsPerSample;Compression;FillOrder;ImageLength;ImageWidth;NewSubfileType;Orientation;PhotometricInterpretation;PlanarConfiguration;Predictor;ResolutionUnit;RowsPerStrip;SampleFormat;SamplesPerPixel;StripByteCounts;StripOffsets;XResolution;YResolution,False,False,
NCI_28,phase,data/phase/NCI_28_phase.bin,True,,900x900,float32,,3240023,,,,,0.2848713904768374/0.21199439004249143
NCI_29,off_axis,data/off_axis_hologram/NCI_29_holo.tif,True,1,1024x1024,uint8,5,1223928,2026-09-16T09:09:49+00:00,BitsPerSample;Compression;FillOrder;ImageLength;ImageWidth;NewSubfileType;Orientation;PhotometricInterpretation;PlanarConfiguration;Predictor;ResolutionUnit;RowsPerStrip;SampleFormat;SamplesPerPixel;StripByteCounts;StripOffsets;XResolution;YResolution,False,False,
NCI_29,gabor,data/in_line_gabor_hologram/NCI_29_gabor.tif,True,1,1024x1024,uint8,5,560606,2026-09-16T09:08:13+00:00,BitsPerSample;Compression;FillOrder;ImageLength;ImageWidth;NewSubfileType;Orientation;PhotometricInterpretation;PlanarConfiguration;Predictor;ResolutionUnit;RowsPerStrip;SampleFormat;SamplesPerPixel;StripByteCounts;StripOffsets;XResolution;YResolution,False,False,
NCI_29,phase,data/phase/NCI_29_phase.bin,True,,900x900,float32,,3240023,,,,,0.2848713904768374/0.21199439004249143
NCI_30,off_axis,data/off_axis_hologram/NCI_30_holo.tif,True,1,1024x1024,uint8,5,1213780,2026-09-16T09:09:49+00:00,BitsPerSample;Compression;FillOrder;ImageLength;ImageWidth;NewSubfileType;Orientation;PhotometricInterpretation;PlanarConfiguration;Predictor;ResolutionUnit;RowsPerStrip;SampleFormat;SamplesPerPixel;StripByteCounts;StripOffsets;XResolution;YResolution,False,False,
NCI_30,gabor,data/in_line_gabor_hologram/NCI_30_gabor.tif,True,1,1024x1024,uint8,5,519974,2026-09-16T09:08:13+00:00,BitsPerSample;Compression;FillOrder;ImageLength;ImageWidth;NewSubfileType;Orientation;PhotometricInterpretation;PlanarConfiguration;Predictor;ResolutionUnit;RowsPerStrip;SampleFormat;SamplesPerPixel;StripByteCounts;StripOffsets;XResolution;YResolution,False,False,
NCI_30,phase,data/phase/NCI_30_phase.bin,True,,900x900,float32,,3240023,,,,,0.2848713904768374/0.21199439004249143
NCI_31,off_axis,data/off_axis_hologram/NCI_31_holo.tif,True,1,1024x1024,uint8,5,1223442,2026-09-16T09:09:49+00:00,BitsPerSample;Compression;FillOrder;ImageLength;ImageWidth;NewSubfileType;Orientation;PhotometricInterpretation;PlanarConfiguration;Predictor;ResolutionUnit;RowsPerStrip;SampleFormat;SamplesPerPixel;StripByteCounts;StripOffsets;XResolution;YResolution,False,False,
NCI_31,gabor,data/in_line_gabor_hologram/NCI_31_gabor.tif,True,1,1024x1024,uint8,5,549904,2026-09-16T09:08:13+00:00,BitsPerSample;Compression;FillOrder;ImageLength;ImageWidth;NewSubfileType;Orientation;PhotometricInterpretation;PlanarConfiguration;Predictor;ResolutionUnit;RowsPerStrip;SampleFormat;SamplesPerPixel;StripByteCounts;StripOffsets;XResolution;YResolution,False,False,
NCI_31,phase,data/phase/NCI_31_phase.bin,True,,900x900,float32,,3240023,,,,,0.2848713904768374/0.21199439004249143
NCI_32,off_axis,data/off_axis_hologram/NCI_32_holo.tif,True,1,1024x1024,uint8,5,1223878,2026-09-16T09:09:49+00:00,BitsPerSample;Compression;FillOrder;ImageLength;ImageWidth;NewSubfileType;Orientation;PhotometricInterpretation;PlanarConfiguration;Predictor;ResolutionUnit;RowsPerStrip;SampleFormat;SamplesPerPixel;StripByteCounts;StripOffsets;XResolution;YResolution,False,False,
NCI_32,gabor,data/in_line_gabor_hologram/NCI_32_gabor.tif,True,1,1024x1024,uint8,5,553768,2026-09-16T09:08:13+00:00,BitsPerSample;Compression;FillOrder;ImageLength;ImageWidth;NewSubfileType;Orientation;PhotometricInterpretation;PlanarConfiguration;Predictor;ResolutionUnit;RowsPerStrip;SampleFormat;SamplesPerPixel;StripByteCounts;StripOffsets;XResolution;YResolution,False,False,
NCI_32,phase,data/phase/NCI_32_phase.bin,True,,900x900,float32,,3240023,,,,,0.2848713904768374/0.21199439004249143
NCI_33,off_axis,data/off_axis_hologram/NCI_33_holo.tif,True,1,1024x1024,uint8,5,1216924,2026-09-16T09:09:49+00:00,BitsPerSample;Compression;FillOrder;ImageLength;ImageWidth;NewSubfileType;Orientation;PhotometricInterpretation;PlanarConfiguration;Predictor;ResolutionUnit;RowsPerStrip;SampleFormat;SamplesPerPixel;StripByteCounts;StripOffsets;XResolution;YResolution,False,False,
NCI_33,gabor,data/in_line_gabor_hologram/NCI_33_gabor.tif,True,1,1024x1024,uint8,5,552138,2026-09-16T09:08:13+00:00,BitsPerSample;Compression;FillOrder;ImageLength;ImageWidth;NewSubfileType;Orientation;PhotometricInterpretation;PlanarConfiguration;Predictor;ResolutionUnit;RowsPerStrip;SampleFormat;SamplesPerPixel;StripByteCounts;StripOffsets;XResolution;YResolution,False,False,
NCI_33,phase,data/phase/NCI_33_phase.bin,True,,900x900,float32,,3240023,,,,,0.2848713904768374/0.21199439004249143
NCI_34,off_axis,data/off_axis_hologram/NCI_34_holo.tif,True,1,1024x1024,uint8,5,1211922,2026-09-16T09:09:49+00:00,BitsPerSample;Compression;FillOrder;ImageLength;ImageWidth;NewSubfileType;Orientation;PhotometricInterpretation;PlanarConfiguration;Predictor;ResolutionUnit;RowsPerStrip;SampleFormat;SamplesPerPixel;StripByteCounts;StripOffsets;XResolution;YResolution,False,False,
NCI_34,gabor,data/in_line_gabor_hologram/NCI_34_gabor.tif,True,1,1024x1024,uint8,5,518166,2026-09-16T09:08:13+00:00,BitsPerSample;Compression;FillOrder;ImageLength;ImageWidth;NewSubfileType;Orientation;PhotometricInterpretation;PlanarConfiguration;Predictor;ResolutionUnit;RowsPerStrip;SampleFormat;SamplesPerPixel;StripByteCounts;StripOffsets;XResolution;YResolution,False,False,
NCI_34,phase,data/phase/NCI_34_phase.bin,True,,900x900,float32,,3240023,,,,,0.2848713904768374/0.21199439004249143
NCI_35,off_axis,data/off_axis_hologram/NCI_35_holo.tif,True,1,1024x1024,uint8,5,1222644,2026-09-16T09:09:49+00:00,BitsPerSample;Compression;FillOrder;ImageLength;ImageWidth;NewSubfileType;Orientation;PhotometricInterpretation;PlanarConfiguration;Predictor;ResolutionUnit;RowsPerStrip;SampleFormat;SamplesPerPixel;StripByteCounts;StripOffsets;XResolution;YResolution,False,False,
NCI_35,gabor,data/in_line_gabor_hologram/NCI_35_gabor.tif,True,1,1024x1024,uint8,5,552260,2026-09-16T09:08:13+00:00,BitsPerSample;Compression;FillOrder;ImageLength;ImageWidth;NewSubfileType;Orientation;PhotometricInterpretation;PlanarConfiguration;Predictor;ResolutionUnit;RowsPerStrip;SampleFormat;SamplesPerPixel;StripByteCounts;StripOffsets;XResolution;YResolution,False,False,
NCI_35,phase,data/phase/NCI_35_phase.bin,True,,900x900,float32,,3240023,,,,,0.2848713904768374/0.21199439004249143
NCI_36,off_axis,data/off_axis_hologram/NCI_36_holo.tif,True,1,1024x1024,uint8,5,1218372,2026-09-16T09:09:49+00:00,BitsPerSample;Compression;FillOrder;ImageLength;ImageWidth;NewSubfileType;Orientation;PhotometricInterpretation;PlanarConfiguration;Predictor;ResolutionUnit;RowsPerStrip;SampleFormat;SamplesPerPixel;StripByteCounts;StripOffsets;XResolution;YResolution,False,False,
NCI_36,gabor,data/in_line_gabor_hologram/NCI_36_gabor.tif,True,1,1024x1024,uint8,5,542032,2026-09-16T09:08:13+00:00,BitsPerSample;Compression;FillOrder;ImageLength;ImageWidth;NewSubfileType;Orientation;PhotometricInterpretation;PlanarConfiguration;Predictor;ResolutionUnit;RowsPerStrip;SampleFormat;SamplesPerPixel;StripByteCounts;StripOffsets;XResolution;YResolution,False,False,
NCI_36,phase,data/phase/NCI_36_phase.bin,True,,900x900,float32,,3240023,,,,,0.2848713904768374/0.21199439004249143
NCI_37,off_axis,data/off_axis_hologram/NCI_37_holo.tif,True,1,1024x1024,uint8,5,1227362,2026-09-16T09:09:49+00:00,BitsPerSample;Compression;FillOrder;ImageLength;ImageWidth;NewSubfileType;Orientation;PhotometricInterpretation;PlanarConfiguration;Predictor;ResolutionUnit;RowsPerStrip;SampleFormat;SamplesPerPixel;StripByteCounts;StripOffsets;XResolution;YResolution,False,False,
NCI_37,gabor,data/in_line_gabor_hologram/NCI_37_gabor.tif,True,1,1024x1024,uint8,5,554930,2026-09-16T09:08:13+00:00,BitsPerSample;Compression;FillOrder;ImageLength;ImageWidth;NewSubfileType;Orientation;PhotometricInterpretation;PlanarConfiguration;Predictor;ResolutionUnit;RowsPerStrip;SampleFormat;SamplesPerPixel;StripByteCounts;StripOffsets;XResolution;YResolution,False,False,
NCI_37,phase,data/phase/NCI_37_phase.bin,True,,900x900,float32,,3240023,,,,,0.2848713904768374/0.21199439004249143
NCI_38,off_axis,data/off_axis_hologram/NCI_38_holo.tif,True,1,1024x1024,uint8,5,1225428,2026-09-16T09:09:49+00:00,BitsPerSample;Compression;FillOrder;ImageLength;ImageWidth;NewSubfileType;Orientation;PhotometricInterpretation;PlanarConfiguration;Predictor;ResolutionUnit;RowsPerStrip;SampleFormat;SamplesPerPixel;StripByteCounts;StripOffsets;XResolution;YResolution,False,False,
NCI_38,gabor,data/in_line_gabor_hologram/NCI_38_gabor.tif,True,1,1024x1024,uint8,5,564826,2026-09-16T09:08:13+00:00,BitsPerSample;Compression;FillOrder;ImageLength;ImageWidth;NewSubfileType;Orientation;PhotometricInterpretation;PlanarConfiguration;Predictor;ResolutionUnit;RowsPerStrip;SampleFormat;SamplesPerPixel;StripByteCounts;StripOffsets;XResolution;YResolution,False,False,
NCI_38,phase,data/phase/NCI_38_phase.bin,True,,900x900,float32,,3240023,,,,,0.2848713904768374/0.21199439004249143
NCI_39,off_axis,data/off_axis_hologram/NCI_39_holo.tif,True,1,1024x1024,uint8,5,1220358,2026-09-16T09:09:49+00:00,BitsPerSample;Compression;FillOrder;ImageLength;ImageWidth;NewSubfileType;Orientation;PhotometricInterpretation;PlanarConfiguration;Predictor;ResolutionUnit;RowsPerStrip;SampleFormat;SamplesPerPixel;StripByteCounts;StripOffsets;XResolution;YResolution,False,False,
NCI_39,gabor,data/in_line_gabor_hologram/NCI_39_gabor.tif,True,1,1024x1024,uint8,5,559144,2026-09-16T09:08:13+00:00,BitsPerSample;Compression;FillOrder;ImageLength;ImageWidth;NewSubfileType;Orientation;PhotometricInterpretation;PlanarConfiguration;Predictor;ResolutionUnit;RowsPerStrip;SampleFormat;SamplesPerPixel;StripByteCounts;StripOffsets;XResolution;YResolution,False,False,
NCI_39,phase,data/phase/NCI_39_phase.bin,True,,900x900,float32,,3240023,,,,,0.2848713904768374/0.21199439004249143
NCI_40,off_axis,data/off_axis_hologram/NCI_40_holo.tif,True,1,1024x1024,uint8,5,1225734,2026-09-16T09:09:49+00:00,BitsPerSample;Compression;FillOrder;ImageLength;ImageWidth;NewSubfileType;Orientation;PhotometricInterpretation;PlanarConfiguration;Predictor;ResolutionUnit;RowsPerStrip;SampleFormat;SamplesPerPixel;StripByteCounts;StripOffsets;XResolution;YResolution,False,False,
NCI_40,gabor,data/in_line_gabor_hologram/NCI_40_gabor.tif,True,1,1024x1024,uint8,5,557758,2026-09-16T09:08:13+00:00,BitsPerSample;Compression;FillOrder;ImageLength;ImageWidth;NewSubfileType;Orientation;PhotometricInterpretation;PlanarConfiguration;Predictor;ResolutionUnit;RowsPerStrip;SampleFormat;SamplesPerPixel;StripByteCounts;StripOffsets;XResolution;YResolution,False,False,
NCI_40,phase,data/phase/NCI_40_phase.bin,True,,900x900,float32,,3240023,,,,,0.2848713904768374/0.21199439004249143
NCI_41,off_axis,data/off_axis_hologram/NCI_41_holo.tif,True,1,1024x1024,uint8,5,1209426,2026-09-16T09:09:49+00:00,BitsPerSample;Compression;FillOrder;ImageLength;ImageWidth;NewSubfileType;Orientation;PhotometricInterpretation;PlanarConfiguration;Predictor;ResolutionUnit;RowsPerStrip;SampleFormat;SamplesPerPixel;StripByteCounts;StripOffsets;XResolution;YResolution,False,False,
NCI_41,gabor,data/in_line_gabor_hologram/NCI_41_gabor.tif,True,1,1024x1024,uint8,5,536968,2026-09-16T09:08:13+00:00,BitsPerSample;Compression;FillOrder;ImageLength;ImageWidth;NewSubfileType;Orientation;PhotometricInterpretation;PlanarConfiguration;Predictor;ResolutionUnit;RowsPerStrip;SampleFormat;SamplesPerPixel;StripByteCounts;StripOffsets;XResolution;YResolution,False,False,
NCI_41,phase,data/phase/NCI_41_phase.bin,True,,900x900,float32,,3240023,,,,,0.2848713904768374/0.21199439004249143
NCI_42,off_axis,data/off_axis_hologram/NCI_42_holo.tif,True,1,1024x1024,uint8,5,1229348,2026-09-16T09:09:49+00:00,BitsPerSample;Compression;FillOrder;ImageLength;ImageWidth;NewSubfileType;Orientation;PhotometricInterpretation;PlanarConfiguration;Predictor;ResolutionUnit;RowsPerStrip;SampleFormat;SamplesPerPixel;StripByteCounts;StripOffsets;XResolution;YResolution,False,False,
NCI_42,gabor,data/in_line_gabor_hologram/NCI_42_gabor.tif,True,1,1024x1024,uint8,5,566044,2026-09-16T09:08:13+00:00,BitsPerSample;Compression;FillOrder;ImageLength;ImageWidth;NewSubfileType;Orientation;PhotometricInterpretation;PlanarConfiguration;Predictor;ResolutionUnit;RowsPerStrip;SampleFormat;SamplesPerPixel;StripByteCounts;StripOffsets;XResolution;YResolution,False,False,
NCI_42,phase,data/phase/NCI_42_phase.bin,True,,900x900,float32,,3240023,,,,,0.2848713904768374/0.21199439004249143
NCI_43,off_axis,data/off_axis_hologram/NCI_43_holo.tif,True,1,1024x1024,uint8,5,1216642,2026-09-16T09:09:50+00:00,BitsPerSample;Compression;FillOrder;ImageLength;ImageWidth;NewSubfileType;Orientation;PhotometricInterpretation;PlanarConfiguration;Predictor;ResolutionUnit;RowsPerStrip;SampleFormat;SamplesPerPixel;StripByteCounts;StripOffsets;XResolution;YResolution,False,False,
NCI_43,gabor,data/in_line_gabor_hologram/NCI_43_gabor.tif,True,1,1024x1024,uint8,5,559060,2026-09-16T09:08:13+00:00,BitsPerSample;Compression;FillOrder;ImageLength;ImageWidth;NewSubfileType;Orientation;PhotometricInterpretation;PlanarConfiguration;Predictor;ResolutionUnit;RowsPerStrip;SampleFormat;SamplesPerPixel;StripByteCounts;StripOffsets;XResolution;YResolution,False,False,
NCI_43,phase,data/phase/NCI_43_phase.bin,True,,900x900,float32,,3240023,,,,,0.2848713904768374/0.21199439004249143
NCI_44,off_axis,data/off_axis_hologram/NCI_44_holo.tif,True,1,1024x1024,uint8,5,1221288,2026-09-16T09:09:50+00:00,BitsPerSample;Compression;FillOrder;ImageLength;ImageWidth;NewSubfileType;Orientation;PhotometricInterpretation;PlanarConfiguration;Predictor;ResolutionUnit;RowsPerStrip;SampleFormat;SamplesPerPixel;StripByteCounts;StripOffsets;XResolution;YResolution,False,False,
NCI_44,gabor,data/in_line_gabor_hologram/NCI_44_gabor.tif,True,1,1024x1024,uint8,5,559492,2026-09-16T09:08:13+00:00,BitsPerSample;Compression;FillOrder;ImageLength;ImageWidth;NewSubfileType;Orientation;PhotometricInterpretation;PlanarConfiguration;Predictor;ResolutionUnit;RowsPerStrip;SampleFormat;SamplesPerPixel;StripByteCounts;StripOffsets;XResolution;YResolution,False,False,
NCI_44,phase,data/phase/NCI_44_phase.bin,True,,900x900,float32,,3240023,,,,,0.2848713904768374/0.21199439004249143
NCI_45,off_axis,data/off_axis_hologram/NCI_45_holo.tif,True,1,1024x1024,uint8,5,1222296,2026-09-16T09:09:50+00:00,BitsPerSample;Compression;FillOrder;ImageLength;ImageWidth;NewSubfileType;Orientation;PhotometricInterpretation;PlanarConfiguration;Predictor;ResolutionUnit;RowsPerStrip;SampleFormat;SamplesPerPixel;StripByteCounts;StripOffsets;XResolution;YResolution,False,False,
NCI_45,gabor,data/in_line_gabor_hologram/NCI_45_gabor.tif,True,1,1024x1024,uint8,5,569430,2026-09-16T09:08:13+00:00,BitsPerSample;Compression;FillOrder;ImageLength;ImageWidth;NewSubfileType;Orientation;PhotometricInterpretation;PlanarConfiguration;Predictor;ResolutionUnit;RowsPerStrip;SampleFormat;SamplesPerPixel;StripByteCounts;StripOffsets;XResolution;YResolution,False,False,
NCI_45,phase,data/phase/NCI_45_phase.bin,True,,900x900,float32,,3240023,,,,,0.2848713904768374/0.21199439004249143
NCI_46,off_axis,data/off_axis_hologram/NCI_46_holo.tif,True,1,1024x1024,uint8,5,1228028,2026-09-16T09:09:50+00:00,BitsPerSample;Compression;FillOrder;ImageLength;ImageWidth;NewSubfileType;Orientation;PhotometricInterpretation;PlanarConfiguration;Predictor;ResolutionUnit;RowsPerStrip;SampleFormat;SamplesPerPixel;StripByteCounts;StripOffsets;XResolution;YResolution,False,False,
NCI_46,gabor,data/in_line_gabor_hologram/NCI_46_gabor.tif,True,1,1024x1024,uint8,5,573472,2026-09-16T09:08:13+00:00,BitsPerSample;Compression;FillOrder;ImageLength;ImageWidth;NewSubfileType;Orientation;PhotometricInterpretation;PlanarConfiguration;Predictor;ResolutionUnit;RowsPerStrip;SampleFormat;SamplesPerPixel;StripByteCounts;StripOffsets;XResolution;YResolution,False,False,
NCI_46,phase,data/phase/NCI_46_phase.bin,True,,900x900,float32,,3240023,,,,,0.2848713904768374/0.21199439004249143
NCI_47,off_axis,data/off_axis_hologram/NCI_47_holo.tif,True,1,1024x1024,uint8,5,1221862,2026-09-16T09:09:50+00:00,BitsPerSample;Compression;FillOrder;ImageLength;ImageWidth;NewSubfileType;Orientation;PhotometricInterpretation;PlanarConfiguration;Predictor;ResolutionUnit;RowsPerStrip;SampleFormat;SamplesPerPixel;StripByteCounts;StripOffsets;XResolution;YResolution,False,False,
NCI_47,gabor,data/in_line_gabor_hologram/NCI_47_gabor.tif,True,1,1024x1024,uint8,5,569652,2026-09-16T09:08:13+00:00,BitsPerSample;Compression;FillOrder;ImageLength;ImageWidth;NewSubfileType;Orientation;PhotometricInterpretation;PlanarConfiguration;Predictor;ResolutionUnit;RowsPerStrip;SampleFormat;SamplesPerPixel;StripByteCounts;StripOffsets;XResolution;YResolution,False,False,
NCI_47,phase,data/phase/NCI_47_phase.bin,True,,900x900,float32,,3240023,,,,,0.2848713904768374/0.21199439004249143
NCI_48,off_axis,data/off_axis_hologram/NCI_48_holo.tif,True,1,1024x1024,uint8,5,1218844,2026-09-16T09:09:50+00:00,BitsPerSample;Compression;FillOrder;ImageLength;ImageWidth;NewSubfileType;Orientation;PhotometricInterpretation;PlanarConfiguration;Predictor;ResolutionUnit;RowsPerStrip;SampleFormat;SamplesPerPixel;StripByteCounts;StripOffsets;XResolution;YResolution,False,False,
NCI_48,gabor,data/in_line_gabor_hologram/NCI_48_gabor.tif,True,1,1024x1024,uint8,5,563592,2026-09-16T09:08:13+00:00,BitsPerSample;Compression;FillOrder;ImageLength;ImageWidth;NewSubfileType;Orientation;PhotometricInterpretation;PlanarConfiguration;Predictor;ResolutionUnit;RowsPerStrip;SampleFormat;SamplesPerPixel;StripByteCounts;StripOffsets;XResolution;YResolution,False,False,
NCI_48,phase,data/phase/NCI_48_phase.bin,True,,900x900,float32,,3240023,,,,,0.2848713904768374/0.21199439004249143
NCI_49,off_axis,data/off_axis_hologram/NCI_49_holo.tif,True,1,1024x1024,uint8,5,1213882,2026-09-16T09:09:50+00:00,BitsPerSample;Compression;FillOrder;ImageLength;ImageWidth;NewSubfileType;Orientation;PhotometricInterpretation;PlanarConfiguration;Predictor;ResolutionUnit;RowsPerStrip;SampleFormat;SamplesPerPixel;StripByteCounts;StripOffsets;XResolution;YResolution,False,False,
NCI_49,gabor,data/in_line_gabor_hologram/NCI_49_gabor.tif,True,1,1024x1024,uint8,5,566594,2026-09-16T09:08:13+00:00,BitsPerSample;Compression;FillOrder;ImageLength;ImageWidth;NewSubfileType;Orientation;PhotometricInterpretation;PlanarConfiguration;Predictor;ResolutionUnit;RowsPerStrip;SampleFormat;SamplesPerPixel;StripByteCounts;StripOffsets;XResolution;YResolution,False,False,
NCI_49,phase,data/phase/NCI_49_phase.bin,True,,900x900,float32,,3240023,,,,,0.2848713904768374/0.21199439004249143
NCI_50,off_axis,data/off_axis_hologram/NCI_50_holo.tif,True,1,1024x1024,uint8,5,1214398,2026-09-16T09:09:50+00:00,BitsPerSample;Compression;FillOrder;ImageLength;ImageWidth;NewSubfileType;Orientation;PhotometricInterpretation;PlanarConfiguration;Predictor;ResolutionUnit;RowsPerStrip;SampleFormat;SamplesPerPixel;StripByteCounts;StripOffsets;XResolution;YResolution,False,False,
NCI_50,gabor,data/in_line_gabor_hologram/NCI_50_gabor.tif,True,1,1024x1024,uint8,5,577722,2026-09-16T09:08:13+00:00,BitsPerSample;Compression;FillOrder;ImageLength;ImageWidth;NewSubfileType;Orientation;PhotometricInterpretation;PlanarConfiguration;Predictor;ResolutionUnit;RowsPerStrip;SampleFormat;SamplesPerPixel;StripByteCounts;StripOffsets;XResolution;YResolution,False,False,
NCI_50,phase,data/phase/NCI_50_phase.bin,True,,900x900,float32,,3240023,,,,,0.2848713904768374/0.21199439004249143
NCI_Blebbistatin_5uM_01,off_axis,data/off_axis_hologram/NCI_Blebbistatin_5uM_01_holo.tif,True,1,1024x1024,uint8,5,1253474,2026-09-16T09:09:50+00:00,BitsPerSample;Compression;FillOrder;ImageLength;ImageWidth;NewSubfileType;Orientation;PhotometricInterpretation;PlanarConfiguration;Predictor;ResolutionUnit;RowsPerStrip;SampleFormat;SamplesPerPixel;StripByteCounts;StripOffsets;XResolution;YResolution,False,False,
NCI_Blebbistatin_5uM_01,gabor,data/in_line_gabor_hologram/NCI_Blebbistatin_5uM_01_gabor.tif,True,1,1024x1024,uint8,5,607506,2026-09-16T09:08:13+00:00,BitsPerSample;Compression;FillOrder;ImageLength;ImageWidth;NewSubfileType;Orientation;PhotometricInterpretation;PlanarConfiguration;Predictor;ResolutionUnit;RowsPerStrip;SampleFormat;SamplesPerPixel;StripByteCounts;StripOffsets;XResolution;YResolution,False,False,
NCI_Blebbistatin_5uM_01,phase,data/phase/NCI_Blebbistatin_5uM_01_phase.bin,True,,900x900,float32,,3240023,,,,,0.2848713904768374/0.21199439004249143
NCI_Blebbistatin_5uM_02,off_axis,data/off_axis_hologram/NCI_Blebbistatin_5uM_02_holo.tif,True,1,1024x1024,uint8,5,1261612,2026-09-16T09:09:50+00:00,BitsPerSample;Compression;FillOrder;ImageLength;ImageWidth;NewSubfileType;Orientation;PhotometricInterpretation;PlanarConfiguration;Predictor;ResolutionUnit;RowsPerStrip;SampleFormat;SamplesPerPixel;StripByteCounts;StripOffsets;XResolution;YResolution,False,False,
NCI_Blebbistatin_5uM_02,gabor,data/in_line_gabor_hologram/NCI_Blebbistatin_5uM_02_gabor.tif,True,1,1024x1024,uint8,5,622838,2026-09-16T09:08:13+00:00,BitsPerSample;Compression;FillOrder;ImageLength;ImageWidth;NewSubfileType;Orientation;PhotometricInterpretation;PlanarConfiguration;Predictor;ResolutionUnit;RowsPerStrip;SampleFormat;SamplesPerPixel;StripByteCounts;StripOffsets;XResolution;YResolution,False,False,
NCI_Blebbistatin_5uM_02,phase,data/phase/NCI_Blebbistatin_5uM_02_phase.bin,True,,900x900,float32,,3240023,,,,,0.2848713904768374/0.21199439004249143
NCI_Blebbistatin_5uM_03,off_axis,data/off_axis_hologram/NCI_Blebbistatin_5uM_03_holo.tif,True,1,1024x1024,uint8,5,1249548,2026-09-16T09:09:50+00:00,BitsPerSample;Compression;FillOrder;ImageLength;ImageWidth;NewSubfileType;Orientation;PhotometricInterpretation;PlanarConfiguration;Predictor;ResolutionUnit;RowsPerStrip;SampleFormat;SamplesPerPixel;StripByteCounts;StripOffsets;XResolution;YResolution,False,False,
NCI_Blebbistatin_5uM_03,gabor,data/in_line_gabor_hologram/NCI_Blebbistatin_5uM_03_gabor.tif,True,1,1024x1024,uint8,5,584094,2026-09-16T09:08:13+00:00,BitsPerSample;Compression;FillOrder;ImageLength;ImageWidth;NewSubfileType;Orientation;PhotometricInterpretation;PlanarConfiguration;Predictor;ResolutionUnit;RowsPerStrip;SampleFormat;SamplesPerPixel;StripByteCounts;StripOffsets;XResolution;YResolution,False,False,
NCI_Blebbistatin_5uM_03,phase,data/phase/NCI_Blebbistatin_5uM_03_phase.bin,True,,900x900,float32,,3240023,,,,,0.2848713904768374/0.21199439004249143
NCI_Blebbistatin_5uM_04,off_axis,data/off_axis_hologram/NCI_Blebbistatin_5uM_04_holo.tif,True,1,1024x1024,uint8,5,1264276,2026-09-16T09:09:50+00:00,BitsPerSample;Compression;FillOrder;ImageLength;ImageWidth;NewSubfileType;Orientation;PhotometricInterpretation;PlanarConfiguration;Predictor;ResolutionUnit;RowsPerStrip;SampleFormat;SamplesPerPixel;StripByteCounts;StripOffsets;XResolution;YResolution,False,False,
NCI_Blebbistatin_5uM_04,gabor,data/in_line_gabor_hologram/NCI_Blebbistatin_5uM_04_gabor.tif,True,1,1024x1024,uint8,5,641528,2026-09-16T09:08:13+00:00,BitsPerSample;Compression;FillOrder;ImageLength;ImageWidth;NewSubfileType;Orientation;PhotometricInterpretation;PlanarConfiguration;Predictor;ResolutionUnit;RowsPerStrip;SampleFormat;SamplesPerPixel;StripByteCounts;StripOffsets;XResolution;YResolution,False,False,
NCI_Blebbistatin_5uM_04,phase,data/phase/NCI_Blebbistatin_5uM_04_phase.bin,True,,900x900,float32,,3240023,,,,,0.2848713904768374/0.21199439004249143
NCI_Blebbistatin_5uM_05,off_axis,data/off_axis_hologram/NCI_Blebbistatin_5uM_05_holo.tif,True,1,1024x1024,uint8,5,1246674,2026-09-16T09:09:50+00:00,BitsPerSample;Compression;FillOrder;ImageLength;ImageWidth;NewSubfileType;Orientation;PhotometricInterpretation;PlanarConfiguration;Predictor;ResolutionUnit;RowsPerStrip;SampleFormat;SamplesPerPixel;StripByteCounts;StripOffsets;XResolution;YResolution,False,False,
NCI_Blebbistatin_5uM_05,gabor,data/in_line_gabor_hologram/NCI_Blebbistatin_5uM_05_gabor.tif,True,1,1024x1024,uint8,5,622066,2026-09-16T09:08:13+00:00,BitsPerSample;Compression;FillOrder;ImageLength;ImageWidth;NewSubfileType;Orientation;PhotometricInterpretation;PlanarConfiguration;Predictor;ResolutionUnit;RowsPerStrip;SampleFormat;SamplesPerPixel;StripByteCounts;StripOffsets;XResolution;YResolution,False,False,
NCI_Blebbistatin_5uM_05,phase,data/phase/NCI_Blebbistatin_5uM_05_phase.bin,True,,900x900,float32,,3240023,,,,,0.2848713904768374/0.21199439004249143
NCI_Blebbistatin_5uM_06,off_axis,data/off_axis_hologram/NCI_Blebbistatin_5uM_06_holo.tif,True,1,1024x1024,uint8,5,1268028,2026-09-16T09:09:50+00:00,BitsPerSample;Compression;FillOrder;ImageLength;ImageWidth;NewSubfileType;Orientation;PhotometricInterpretation;PlanarConfiguration;Predictor;ResolutionUnit;RowsPerStrip;SampleFormat;SamplesPerPixel;StripByteCounts;StripOffsets;XResolution;YResolution,False,False,
NCI_Blebbistatin_5uM_06,gabor,data/in_line_gabor_hologram/NCI_Blebbistatin_5uM_06_gabor.tif,True,1,1024x1024,uint8,5,635380,2026-09-16T09:08:13+00:00,BitsPerSample;Compression;FillOrder;ImageLength;ImageWidth;NewSubfileType;Orientation;PhotometricInterpretation;PlanarConfiguration;Predictor;ResolutionUnit;RowsPerStrip;SampleFormat;SamplesPerPixel;StripByteCounts;StripOffsets;XResolution;YResolution,False,False,
NCI_Blebbistatin_5uM_06,phase,data/phase/NCI_Blebbistatin_5uM_06_phase.bin,True,,900x900,float32,,3240023,,,,,0.2848713904768374/0.21199439004249143
NCI_Blebbistatin_5uM_07,off_axis,data/off_axis_hologram/NCI_Blebbistatin_5uM_07_holo.tif,True,1,1024x1024,uint8,5,1270908,2026-09-16T09:09:50+00:00,BitsPerSample;Compression;FillOrder;ImageLength;ImageWidth;NewSubfileType;Orientation;PhotometricInterpretation;PlanarConfiguration;Predictor;ResolutionUnit;RowsPerStrip;SampleFormat;SamplesPerPixel;StripByteCounts;StripOffsets;XResolution;YResolution,False,False,
NCI_Blebbistatin_5uM_07,gabor,data/in_line_gabor_hologram/NCI_Blebbistatin_5uM_07_gabor.tif,True,1,1024x1024,uint8,5,644964,2026-09-16T09:08:13+00:00,BitsPerSample;Compression;FillOrder;ImageLength;ImageWidth;NewSubfileType;Orientation;PhotometricInterpretation;PlanarConfiguration;Predictor;ResolutionUnit;RowsPerStrip;SampleFormat;SamplesPerPixel;StripByteCounts;StripOffsets;XResolution;YResolution,False,False,
NCI_Blebbistatin_5uM_07,phase,data/phase/NCI_Blebbistatin_5uM_07_phase.bin,True,,900x900,float32,,3240023,,,,,0.2848713904768374/0.21199439004249143
NCI_Blebbistatin_5uM_08,off_axis,data/off_axis_hologram/NCI_Blebbistatin_5uM_08_holo.tif,True,1,1024x1024,uint8,5,1282432,2026-09-16T09:09:50+00:00,BitsPerSample;Compression;FillOrder;ImageLength;ImageWidth;NewSubfileType;Orientation;PhotometricInterpretation;PlanarConfiguration;Predictor;ResolutionUnit;RowsPerStrip;SampleFormat;SamplesPerPixel;StripByteCounts;StripOffsets;XResolution;YResolution,False,False,
NCI_Blebbistatin_5uM_08,gabor,data/in_line_gabor_hologram/NCI_Blebbistatin_5uM_08_gabor.tif,True,1,1024x1024,uint8,5,680320,2026-09-16T09:08:13+00:00,BitsPerSample;Compression;FillOrder;ImageLength;ImageWidth;NewSubfileType;Orientation;PhotometricInterpretation;PlanarConfiguration;Predictor;ResolutionUnit;RowsPerStrip;SampleFormat;SamplesPerPixel;StripByteCounts;StripOffsets;XResolution;YResolution,False,False,
NCI_Blebbistatin_5uM_08,phase,data/phase/NCI_Blebbistatin_5uM_08_phase.bin,True,,900x900,float32,,3240023,,,,,0.2848713904768374/0.21199439004249143
NCI_Blebbistatin_5uM_09,off_axis,data/off_axis_hologram/NCI_Blebbistatin_5uM_09_holo.tif,True,1,1024x1024,uint8,5,1269900,2026-09-16T09:09:50+00:00,BitsPerSample;Compression;FillOrder;ImageLength;ImageWidth;NewSubfileType;Orientation;PhotometricInterpretation;PlanarConfiguration;Predictor;ResolutionUnit;RowsPerStrip;SampleFormat;SamplesPerPixel;StripByteCounts;StripOffsets;XResolution;YResolution,False,False,
NCI_Blebbistatin_5uM_09,gabor,data/in_line_gabor_hologram/NCI_Blebbistatin_5uM_09_gabor.tif,True,1,1024x1024,uint8,5,641032,2026-09-16T09:08:13+00:00,BitsPerSample;Compression;FillOrder;ImageLength;ImageWidth;NewSubfileType;Orientation;PhotometricInterpretation;PlanarConfiguration;Predictor;ResolutionUnit;RowsPerStrip;SampleFormat;SamplesPerPixel;StripByteCounts;StripOffsets;XResolution;YResolution,False,False,
NCI_Blebbistatin_5uM_09,phase,data/phase/NCI_Blebbistatin_5uM_09_phase.bin,True,,900x900,float32,,3240023,,,,,0.2848713904768374/0.21199439004249143
NCI_Blebbistatin_5uM_10,off_axis,data/off_axis_hologram/NCI_Blebbistatin_5uM_10_holo.tif,True,1,1024x1024,uint8,5,1275284,2026-09-16T09:09:50+00:00,BitsPerSample;Compression;FillOrder;ImageLength;ImageWidth;NewSubfileType;Orientation;PhotometricInterpretation;PlanarConfiguration;Predictor;ResolutionUnit;RowsPerStrip;SampleFormat;SamplesPerPixel;StripByteCounts;StripOffsets;XResolution;YResolution,False,False,
NCI_Blebbistatin_5uM_10,gabor,data/in_line_gabor_hologram/NCI_Blebbistatin_5uM_10_gabor.tif,True,1,1024x1024,uint8,5,655804,2026-09-16T09:08:13+00:00,BitsPerSample;Compression;FillOrder;ImageLength;ImageWidth;NewSubfileType;Orientation;PhotometricInterpretation;PlanarConfiguration;Predictor;ResolutionUnit;RowsPerStrip;SampleFormat;SamplesPerPixel;StripByteCounts;StripOffsets;XResolution;YResolution,False,False,
NCI_Blebbistatin_5uM_10,phase,data/phase/NCI_Blebbistatin_5uM_10_phase.bin,True,,900x900,float32,,3240023,,,,,0.2848713904768374/0.21199439004249143
NCI_Blebbistatin_5uM_11,off_axis,data/off_axis_hologram/NCI_Blebbistatin_5uM_11_holo.tif,True,1,1024x1024,uint8,5,356310,2026-09-16T09:09:50+00:00,BitsPerSample;Compression;FillOrder;ImageLength;ImageWidth;NewSubfileType;Orientation;PhotometricInterpretation;PlanarConfiguration;Predictor;ResolutionUnit;RowsPerStrip;SampleFormat;SamplesPerPixel;StripByteCounts;StripOffsets;XResolution;YResolution,False,False,
NCI_Blebbistatin_5uM_11,gabor,data/in_line_gabor_hologram/NCI_Blebbistatin_5uM_11_gabor.tif,True,1,1024x1024,uint8,5,606556,2026-09-16T09:08:13+00:00,BitsPerSample;Compression;FillOrder;ImageLength;ImageWidth;NewSubfileType;Orientation;PhotometricInterpretation;PlanarConfiguration;Predictor;ResolutionUnit;RowsPerStrip;SampleFormat;SamplesPerPixel;StripByteCounts;StripOffsets;XResolution;YResolution,False,False,
NCI_Blebbistatin_5uM_11,phase,data/phase/NCI_Blebbistatin_5uM_11_phase.bin,True,,900x900,float32,,3240023,,,,,0.2848713904768374/0.21199439004249143
NCI_Blebbistatin_5uM_12,off_axis,data/off_axis_hologram/NCI_Blebbistatin_5uM_12_holo.tif,True,1,1024x1024,uint8,5,1269858,2026-09-16T09:09:50+00:00,BitsPerSample;Compression;FillOrder;ImageLength;ImageWidth;NewSubfileType;Orientation;PhotometricInterpretation;PlanarConfiguration;Predictor;ResolutionUnit;RowsPerStrip;SampleFormat;SamplesPerPixel;StripByteCounts;StripOffsets;XResolution;YResolution,False,False,
NCI_Blebbistatin_5uM_12,gabor,data/in_line_gabor_hologram/NCI_Blebbistatin_5uM_12_gabor.tif,True,1,1024x1024,uint8,5,656868,2026-09-16T09:08:13+00:00,BitsPerSample;Compression;FillOrder;ImageLength;ImageWidth;NewSubfileType;Orientation;PhotometricInterpretation;PlanarConfiguration;Predictor;ResolutionUnit;RowsPerStrip;SampleFormat;SamplesPerPixel;StripByteCounts;StripOffsets;XResolution;YResolution,False,False,
NCI_Blebbistatin_5uM_12,phase,data/phase/NCI_Blebbistatin_5uM_12_phase.bin,True,,900x900,float32,,3240023,,,,,0.2848713904768374/0.21199439004249143
NCI_Blebbistatin_5uM_13,off_axis,data/off_axis_hologram/NCI_Blebbistatin_5uM_13_holo.tif,True,1,1024x1024,uint8,5,1249212,2026-09-16T09:09:50+00:00,BitsPerSample;Compression;FillOrder;ImageLength;ImageWidth;NewSubfileType;Orientation;PhotometricInterpretation;PlanarConfiguration;Predictor;ResolutionUnit;RowsPerStrip;SampleFormat;SamplesPerPixel;StripByteCounts;StripOffsets;XResolution;YResolution,False,False,
NCI_Blebbistatin_5uM_13,gabor,data/in_line_gabor_hologram/NCI_Blebbistatin_5uM_13_gabor.tif,True,1,1024x1024,uint8,5,598328,2026-09-16T09:08:13+00:00,BitsPerSample;Compression;FillOrder;ImageLength;ImageWidth;NewSubfileType;Orientation;PhotometricInterpretation;PlanarConfiguration;Predictor;ResolutionUnit;RowsPerStrip;SampleFormat;SamplesPerPixel;StripByteCounts;StripOffsets;XResolution;YResolution,False,False,
NCI_Blebbistatin_5uM_13,phase,data/phase/NCI_Blebbistatin_5uM_13_phase.bin,True,,900x900,float32,,3240023,,,,,0.2848713904768374/0.21199439004249143
NCI_Blebbistatin_5uM_14,off_axis,data/off_axis_hologram/NCI_Blebbistatin_5uM_14_holo.tif,True,1,1024x1024,uint8,5,1244862,2026-09-16T09:09:50+00:00,BitsPerSample;Compression;FillOrder;ImageLength;ImageWidth;NewSubfileType;Orientation;PhotometricInterpretation;PlanarConfiguration;Predictor;ResolutionUnit;RowsPerStrip;SampleFormat;SamplesPerPixel;StripByteCounts;StripOffsets;XResolution;YResolution,False,False,
NCI_Blebbistatin_5uM_14,gabor,data/in_line_gabor_hologram/NCI_Blebbistatin_5uM_14_gabor.tif,True,1,1024x1024,uint8,5,586268,2026-09-16T09:08:13+00:00,BitsPerSample;Compression;FillOrder;ImageLength;ImageWidth;NewSubfileType;Orientation;PhotometricInterpretation;PlanarConfiguration;Predictor;ResolutionUnit;RowsPerStrip;SampleFormat;SamplesPerPixel;StripByteCounts;StripOffsets;XResolution;YResolution,False,False,
NCI_Blebbistatin_5uM_14,phase,data/phase/NCI_Blebbistatin_5uM_14_phase.bin,True,,900x900,float32,,3240023,,,,,0.2848713904768374/0.21199439004249143
NCI_Blebbistatin_5uM_15,off_axis,data/off_axis_hologram/NCI_Blebbistatin_5uM_15_holo.tif,True,1,1024x1024,uint8,5,1227428,2026-09-16T09:09:50+00:00,BitsPerSample;Compression;FillOrder;ImageLength;ImageWidth;NewSubfileType;Orientation;PhotometricInterpretation;PlanarConfiguration;Predictor;ResolutionUnit;RowsPerStrip;SampleFormat;SamplesPerPixel;StripByteCounts;StripOffsets;XResolution;YResolution,False,False,
NCI_Blebbistatin_5uM_15,gabor,data/in_line_gabor_hologram/NCI_Blebbistatin_5uM_15_gabor.tif,True,1,1024x1024,uint8,5,610366,2026-09-16T09:08:13+00:00,BitsPerSample;Compression;FillOrder;ImageLength;ImageWidth;NewSubfileType;Orientation;PhotometricInterpretation;PlanarConfiguration;Predictor;ResolutionUnit;RowsPerStrip;SampleFormat;SamplesPerPixel;StripByteCounts;StripOffsets;XResolution;YResolution,False,False,
NCI_Blebbistatin_5uM_15,phase,data/phase/NCI_Blebbistatin_5uM_15_phase.bin,True,,900x900,float32,,3240023,,,,,0.2848713904768374/0.21199439004249143
NCI_Blebbistatin_5uM_16,off_axis,data/off_axis_hologram/NCI_Blebbistatin_5uM_16_holo.tif,True,1,1024x1024,uint8,5,1259478,2026-09-16T09:09:50+00:00,BitsPerSample;Compression;FillOrder;ImageLength;ImageWidth;NewSubfileType;Orientation;PhotometricInterpretation;PlanarConfiguration;Predictor;ResolutionUnit;RowsPerStrip;SampleFormat;SamplesPerPixel;StripByteCounts;StripOffsets;XResolution;YResolution,False,False,
NCI_Blebbistatin_5uM_16,gabor,data/in_line_gabor_hologram/NCI_Blebbistatin_5uM_16_gabor.tif,True,1,1024x1024,uint8,5,628806,2026-09-16T09:08:13+00:00,BitsPerSample;Compression;FillOrder;ImageLength;ImageWidth;NewSubfileType;Orientation;PhotometricInterpretation;PlanarConfiguration;Predictor;ResolutionUnit;RowsPerStrip;SampleFormat;SamplesPerPixel;StripByteCounts;StripOffsets;XResolution;YResolution,False,False,
NCI_Blebbistatin_5uM_16,phase,data/phase/NCI_Blebbistatin_5uM_16_phase.bin,True,,900x900,float32,,3240023,,,,,0.2848713904768374/0.21199439004249143
NCI_Blebbistatin_5uM_17,off_axis,data/off_axis_hologram/NCI_Blebbistatin_5uM_17_holo.tif,True,1,1024x1024,uint8,5,1203186,2026-09-16T09:09:50+00:00,BitsPerSample;Compression;FillOrder;ImageLength;ImageWidth;NewSubfileType;Orientation;PhotometricInterpretation;PlanarConfiguration;Predictor;ResolutionUnit;RowsPerStrip;SampleFormat;SamplesPerPixel;StripByteCounts;StripOffsets;XResolution;YResolution,False,False,
NCI_Blebbistatin_5uM_17,gabor,data/in_line_gabor_hologram/NCI_Blebbistatin_5uM_17_gabor.tif,True,1,1024x1024,uint8,5,554756,2026-09-16T09:08:13+00:00,BitsPerSample;Compression;FillOrder;ImageLength;ImageWidth;NewSubfileType;Orientation;PhotometricInterpretation;PlanarConfiguration;Predictor;ResolutionUnit;RowsPerStrip;SampleFormat;SamplesPerPixel;StripByteCounts;StripOffsets;XResolution;YResolution,False,False,
NCI_Blebbistatin_5uM_17,phase,data/phase/NCI_Blebbistatin_5uM_17_phase.bin,True,,900x900,float32,,3240023,,,,,0.2848713904768374/0.21199439004249143
NCI_Blebbistatin_5uM_18,off_axis,data/off_axis_hologram/NCI_Blebbistatin_5uM_18_holo.tif,True,1,1024x1024,uint8,5,1234002,2026-09-16T09:09:50+00:00,BitsPerSample;Compression;FillOrder;ImageLength;ImageWidth;NewSubfileType;Orientation;PhotometricInterpretation;PlanarConfiguration;Predictor;ResolutionUnit;RowsPerStrip;SampleFormat;SamplesPerPixel;StripByteCounts;StripOffsets;XResolution;YResolution,False,False,
NCI_Blebbistatin_5uM_18,gabor,data/in_line_gabor_hologram/NCI_Blebbistatin_5uM_18_gabor.tif,True,1,1024x1024,uint8,5,554102,2026-09-16T09:08:13+00:00,BitsPerSample;Compression;FillOrder;ImageLength;ImageWidth;NewSubfileType;Orientation;PhotometricInterpretation;PlanarConfiguration;Predictor;ResolutionUnit;RowsPerStrip;SampleFormat;SamplesPerPixel;StripByteCounts;StripOffsets;XResolution;YResolution,False,False,
NCI_Blebbistatin_5uM_18,phase,data/phase/NCI_Blebbistatin_5uM_18_phase.bin,True,,900x900,float32,,3240023,,,,,0.2848713904768374/0.21199439004249143
NCI_Blebbistatin_5uM_19,off_axis,data/off_axis_hologram/NCI_Blebbistatin_5uM_19_holo.tif,True,1,1024x1024,uint8,5,1234304,2026-09-16T09:09:50+00:00,BitsPerSample;Compression;FillOrder;ImageLength;ImageWidth;NewSubfileType;Orientation;PhotometricInterpretation;PlanarConfiguration;Predictor;ResolutionUnit;RowsPerStrip;SampleFormat;SamplesPerPixel;StripByteCounts;StripOffsets;XResolution;YResolution,False,False,
NCI_Blebbistatin_5uM_19,gabor,data/in_line_gabor_hologram/NCI_Blebbistatin_5uM_19_gabor.tif,True,1,1024x1024,uint8,5,565426,2026-09-16T09:08:13+00:00,BitsPerSample;Compression;FillOrder;ImageLength;ImageWidth;NewSubfileType;Orientation;PhotometricInterpretation;PlanarConfiguration;Predictor;ResolutionUnit;RowsPerStrip;SampleFormat;SamplesPerPixel;StripByteCounts;StripOffsets;XResolution;YResolution,False,False,
NCI_Blebbistatin_5uM_19,phase,data/phase/NCI_Blebbistatin_5uM_19_phase.bin,True,,900x900,float32,,3240023,,,,,0.2848713904768374/0.21199439004249143
NCI_Blebbistatin_5uM_20,off_axis,data/off_axis_hologram/NCI_Blebbistatin_5uM_20_holo.tif,True,1,1024x1024,uint8,5,1206618,2026-09-16T09:09:50+00:00,BitsPerSample;Compression;FillOrder;ImageLength;ImageWidth;NewSubfileType;Orientation;PhotometricInterpretation;PlanarConfiguration;Predictor;ResolutionUnit;RowsPerStrip;SampleFormat;SamplesPerPixel;StripByteCounts;StripOffsets;XResolution;YResolution,False,False,
NCI_Blebbistatin_5uM_20,gabor,data/in_line_gabor_hologram/NCI_Blebbistatin_5uM_20_gabor.tif,True,1,1024x1024,uint8,5,562816,2026-09-16T09:08:13+00:00,BitsPerSample;Compression;FillOrder;ImageLength;ImageWidth;NewSubfileType;Orientation;PhotometricInterpretation;PlanarConfiguration;Predictor;ResolutionUnit;RowsPerStrip;SampleFormat;SamplesPerPixel;StripByteCounts;StripOffsets;XResolution;YResolution,False,False,
NCI_Blebbistatin_5uM_20,phase,data/phase/NCI_Blebbistatin_5uM_20_phase.bin,True,,900x900,float32,,3240023,,,,,0.2848713904768374/0.21199439004249143
NCI_Blebbistatin_5uM_21,off_axis,data/off_axis_hologram/NCI_Blebbistatin_5uM_21_holo.tif,True,1,1024x1024,uint8,5,1241460,2026-09-16T09:09:50+00:00,BitsPerSample;Compression;FillOrder;ImageLength;ImageWidth;NewSubfileType;Orientation;PhotometricInterpretation;PlanarConfiguration;Predictor;ResolutionUnit;RowsPerStrip;SampleFormat;SamplesPerPixel;StripByteCounts;StripOffsets;XResolution;YResolution,False,False,
NCI_Blebbistatin_5uM_21,gabor,data/in_line_gabor_hologram/NCI_Blebbistatin_5uM_21_gabor.tif,True,1,1024x1024,uint8,5,586922,2026-09-16T09:08:13+00:00,BitsPerSample;Compression;FillOrder;ImageLength;ImageWidth;NewSubfileType;Orientation;PhotometricInterpretation;PlanarConfiguration;Predictor;ResolutionUnit;RowsPerStrip;SampleFormat;SamplesPerPixel;StripByteCounts;StripOffsets;XResolution;YResolution,False,False,
NCI_Blebbistatin_5uM_21,phase,data/phase/NCI_Blebbistatin_5uM_21_phase.bin,True,,900x900,float32,,3240023,,,,,0.2848713904768374/0.21199439004249143
NCI_Blebbistatin_5uM_22,off_axis,data/off_axis_hologram/NCI_Blebbistatin_5uM_22_holo.tif,True,1,1024x1024,uint8,5,1231764,2026-09-16T09:09:50+00:00,BitsPerSample;Compression;FillOrder;ImageLength;ImageWidth;NewSubfileType;Orientation;PhotometricInterpretation;PlanarConfiguration;Predictor;ResolutionUnit;RowsPerStrip;SampleFormat;SamplesPerPixel;StripByteCounts;StripOffsets;XResolution;YResolution,False,False,
NCI_Blebbistatin_5uM_22,gabor,data/in_line_gabor_hologram/NCI_Blebbistatin_5uM_22_gabor.tif,True,1,1024x1024,uint8,5,556100,2026-09-16T09:08:13+00:00,BitsPerSample;Compression;FillOrder;ImageLength;ImageWidth;NewSubfileType;Orientation;PhotometricInterpretation;PlanarConfiguration;Predictor;ResolutionUnit;RowsPerStrip;SampleFormat;SamplesPerPixel;StripByteCounts;StripOffsets;XResolution;YResolution,False,False,
NCI_Blebbistatin_5uM_22,phase,data/phase/NCI_Blebbistatin_5uM_22_phase.bin,True,,900x900,float32,,3240023,,,,,0.2848713904768374/0.21199439004249143
NCI_Blebbistatin_5uM_23,off_axis,data/off_axis_hologram/NCI_Blebbistatin_5uM_23_holo.tif,True,1,1024x1024,uint8,5,1246082,2026-09-16T09:09:50+00:00,BitsPerSample;Compression;FillOrder;ImageLength;ImageWidth;NewSubfileType;Orientation;PhotometricInterpretation;PlanarConfiguration;Predictor;ResolutionUnit;RowsPerStrip;SampleFormat;SamplesPerPixel;StripByteCounts;StripOffsets;XResolution;YResolution,False,False,
NCI_Blebbistatin_5uM_23,gabor,data/in_line_gabor_hologram/NCI_Blebbistatin_5uM_23_gabor.tif,True,1,1024x1024,uint8,5,590124,2026-09-16T09:08:13+00:00,BitsPerSample;Compression;FillOrder;ImageLength;ImageWidth;NewSubfileType;Orientation;PhotometricInterpretation;PlanarConfiguration;Predictor;ResolutionUnit;RowsPerStrip;SampleFormat;SamplesPerPixel;StripByteCounts;StripOffsets;XResolution;YResolution,False,False,
NCI_Blebbistatin_5uM_23,phase,data/phase/NCI_Blebbistatin_5uM_23_phase.bin,True,,900x900,float32,,3240023,,,,,0.2848713904768374/0.21199439004249143
NCI_Blebbistatin_5uM_24,off_axis,data/off_axis_hologram/NCI_Blebbistatin_5uM_24_holo.tif,True,1,1024x1024,uint8,5,1246642,2026-09-16T09:09:50+00:00,BitsPerSample;Compression;FillOrder;ImageLength;ImageWidth;NewSubfileType;Orientation;PhotometricInterpretation;PlanarConfiguration;Predictor;ResolutionUnit;RowsPerStrip;SampleFormat;SamplesPerPixel;StripByteCounts;StripOffsets;XResolution;YResolution,False,False,
NCI_Blebbistatin_5uM_24,gabor,data/in_line_gabor_hologram/NCI_Blebbistatin_5uM_24_gabor.tif,True,1,1024x1024,uint8,5,601522,2026-09-16T09:08:13+00:00,BitsPerSample;Compression;FillOrder;ImageLength;ImageWidth;NewSubfileType;Orientation;PhotometricInterpretation;PlanarConfiguration;Predictor;ResolutionUnit;RowsPerStrip;SampleFormat;SamplesPerPixel;StripByteCounts;StripOffsets;XResolution;YResolution,False,False,
NCI_Blebbistatin_5uM_24,phase,data/phase/NCI_Blebbistatin_5uM_24_phase.bin,True,,900x900,float32,,3240023,,,,,0.2848713904768374/0.21199439004249143
NCI_Blebbistatin_5uM_25,off_axis,data/off_axis_hologram/NCI_Blebbistatin_5uM_25_holo.tif,True,1,1024x1024,uint8,5,1235128,2026-09-16T09:09:50+00:00,BitsPerSample;Compression;FillOrder;ImageLength;ImageWidth;NewSubfileType;Orientation;PhotometricInterpretation;PlanarConfiguration;Predictor;ResolutionUnit;RowsPerStrip;SampleFormat;SamplesPerPixel;StripByteCounts;StripOffsets;XResolution;YResolution,False,False,
NCI_Blebbistatin_5uM_25,gabor,data/in_line_gabor_hologram/NCI_Blebbistatin_5uM_25_gabor.tif,True,1,1024x1024,uint8,5,562922,2026-09-16T09:08:13+00:00,BitsPerSample;Compression;FillOrder;ImageLength;ImageWidth;NewSubfileType;Orientation;PhotometricInterpretation;PlanarConfiguration;Predictor;ResolutionUnit;RowsPerStrip;SampleFormat;SamplesPerPixel;StripByteCounts;StripOffsets;XResolution;YResolution,False,False,
NCI_Blebbistatin_5uM_25,phase,data/phase/NCI_Blebbistatin_5uM_25_phase.bin,True,,900x900,float32,,3240023,,,,,0.2848713904768374/0.21199439004249143
NCI_Blebbistatin_5uM_26,off_axis,data/off_axis_hologram/NCI_Blebbistatin_5uM_26_holo.tif,True,1,1024x1024,uint8,5,1243966,2026-09-16T09:09:50+00:00,BitsPerSample;Compression;FillOrder;ImageLength;ImageWidth;NewSubfileType;Orientation;PhotometricInterpretation;PlanarConfiguration;Predictor;ResolutionUnit;RowsPerStrip;SampleFormat;SamplesPerPixel;StripByteCounts;StripOffsets;XResolution;YResolution,False,False,
NCI_Blebbistatin_5uM_26,gabor,data/in_line_gabor_hologram/NCI_Blebbistatin_5uM_26_gabor.tif,True,1,1024x1024,uint8,5,584660,2026-09-16T09:08:13+00:00,BitsPerSample;Compression;FillOrder;ImageLength;ImageWidth;NewSubfileType;Orientation;PhotometricInterpretation;PlanarConfiguration;Predictor;ResolutionUnit;RowsPerStrip;SampleFormat;SamplesPerPixel;StripByteCounts;StripOffsets;XResolution;YResolution,False,False,
NCI_Blebbistatin_5uM_26,phase,data/phase/NCI_Blebbistatin_5uM_26_phase.bin,True,,900x900,float32,,3240023,,,,,0.2848713904768374/0.21199439004249143
NCI_Blebbistatin_5uM_27,off_axis,data/off_axis_hologram/NCI_Blebbistatin_5uM_27_holo.tif,True,1,1024x1024,uint8,5,1233630,2026-09-16T09:09:50+00:00,BitsPerSample;Compression;FillOrder;ImageLength;ImageWidth;NewSubfileType;Orientation;PhotometricInterpretation;PlanarConfiguration;Predictor;ResolutionUnit;RowsPerStrip;SampleFormat;SamplesPerPixel;StripByteCounts;StripOffsets;XResolution;YResolution,False,False,
NCI_Blebbistatin_5uM_27,gabor,data/in_line_gabor_hologram/NCI_Blebbistatin_5uM_27_gabor.tif,True,1,1024x1024,uint8,5,549602,2026-09-16T09:08:13+00:00,BitsPerSample;Compression;FillOrder;ImageLength;ImageWidth;NewSubfileType;Orientation;PhotometricInterpretation;PlanarConfiguration;Predictor;ResolutionUnit;RowsPerStrip;SampleFormat;SamplesPerPixel;StripByteCounts;StripOffsets;XResolution;YResolution,False,False,
NCI_Blebbistatin_5uM_27,phase,data/phase/NCI_Blebbistatin_5uM_27_phase.bin,True,,900x900,float32,,3240023,,,,,0.2848713904768374/0.21199439004249143
NCI_Blebbistatin_5uM_28,off_axis,data/off_axis_hologram/NCI_Blebbistatin_5uM_28_holo.tif,True,1,1024x1024,uint8,5,1233542,2026-09-16T09:09:50+00:00,BitsPerSample;Compression;FillOrder;ImageLength;ImageWidth;NewSubfileType;Orientation;PhotometricInterpretation;PlanarConfiguration;Predictor;ResolutionUnit;RowsPerStrip;SampleFormat;SamplesPerPixel;StripByteCounts;StripOffsets;XResolution;YResolution,False,False,
NCI_Blebbistatin_5uM_28,gabor,data/in_line_gabor_hologram/NCI_Blebbistatin_5uM_28_gabor.tif,True,1,1024x1024,uint8,5,552622,2026-09-16T09:08:13+00:00,BitsPerSample;Compression;FillOrder;ImageLength;ImageWidth;NewSubfileType;Orientation;PhotometricInterpretation;PlanarConfiguration;Predictor;ResolutionUnit;RowsPerStrip;SampleFormat;SamplesPerPixel;StripByteCounts;StripOffsets;XResolution;YResolution,False,False,
NCI_Blebbistatin_5uM_28,phase,data/phase/NCI_Blebbistatin_5uM_28_phase.bin,True,,900x900,float32,,3240023,,,,,0.2848713904768374/0.21199439004249143
NCI_Blebbistatin_5uM_29,off_axis,data/off_axis_hologram/NCI_Blebbistatin_5uM_29_holo.tif,True,1,1024x1024,uint8,5,1240228,2026-09-16T09:09:50+00:00,BitsPerSample;Compression;FillOrder;ImageLength;ImageWidth;NewSubfileType;Orientation;PhotometricInterpretation;PlanarConfiguration;Predictor;ResolutionUnit;RowsPerStrip;SampleFormat;SamplesPerPixel;StripByteCounts;StripOffsets;XResolution;YResolution,False,False,
NCI_Blebbistatin_5uM_29,gabor,data/in_line_gabor_hologram/NCI_Blebbistatin_5uM_29_gabor.tif,True,1,1024x1024,uint8,5,566538,2026-09-16T09:08:13+00:00,BitsPerSample;Compression;FillOrder;ImageLength;ImageWidth;NewSubfileType;Orientation;PhotometricInterpretation;PlanarConfiguration;Predictor;ResolutionUnit;RowsPerStrip;SampleFormat;SamplesPerPixel;StripByteCounts;StripOffsets;XResolution;YResolution,False,False,
NCI_Blebbistatin_5uM_29,phase,data/phase/NCI_Blebbistatin_5uM_29_phase.bin,True,,900x900,float32,,3240023,,,,,0.2848713904768374/0.21199439004249143
NCI_Blebbistatin_5uM_30,off_axis,data/off_axis_hologram/NCI_Blebbistatin_5uM_30_holo.tif,True,1,1024x1024,uint8,5,1232706,2026-09-16T09:09:50+00:00,BitsPerSample;Compression;FillOrder;ImageLength;ImageWidth;NewSubfileType;Orientation;PhotometricInterpretation;PlanarConfiguration;Predictor;ResolutionUnit;RowsPerStrip;SampleFormat;SamplesPerPixel;StripByteCounts;StripOffsets;XResolution;YResolution,False,False,
NCI_Blebbistatin_5uM_30,gabor,data/in_line_gabor_hologram/NCI_Blebbistatin_5uM_30_gabor.tif,True,1,1024x1024,uint8,5,543798,2026-09-16T09:08:13+00:00,BitsPerSample;Compression;FillOrder;ImageLength;ImageWidth;NewSubfileType;Orientation;PhotometricInterpretation;PlanarConfiguration;Predictor;ResolutionUnit;RowsPerStrip;SampleFormat;SamplesPerPixel;StripByteCounts;StripOffsets;XResolution;YResolution,False,False,
NCI_Blebbistatin_5uM_30,phase,data/phase/NCI_Blebbistatin_5uM_30_phase.bin,True,,900x900,float32,,3240023,,,,,0.2848713904768374/0.21199439004249143
NCI_Blebbistatin_5uM_31,off_axis,data/off_axis_hologram/NCI_Blebbistatin_5uM_31_holo.tif,True,1,1024x1024,uint8,5,1235388,2026-09-16T09:09:50+00:00,BitsPerSample;Compression;FillOrder;ImageLength;ImageWidth;NewSubfileType;Orientation;PhotometricInterpretation;PlanarConfiguration;Predictor;ResolutionUnit;RowsPerStrip;SampleFormat;SamplesPerPixel;StripByteCounts;StripOffsets;XResolution;YResolution,False,False,
NCI_Blebbistatin_5uM_31,gabor,data/in_line_gabor_hologram/NCI_Blebbistatin_5uM_31_gabor.tif,True,1,1024x1024,uint8,5,548018,2026-09-16T09:08:13+00:00,BitsPerSample;Compression;FillOrder;ImageLength;ImageWidth;NewSubfileType;Orientation;PhotometricInterpretation;PlanarConfiguration;Predictor;ResolutionUnit;RowsPerStrip;SampleFormat;SamplesPerPixel;StripByteCounts;StripOffsets;XResolution;YResolution,False,False,
NCI_Blebbistatin_5uM_31,phase,data/phase/NCI_Blebbistatin_5uM_31_phase.bin,True,,900x900,float32,,3240023,,,,,0.2848713904768374/0.21199439004249143
NCI_Blebbistatin_5uM_32,off_axis,data/off_axis_hologram/NCI_Blebbistatin_5uM_32_holo.tif,True,1,1024x1024,uint8,5,1233246,2026-09-16T09:09:50+00:00,BitsPerSample;Compression;FillOrder;ImageLength;ImageWidth;NewSubfileType;Orientation;PhotometricInterpretation;PlanarConfiguration;Predictor;ResolutionUnit;RowsPerStrip;SampleFormat;SamplesPerPixel;StripByteCounts;StripOffsets;XResolution;YResolution,False,False,
NCI_Blebbistatin_5uM_32,gabor,data/in_line_gabor_hologram/NCI_Blebbistatin_5uM_32_gabor.tif,True,1,1024x1024,uint8,5,535952,2026-09-16T09:08:13+00:00,BitsPerSample;Compression;FillOrder;ImageLength;ImageWidth;NewSubfileType;Orientation;PhotometricInterpretation;PlanarConfiguration;Predictor;ResolutionUnit;RowsPerStrip;SampleFormat;SamplesPerPixel;StripByteCounts;StripOffsets;XResolution;YResolution,False,False,
NCI_Blebbistatin_5uM_32,phase,data/phase/NCI_Blebbistatin_5uM_32_phase.bin,True,,900x900,float32,,3240023,,,,,0.2848713904768374/0.21199439004249143
NCI_Blebbistatin_5uM_33,off_axis,data/off_axis_hologram/NCI_Blebbistatin_5uM_33_holo.tif,True,1,1024x1024,uint8,5,1233250,2026-09-16T09:09:50+00:00,BitsPerSample;Compression;FillOrder;ImageLength;ImageWidth;NewSubfileType;Orientation;PhotometricInterpretation;PlanarConfiguration;Predictor;ResolutionUnit;RowsPerStrip;SampleFormat;SamplesPerPixel;StripByteCounts;StripOffsets;XResolution;YResolution,False,False,
NCI_Blebbistatin_5uM_33,gabor,data/in_line_gabor_hologram/NCI_Blebbistatin_5uM_33_gabor.tif,True,1,1024x1024,uint8,5,547264,2026-09-16T09:08:13+00:00,BitsPerSample;Compression;FillOrder;ImageLength;ImageWidth;NewSubfileType;Orientation;PhotometricInterpretation;PlanarConfiguration;Predictor;ResolutionUnit;RowsPerStrip;SampleFormat;SamplesPerPixel;StripByteCounts;StripOffsets;XResolution;YResolution,False,False,
NCI_Blebbistatin_5uM_33,phase,data/phase/NCI_Blebbistatin_5uM_33_phase.bin,True,,900x900,float32,,3240023,,,,,0.2848713904768374/0.21199439004249143
NCI_Blebbistatin_5uM_34,off_axis,data/off_axis_hologram/NCI_Blebbistatin_5uM_34_holo.tif,True,1,1024x1024,uint8,5,1235918,2026-09-16T09:09:50+00:00,BitsPerSample;Compression;FillOrder;ImageLength;ImageWidth;NewSubfileType;Orientation;PhotometricInterpretation;PlanarConfiguration;Predictor;ResolutionUnit;RowsPerStrip;SampleFormat;SamplesPerPixel;StripByteCounts;StripOffsets;XResolution;YResolution,False,False,
NCI_Blebbistatin_5uM_34,gabor,data/in_line_gabor_hologram/NCI_Blebbistatin_5uM_34_gabor.tif,True,1,1024x1024,uint8,5,563280,2026-09-16T09:08:13+00:00,BitsPerSample;Compression;FillOrder;ImageLength;ImageWidth;NewSubfileType;Orientation;PhotometricInterpretation;PlanarConfiguration;Predictor;ResolutionUnit;RowsPerStrip;SampleFormat;SamplesPerPixel;StripByteCounts;StripOffsets;XResolution;YResolution,False,False,
NCI_Blebbistatin_5uM_34,phase,data/phase/NCI_Blebbistatin_5uM_34_phase.bin,True,,900x900,float32,,3240023,,,,,0.2848713904768374/0.21199439004249143
NCI_Blebbistatin_5uM_35,off_axis,data/off_axis_hologram/NCI_Blebbistatin_5uM_35_holo.tif,True,1,1024x1024,uint8,5,1232602,2026-09-16T09:09:50+00:00,BitsPerSample;Compression;FillOrder;ImageLength;ImageWidth;NewSubfileType;Orientation;PhotometricInterpretation;PlanarConfiguration;Predictor;ResolutionUnit;RowsPerStrip;SampleFormat;SamplesPerPixel;StripByteCounts;StripOffsets;XResolution;YResolution,False,False,
NCI_Blebbistatin_5uM_35,gabor,data/in_line_gabor_hologram/NCI_Blebbistatin_5uM_35_gabor.tif,True,1,1024x1024,uint8,5,567026,2026-09-16T09:08:13+00:00,BitsPerSample;Compression;FillOrder;ImageLength;ImageWidth;NewSubfileType;Orientation;PhotometricInterpretation;PlanarConfiguration;Predictor;ResolutionUnit;RowsPerStrip;SampleFormat;SamplesPerPixel;StripByteCounts;StripOffsets;XResolution;YResolution,False,False,
NCI_Blebbistatin_5uM_35,phase,data/phase/NCI_Blebbistatin_5uM_35_phase.bin,True,,900x900,float32,,3240023,,,,,0.2848713904768374/0.21199439004249143
NCI_Blebbistatin_5uM_36,off_axis,data/off_axis_hologram/NCI_Blebbistatin_5uM_36_holo.tif,True,1,1024x1024,uint8,5,326182,2026-09-16T09:09:50+00:00,BitsPerSample;Compression;FillOrder;ImageLength;ImageWidth;NewSubfileType;Orientation;PhotometricInterpretation;PlanarConfiguration;Predictor;ResolutionUnit;RowsPerStrip;SampleFormat;SamplesPerPixel;StripByteCounts;StripOffsets;XResolution;YResolution,False,False,
NCI_Blebbistatin_5uM_36,gabor,data/in_line_gabor_hologram/NCI_Blebbistatin_5uM_36_gabor.tif,True,1,1024x1024,uint8,5,566650,2026-09-16T09:08:13+00:00,BitsPerSample;Compression;FillOrder;ImageLength;ImageWidth;NewSubfileType;Orientation;PhotometricInterpretation;PlanarConfiguration;Predictor;ResolutionUnit;RowsPerStrip;SampleFormat;SamplesPerPixel;StripByteCounts;StripOffsets;XResolution;YResolution,False,False,
NCI_Blebbistatin_5uM_36,phase,data/phase/NCI_Blebbistatin_5uM_36_phase.bin,True,,900x900,float32,,3240023,,,,,0.2848713904768374/0.21199439004249143
NCI_Blebbistatin_5uM_37,off_axis,data/off_axis_hologram/NCI_Blebbistatin_5uM_37_holo.tif,True,1,1024x1024,uint8,5,1231408,2026-09-16T09:09:50+00:00,BitsPerSample;Compression;FillOrder;ImageLength;ImageWidth;NewSubfileType;Orientation;PhotometricInterpretation;PlanarConfiguration;Predictor;ResolutionUnit;RowsPerStrip;SampleFormat;SamplesPerPixel;StripByteCounts;StripOffsets;XResolution;YResolution,False,False,
NCI_Blebbistatin_5uM_37,gabor,data/in_line_gabor_hologram/NCI_Blebbistatin_5uM_37_gabor.tif,True,1,1024x1024,uint8,5,556646,2026-09-16T09:08:13+00:00,BitsPerSample;Compression;FillOrder;ImageLength;ImageWidth;NewSubfileType;Orientation;PhotometricInterpretation;PlanarConfiguration;Predictor;ResolutionUnit;RowsPerStrip;SampleFormat;SamplesPerPixel;StripByteCounts;StripOffsets;XResolution;YResolution,False,False,
NCI_Blebbistatin_5uM_37,phase,data/phase/NCI_Blebbistatin_5uM_37_phase.bin,True,,900x900,float32,,3240023,,,,,0.2848713904768374/0.21199439004249143
NCI_Blebbistatin_5uM_38,off_axis,data/off_axis_hologram/NCI_Blebbistatin_5uM_38_holo.tif,True,1,1024x1024,uint8,5,1233872,2026-09-16T09:09:50+00:00,BitsPerSample;Compression;FillOrder;ImageLength;ImageWidth;NewSubfileType;Orientation;PhotometricInterpretation;PlanarConfiguration;Predictor;ResolutionUnit;RowsPerStrip;SampleFormat;SamplesPerPixel;StripByteCounts;StripOffsets;XResolution;YResolution,False,False,
NCI_Blebbistatin_5uM_38,gabor,data/in_line_gabor_hologram/NCI_Blebbistatin_5uM_38_gabor.tif,True,1,1024x1024,uint8,5,533988,2026-09-16T09:08:13+00:00,BitsPerSample;Compression;FillOrder;ImageLength;ImageWidth;NewSubfileType;Orientation;PhotometricInterpretation;PlanarConfiguration;Predictor;ResolutionUnit;RowsPerStrip;SampleFormat;SamplesPerPixel;StripByteCounts;StripOffsets;XResolution;YResolution,False,False,
NCI_Blebbistatin_5uM_38,phase,data/phase/NCI_Blebbistatin_5uM_38_phase.bin,True,,900x900,float32,,3240023,,,,,0.2848713904768374/0.21199439004249143
NCI_Blebbistatin_5uM_39,off_axis,data/off_axis_hologram/NCI_Blebbistatin_5uM_39_holo.tif,True,1,1024x1024,uint8,5,1232292,2026-09-16T09:09:50+00:00,BitsPerSample;Compression;FillOrder;ImageLength;ImageWidth;NewSubfileType;Orientation;PhotometricInterpretation;PlanarConfiguration;Predictor;ResolutionUnit;RowsPerStrip;SampleFormat;SamplesPerPixel;StripByteCounts;StripOffsets;XResolution;YResolution,False,False,
NCI_Blebbistatin_5uM_39,gabor,data/in_line_gabor_hologram/NCI_Blebbistatin_5uM_39_gabor.tif,True,1,1024x1024,uint8,5,574852,2026-09-16T09:08:13+00:00,BitsPerSample;Compression;FillOrder;ImageLength;ImageWidth;NewSubfileType;Orientation;PhotometricInterpretation;PlanarConfiguration;Predictor;ResolutionUnit;RowsPerStrip;SampleFormat;SamplesPerPixel;StripByteCounts;StripOffsets;XResolution;YResolution,False,False,
NCI_Blebbistatin_5uM_39,phase,data/phase/NCI_Blebbistatin_5uM_39_phase.bin,True,,900x900,float32,,3240023,,,,,0.2848713904768374/0.21199439004249143
NCI_Blebbistatin_5uM_40,off_axis,data/off_axis_hologram/NCI_Blebbistatin_5uM_40_holo.tif,True,1,1024x1024,uint8,5,1249440,2026-09-16T09:09:50+00:00,BitsPerSample;Compression;FillOrder;ImageLength;ImageWidth;NewSubfileType;Orientation;PhotometricInterpretation;PlanarConfiguration;Predictor;ResolutionUnit;RowsPerStrip;SampleFormat;SamplesPerPixel;StripByteCounts;StripOffsets;XResolution;YResolution,False,False,
NCI_Blebbistatin_5uM_40,gabor,data/in_line_gabor_hologram/NCI_Blebbistatin_5uM_40_gabor.tif,True,1,1024x1024,uint8,5,605516,2026-09-16T09:08:13+00:00,BitsPerSample;Compression;FillOrder;ImageLength;ImageWidth;NewSubfileType;Orientation;PhotometricInterpretation;PlanarConfiguration;Predictor;ResolutionUnit;RowsPerStrip;SampleFormat;SamplesPerPixel;StripByteCounts;StripOffsets;XResolution;YResolution,False,False,
NCI_Blebbistatin_5uM_40,phase,data/phase/NCI_Blebbistatin_5uM_40_phase.bin,True,,900x900,float32,,3240023,,,,,0.2848713904768374/0.21199439004249143
NCI_Blebbistatin_5uM_41,off_axis,data/off_axis_hologram/NCI_Blebbistatin_5uM_41_holo.tif,True,1,1024x1024,uint8,5,1239378,2026-09-16T09:09:50+00:00,BitsPerSample;Compression;FillOrder;ImageLength;ImageWidth;NewSubfileType;Orientation;PhotometricInterpretation;PlanarConfiguration;Predictor;ResolutionUnit;RowsPerStrip;SampleFormat;SamplesPerPixel;StripByteCounts;StripOffsets;XResolution;YResolution,False,False,
NCI_Blebbistatin_5uM_41,gabor,data/in_line_gabor_hologram/NCI_Blebbistatin_5uM_41_gabor.tif,True,1,1024x1024,uint8,5,568164,2026-09-16T09:08:13+00:00,BitsPerSample;Compression;FillOrder;ImageLength;ImageWidth;NewSubfileType;Orientation;PhotometricInterpretation;PlanarConfiguration;Predictor;ResolutionUnit;RowsPerStrip;SampleFormat;SamplesPerPixel;StripByteCounts;StripOffsets;XResolution;YResolution,False,False,
NCI_Blebbistatin_5uM_41,phase,data/phase/NCI_Blebbistatin_5uM_41_phase.bin,True,,900x900,float32,,3240023,,,,,0.2848713904768374/0.21199439004249143
NCI_Blebbistatin_5uM_42,off_axis,data/off_axis_hologram/NCI_Blebbistatin_5uM_42_holo.tif,True,1,1024x1024,uint8,5,1243014,2026-09-16T09:09:50+00:00,BitsPerSample;Compression;FillOrder;ImageLength;ImageWidth;NewSubfileType;Orientation;PhotometricInterpretation;PlanarConfiguration;Predictor;ResolutionUnit;RowsPerStrip;SampleFormat;SamplesPerPixel;StripByteCounts;StripOffsets;XResolution;YResolution,False,False,
NCI_Blebbistatin_5uM_42,gabor,data/in_line_gabor_hologram/NCI_Blebbistatin_5uM_42_gabor.tif,True,1,1024x1024,uint8,5,598592,2026-09-16T09:08:13+00:00,BitsPerSample;Compression;FillOrder;ImageLength;ImageWidth;NewSubfileType;Orientation;PhotometricInterpretation;PlanarConfiguration;Predictor;ResolutionUnit;RowsPerStrip;SampleFormat;SamplesPerPixel;StripByteCounts;StripOffsets;XResolution;YResolution,False,False,
NCI_Blebbistatin_5uM_42,phase,data/phase/NCI_Blebbistatin_5uM_42_phase.bin,True,,900x900,float32,,3240023,,,,,0.2848713904768374/0.21199439004249143
NCI_Blebbistatin_5uM_43,off_axis,data/off_axis_hologram/NCI_Blebbistatin_5uM_43_holo.tif,True,1,1024x1024,uint8,5,1246234,2026-09-16T09:09:50+00:00,BitsPerSample;Compression;FillOrder;ImageLength;ImageWidth;NewSubfileType;Orientation;PhotometricInterpretation;PlanarConfiguration;Predictor;ResolutionUnit;RowsPerStrip;SampleFormat;SamplesPerPixel;StripByteCounts;StripOffsets;XResolution;YResolution,False,False,
NCI_Blebbistatin_5uM_43,gabor,data/in_line_gabor_hologram/NCI_Blebbistatin_5uM_43_gabor.tif,True,1,1024x1024,uint8,5,589380,2026-09-16T09:08:13+00:00,BitsPerSample;Compression;FillOrder;ImageLength;ImageWidth;NewSubfileType;Orientation;PhotometricInterpretation;PlanarConfiguration;Predictor;ResolutionUnit;RowsPerStrip;SampleFormat;SamplesPerPixel;StripByteCounts;StripOffsets;XResolution;YResolution,False,False,
NCI_Blebbistatin_5uM_43,phase,data/phase/NCI_Blebbistatin_5uM_43_phase.bin,True,,900x900,float32,,3240023,,,,,0.2848713904768374/0.21199439004249143
NCI_Blebbistatin_5uM_44,off_axis,data/off_axis_hologram/NCI_Blebbistatin_5uM_44_holo.tif,True,1,1024x1024,uint8,5,1244356,2026-09-16T09:09:50+00:00,BitsPerSample;Compression;FillOrder;ImageLength;ImageWidth;NewSubfileType;Orientation;PhotometricInterpretation;PlanarConfiguration;Predictor;ResolutionUnit;RowsPerStrip;SampleFormat;SamplesPerPixel;StripByteCounts;StripOffsets;XResolution;YResolution,False,False,
NCI_Blebbistatin_5uM_44,gabor,data/in_line_gabor_hologram/NCI_Blebbistatin_5uM_44_gabor.tif,True,1,1024x1024,uint8,5,583954,2026-09-16T09:08:13+00:00,BitsPerSample;Compression;FillOrder;ImageLength;ImageWidth;NewSubfileType;Orientation;PhotometricInterpretation;PlanarConfiguration;Predictor;ResolutionUnit;RowsPerStrip;SampleFormat;SamplesPerPixel;StripByteCounts;StripOffsets;XResolution;YResolution,False,False,
NCI_Blebbistatin_5uM_44,phase,data/phase/NCI_Blebbistatin_5uM_44_phase.bin,True,,900x900,float32,,3240023,,,,,0.2848713904768374/0.21199439004249143
NCI_Blebbistatin_5uM_45,off_axis,data/off_axis_hologram/NCI_Blebbistatin_5uM_45_holo.tif,True,1,1024x1024,uint8,5,1235028,2026-09-16T09:09:50+00:00,BitsPerSample;Compression;FillOrder;ImageLength;ImageWidth;NewSubfileType;Orientation;PhotometricInterpretation;PlanarConfiguration;Predictor;ResolutionUnit;RowsPerStrip;SampleFormat;SamplesPerPixel;StripByteCounts;StripOffsets;XResolution;YResolution,False,False,
NCI_Blebbistatin_5uM_45,gabor,data/in_line_gabor_hologram/NCI_Blebbistatin_5uM_45_gabor.tif,True,1,1024x1024,uint8,5,562338,2026-09-16T09:08:13+00:00,BitsPerSample;Compression;FillOrder;ImageLength;ImageWidth;NewSubfileType;Orientation;PhotometricInterpretation;PlanarConfiguration;Predictor;ResolutionUnit;RowsPerStrip;SampleFormat;SamplesPerPixel;StripByteCounts;StripOffsets;XResolution;YResolution,False,False,
NCI_Blebbistatin_5uM_45,phase,data/phase/NCI_Blebbistatin_5uM_45_phase.bin,True,,900x900,float32,,3240023,,,,,0.2848713904768374/0.21199439004249143
NCI_Blebbistatin_5uM_46,off_axis,data/off_axis_hologram/NCI_Blebbistatin_5uM_46_holo.tif,True,1,1024x1024,uint8,5,1245170,2026-09-16T09:09:50+00:00,BitsPerSample;Compression;FillOrder;ImageLength;ImageWidth;NewSubfileType;Orientation;PhotometricInterpretation;PlanarConfiguration;Predictor;ResolutionUnit;RowsPerStrip;SampleFormat;SamplesPerPixel;StripByteCounts;StripOffsets;XResolution;YResolution,False,False,
NCI_Blebbistatin_5uM_46,gabor,data/in_line_gabor_hologram/NCI_Blebbistatin_5uM_46_gabor.tif,True,1,1024x1024,uint8,5,586772,2026-09-16T09:08:13+00:00,BitsPerSample;Compression;FillOrder;ImageLength;ImageWidth;NewSubfileType;Orientation;PhotometricInterpretation;PlanarConfiguration;Predictor;ResolutionUnit;RowsPerStrip;SampleFormat;SamplesPerPixel;StripByteCounts;StripOffsets;XResolution;YResolution,False,False,
NCI_Blebbistatin_5uM_46,phase,data/phase/NCI_Blebbistatin_5uM_46_phase.bin,True,,900x900,float32,,3240023,,,,,0.2848713904768374/0.21199439004249143
NCI_Blebbistatin_5uM_47,off_axis,data/off_axis_hologram/NCI_Blebbistatin_5uM_47_holo.tif,True,1,1024x1024,uint8,5,1232572,2026-09-16T09:09:50+00:00,BitsPerSample;Compression;FillOrder;ImageLength;ImageWidth;NewSubfileType;Orientation;PhotometricInterpretation;PlanarConfiguration;Predictor;ResolutionUnit;RowsPerStrip;SampleFormat;SamplesPerPixel;StripByteCounts;StripOffsets;XResolution;YResolution,False,False,
NCI_Blebbistatin_5uM_47,gabor,data/in_line_gabor_hologram/NCI_Blebbistatin_5uM_47_gabor.tif,True,1,1024x1024,uint8,5,580614,2026-09-16T09:08:13+00:00,BitsPerSample;Compression;FillOrder;ImageLength;ImageWidth;NewSubfileType;Orientation;PhotometricInterpretation;PlanarConfiguration;Predictor;ResolutionUnit;RowsPerStrip;SampleFormat;SamplesPerPixel;StripByteCounts;StripOffsets;XResolution;YResolution,False,False,
NCI_Blebbistatin_5uM_47,phase,data/phase/NCI_Blebbistatin_5uM_47_phase.bin,True,,900x900,float32,,3240023,,,,,0.2848713904768374/0.21199439004249143
NCI_Blebbistatin_5uM_48,off_axis,data/off_axis_hologram/NCI_Blebbistatin_5uM_48_holo.tif,True,1,1024x1024,uint8,5,1240206,2026-09-16T09:09:50+00:00,BitsPerSample;Compression;FillOrder;ImageLength;ImageWidth;NewSubfileType;Orientation;PhotometricInterpretation;PlanarConfiguration;Predictor;ResolutionUnit;RowsPerStrip;SampleFormat;SamplesPerPixel;StripByteCounts;StripOffsets;XResolution;YResolution,False,False,
NCI_Blebbistatin_5uM_48,gabor,data/in_line_gabor_hologram/NCI_Blebbistatin_5uM_48_gabor.tif,True,1,1024x1024,uint8,5,584924,2026-09-16T09:08:13+00:00,BitsPerSample;Compression;FillOrder;ImageLength;ImageWidth;NewSubfileType;Orientation;PhotometricInterpretation;PlanarConfiguration;Predictor;ResolutionUnit;RowsPerStrip;SampleFormat;SamplesPerPixel;StripByteCounts;StripOffsets;XResolution;YResolution,False,False,
NCI_Blebbistatin_5uM_48,phase,data/phase/NCI_Blebbistatin_5uM_48_phase.bin,True,,900x900,float32,,3240023,,,,,0.2848713904768374/0.21199439004249143
NCI_Blebbistatin_5uM_49,off_axis,data/off_axis_hologram/NCI_Blebbistatin_5uM_49_holo.tif,True,1,1024x1024,uint8,5,1248076,2026-09-16T09:09:50+00:00,BitsPerSample;Compression;FillOrder;ImageLength;ImageWidth;NewSubfileType;Orientation;PhotometricInterpretation;PlanarConfiguration;Predictor;ResolutionUnit;RowsPerStrip;SampleFormat;SamplesPerPixel;StripByteCounts;StripOffsets;XResolution;YResolution,False,False,
NCI_Blebbistatin_5uM_49,gabor,data/in_line_gabor_hologram/NCI_Blebbistatin_5uM_49_gabor.tif,True,1,1024x1024,uint8,5,603428,2026-09-16T09:08:13+00:00,BitsPerSample;Compression;FillOrder;ImageLength;ImageWidth;NewSubfileType;Orientation;PhotometricInterpretation;PlanarConfiguration;Predictor;ResolutionUnit;RowsPerStrip;SampleFormat;SamplesPerPixel;StripByteCounts;StripOffsets;XResolution;YResolution,False,False,
NCI_Blebbistatin_5uM_49,phase,data/phase/NCI_Blebbistatin_5uM_49_phase.bin,True,,900x900,float32,,3240023,,,,,0.2848713904768374/0.21199439004249143
NCI_Blebbistatin_5uM_50,off_axis,data/off_axis_hologram/NCI_Blebbistatin_5uM_50_holo.tif,True,1,1024x1024,uint8,5,1229298,2026-09-16T09:09:50+00:00,BitsPerSample;Compression;FillOrder;ImageLength;ImageWidth;NewSubfileType;Orientation;PhotometricInterpretation;PlanarConfiguration;Predictor;ResolutionUnit;RowsPerStrip;SampleFormat;SamplesPerPixel;StripByteCounts;StripOffsets;XResolution;YResolution,False,False,
NCI_Blebbistatin_5uM_50,gabor,data/in_line_gabor_hologram/NCI_Blebbistatin_5uM_50_gabor.tif,True,1,1024x1024,uint8,5,582422,2026-09-16T09:08:13+00:00,BitsPerSample;Compression;FillOrder;ImageLength;ImageWidth;NewSubfileType;Orientation;PhotometricInterpretation;PlanarConfiguration;Predictor;ResolutionUnit;RowsPerStrip;SampleFormat;SamplesPerPixel;StripByteCounts;StripOffsets;XResolution;YResolution,False,False,
NCI_Blebbistatin_5uM_50,phase,data/phase/NCI_Blebbistatin_5uM_50_phase.bin,True,,900x900,float32,,3240023,,,,,0.2848713904768374/0.21199439004249143
NCI_FCCP_10uM_01,off_axis,data/off_axis_hologram/NCI_FCCP_10uM_01_holo.tif,True,1,1024x1024,uint8,5,1254392,2026-09-16T09:09:50+00:00,BitsPerSample;Compression;FillOrder;ImageLength;ImageWidth;NewSubfileType;Orientation;PhotometricInterpretation;PlanarConfiguration;Predictor;ResolutionUnit;RowsPerStrip;SampleFormat;SamplesPerPixel;StripByteCounts;StripOffsets;XResolution;YResolution,False,False,
NCI_FCCP_10uM_01,gabor,data/in_line_gabor_hologram/NCI_FCCP_10uM_01_gabor.tif,True,1,1024x1024,uint8,5,615834,2026-09-16T09:08:13+00:00,BitsPerSample;Compression;FillOrder;ImageLength;ImageWidth;NewSubfileType;Orientation;PhotometricInterpretation;PlanarConfiguration;Predictor;ResolutionUnit;RowsPerStrip;SampleFormat;SamplesPerPixel;StripByteCounts;StripOffsets;XResolution;YResolution,False,False,
NCI_FCCP_10uM_01,phase,data/phase/NCI_FCCP_10uM_01_phase.bin,True,,900x900,float32,,3240023,,,,,0.2848713904768374/0.21199439004249143
NCI_FCCP_10uM_02,off_axis,data/off_axis_hologram/NCI_FCCP_10uM_02_holo.tif,True,1,1024x1024,uint8,5,1234456,2026-09-16T09:09:50+00:00,BitsPerSample;Compression;FillOrder;ImageLength;ImageWidth;NewSubfileType;Orientation;PhotometricInterpretation;PlanarConfiguration;Predictor;ResolutionUnit;RowsPerStrip;SampleFormat;SamplesPerPixel;StripByteCounts;StripOffsets;XResolution;YResolution,False,False,
NCI_FCCP_10uM_02,gabor,data/in_line_gabor_hologram/NCI_FCCP_10uM_02_gabor.tif,True,1,1024x1024,uint8,5,588204,2026-09-16T09:08:13+00:00,BitsPerSample;Compression;FillOrder;ImageLength;ImageWidth;NewSubfileType;Orientation;PhotometricInterpretation;PlanarConfiguration;Predictor;ResolutionUnit;RowsPerStrip;SampleFormat;SamplesPerPixel;StripByteCounts;StripOffsets;XResolution;YResolution,False,False,
NCI_FCCP_10uM_02,phase,data/phase/NCI_FCCP_10uM_02_phase.bin,True,,900x900,float32,,3240023,,,,,0.2848713904768374/0.21199439004249143
NCI_FCCP_10uM_03,off_axis,data/off_axis_hologram/NCI_FCCP_10uM_03_holo.tif,True,1,1024x1024,uint8,5,1243328,2026-09-16T09:09:50+00:00,BitsPerSample;Compression;FillOrder;ImageLength;ImageWidth;NewSubfileType;Orientation;PhotometricInterpretation;PlanarConfiguration;Predictor;ResolutionUnit;RowsPerStrip;SampleFormat;SamplesPerPixel;StripByteCounts;StripOffsets;XResolution;YResolution,False,False,
NCI_FCCP_10uM_03,gabor,data/in_line_gabor_hologram/NCI_FCCP_10uM_03_gabor.tif,True,1,1024x1024,uint8,5,600670,2026-09-16T09:08:13+00:00,BitsPerSample;Compression;FillOrder;ImageLength;ImageWidth;NewSubfileType;Orientation;PhotometricInterpretation;PlanarConfiguration;Predictor;ResolutionUnit;RowsPerStrip;SampleFormat;SamplesPerPixel;StripByteCounts;StripOffsets;XResolution;YResolution,False,False,
NCI_FCCP_10uM_03,phase,data/phase/NCI_FCCP_10uM_03_phase.bin,True,,900x900,float32,,3240023,,,,,0.2848713904768374/0.21199439004249143
NCI_FCCP_10uM_04,off_axis,data/off_axis_hologram/NCI_FCCP_10uM_04_holo.tif,True,1,1024x1024,uint8,5,1228180,2026-09-16T09:09:50+00:00,BitsPerSample;Compression;FillOrder;ImageLength;ImageWidth;NewSubfileType;Orientation;PhotometricInterpretation;PlanarConfiguration;Predictor;ResolutionUnit;RowsPerStrip;SampleFormat;SamplesPerPixel;StripByteCounts;StripOffsets;XResolution;YResolution,False,False,
NCI_FCCP_10uM_04,gabor,data/in_line_gabor_hologram/NCI_FCCP_10uM_04_gabor.tif,True,1,1024x1024,uint8,5,556400,2026-09-16T09:08:13+00:00,BitsPerSample;Compression;FillOrder;ImageLength;ImageWidth;NewSubfileType;Orientation;PhotometricInterpretation;PlanarConfiguration;Predictor;ResolutionUnit;RowsPerStrip;SampleFormat;SamplesPerPixel;StripByteCounts;StripOffsets;XResolution;YResolution,False,False,
NCI_FCCP_10uM_04,phase,data/phase/NCI_FCCP_10uM_04_phase.bin,True,,900x900,float32,,3240023,,,,,0.2848713904768374/0.21199439004249143
NCI_FCCP_10uM_05,off_axis,data/off_axis_hologram/NCI_FCCP_10uM_05_holo.tif,True,1,1024x1024,uint8,5,1223916,2026-09-16T09:09:50+00:00,BitsPerSample;Compression;FillOrder;ImageLength;ImageWidth;NewSubfileType;Orientation;PhotometricInterpretation;PlanarConfiguration;Predictor;ResolutionUnit;RowsPerStrip;SampleFormat;SamplesPerPixel;StripByteCounts;StripOffsets;XResolution;YResolution,False,False,
NCI_FCCP_10uM_05,gabor,data/in_line_gabor_hologram/NCI_FCCP_10uM_05_gabor.tif,True,1,1024x1024,uint8,5,558332,2026-09-16T09:08:13+00:00,BitsPerSample;Compression;FillOrder;ImageLength;ImageWidth;NewSubfileType;Orientation;PhotometricInterpretation;PlanarConfiguration;Predictor;ResolutionUnit;RowsPerStrip;SampleFormat;SamplesPerPixel;StripByteCounts;StripOffsets;XResolution;YResolution,False,False,
NCI_FCCP_10uM_05,phase,data/phase/NCI_FCCP_10uM_05_phase.bin,True,,900x900,float32,,3240023,,,,,0.2848713904768374/0.21199439004249143
NCI_FCCP_10uM_06,off_axis,data/off_axis_hologram/NCI_FCCP_10uM_06_holo.tif,True,1,1024x1024,uint8,5,1220898,2026-09-16T09:09:50+00:00,BitsPerSample;Compression;FillOrder;ImageLength;ImageWidth;NewSubfileType;Orientation;PhotometricInterpretation;PlanarConfiguration;Predictor;ResolutionUnit;RowsPerStrip;SampleFormat;SamplesPerPixel;StripByteCounts;StripOffsets;XResolution;YResolution,False,False,
NCI_FCCP_10uM_06,gabor,data/in_line_gabor_hologram/NCI_FCCP_10uM_06_gabor.tif,True,1,1024x1024,uint8,5,547638,2026-09-16T09:08:13+00:00,BitsPerSample;Compression;FillOrder;ImageLength;ImageWidth;NewSubfileType;Orientation;PhotometricInterpretation;PlanarConfiguration;Predictor;ResolutionUnit;RowsPerStrip;SampleFormat;SamplesPerPixel;StripByteCounts;StripOffsets;XResolution;YResolution,False,False,
NCI_FCCP_10uM_06,phase,data/phase/NCI_FCCP_10uM_06_phase.bin,True,,900x900,float32,,3240023,,,,,0.2848713904768374/0.21199439004249143
NCI_FCCP_10uM_07,off_axis,data/off_axis_hologram/NCI_FCCP_10uM_07_holo.tif,True,1,1024x1024,uint8,5,1218114,2026-09-16T09:09:50+00:00,BitsPerSample;Compression;FillOrder;ImageLength;ImageWidth;NewSubfileType;Orientation;PhotometricInterpretation;PlanarConfiguration;Predictor;ResolutionUnit;RowsPerStrip;SampleFormat;SamplesPerPixel;StripByteCounts;StripOffsets;XResolution;YResolution,False,False,
NCI_FCCP_10uM_07,gabor,data/in_line_gabor_hologram/NCI_FCCP_10uM_07_gabor.tif,True,1,1024x1024,uint8,5,532036,2026-09-16T09:08:13+00:00,BitsPerSample;Compression;FillOrder;ImageLength;ImageWidth;NewSubfileType;Orientation;PhotometricInterpretation;PlanarConfiguration;Predictor;ResolutionUnit;RowsPerStrip;SampleFormat;SamplesPerPixel;StripByteCounts;StripOffsets;XResolution;YResolution,False,False,
NCI_FCCP_10uM_07,phase,data/phase/NCI_FCCP_10uM_07_phase.bin,True,,900x900,float32,,3240023,,,,,0.2848713904768374/0.21199439004249143
NCI_FCCP_10uM_08,off_axis,data/off_axis_hologram/NCI_FCCP_10uM_08_holo.tif,True,1,1024x1024,uint8,5,1235288,2026-09-16T09:09:50+00:00,BitsPerSample;Compression;FillOrder;ImageLength;ImageWidth;NewSubfileType;Orientation;PhotometricInterpretation;PlanarConfiguration;Predictor;ResolutionUnit;RowsPerStrip;SampleFormat;SamplesPerPixel;StripByteCounts;StripOffsets;XResolution;YResolution,False,False,
NCI_FCCP_10uM_08,gabor,data/in_line_gabor_hologram/NCI_FCCP_10uM_08_gabor.tif,True,1,1024x1024,uint8,5,578792,2026-09-16T09:08:13+00:00,BitsPerSample;Compression;FillOrder;ImageLength;ImageWidth;NewSubfileType;Orientation;PhotometricInterpretation;PlanarConfiguration;Predictor;ResolutionUnit;RowsPerStrip;SampleFormat;SamplesPerPixel;StripByteCounts;StripOffsets;XResolution;YResolution,False,False,
NCI_FCCP_10uM_08,phase,data/phase/NCI_FCCP_10uM_08_phase.bin,True,,900x900,float32,,3240023,,,,,0.2848713904768374/0.21199439004249143
NCI_FCCP_10uM_09,off_axis,data/off_axis_hologram/NCI_FCCP_10uM_09_holo.tif,True,1,1024x1024,uint8,5,1234564,2026-09-16T09:09:50+00:00,BitsPerSample;Compression;FillOrder;ImageLength;ImageWidth;NewSubfileType;Orientation;PhotometricInterpretation;PlanarConfiguration;Predictor;ResolutionUnit;RowsPerStrip;SampleFormat;SamplesPerPixel;StripByteCounts;StripOffsets;XResolution;YResolution,False,False,
NCI_FCCP_10uM_09,gabor,data/in_line_gabor_hologram/NCI_FCCP_10uM_09_gabor.tif,True,1,1024x1024,uint8,5,574184,2026-09-16T09:08:13+00:00,BitsPerSample;Compression;FillOrder;ImageLength;ImageWidth;NewSubfileType;Orientation;PhotometricInterpretation;PlanarConfiguration;Predictor;ResolutionUnit;RowsPerStrip;SampleFormat;SamplesPerPixel;StripByteCounts;StripOffsets;XResolution;YResolution,False,False,
NCI_FCCP_10uM_09,phase,data/phase/NCI_FCCP_10uM_09_phase.bin,True,,900x900,float32,,3240023,,,,,0.2848713904768374/0.21199439004249143
NCI_FCCP_10uM_10,off_axis,data/off_axis_hologram/NCI_FCCP_10uM_10_holo.tif,True,1,1024x1024,uint8,5,1226650,2026-09-16T09:09:50+00:00,BitsPerSample;Compression;FillOrder;ImageLength;ImageWidth;NewSubfileType;Orientation;PhotometricInterpretation;PlanarConfiguration;Predictor;ResolutionUnit;RowsPerStrip;SampleFormat;SamplesPerPixel;StripByteCounts;StripOffsets;XResolution;YResolution,False,False,
NCI_FCCP_10uM_10,gabor,data/in_line_gabor_hologram/NCI_FCCP_10uM_10_gabor.tif,True,1,1024x1024,uint8,5,559550,2026-09-16T09:08:13+00:00,BitsPerSample;Compression;FillOrder;ImageLength;ImageWidth;NewSubfileType;Orientation;PhotometricInterpretation;PlanarConfiguration;Predictor;ResolutionUnit;RowsPerStrip;SampleFormat;SamplesPerPixel;StripByteCounts;StripOffsets;XResolution;YResolution,False,False,
NCI_FCCP_10uM_10,phase,data/phase/NCI_FCCP_10uM_10_phase.bin,True,,900x900,float32,,3240023,,,,,0.2848713904768374/0.21199439004249143
NCI_FCCP_10uM_11,off_axis,data/off_axis_hologram/NCI_FCCP_10uM_11_holo.tif,True,1,1024x1024,uint8,5,1224714,2026-09-16T09:09:50+00:00,BitsPerSample;Compression;FillOrder;ImageLength;ImageWidth;NewSubfileType;Orientation;PhotometricInterpretation;PlanarConfiguration;Predictor;ResolutionUnit;RowsPerStrip;SampleFormat;SamplesPerPixel;StripByteCounts;StripOffsets;XResolution;YResolution,False,False,
NCI_FCCP_10uM_11,gabor,data/in_line_gabor_hologram/NCI_FCCP_10uM_11_gabor.tif,True,1,1024x1024,uint8,5,548480,2026-09-16T09:08:13+00:00,BitsPerSample;Compression;FillOrder;ImageLength;ImageWidth;NewSubfileType;Orientation;PhotometricInterpretation;PlanarConfiguration;Predictor;ResolutionUnit;RowsPerStrip;SampleFormat;SamplesPerPixel;StripByteCounts;StripOffsets;XResolution;YResolution,False,False,
NCI_FCCP_10uM_11,phase,data/phase/NCI_FCCP_10uM_11_phase.bin,True,,900x900,float32,,3240023,,,,,0.2848713904768374/0.21199439004249143
NCI_FCCP_10uM_12,off_axis,data/off_axis_hologram/NCI_FCCP_10uM_12_holo.tif,True,1,1024x1024,uint8,5,1224532,2026-09-16T09:09:50+00:00,BitsPerSample;Compression;FillOrder;ImageLength;ImageWidth;NewSubfileType;Orientation;PhotometricInterpretation;PlanarConfiguration;Predictor;ResolutionUnit;RowsPerStrip;SampleFormat;SamplesPerPixel;StripByteCounts;StripOffsets;XResolution;YResolution,False,False,
NCI_FCCP_10uM_12,gabor,data/in_line_gabor_hologram/NCI_FCCP_10uM_12_gabor.tif,True,1,1024x1024,uint8,5,552934,2026-09-16T09:08:13+00:00,BitsPerSample;Compression;FillOrder;ImageLength;ImageWidth;NewSubfileType;Orientation;PhotometricInterpretation;PlanarConfiguration;Predictor;ResolutionUnit;RowsPerStrip;SampleFormat;SamplesPerPixel;StripByteCounts;StripOffsets;XResolution;YResolution,False,False,
NCI_FCCP_10uM_12,phase,data/phase/NCI_FCCP_10uM_12_phase.bin,True,,900x900,float32,,3240023,,,,,0.2848713904768374/0.21199439004249143
NCI_FCCP_10uM_13,off_axis,data/off_axis_hologram/NCI_FCCP_10uM_13_holo.tif,True,1,1024x1024,uint8,5,1216812,2026-09-16T09:09:50+00:00,BitsPerSample;Compression;FillOrder;ImageLength;ImageWidth;NewSubfileType;Orientation;PhotometricInterpretation;PlanarConfiguration;Predictor;ResolutionUnit;RowsPerStrip;SampleFormat;SamplesPerPixel;StripByteCounts;StripOffsets;XResolution;YResolution,False,False,
NCI_FCCP_10uM_13,gabor,data/in_line_gabor_hologram/NCI_FCCP_10uM_13_gabor.tif,True,1,1024x1024,uint8,5,526402,2026-09-16T09:08:13+00:00,BitsPerSample;Compression;FillOrder;ImageLength;ImageWidth;NewSubfileType;Orientation;PhotometricInterpretation;PlanarConfiguration;Predictor;ResolutionUnit;RowsPerStrip;SampleFormat;SamplesPerPixel;StripByteCounts;StripOffsets;XResolution;YResolution,False,False,
NCI_FCCP_10uM_13,phase,data/phase/NCI_FCCP_10uM_13_phase.bin,True,,900x900,float32,,3240023,,,,,0.2848713904768374/0.21199439004249143
NCI_FCCP_10uM_14,off_axis,data/off_axis_hologram/NCI_FCCP_10uM_14_holo.tif,True,1,1024x1024,uint8,5,1225682,2026-09-16T09:09:50+00:00,BitsPerSample;Compression;FillOrder;ImageLength;ImageWidth;NewSubfileType;Orientation;PhotometricInterpretation;PlanarConfiguration;Predictor;ResolutionUnit;RowsPerStrip;SampleFormat;SamplesPerPixel;StripByteCounts;StripOffsets;XResolution;YResolution,False,False,
NCI_FCCP_10uM_14,gabor,data/in_line_gabor_hologram/NCI_FCCP_10uM_14_gabor.tif,True,1,1024x1024,uint8,5,554498,2026-09-16T09:08:13+00:00,BitsPerSample;Compression;FillOrder;ImageLength;ImageWidth;NewSubfileType;Orientation;PhotometricInterpretation;PlanarConfiguration;Predictor;ResolutionUnit;RowsPerStrip;SampleFormat;SamplesPerPixel;StripByteCounts;StripOffsets;XResolution;YResolution,False,False,
NCI_FCCP_10uM_14,phase,data/phase/NCI_FCCP_10uM_14_phase.bin,True,,900x900,float32,,3240023,,,,,0.2848713904768374/0.21199439004249143
NCI_FCCP_10uM_15,off_axis,data/off_axis_hologram/NCI_FCCP_10uM_15_holo.tif,True,1,1024x1024,uint8,5,1223002,2026-09-16T09:09:50+00:00,BitsPerSample;Compression;FillOrder;ImageLength;ImageWidth;NewSubfileType;Orientation;PhotometricInterpretation;PlanarConfiguration;Predictor;ResolutionUnit;RowsPerStrip;SampleFormat;SamplesPerPixel;StripByteCounts;StripOffsets;XResolution;YResolution,False,False,
NCI_FCCP_10uM_15,gabor,data/in_line_gabor_hologram/NCI_FCCP_10uM_15_gabor.tif,True,1,1024x1024,uint8,5,555810,2026-09-16T09:08:13+00:00,BitsPerSample;Compression;FillOrder;ImageLength;ImageWidth;NewSubfileType;Orientation;PhotometricInterpretation;PlanarConfiguration;Predictor;ResolutionUnit;RowsPerStrip;SampleFormat;SamplesPerPixel;StripByteCounts;StripOffsets;XResolution;YResolution,False,False,
NCI_FCCP_10uM_15,phase,data/phase/NCI_FCCP_10uM_15_phase.bin,True,,900x900,float32,,3240023,,,,,0.2848713904768374/0.21199439004249143
NCI_FCCP_10uM_16,off_axis,data/off_axis_hologram/NCI_FCCP_10uM_16_holo.tif,True,1,1024x1024,uint8,5,1217118,2026-09-16T09:09:50+00:00,BitsPerSample;Compression;FillOrder;ImageLength;ImageWidth;NewSubfileType;Orientation;PhotometricInterpretation;PlanarConfiguration;Predictor;ResolutionUnit;RowsPerStrip;SampleFormat;SamplesPerPixel;StripByteCounts;StripOffsets;XResolution;YResolution,False,False,
NCI_FCCP_10uM_16,gabor,data/in_line_gabor_hologram/NCI_FCCP_10uM_16_gabor.tif,True,1,1024x1024,uint8,5,524320,2026-09-16T09:08:13+00:00,BitsPerSample;Compression;FillOrder;ImageLength;ImageWidth;NewSubfileType;Orientation;PhotometricInterpretation;PlanarConfiguration;Predictor;ResolutionUnit;RowsPerStrip;SampleFormat;SamplesPerPixel;StripByteCounts;StripOffsets;XResolution;YResolution,False,False,
NCI_FCCP_10uM_16,phase,data/phase/NCI_FCCP_10uM_16_phase.bin,True,,900x900,float32,,3240023,,,,,0.2848713904768374/0.21199439004249143
NCI_FCCP_10uM_17,off_axis,data/off_axis_hologram/NCI_FCCP_10uM_17_holo.tif,True,1,1024x1024,uint8,5,1216266,2026-09-16T09:09:50+00:00,BitsPerSample;Compression;FillOrder;ImageLength;ImageWidth;NewSubfileType;Orientation;PhotometricInterpretation;PlanarConfiguration;Predictor;ResolutionUnit;RowsPerStrip;SampleFormat;SamplesPerPixel;StripByteCounts;StripOffsets;XResolution;YResolution,False,False,
NCI_FCCP_10uM_17,gabor,data/in_line_gabor_hologram/NCI_FCCP_10uM_17_gabor.tif,True,1,1024x1024,uint8,5,522270,2026-09-16T09:08:13+00:00,BitsPerSample;Compression;FillOrder;ImageLength;ImageWidth;NewSubfileType;Orientation;PhotometricInterpretation;PlanarConfiguration;Predictor;ResolutionUnit;RowsPerStrip;SampleFormat;SamplesPerPixel;StripByteCounts;StripOffsets;XResolution;YResolution,False,False,
NCI_FCCP_10uM_17,phase,data/phase/NCI_FCCP_10uM_17_phase.bin,True,,900x900,float32,,3240023,,,,,0.2848713904768374/0.21199439004249143
NCI_FCCP_10uM_18,off_axis,data/off_axis_hologram/NCI_FCCP_10uM_18_holo.tif,True,1,1024x1024,uint8,5,1208128,2026-09-16T09:09:50+00:00,BitsPerSample;Compression;FillOrder;ImageLength;ImageWidth;NewSubfileType;Orientation;PhotometricInterpretation;PlanarConfiguration;Predictor;ResolutionUnit;RowsPerStrip;SampleFormat;SamplesPerPixel;StripByteCounts;StripOffsets;XResolution;YResolution,False,False,
NCI_FCCP_10uM_18,gabor,data/in_line_gabor_hologram/NCI_FCCP_10uM_18_gabor.tif,True,1,1024x1024,uint8,5,526520,2026-09-16T09:08:13+00:00,BitsPerSample;Compression;FillOrder;ImageLength;ImageWidth;NewSubfileType;Orientation;PhotometricInterpretation;PlanarConfiguration;Predictor;ResolutionUnit;RowsPerStrip;SampleFormat;SamplesPerPixel;StripByteCounts;StripOffsets;XResolution;YResolution,False,False,
NCI_FCCP_10uM_18,phase,data/phase/NCI_FCCP_10uM_18_phase.bin,True,,900x900,float32,,3240023,,,,,0.2848713904768374/0.21199439004249143
NCI_FCCP_10uM_19,off_axis,data/off_axis_hologram/NCI_FCCP_10uM_19_holo.tif,True,1,1024x1024,uint8,5,1221258,2026-09-16T09:09:50+00:00,BitsPerSample;Compression;FillOrder;ImageLength;ImageWidth;NewSubfileType;Orientation;PhotometricInterpretation;PlanarConfiguration;Predictor;ResolutionUnit;RowsPerStrip;SampleFormat;SamplesPerPixel;StripByteCounts;StripOffsets;XResolution;YResolution,False,False,
NCI_FCCP_10uM_19,gabor,data/in_line_gabor_hologram/NCI_FCCP_10uM_19_gabor.tif,True,1,1024x1024,uint8,5,543070,2026-09-16T09:08:13+00:00,BitsPerSample;Compression;FillOrder;ImageLength;ImageWidth;NewSubfileType;Orientation;PhotometricInterpretation;PlanarConfiguration;Predictor;ResolutionUnit;RowsPerStrip;SampleFormat;SamplesPerPixel;StripByteCounts;StripOffsets;XResolution;YResolution,False,False,
NCI_FCCP_10uM_19,phase,data/phase/NCI_FCCP_10uM_19_phase.bin,True,,900x900,float32,,3240023,,,,,0.2848713904768374/0.21199439004249143
NCI_FCCP_10uM_20,off_axis,data/off_axis_hologram/NCI_FCCP_10uM_20_holo.tif,True,1,1024x1024,uint8,5,1220046,2026-09-16T09:09:50+00:00,BitsPerSample;Compression;FillOrder;ImageLength;ImageWidth;NewSubfileType;Orientation;PhotometricInterpretation;PlanarConfiguration;Predictor;ResolutionUnit;RowsPerStrip;SampleFormat;SamplesPerPixel;StripByteCounts;StripOffsets;XResolution;YResolution,False,False,
NCI_FCCP_10uM_20,gabor,data/in_line_gabor_hologram/NCI_FCCP_10uM_20_gabor.tif,True,1,1024x1024,uint8,5,546278,2026-09-16T09:08:13+00:00,BitsPerSample;Compression;FillOrder;ImageLength;ImageWidth;NewSubfileType;Orientation;PhotometricInterpretation;PlanarConfiguration;Predictor;ResolutionUnit;RowsPerStrip;SampleFormat;SamplesPerPixel;StripByteCounts;StripOffsets;XResolution;YResolution,False,False,
NCI_FCCP_10uM_20,phase,data/phase/NCI_FCCP_10uM_20_phase.bin,True,,900x900,float32,,3240023,,,,,0.2848713904768374/0.21199439004249143
NCI_FCCP_10uM_21,off_axis,data/off_axis_hologram/NCI_FCCP_10uM_21_holo.tif,True,1,1024x1024,uint8,5,1221090,2026-09-16T09:09:50+00:00,BitsPerSample;Compression;FillOrder;ImageLength;ImageWidth;NewSubfileType;Orientation;PhotometricInterpretation;PlanarConfiguration;Predictor;ResolutionUnit;RowsPerStrip;SampleFormat;SamplesPerPixel;StripByteCounts;StripOffsets;XResolution;YResolution,False,False,
NCI_FCCP_10uM_21,gabor,data/in_line_gabor_hologram/NCI_FCCP_10uM_21_gabor.tif,True,1,1024x1024,uint8,5,548684,2026-09-16T09:08:13+00:00,BitsPerSample;Compression;FillOrder;ImageLength;ImageWidth;NewSubfileType;Orientation;PhotometricInterpretation;PlanarConfiguration;Predictor;ResolutionUnit;RowsPerStrip;SampleFormat;SamplesPerPixel;StripByteCounts;StripOffsets;XResolution;YResolution,False,False,
NCI_FCCP_10uM_21,phase,data/phase/NCI_FCCP_10uM_21_phase.bin,True,,900x900,float32,,3240023,,,,,0.2848713904768374/0.21199439004249143
NCI_FCCP_10uM_22,off_axis,data/off_axis_hologram/NCI_FCCP_10uM_22_holo.tif,True,1,1024x1024,uint8,5,1219596,2026-09-16T09:09:50+00:00,BitsPerSample;Compression;FillOrder;ImageLength;ImageWidth;NewSubfileType;Orientation;PhotometricInterpretation;PlanarConfiguration;Predictor;ResolutionUnit;RowsPerStrip;SampleFormat;SamplesPerPixel;StripByteCounts;StripOffsets;XResolution;YResolution,False,False,
NCI_FCCP_10uM_22,gabor,data/in_line_gabor_hologram/NCI_FCCP_10uM_22_gabor.tif,True,1,1024x1024,uint8,5,540240,2026-09-16T09:08:13+00:00,BitsPerSample;Compression;FillOrder;ImageLength;ImageWidth;NewSubfileType;Orientation;PhotometricInterpretation;PlanarConfiguration;Predictor;ResolutionUnit;RowsPerStrip;SampleFormat;SamplesPerPixel;StripByteCounts;StripOffsets;XResolution;YResolution,False,False,
NCI_FCCP_10uM_22,phase,data/phase/NCI_FCCP_10uM_22_phase.bin,True,,900x900,float32,,3240023,,,,,0.2848713904768374/0.21199439004249143
NCI_FCCP_10uM_23,off_axis,data/off_axis_hologram/NCI_FCCP_10uM_23_holo.tif,True,1,1024x1024,uint8,5,1211198,2026-09-16T09:09:50+00:00,BitsPerSample;Compression;FillOrder;ImageLength;ImageWidth;NewSubfileType;Orientation;PhotometricInterpretation;PlanarConfiguration;Predictor;ResolutionUnit;RowsPerStrip;SampleFormat;SamplesPerPixel;StripByteCounts;StripOffsets;XResolution;YResolution,False,False,
NCI_FCCP_10uM_23,gabor,data/in_line_gabor_hologram/NCI_FCCP_10uM_23_gabor.tif,True,1,1024x1024,uint8,5,514702,2026-09-16T09:08:13+00:00,BitsPerSample;Compression;FillOrder;ImageLength;ImageWidth;NewSubfileType;Orientation;PhotometricInterpretation;PlanarConfiguration;Predictor;ResolutionUnit;RowsPerStrip;SampleFormat;SamplesPerPixel;StripByteCounts;StripOffsets;XResolution;YResolution,False,False,
NCI_FCCP_10uM_23,phase,data/phase/NCI_FCCP_10uM_23_phase.bin,True,,900x900,float32,,3240023,,,,,0.2848713904768374/0.21199439004249143
NCI_FCCP_10uM_24,off_axis,data/off_axis_hologram/NCI_FCCP_10uM_24_holo.tif,True,1,1024x1024,uint8,5,1213538,2026-09-16T09:09:50+00:00,BitsPerSample;Compression;FillOrder;ImageLength;ImageWidth;NewSubfileType;Orientation;PhotometricInterpretation;PlanarConfiguration;Predictor;ResolutionUnit;RowsPerStrip;SampleFormat;SamplesPerPixel;StripByteCounts;StripOffsets;XResolution;YResolution,False,False,
NCI_FCCP_10uM_24,gabor,data/in_line_gabor_hologram/NCI_FCCP_10uM_24_gabor.tif,True,1,1024x1024,uint8,5,521560,2026-09-16T09:08:13+00:00,BitsPerSample;Compression;FillOrder;ImageLength;ImageWidth;NewSubfileType;Orientation;PhotometricInterpretation;PlanarConfiguration;Predictor;ResolutionUnit;RowsPerStrip;SampleFormat;SamplesPerPixel;StripByteCounts;StripOffsets;XResolution;YResolution,False,False,
NCI_FCCP_10uM_24,phase,data/phase/NCI_FCCP_10uM_24_phase.bin,True,,900x900,float32,,3240023,,,,,0.2848713904768374/0.21199439004249143
NCI_FCCP_10uM_25,off_axis,data/off_axis_hologram/NCI_FCCP_10uM_25_holo.tif,True,1,1024x1024,uint8,5,1210206,2026-09-16T09:09:50+00:00,BitsPerSample;Compression;FillOrder;ImageLength;ImageWidth;NewSubfileType;Orientation;PhotometricInterpretation;PlanarConfiguration;Predictor;ResolutionUnit;RowsPerStrip;SampleFormat;SamplesPerPixel;StripByteCounts;StripOffsets;XResolution;YResolution,False,False,
NCI_FCCP_10uM_25,gabor,data/in_line_gabor_hologram/NCI_FCCP_10uM_25_gabor.tif,True,1,1024x1024,uint8,5,521160,2026-09-16T09:08:13+00:00,BitsPerSample;Compression;FillOrder;ImageLength;ImageWidth;NewSubfileType;Orientation;PhotometricInterpretation;PlanarConfiguration;Predictor;ResolutionUnit;RowsPerStrip;SampleFormat;SamplesPerPixel;StripByteCounts;StripOffsets;XResolution;YResolution,False,False,
NCI_FCCP_10uM_25,phase,data/phase/NCI_FCCP_10uM_25_phase.bin,True,,900x900,float32,,3240023,,,,,0.2848713904768374/0.21199439004249143
NCI_FCCP_10uM_26,off_axis,data/off_axis_hologram/NCI_FCCP_10uM_26_holo.tif,True,1,1024x1024,uint8,5,1222150,2026-09-16T09:09:50+00:00,BitsPerSample;Compression;FillOrder;ImageLength;ImageWidth;NewSubfileType;Orientation;PhotometricInterpretation;PlanarConfiguration;Predictor;ResolutionUnit;RowsPerStrip;SampleFormat;SamplesPerPixel;StripByteCounts;StripOffsets;XResolution;YResolution,False,False,
NCI_FCCP_10uM_26,gabor,data/in_line_gabor_hologram/NCI_FCCP_10uM_26_gabor.tif,True,1,1024x1024,uint8,5,555780,2026-09-16T09:08:13+00:00,BitsPerSample;Compression;FillOrder;ImageLength;ImageWidth;NewSubfileType;Orientation;PhotometricInterpretation;PlanarConfiguration;Predictor;ResolutionUnit;RowsPerStrip;SampleFormat;SamplesPerPixel;StripByteCounts;StripOffsets;XResolution;YResolution,False,False,
NCI_FCCP_10uM_26,phase,data/phase/NCI_FCCP_10uM_26_phase.bin,True,,900x900,float32,,3240023,,,,,0.2848713904768374/0.21199439004249143
NCI_FCCP_10uM_27,off_axis,data/off_axis_hologram/NCI_FCCP_10uM_27_holo.tif,True,1,1024x1024,uint8,5,1217418,2026-09-16T09:09:50+00:00,BitsPerSample;Compression;FillOrder;ImageLength;ImageWidth;NewSubfileType;Orientation;PhotometricInterpretation;PlanarConfiguration;Predictor;ResolutionUnit;RowsPerStrip;SampleFormat;SamplesPerPixel;StripByteCounts;StripOffsets;XResolution;YResolution,False,False,
NCI_FCCP_10uM_27,gabor,data/in_line_gabor_hologram/NCI_FCCP_10uM_27_gabor.tif,True,1,1024x1024,uint8,5,548824,2026-09-16T09:08:13+00:00,BitsPerSample;Compression;FillOrder;ImageLength;ImageWidth;NewSubfileType;Orientation;PhotometricInterpretation;PlanarConfiguration;Predictor;ResolutionUnit;RowsPerStrip;SampleFormat;SamplesPerPixel;StripByteCounts;StripOffsets;XResolution;YResolution,False,False,
NCI_FCCP_10uM_27,phase,data/phase/NCI_FCCP_10uM_27_phase.bin,True,,900x900,float32,,3240023,,,,,0.2848713904768374/0.21199439004249143
NCI_FCCP_10uM_28,off_axis,data/off_axis_hologram/NCI_FCCP_10uM_28_holo.tif,True,1,1024x1024,uint8,5,1212342,2026-09-16T09:09:50+00:00,BitsPerSample;Compression;FillOrder;ImageLength;ImageWidth;NewSubfileType;Orientation;PhotometricInterpretation;PlanarConfiguration;Predictor;ResolutionUnit;RowsPerStrip;SampleFormat;SamplesPerPixel;StripByteCounts;StripOffsets;XResolution;YResolution,False,False,
NCI_FCCP_10uM_28,gabor,data/in_line_gabor_hologram/NCI_FCCP_10uM_28_gabor.tif,True,1,1024x1024,uint8,5,519994,2026-09-16T09:08:13+00:00,BitsPerSample;Compression;FillOrder;ImageLength;ImageWidth;NewSubfileType;Orientation;PhotometricInterpretation;PlanarConfiguration;Predictor;ResolutionUnit;RowsPerStrip;SampleFormat;SamplesPerPixel;StripByteCounts;StripOffsets;XResolution;YResolution,False,False,
NCI_FCCP_10uM_28,phase,data/phase/NCI_FCCP_10uM_28_phase.bin,True,,900x900,float32,,3240023,,,,,0.2848713904768374/0.21199439004249143
NCI_FCCP_10uM_29,off_axis,data/off_axis_hologram/NCI_FCCP_10uM_29_holo.tif,True,1,1024x1024,uint8,5,1224536,2026-09-16T09:09:50+00:00,BitsPerSample;Compression;FillOrder;ImageLength;ImageWidth;NewSubfileType;Orientation;PhotometricInterpretation;PlanarConfiguration;Predictor;ResolutionUnit;RowsPerStrip;SampleFormat;SamplesPerPixel;StripByteCounts;StripOffsets;XResolution;YResolution,False,False,
NCI_FCCP_10uM_29,gabor,data/in_line_gabor_hologram/NCI_FCCP_10uM_29_gabor.tif,True,1,1024x1024,uint8,5,542322,2026-09-16T09:08:13+00:00,BitsPerSample;Compression;FillOrder;ImageLength;ImageWidth;NewSubfileType;Orientation;PhotometricInterpretation;PlanarConfiguration;Predictor;ResolutionUnit;RowsPerStrip;SampleFormat;SamplesPerPixel;StripByteCounts;StripOffsets;XResolution;YResolution,False,False,
NCI_FCCP_10uM_29,phase,data/phase/NCI_FCCP_10uM_29_phase.bin,True,,900x900,float32,,3240023,,,,,0.2848713904768374/0.21199439004249143
NCI_FCCP_10uM_30,off_axis,data/off_axis_hologram/NCI_FCCP_10uM_30_holo.tif,True,1,1024x1024,uint8,5,1218568,2026-09-16T09:09:50+00:00,BitsPerSample;Compression;FillOrder;ImageLength;ImageWidth;NewSubfileType;Orientation;PhotometricInterpretation;PlanarConfiguration;Predictor;ResolutionUnit;RowsPerStrip;SampleFormat;SamplesPerPixel;StripByteCounts;StripOffsets;XResolution;YResolution,False,False,
NCI_FCCP_10uM_30,gabor,data/in_line_gabor_hologram/NCI_FCCP_10uM_30_gabor.tif,True,1,1024x1024,uint8,5,543078,2026-09-16T09:08:13+00:00,BitsPerSample;Compression;FillOrder;ImageLength;ImageWidth;NewSubfileType;Orientation;PhotometricInterpretation;PlanarConfiguration;Predictor;ResolutionUnit;RowsPerStrip;SampleFormat;SamplesPerPixel;StripByteCounts;StripOffsets;XResolution;YResolution,False,False,
NCI_FCCP_10uM_30,phase,data/phase/NCI_FCCP_10uM_30_phase.bin,True,,900x900,float32,,3240023,,,,,0.2848713904768374/0.21199439004249143
NCI_FCCP_10uM_31,off_axis,data/off_axis_hologram/NCI_FCCP_10uM_31_holo.tif,True,1,1024x1024,uint8,5,1212398,2026-09-16T09:09:50+00:00,BitsPerSample;Compression;FillOrder;ImageLength;ImageWidth;NewSubfileType;Orientation;PhotometricInterpretation;PlanarConfiguration;Predictor;ResolutionUnit;RowsPerStrip;SampleFormat;SamplesPerPixel;StripByteCounts;StripOffsets;XResolution;YResolution,False,False,
NCI_FCCP_10uM_31,gabor,data/in_line_gabor_hologram/NCI_FCCP_10uM_31_gabor.tif,True,1,1024x1024,uint8,5,546476,2026-09-16T09:08:13+00:00,BitsPerSample;Compression;FillOrder;ImageLength;ImageWidth;NewSubfileType;Orientation;PhotometricInterpretation;PlanarConfiguration;Predictor;ResolutionUnit;RowsPerStrip;SampleFormat;SamplesPerPixel;StripByteCounts;StripOffsets;XResolution;YResolution,False,False,
NCI_FCCP_10uM_31,phase,data/phase/NCI_FCCP_10uM_31_phase.bin,True,,900x900,float32,,3240023,,,,,0.2848713904768374/0.21199439004249143
NCI_FCCP_10uM_32,off_axis,data/off_axis_hologram/NCI_FCCP_10uM_32_holo.tif,True,1,1024x1024,uint8,5,1228858,2026-09-16T09:09:50+00:00,BitsPerSample;Compression;FillOrder;ImageLength;ImageWidth;NewSubfileType;Orientation;PhotometricInterpretation;PlanarConfiguration;Predictor;ResolutionUnit;RowsPerStrip;SampleFormat;SamplesPerPixel;StripByteCounts;StripOffsets;XResolution;YResolution,False,False,
NCI_FCCP_10uM_32,gabor,data/in_line_gabor_hologram/NCI_FCCP_10uM_32_gabor.tif,True,1,1024x1024,uint8,5,573418,2026-09-16T09:08:13+00:00,BitsPerSample;Compression;FillOrder;ImageLength;ImageWidth;NewSubfileType;Orientation;PhotometricInterpretation;PlanarConfiguration;Predictor;ResolutionUnit;RowsPerStrip;SampleFormat;SamplesPerPixel;StripByteCounts;StripOffsets;XResolution;YResolution,False,False,
NCI_FCCP_10uM_32,phase,data/phase/NCI_FCCP_10uM_32_phase.bin,True,,900x900,float32,,3240023,,,,,0.2848713904768374/0.21199439004249143
NCI_FCCP_10uM_33,off_axis,data/off_axis_hologram/NCI_FCCP_10uM_33_holo.tif,True,1,1024x1024,uint8,5,1223440,2026-09-16T09:09:50+00:00,BitsPerSample;Compression;FillOrder;ImageLength;ImageWidth;NewSubfileType;Orientation;PhotometricInterpretation;PlanarConfiguration;Predictor;ResolutionUnit;RowsPerStrip;SampleFormat;SamplesPerPixel;StripByteCounts;StripOffsets;XResolution;YResolution,False,False,
NCI_FCCP_10uM_33,gabor,data/in_line_gabor_hologram/NCI_FCCP_10uM_33_gabor.tif,True,1,1024x1024,uint8,5,563378,2026-09-16T09:08:13+00:00,BitsPerSample;Compression;FillOrder;ImageLength;ImageWidth;NewSubfileType;Orientation;PhotometricInterpretation;PlanarConfiguration;Predictor;ResolutionUnit;RowsPerStrip;SampleFormat;SamplesPerPixel;StripByteCounts;StripOffsets;XResolution;YResolution,False,False,
NCI_FCCP_10uM_33,phase,data/phase/NCI_FCCP_10uM_33_phase.bin,True,,900x900,float32,,3240023,,,,,0.2848713904768374/0.21199439004249143
NCI_FCCP_10uM_34,off_axis,data/off_axis_hologram/NCI_FCCP_10uM_34_holo.tif,True,1,1024x1024,uint8,5,1225002,2026-09-16T09:09:50+00:00,BitsPerSample;Compression;FillOrder;ImageLength;ImageWidth;NewSubfileType;Orientation;PhotometricInterpretation;PlanarConfiguration;Predictor;ResolutionUnit;RowsPerStrip;SampleFormat;SamplesPerPixel;StripByteCounts;StripOffsets;XResolution;YResolution,False,False,
NCI_FCCP_10uM_34,gabor,data/in_line_gabor_hologram/NCI_FCCP_10uM_34_gabor.tif,True,1,1024x1024,uint8,5,558292,2026-09-16T09:08:13+00:00,BitsPerSample;Compression;FillOrder;ImageLength;ImageWidth;NewSubfileType;Orientation;PhotometricInterpretation;PlanarConfiguration;Predictor;ResolutionUnit;RowsPerStrip;SampleFormat;SamplesPerPixel;StripByteCounts;StripOffsets;XResolution;YResolution,False,False,
NCI_FCCP_10uM_34,phase,data/phase/NCI_FCCP_10uM_34_phase.bin,True,,900x900,float32,,3240023,,,,,0.2848713904768374/0.21199439004249143
NCI_FCCP_10uM_35,off_axis,data/off_axis_hologram/NCI_FCCP_10uM_35_holo.tif,True,1,1024x1024,uint8,5,1212924,2026-09-16T09:09:51+00:00,BitsPerSample;Compression;FillOrder;ImageLength;ImageWidth;NewSubfileType;Orientation;PhotometricInterpretation;PlanarConfiguration;Predictor;ResolutionUnit;RowsPerStrip;SampleFormat;SamplesPerPixel;StripByteCounts;StripOffsets;XResolution;YResolution,False,False,
NCI_FCCP_10uM_35,gabor,data/in_line_gabor_hologram/NCI_FCCP_10uM_35_gabor.tif,True,1,1024x1024,uint8,5,527226,2026-09-16T09:08:13+00:00,BitsPerSample;Compression;FillOrder;ImageLength;ImageWidth;NewSubfileType;Orientation;PhotometricInterpretation;PlanarConfiguration;Predictor;ResolutionUnit;RowsPerStrip;SampleFormat;SamplesPerPixel;StripByteCounts;StripOffsets;XResolution;YResolution,False,False,
NCI_FCCP_10uM_35,phase,data/phase/NCI_FCCP_10uM_35_phase.bin,True,,900x900,float32,,3240023,,,,,0.2848713904768374/0.21199439004249143
NCI_FCCP_10uM_36,off_axis,data/off_axis_hologram/NCI_FCCP_10uM_36_holo.tif,True,1,1024x1024,uint8,5,1214216,2026-09-16T09:09:51+00:00,BitsPerSample;Compression;FillOrder;ImageLength;ImageWidth;NewSubfileType;Orientation;PhotometricInterpretation;PlanarConfiguration;Predictor;ResolutionUnit;RowsPerStrip;SampleFormat;SamplesPerPixel;StripByteCounts;StripOffsets;XResolution;YResolution,False,False,
NCI_FCCP_10uM_36,gabor,data/in_line_gabor_hologram/NCI_FCCP_10uM_36_gabor.tif,True,1,1024x1024,uint8,5,545788,2026-09-16T09:08:13+00:00,BitsPerSample;Compression;FillOrder;ImageLength;ImageWidth;NewSubfileType;Orientation;PhotometricInterpretation;PlanarConfiguration;Predictor;ResolutionUnit;RowsPerStrip;SampleFormat;SamplesPerPixel;StripByteCounts;StripOffsets;XResolution;YResolution,False,False,
NCI_FCCP_10uM_36,phase,data/phase/NCI_FCCP_10uM_36_phase.bin,True,,900x900,float32,,3240023,,,,,0.2848713904768374/0.21199439004249143
NCI_FCCP_10uM_37,off_axis,data/off_axis_hologram/NCI_FCCP_10uM_37_holo.tif,True,1,1024x1024,uint8,5,1216812,2026-09-16T09:09:51+00:00,BitsPerSample;Compression;FillOrder;ImageLength;ImageWidth;NewSubfileType;Orientation;PhotometricInterpretation;PlanarConfiguration;Predictor;ResolutionUnit;RowsPerStrip;SampleFormat;SamplesPerPixel;StripByteCounts;StripOffsets;XResolution;YResolution,False,False,
NCI_FCCP_10uM_37,gabor,data/in_line_gabor_hologram/NCI_FCCP_10uM_37_gabor.tif,True,1,1024x1024,uint8,5,544808,2026-09-16T09:08:13+00:00,BitsPerSample;Compression;FillOrder;ImageLength;ImageWidth;NewSubfileType;Orientation;PhotometricInterpretation;PlanarConfiguration;Predictor;ResolutionUnit;RowsPerStrip;SampleFormat;SamplesPerPixel;StripByteCounts;StripOffsets;XResolution;YResolution,False,False,
NCI_FCCP_10uM_37,phase,data/phase/NCI_FCCP_10uM_37_phase.bin,True,,900x900,float32,,3240023,,,,,0.2848713904768374/0.21199439004249143
NCI_FCCP_10uM_38,off_axis,data/off_axis_hologram/NCI_FCCP_10uM_38_holo.tif,True,1,1024x1024,uint8,5,1223220,2026-09-16T09:09:51+00:00,BitsPerSample;Compression;FillOrder;ImageLength;ImageWidth;NewSubfileType;Orientation;PhotometricInterpretation;PlanarConfiguration;Predictor;ResolutionUnit;RowsPerStrip;SampleFormat;SamplesPerPixel;StripByteCounts;StripOffsets;XResolution;YResolution,False,False,
NCI_FCCP_10uM_38,gabor,data/in_line_gabor_hologram/NCI_FCCP_10uM_38_gabor.tif,True,1,1024x1024,uint8,5,581654,2026-09-16T09:08:13+00:00,BitsPerSample;Compression;FillOrder;ImageLength;ImageWidth;NewSubfileType;Orientation;PhotometricInterpretation;PlanarConfiguration;Predictor;ResolutionUnit;RowsPerStrip;SampleFormat;SamplesPerPixel;StripByteCounts;StripOffsets;XResolution;YResolution,False,False,
NCI_FCCP_10uM_38,phase,data/phase/NCI_FCCP_10uM_38_phase.bin,True,,900x900,float32,,3240023,,,,,0.2848713904768374/0.21199439004249143
NCI_FCCP_10uM_39,off_axis,data/off_axis_hologram/NCI_FCCP_10uM_39_holo.tif,True,1,1024x1024,uint8,5,1225318,2026-09-16T09:09:51+00:00,BitsPerSample;Compression;FillOrder;ImageLength;ImageWidth;NewSubfileType;Orientation;PhotometricInterpretation;PlanarConfiguration;Predictor;ResolutionUnit;RowsPerStrip;SampleFormat;SamplesPerPixel;StripByteCounts;StripOffsets;XResolution;YResolution,False,False,
NCI_FCCP_10uM_39,gabor,data/in_line_gabor_hologram/NCI_FCCP_10uM_39_gabor.tif,True,1,1024x1024,uint8,5,573028,2026-09-16T09:08:13+00:00,BitsPerSample;Compression;FillOrder;ImageLength;ImageWidth;NewSubfileType;Orientation;PhotometricInterpretation;PlanarConfiguration;Predictor;ResolutionUnit;RowsPerStrip;SampleFormat;SamplesPerPixel;StripByteCounts;StripOffsets;XResolution;YResolution,False,False,
NCI_FCCP_10uM_39,phase,data/phase/NCI_FCCP_10uM_39_phase.bin,True,,900x900,float32,,3240023,,,,,0.2848713904768374/0.21199439004249143
NCI_FCCP_10uM_40,off_axis,data/off_axis_hologram/NCI_FCCP_10uM_40_holo.tif,True,1,1024x1024,uint8,5,1232682,2026-09-16T09:09:51+00:00,BitsPerSample;Compression;FillOrder;ImageLength;ImageWidth;NewSubfileType;Orientation;PhotometricInterpretation;PlanarConfiguration;Predictor;ResolutionUnit;RowsPerStrip;SampleFormat;SamplesPerPixel;StripByteCounts;StripOffsets;XResolution;YResolution,False,False,
NCI_FCCP_10uM_40,gabor,data/in_line_gabor_hologram/NCI_FCCP_10uM_40_gabor.tif,True,1,1024x1024,uint8,5,584950,2026-09-16T09:08:13+00:00,BitsPerSample;Compression;FillOrder;ImageLength;ImageWidth;NewSubfileType;Orientation;PhotometricInterpretation;PlanarConfiguration;Predictor;ResolutionUnit;RowsPerStrip;SampleFormat;SamplesPerPixel;StripByteCounts;StripOffsets;XResolution;YResolution,False,False,
NCI_FCCP_10uM_40,phase,data/phase/NCI_FCCP_10uM_40_phase.bin,True,,900x900,float32,,3240023,,,,,0.2848713904768374/0.21199439004249143
NCI_FCCP_10uM_41,off_axis,data/off_axis_hologram/NCI_FCCP_10uM_41_holo.tif,True,1,1024x1024,uint8,5,1219532,2026-09-16T09:09:51+00:00,BitsPerSample;Compression;FillOrder;ImageLength;ImageWidth;NewSubfileType;Orientation;PhotometricInterpretation;PlanarConfiguration;Predictor;ResolutionUnit;RowsPerStrip;SampleFormat;SamplesPerPixel;StripByteCounts;StripOffsets;XResolution;YResolution,False,False,
NCI_FCCP_10uM_41,gabor,data/in_line_gabor_hologram/NCI_FCCP_10uM_41_gabor.tif,True,1,1024x1024,uint8,5,560696,2026-09-16T09:08:13+00:00,BitsPerSample;Compression;FillOrder;ImageLength;ImageWidth;NewSubfileType;Orientation;PhotometricInterpretation;PlanarConfiguration;Predictor;ResolutionUnit;RowsPerStrip;SampleFormat;SamplesPerPixel;StripByteCounts;StripOffsets;XResolution;YResolution,False,False,
NCI_FCCP_10uM_41,phase,data/phase/NCI_FCCP_10uM_41_phase.bin,True,,900x900,float32,,3240023,,,,,0.2848713904768374/0.21199439004249143
NCI_FCCP_10uM_42,off_axis,data/off_axis_hologram/NCI_FCCP_10uM_42_holo.tif,True,1,1024x1024,uint8,5,1219400,2026-09-16T09:09:51+00:00,BitsPerSample;Compression;FillOrder;ImageLength;ImageWidth;NewSubfileType;Orientation;PhotometricInterpretation;PlanarConfiguration;Predictor;ResolutionUnit;RowsPerStrip;SampleFormat;SamplesPerPixel;StripByteCounts;StripOffsets;XResolution;YResolution,False,False,
NCI_FCCP_10uM_42,gabor,data/in_line_gabor_hologram/NCI_FCCP_10uM_42_gabor.tif,True,1,1024x1024,uint8,5,572076,2026-09-16T09:08:13+00:00,BitsPerSample;Compression;FillOrder;ImageLength;ImageWidth;NewSubfileType;Orientation;PhotometricInterpretation;PlanarConfiguration;Predictor;ResolutionUnit;RowsPerStrip;SampleFormat;SamplesPerPixel;StripByteCounts;StripOffsets;XResolution;YResolution,False,False,
NCI_FCCP_10uM_42,phase,data/phase/NCI_FCCP_10uM_42_phase.bin,True,,900x900,float32,,3240023,,,,,0.2848713904768374/0.21199439004249143
NCI_FCCP_10uM_43,off_axis,data/off_axis_hologram/NCI_FCCP_10uM_43_holo.tif,True,1,1024x1024,uint8,5,1218154,2026-09-16T09:09:51+00:00,BitsPerSample;Compression;FillOrder;ImageLength;ImageWidth;NewSubfileType;Orientation;PhotometricInterpretation;PlanarConfiguration;Predictor;ResolutionUnit;RowsPerStrip;SampleFormat;SamplesPerPixel;StripByteCounts;StripOffsets;XResolution;YResolution,False,False,
NCI_FCCP_10uM_43,gabor,data/in_line_gabor_hologram/NCI_FCCP_10uM_43_gabor.tif,True,1,1024x1024,uint8,5,552850,2026-09-16T09:08:13+00:00,BitsPerSample;Compression;FillOrder;ImageLength;ImageWidth;NewSubfileType;Orientation;PhotometricInterpretation;PlanarConfiguration;Predictor;ResolutionUnit;RowsPerStrip;SampleFormat;SamplesPerPixel;StripByteCounts;StripOffsets;XResolution;YResolution,False,False,
NCI_FCCP_10uM_43,phase,data/phase/NCI_FCCP_10uM_43_phase.bin,True,,900x900,float32,,3240023,,,,,0.2848713904768374/0.21199439004249143
NCI_FCCP_10uM_44,off_axis,data/off_axis_hologram/NCI_FCCP_10uM_44_holo.tif,True,1,1024x1024,uint8,5,1213792,2026-09-16T09:09:51+00:00,BitsPerSample;Compression;FillOrder;ImageLength;ImageWidth;NewSubfileType;Orientation;PhotometricInterpretation;PlanarConfiguration;Predictor;ResolutionUnit;RowsPerStrip;SampleFormat;SamplesPerPixel;StripByteCounts;StripOffsets;XResolution;YResolution,False,False,
NCI_FCCP_10uM_44,gabor,data/in_line_gabor_hologram/NCI_FCCP_10uM_44_gabor.tif,True,1,1024x1024,uint8,5,540410,2026-09-16T09:08:13+00:00,BitsPerSample;Compression;FillOrder;ImageLength;ImageWidth;NewSubfileType;Orientation;PhotometricInterpretation;PlanarConfiguration;Predictor;ResolutionUnit;RowsPerStrip;SampleFormat;SamplesPerPixel;StripByteCounts;StripOffsets;XResolution;YResolution,False,False,
NCI_FCCP_10uM_44,phase,data/phase/NCI_FCCP_10uM_44_phase.bin,True,,900x900,float32,,3240023,,,,,0.2848713904768374/0.21199439004249143
NCI_FCCP_10uM_45,off_axis,data/off_axis_hologram/NCI_FCCP_10uM_45_holo.tif,True,1,1024x1024,uint8,5,1211478,2026-09-16T09:09:51+00:00,BitsPerSample;Compression;FillOrder;ImageLength;ImageWidth;NewSubfileType;Orientation;PhotometricInterpretation;PlanarConfiguration;Predictor;ResolutionUnit;RowsPerStrip;SampleFormat;SamplesPerPixel;StripByteCounts;StripOffsets;XResolution;YResolution,False,False,
NCI_FCCP_10uM_45,gabor,data/in_line_gabor_hologram/NCI_FCCP_10uM_45_gabor.tif,True,1,1024x1024,uint8,5,534388,2026-09-16T09:08:13+00:00,BitsPerSample;Compression;FillOrder;ImageLength;ImageWidth;NewSubfileType;Orientation;PhotometricInterpretation;PlanarConfiguration;Predictor;ResolutionUnit;RowsPerStrip;SampleFormat;SamplesPerPixel;StripByteCounts;StripOffsets;XResolution;YResolution,False,False,
NCI_FCCP_10uM_45,phase,data/phase/NCI_FCCP_10uM_45_phase.bin,True,,900x900,float32,,3240023,,,,,0.2848713904768374/0.21199439004249143
NCI_FCCP_10uM_46,off_axis,data/off_axis_hologram/NCI_FCCP_10uM_46_holo.tif,True,1,1024x1024,uint8,5,1211172,2026-09-16T09:09:51+00:00,BitsPerSample;Compression;FillOrder;ImageLength;ImageWidth;NewSubfileType;Orientation;PhotometricInterpretation;PlanarConfiguration;Predictor;ResolutionUnit;RowsPerStrip;SampleFormat;SamplesPerPixel;StripByteCounts;StripOffsets;XResolution;YResolution,False,False,
NCI_FCCP_10uM_46,gabor,data/in_line_gabor_hologram/NCI_FCCP_10uM_46_gabor.tif,True,1,1024x1024,uint8,5,540154,2026-09-16T09:08:13+00:00,BitsPerSample;Compression;FillOrder;ImageLength;ImageWidth;NewSubfileType;Orientation;PhotometricInterpretation;PlanarConfiguration;Predictor;ResolutionUnit;RowsPerStrip;SampleFormat;SamplesPerPixel;StripByteCounts;StripOffsets;XResolution;YResolution,False,False,
NCI_FCCP_10uM_46,phase,data/phase/NCI_FCCP_10uM_46_phase.bin,True,,900x900,float32,,3240023,,,,,0.2848713904768374/0.21199439004249143
NCI_FCCP_10uM_47,off_axis,data/off_axis_hologram/NCI_FCCP_10uM_47_holo.tif,True,1,1024x1024,uint8,5,1214130,2026-09-16T09:09:51+00:00,BitsPerSample;Compression;FillOrder;ImageLength;ImageWidth;NewSubfileType;Orientation;PhotometricInterpretation;PlanarConfiguration;Predictor;ResolutionUnit;RowsPerStrip;SampleFormat;SamplesPerPixel;StripByteCounts;StripOffsets;XResolution;YResolution,False,False,
NCI_FCCP_10uM_47,gabor,data/in_line_gabor_hologram/NCI_FCCP_10uM_47_gabor.tif,True,1,1024x1024,uint8,5,536976,2026-09-16T09:08:13+00:00,BitsPerSample;Compression;FillOrder;ImageLength;ImageWidth;NewSubfileType;Orientation;PhotometricInterpretation;PlanarConfiguration;Predictor;ResolutionUnit;RowsPerStrip;SampleFormat;SamplesPerPixel;StripByteCounts;StripOffsets;XResolution;YResolution,False,False,
NCI_FCCP_10uM_47,phase,data/phase/NCI_FCCP_10uM_47_phase.bin,True,,900x900,float32,,3240023,,,,,0.2848713904768374/0.21199439004249143
NCI_FCCP_10uM_48,off_axis,data/off_axis_hologram/NCI_FCCP_10uM_48_holo.tif,True,1,1024x1024,uint8,5,1209648,2026-09-16T09:09:51+00:00,BitsPerSample;Compression;FillOrder;ImageLength;ImageWidth;NewSubfileType;Orientation;PhotometricInterpretation;PlanarConfiguration;Predictor;ResolutionUnit;RowsPerStrip;SampleFormat;SamplesPerPixel;StripByteCounts;StripOffsets;XResolution;YResolution,False,False,
NCI_FCCP_10uM_48,gabor,data/in_line_gabor_hologram/NCI_FCCP_10uM_48_gabor.tif,True,1,1024x1024,uint8,5,552814,2026-09-16T09:08:13+00:00,BitsPerSample;Compression;FillOrder;ImageLength;ImageWidth;NewSubfileType;Orientation;PhotometricInterpretation;PlanarConfiguration;Predictor;ResolutionUnit;RowsPerStrip;SampleFormat;SamplesPerPixel;StripByteCounts;StripOffsets;XResolution;YResolution,False,False,
NCI_FCCP_10uM_48,phase,data/phase/NCI_FCCP_10uM_48_phase.bin,True,,900x900,float32,,3240023,,,,,0.2848713904768374/0.21199439004249143
NCI_FCCP_10uM_49,off_axis,data/off_axis_hologram/NCI_FCCP_10uM_49_holo.tif,True,1,1024x1024,uint8,5,1207550,2026-09-16T09:09:51+00:00,BitsPerSample;Compression;FillOrder;ImageLength;ImageWidth;NewSubfileType;Orientation;PhotometricInterpretation;PlanarConfiguration;Predictor;ResolutionUnit;RowsPerStrip;SampleFormat;SamplesPerPixel;StripByteCounts;StripOffsets;XResolution;YResolution,False,False,
NCI_FCCP_10uM_49,gabor,data/in_line_gabor_hologram/NCI_FCCP_10uM_49_gabor.tif,True,1,1024x1024,uint8,5,527748,2026-09-16T09:08:13+00:00,BitsPerSample;Compression;FillOrder;ImageLength;ImageWidth;NewSubfileType;Orientation;PhotometricInterpretation;PlanarConfiguration;Predictor;ResolutionUnit;RowsPerStrip;SampleFormat;SamplesPerPixel;StripByteCounts;StripOffsets;XResolution;YResolution,False,False,
NCI_FCCP_10uM_49,phase,data/phase/NCI_FCCP_10uM_49_phase.bin,True,,900x900,float32,,3240023,,,,,0.2848713904768374/0.21199439004249143
NCI_FCCP_10uM_50,off_axis,data/off_axis_hologram/NCI_FCCP_10uM_50_holo.tif,True,1,1024x1024,uint8,5,1206076,2026-09-16T09:09:51+00:00,BitsPerSample;Compression;FillOrder;ImageLength;ImageWidth;NewSubfileType;Orientation;PhotometricInterpretation;PlanarConfiguration;Predictor;ResolutionUnit;RowsPerStrip;SampleFormat;SamplesPerPixel;StripByteCounts;StripOffsets;XResolution;YResolution,False,False,
NCI_FCCP_10uM_50,gabor,data/in_line_gabor_hologram/NCI_FCCP_10uM_50_gabor.tif,True,1,1024x1024,uint8,5,527974,2026-09-16T09:08:13+00:00,BitsPerSample;Compression;FillOrder;ImageLength;ImageWidth;NewSubfileType;Orientation;PhotometricInterpretation;PlanarConfiguration;Predictor;ResolutionUnit;RowsPerStrip;SampleFormat;SamplesPerPixel;StripByteCounts;StripOffsets;XResolution;YResolution,False,False,
NCI_FCCP_10uM_50,phase,data/phase/NCI_FCCP_10uM_50_phase.bin,True,,900x900,float32,,3240023,,,,,0.2848713904768374/0.21199439004249143
NCI_Staurosporine_100nM_01,off_axis,data/off_axis_hologram/NCI_Staurosporine_100nM_01_holo.tif,True,1,1024x1024,uint8,5,1214602,2026-09-16T09:09:51+00:00,BitsPerSample;Compression;FillOrder;ImageLength;ImageWidth;NewSubfileType;Orientation;PhotometricInterpretation;PlanarConfiguration;Predictor;ResolutionUnit;RowsPerStrip;SampleFormat;SamplesPerPixel;StripByteCounts;StripOffsets;XResolution;YResolution,False,False,
NCI_Staurosporine_100nM_01,gabor,data/in_line_gabor_hologram/NCI_Staurosporine_100nM_01_gabor.tif,True,1,1024x1024,uint8,5,566978,2026-09-16T09:08:14+00:00,BitsPerSample;Compression;FillOrder;ImageLength;ImageWidth;NewSubfileType;Orientation;PhotometricInterpretation;PlanarConfiguration;Predictor;ResolutionUnit;RowsPerStrip;SampleFormat;SamplesPerPixel;StripByteCounts;StripOffsets;XResolution;YResolution,False,False,
NCI_Staurosporine_100nM_01,phase,data/phase/NCI_Staurosporine_100nM_01_phase.bin,True,,900x900,float32,,3240023,,,,,0.2848713904768374/0.21199439004249143
NCI_Staurosporine_100nM_02,off_axis,data/off_axis_hologram/NCI_Staurosporine_100nM_02_holo.tif,True,1,1024x1024,uint8,5,1218068,2026-09-16T09:09:51+00:00,BitsPerSample;Compression;FillOrder;ImageLength;ImageWidth;NewSubfileType;Orientation;PhotometricInterpretation;PlanarConfiguration;Predictor;ResolutionUnit;RowsPerStrip;SampleFormat;SamplesPerPixel;StripByteCounts;StripOffsets;XResolution;YResolution,False,False,
NCI_Staurosporine_100nM_02,gabor,data/in_line_gabor_hologram/NCI_Staurosporine_100nM_02_gabor.tif,True,1,1024x1024,uint8,5,561044,2026-09-16T09:08:14+00:00,BitsPerSample;Compression;FillOrder;ImageLength;ImageWidth;NewSubfileType;Orientation;PhotometricInterpretation;PlanarConfiguration;Predictor;ResolutionUnit;RowsPerStrip;SampleFormat;SamplesPerPixel;StripByteCounts;StripOffsets;XResolution;YResolution,False,False,
NCI_Staurosporine_100nM_02,phase,data/phase/NCI_Staurosporine_100nM_02_phase.bin,True,,900x900,float32,,3240023,,,,,0.2848713904768374/0.21199439004249143
NCI_Staurosporine_100nM_03,off_axis,data/off_axis_hologram/NCI_Staurosporine_100nM_03_holo.tif,True,1,1024x1024,uint8,5,1224828,2026-09-16T09:09:51+00:00,BitsPerSample;Compression;FillOrder;ImageLength;ImageWidth;NewSubfileType;Orientation;PhotometricInterpretation;PlanarConfiguration;Predictor;ResolutionUnit;RowsPerStrip;SampleFormat;SamplesPerPixel;StripByteCounts;StripOffsets;XResolution;YResolution,False,False,
NCI_Staurosporine_100nM_03,gabor,data/in_line_gabor_hologram/NCI_Staurosporine_100nM_03_gabor.tif,True,1,1024x1024,uint8,5,568430,2026-09-16T09:08:14+00:00,BitsPerSample;Compression;FillOrder;ImageLength;ImageWidth;NewSubfileType;Orientation;PhotometricInterpretation;PlanarConfiguration;Predictor;ResolutionUnit;RowsPerStrip;SampleFormat;SamplesPerPixel;StripByteCounts;StripOffsets;XResolution;YResolution,False,False,
NCI_Staurosporine_100nM_03,phase,data/phase/NCI_Staurosporine_100nM_03_phase.bin,True,,900x900,float32,,3240023,,,,,0.2848713904768374/0.21199439004249143
NCI_Staurosporine_100nM_04,off_axis,data/off_axis_hologram/NCI_Staurosporine_100nM_04_holo.tif,True,1,1024x1024,uint8,5,1233984,2026-09-16T09:09:51+00:00,BitsPerSample;Compression;FillOrder;ImageLength;ImageWidth;NewSubfileType;Orientation;PhotometricInterpretation;PlanarConfiguration;Predictor;ResolutionUnit;RowsPerStrip;SampleFormat;SamplesPerPixel;StripByteCounts;StripOffsets;XResolution;YResolution,False,False,
NCI_Staurosporine_100nM_04,gabor,data/in_line_gabor_hologram/NCI_Staurosporine_100nM_04_gabor.tif,True,1,1024x1024,uint8,5,589422,2026-09-16T09:08:14+00:00,BitsPerSample;Compression;FillOrder;ImageLength;ImageWidth;NewSubfileType;Orientation;PhotometricInterpretation;PlanarConfiguration;Predictor;ResolutionUnit;RowsPerStrip;SampleFormat;SamplesPerPixel;StripByteCounts;StripOffsets;XResolution;YResolution,False,False,
NCI_Staurosporine_100nM_04,phase,data/phase/NCI_Staurosporine_100nM_04_phase.bin,True,,900x900,float32,,3240023,,,,,0.2848713904768374/0.21199439004249143
NCI_Staurosporine_100nM_05,off_axis,data/off_axis_hologram/NCI_Staurosporine_100nM_05_holo.tif,True,1,1024x1024,uint8,5,1224772,2026-09-16T09:09:51+00:00,BitsPerSample;Compression;FillOrder;ImageLength;ImageWidth;NewSubfileType;Orientation;PhotometricInterpretation;PlanarConfiguration;Predictor;ResolutionUnit;RowsPerStrip;SampleFormat;SamplesPerPixel;StripByteCounts;StripOffsets;XResolution;YResolution,False,False,
NCI_Staurosporine_100nM_05,gabor,data/in_line_gabor_hologram/NCI_Staurosporine_100nM_05_gabor.tif,True,1,1024x1024,uint8,5,564010,2026-09-16T09:08:14+00:00,BitsPerSample;Compression;FillOrder;ImageLength;ImageWidth;NewSubfileType;Orientation;PhotometricInterpretation;PlanarConfiguration;Predictor;ResolutionUnit;RowsPerStrip;SampleFormat;SamplesPerPixel;StripByteCounts;StripOffsets;XResolution;YResolution,False,False,
NCI_Staurosporine_100nM_05,phase,data/phase/NCI_Staurosporine_100nM_05_phase.bin,True,,900x900,float32,,3240023,,,,,0.2848713904768374/0.21199439004249143
NCI_Staurosporine_100nM_06,off_axis,data/off_axis_hologram/NCI_Staurosporine_100nM_06_holo.tif,True,1,1024x1024,uint8,5,1223922,2026-09-16T09:09:51+00:00,BitsPerSample;Compression;FillOrder;ImageLength;ImageWidth;NewSubfileType;Orientation;PhotometricInterpretation;PlanarConfiguration;Predictor;ResolutionUnit;RowsPerStrip;SampleFormat;SamplesPerPixel;StripByteCounts;StripOffsets;XResolution;YResolution,False,False,
NCI_Staurosporine_100nM_06,gabor,data/in_line_gabor_hologram/NCI_Staurosporine_100nM_06_gabor.tif,True,1,1024x1024,uint8,5,574388,2026-09-16T09:08:14+00:00,BitsPerSample;Compression;FillOrder;ImageLength;ImageWidth;NewSubfileType;Orientation;PhotometricInterpretation;PlanarConfiguration;Predictor;ResolutionUnit;RowsPerStrip;SampleFormat;SamplesPerPixel;StripByteCounts;StripOffsets;XResolution;YResolution,False,False,
NCI_Staurosporine_100nM_06,phase,data/phase/NCI_Staurosporine_100nM_06_phase.bin,True,,900x900,float32,,3240023,,,,,0.2848713904768374/0.21199439004249143
NCI_Staurosporine_100nM_07,off_axis,data/off_axis_hologram/NCI_Staurosporine_100nM_07_holo.tif,True,1,1024x1024,uint8,5,1221786,2026-09-16T09:09:51+00:00,BitsPerSample;Compression;FillOrder;ImageLength;ImageWidth;NewSubfileType;Orientation;PhotometricInterpretation;PlanarConfiguration;Predictor;ResolutionUnit;RowsPerStrip;SampleFormat;SamplesPerPixel;StripByteCounts;StripOffsets;XResolution;YResolution,False,False,
NCI_Staurosporine_100nM_07,gabor,data/in_line_gabor_hologram/NCI_Staurosporine_100nM_07_gabor.tif,True,1,1024x1024,uint8,5,562800,2026-09-16T09:08:14+00:00,BitsPerSample;Compression;FillOrder;ImageLength;ImageWidth;NewSubfileType;Orientation;PhotometricInterpretation;PlanarConfiguration;Predictor;ResolutionUnit;RowsPerStrip;SampleFormat;SamplesPerPixel;StripByteCounts;StripOffsets;XResolution;YResolution,False,False,
NCI_Staurosporine_100nM_07,phase,data/phase/NCI_Staurosporine_100nM_07_phase.bin,True,,900x900,float32,,3240023,,,,,0.2848713904768374/0.21199439004249143
NCI_Staurosporine_100nM_08,off_axis,data/off_axis_hologram/NCI_Staurosporine_100nM_08_holo.tif,True,1,1024x1024,uint8,5,1221888,2026-09-16T09:09:51+00:00,BitsPerSample;Compression;FillOrder;ImageLength;ImageWidth;NewSubfileType;Orientation;PhotometricInterpretation;PlanarConfiguration;Predictor;ResolutionUnit;RowsPerStrip;SampleFormat;SamplesPerPixel;StripByteCounts;StripOffsets;XResolution;YResolution,False,False,
NCI_Staurosporine_100nM_08,gabor,data/in_line_gabor_hologram/NCI_Staurosporine_100nM_08_gabor.tif,True,1,1024x1024,uint8,5,559102,2026-09-16T09:08:14+00:00,BitsPerSample;Compression;FillOrder;ImageLength;ImageWidth;NewSubfileType;Orientation;PhotometricInterpretation;PlanarConfiguration;Predictor;ResolutionUnit;RowsPerStrip;SampleFormat;SamplesPerPixel;StripByteCounts;StripOffsets;XResolution;YResolution,False,False,
NCI_Staurosporine_100nM_08,phase,data/phase/NCI_Staurosporine_100nM_08_phase.bin,True,,900x900,float32,,3240023,,,,,0.2848713904768374/0.21199439004249143
NCI_Staurosporine_100nM_09,off_axis,data/off_axis_hologram/NCI_Staurosporine_100nM_09_holo.tif,True,1,1024x1024,uint8,5,1215568,2026-09-16T09:09:51+00:00,BitsPerSample;Compression;FillOrder;ImageLength;ImageWidth;NewSubfileType;Orientation;PhotometricInterpretation;PlanarConfiguration;Predictor;ResolutionUnit;RowsPerStrip;SampleFormat;SamplesPerPixel;StripByteCounts;StripOffsets;XResolution;YResolution,False,False,
NCI_Staurosporine_100nM_09,gabor,data/in_line_gabor_hologram/NCI_Staurosporine_100nM_09_gabor.tif,True,1,1024x1024,uint8,5,536264,2026-09-16T09:08:14+00:00,BitsPerSample;Compression;FillOrder;ImageLength;ImageWidth;NewSubfileType;Orientation;PhotometricInterpretation;PlanarConfiguration;Predictor;ResolutionUnit;RowsPerStrip;SampleFormat;SamplesPerPixel;StripByteCounts;StripOffsets;XResolution;YResolution,False,False,
NCI_Staurosporine_100nM_09,phase,data/phase/NCI_Staurosporine_100nM_09_phase.bin,True,,900x900,float32,,3240023,,,,,0.2848713904768374/0.21199439004249143
NCI_Staurosporine_100nM_10,off_axis,data/off_axis_hologram/NCI_Staurosporine_100nM_10_holo.tif,True,1,1024x1024,uint8,5,1212334,2026-09-16T09:09:51+00:00,BitsPerSample;Compression;FillOrder;ImageLength;ImageWidth;NewSubfileType;Orientation;PhotometricInterpretation;PlanarConfiguration;Predictor;ResolutionUnit;RowsPerStrip;SampleFormat;SamplesPerPixel;StripByteCounts;StripOffsets;XResolution;YResolution,False,False,
NCI_Staurosporine_100nM_10,gabor,data/in_line_gabor_hologram/NCI_Staurosporine_100nM_10_gabor.tif,True,1,1024x1024,uint8,5,542108,2026-09-16T09:08:14+00:00,BitsPerSample;Compression;FillOrder;ImageLength;ImageWidth;NewSubfileType;Orientation;PhotometricInterpretation;PlanarConfiguration;Predictor;ResolutionUnit;RowsPerStrip;SampleFormat;SamplesPerPixel;StripByteCounts;StripOffsets;XResolution;YResolution,False,False,
NCI_Staurosporine_100nM_10,phase,data/phase/NCI_Staurosporine_100nM_10_phase.bin,True,,900x900,float32,,3240023,,,,,0.2848713904768374/0.21199439004249143
NCI_Staurosporine_100nM_11,off_axis,data/off_axis_hologram/NCI_Staurosporine_100nM_11_holo.tif,True,1,1024x1024,uint8,5,1209594,2026-09-16T09:09:51+00:00,BitsPerSample;Compression;FillOrder;ImageLength;ImageWidth;NewSubfileType;Orientation;PhotometricInterpretation;PlanarConfiguration;Predictor;ResolutionUnit;RowsPerStrip;SampleFormat;SamplesPerPixel;StripByteCounts;StripOffsets;XResolution;YResolution,False,False,
NCI_Staurosporine_100nM_11,gabor,data/in_line_gabor_hologram/NCI_Staurosporine_100nM_11_gabor.tif,True,1,1024x1024,uint8,5,514932,2026-09-16T09:08:14+00:00,BitsPerSample;Compression;FillOrder;ImageLength;ImageWidth;NewSubfileType;Orientation;PhotometricInterpretation;PlanarConfiguration;Predictor;ResolutionUnit;RowsPerStrip;SampleFormat;SamplesPerPixel;StripByteCounts;StripOffsets;XResolution;YResolution,False,False,
NCI_Staurosporine_100nM_11,phase,data/phase/NCI_Staurosporine_100nM_11_phase.bin,True,,900x900,float32,,3240023,,,,,0.2848713904768374/0.21199439004249143
NCI_Staurosporine_100nM_12,off_axis,data/off_axis_hologram/NCI_Staurosporine_100nM_12_holo.tif,True,1,1024x1024,uint8,5,1211578,2026-09-16T09:09:51+00:00,BitsPerSample;Compression;FillOrder;ImageLength;ImageWidth;NewSubfileType;Orientation;PhotometricInterpretation;PlanarConfiguration;Predictor;ResolutionUnit;RowsPerStrip;SampleFormat;SamplesPerPixel;StripByteCounts;StripOffsets;XResolution;YResolution,False,False,
NCI_Staurosporine_100nM_12,gabor,data/in_line_gabor_hologram/NCI_Staurosporine_100nM_12_gabor.tif,True,1,1024x1024,uint8,5,538692,2026-09-16T09:08:14+00:00,BitsPerSample;Compression;FillOrder;ImageLength;ImageWidth;NewSubfileType;Orientation;PhotometricInterpretation;PlanarConfiguration;Predictor;ResolutionUnit;RowsPerStrip;SampleFormat;SamplesPerPixel;StripByteCounts;StripOffsets;XResolution;YResolution,False,False,
NCI_Staurosporine_100nM_12,phase,data/phase/NCI_Staurosporine_100nM_12_phase.bin,True,,900x900,float32,,3240023,,,,,0.2848713904768374/0.21199439004249143
NCI_Staurosporine_100nM_13,off_axis,data/off_axis_hologram/NCI_Staurosporine_100nM_13_holo.tif,True,1,1024x1024,uint8,5,1218528,2026-09-16T09:09:51+00:00,BitsPerSample;Compression;FillOrder;ImageLength;ImageWidth;NewSubfileType;Orientation;PhotometricInterpretation;PlanarConfiguration;Predictor;ResolutionUnit;RowsPerStrip;SampleFormat;SamplesPerPixel;StripByteCounts;StripOffsets;XResolution;YResolution,False,False,
NCI_Staurosporine_100nM_13,gabor,data/in_line_gabor_hologram/NCI_Staurosporine_100nM_13_gabor.tif,True,1,1024x1024,uint8,5,549750,2026-09-16T09:08:14+00:00,BitsPerSample;Compression;FillOrder;ImageLength;ImageWidth;NewSubfileType;Orientation;PhotometricInterpretation;PlanarConfiguration;Predictor;ResolutionUnit;RowsPerStrip;SampleFormat;SamplesPerPixel;StripByteCounts;StripOffsets;XResolution;YResolution,False,False,
NCI_Staurosporine_100nM_13,phase,data/phase/NCI_Staurosporine_100nM_13_phase.bin,True,,900x900,float32,,3240023,,,,,0.2848713904768374/0.21199439004249143
NCI_Staurosporine_100nM_14,off_axis,data/off_axis_hologram/NCI_Staurosporine_100nM_14_holo.tif,True,1,1024x1024,uint8,5,1213194,2026-09-16T09:09:51+00:00,BitsPerSample;Compression;FillOrder;ImageLength;ImageWidth;NewSubfileType;Orientation;PhotometricInterpretation;PlanarConfiguration;Predictor;ResolutionUnit;RowsPerStrip;SampleFormat;SamplesPerPixel;StripByteCounts;StripOffsets;XResolution;YResolution,False,False,
NCI_Staurosporine_100nM_14,gabor,data/in_line_gabor_hologram/NCI_Staurosporine_100nM_14_gabor.tif,True,1,1024x1024,uint8,5,528604,2026-09-16T09:08:14+00:00,BitsPerSample;Compression;FillOrder;ImageLength;ImageWidth;NewSubfileType;Orientation;PhotometricInterpretation;PlanarConfiguration;Predictor;ResolutionUnit;RowsPerStrip;SampleFormat;SamplesPerPixel;StripByteCounts;StripOffsets;XResolution;YResolution,False,False,
NCI_Staurosporine_100nM_14,phase,data/phase/NCI_Staurosporine_100nM_14_phase.bin,True,,900x900,float32,,3240023,,,,,0.2848713904768374/0.21199439004249143
NCI_Staurosporine_100nM_15,off_axis,data/off_axis_hologram/NCI_Staurosporine_100nM_15_holo.tif,True,1,1024x1024,uint8,5,1214082,2026-09-16T09:09:51+00:00,BitsPerSample;Compression;FillOrder;ImageLength;ImageWidth;NewSubfileType;Orientation;PhotometricInterpretation;PlanarConfiguration;Predictor;ResolutionUnit;RowsPerStrip;SampleFormat;SamplesPerPixel;StripByteCounts;StripOffsets;XResolution;YResolution,False,False,
NCI_Staurosporine_100nM_15,gabor,data/in_line_gabor_hologram/NCI_Staurosporine_100nM_15_gabor.tif,True,1,1024x1024,uint8,5,551886,2026-09-16T09:08:14+00:00,BitsPerSample;Compression;FillOrder;ImageLength;ImageWidth;NewSubfileType;Orientation;PhotometricInterpretation;PlanarConfiguration;Predictor;ResolutionUnit;RowsPerStrip;SampleFormat;SamplesPerPixel;StripByteCounts;StripOffsets;XResolution;YResolution,False,False,
NCI_Staurosporine_100nM_15,phase,data/phase/NCI_Staurosporine_100nM_15_phase.bin,True,,900x900,float32,,3240023,,,,,0.2848713904768374/0.21199439004249143
NCI_Staurosporine_100nM_16,off_axis,data/off_axis_hologram/NCI_Staurosporine_100nM_16_holo.tif,True,1,1024x1024,uint8,5,1218346,2026-09-16T09:09:51+00:00,BitsPerSample;Compression;FillOrder;ImageLength;ImageWidth;NewSubfileType;Orientation;PhotometricInterpretation;PlanarConfiguration;Predictor;ResolutionUnit;RowsPerStrip;SampleFormat;SamplesPerPixel;StripByteCounts;StripOffsets;XResolution;YResolution,False,False,
NCI_Staurosporine_100nM_16,gabor,data/in_line_gabor_hologram/NCI_Staurosporine_100nM_16_gabor.tif,True,1,1024x1024,uint8,5,553284,2026-09-16T09:08:14+00:00,BitsPerSample;Compression;FillOrder;ImageLength;ImageWidth;NewSubfileType;Orientation;PhotometricInterpretation;PlanarConfiguration;Predictor;ResolutionUnit;RowsPerStrip;SampleFormat;SamplesPerPixel;StripByteCounts;StripOffsets;XResolution;YResolution,False,False,
NCI_Staurosporine_100nM_16,phase,data/phase/NCI_Staurosporine_100nM_16_phase.bin,True,,900x900,float32,,3240023,,,,,0.2848713904768374/0.21199439004249143
NCI_Staurosporine_100nM_17,off_axis,data/off_axis_hologram/NCI_Staurosporine_100nM_17_holo.tif,True,1,1024x1024,uint8,5,1215316,2026-09-16T09:09:51+00:00,BitsPerSample;Compression;FillOrder;ImageLength;ImageWidth;NewSubfileType;Orientation;PhotometricInterpretation;PlanarConfiguration;Predictor;ResolutionUnit;RowsPerStrip;SampleFormat;SamplesPerPixel;StripByteCounts;StripOffsets;XResolution;YResolution,False,False,
NCI_Staurosporine_100nM_17,gabor,data/in_line_gabor_hologram/NCI_Staurosporine_100nM_17_gabor.tif,True,1,1024x1024,uint8,5,565752,2026-09-16T09:08:14+00:00,BitsPerSample;Compression;FillOrder;ImageLength;ImageWidth;NewSubfileType;Orientation;PhotometricInterpretation;PlanarConfiguration;Predictor;ResolutionUnit;RowsPerStrip;SampleFormat;SamplesPerPixel;StripByteCounts;StripOffsets;XResolution;YResolution,False,False,
NCI_Staurosporine_100nM_17,phase,data/phase/NCI_Staurosporine_100nM_17_phase.bin,True,,900x900,float32,,3240023,,,,,0.2848713904768374/0.21199439004249143
NCI_Staurosporine_100nM_18,off_axis,data/off_axis_hologram/NCI_Staurosporine_100nM_18_holo.tif,True,1,1024x1024,uint8,5,1224796,2026-09-16T09:09:51+00:00,BitsPerSample;Compression;FillOrder;ImageLength;ImageWidth;NewSubfileType;Orientation;PhotometricInterpretation;PlanarConfiguration;Predictor;ResolutionUnit;RowsPerStrip;SampleFormat;SamplesPerPixel;StripByteCounts;StripOffsets;XResolution;YResolution,False,False,
NCI_Staurosporine_100nM_18,gabor,data/in_line_gabor_hologram/NCI_Staurosporine_100nM_18_gabor.tif,True,1,1024x1024,uint8,5,573154,2026-09-16T09:08:14+00:00,BitsPerSample;Compression;FillOrder;ImageLength;ImageWidth;NewSubfileType;Orientation;PhotometricInterpretation;PlanarConfiguration;Predictor;ResolutionUnit;RowsPerStrip;SampleFormat;SamplesPerPixel;StripByteCounts;StripOffsets;XResolution;YResolution,False,False,
NCI_Staurosporine_100nM_18,phase,data/phase/NCI_Staurosporine_100nM_18_phase.bin,True,,900x900,float32,,3240023,,,,,0.2848713904768374/0.21199439004249143
NCI_Staurosporine_100nM_19,off_axis,data/off_axis_hologram/NCI_Staurosporine_100nM_19_holo.tif,True,1,1024x1024,uint8,5,1214908,2026-09-16T09:09:51+00:00,BitsPerSample;Compression;FillOrder;ImageLength;ImageWidth;NewSubfileType;Orientation;PhotometricInterpretation;PlanarConfiguration;Predictor;ResolutionUnit;RowsPerStrip;SampleFormat;SamplesPerPixel;StripByteCounts;StripOffsets;XResolution;YResolution,False,False,
NCI_Staurosporine_100nM_19,gabor,data/in_line_gabor_hologram/NCI_Staurosporine_100nM_19_gabor.tif,True,1,1024x1024,uint8,5,534302,2026-09-16T09:08:14+00:00,BitsPerSample;Compression;FillOrder;ImageLength;ImageWidth;NewSubfileType;Orientation;PhotometricInterpretation;PlanarConfiguration;Predictor;ResolutionUnit;RowsPerStrip;SampleFormat;SamplesPerPixel;StripByteCounts;StripOffsets;XResolution;YResolution,False,False,
NCI_Staurosporine_100nM_19,phase,data/phase/NCI_Staurosporine_100nM_19_phase.bin,True,,900x900,float32,,3240023,,,,,0.2848713904768374/0.21199439004249143
NCI_Staurosporine_100nM_20,off_axis,data/off_axis_hologram/NCI_Staurosporine_100nM_20_holo.tif,True,1,1024x1024,uint8,5,1216492,2026-09-16T09:09:51+00:00,BitsPerSample;Compression;FillOrder;ImageLength;ImageWidth;NewSubfileType;Orientation;PhotometricInterpretation;PlanarConfiguration;Predictor;ResolutionUnit;RowsPerStrip;SampleFormat;SamplesPerPixel;StripByteCounts;StripOffsets;XResolution;YResolution,False,False,
NCI_Staurosporine_100nM_20,gabor,data/in_line_gabor_hologram/NCI_Staurosporine_100nM_20_gabor.tif,True,1,1024x1024,uint8,5,551142,2026-09-16T09:08:14+00:00,BitsPerSample;Compression;FillOrder;ImageLength;ImageWidth;NewSubfileType;Orientation;PhotometricInterpretation;PlanarConfiguration;Predictor;ResolutionUnit;RowsPerStrip;SampleFormat;SamplesPerPixel;StripByteCounts;StripOffsets;XResolution;YResolution,False,False,
NCI_Staurosporine_100nM_20,phase,data/phase/NCI_Staurosporine_100nM_20_phase.bin,True,,900x900,float32,,3240023,,,,,0.2848713904768374/0.21199439004249143
NCI_Staurosporine_100nM_21,off_axis,data/off_axis_hologram/NCI_Staurosporine_100nM_21_holo.tif,True,1,1024x1024,uint8,5,1222854,2026-09-16T09:09:51+00:00,BitsPerSample;Compression;FillOrder;ImageLength;ImageWidth;NewSubfileType;Orientation;PhotometricInterpretation;PlanarConfiguration;Predictor;ResolutionUnit;RowsPerStrip;SampleFormat;SamplesPerPixel;StripByteCounts;StripOffsets;XResolution;YResolution,False,False,
NCI_Staurosporine_100nM_21,gabor,data/in_line_gabor_hologram/NCI_Staurosporine_100nM_21_gabor.tif,True,1,1024x1024,uint8,5,580768,2026-09-16T09:08:14+00:00,BitsPerSample;Compression;FillOrder;ImageLength;ImageWidth;NewSubfileType;Orientation;PhotometricInterpretation;PlanarConfiguration;Predictor;ResolutionUnit;RowsPerStrip;SampleFormat;SamplesPerPixel;StripByteCounts;StripOffsets;XResolution;YResolution,False,False,
NCI_Staurosporine_100nM_21,phase,data/phase/NCI_Staurosporine_100nM_21_phase.bin,True,,900x900,float32,,3240023,,,,,0.2848713904768374/0.21199439004249143
NCI_Staurosporine_100nM_22,off_axis,data/off_axis_hologram/NCI_Staurosporine_100nM_22_holo.tif,True,1,1024x1024,uint8,5,1214998,2026-09-16T09:09:51+00:00,BitsPerSample;Compression;FillOrder;ImageLength;ImageWidth;NewSubfileType;Orientation;PhotometricInterpretation;PlanarConfiguration;Predictor;ResolutionUnit;RowsPerStrip;SampleFormat;SamplesPerPixel;StripByteCounts;StripOffsets;XResolution;YResolution,False,False,
NCI_Staurosporine_100nM_22,gabor,data/in_line_gabor_hologram/NCI_Staurosporine_100nM_22_gabor.tif,True,1,1024x1024,uint8,5,558612,2026-09-16T09:08:14+00:00,BitsPerSample;Compression;FillOrder;ImageLength;ImageWidth;NewSubfileType;Orientation;PhotometricInterpretation;PlanarConfiguration;Predictor;ResolutionUnit;RowsPerStrip;SampleFormat;SamplesPerPixel;StripByteCounts;StripOffsets;XResolution;YResolution,False,False,
NCI_Staurosporine_100nM_22,phase,data/phase/NCI_Staurosporine_100nM_22_phase.bin,True,,900x900,float32,,3240023,,,,,0.2848713904768374/0.21199439004249143
NCI_Staurosporine_100nM_23,off_axis,data/off_axis_hologram/NCI_Staurosporine_100nM_23_holo.tif,True,1,1024x1024,uint8,5,1212410,2026-09-16T09:09:51+00:00,BitsPerSample;Compression;FillOrder;ImageLength;ImageWidth;NewSubfileType;Orientation;PhotometricInterpretation;PlanarConfiguration;Predictor;ResolutionUnit;RowsPerStrip;SampleFormat;SamplesPerPixel;StripByteCounts;StripOffsets;XResolution;YResolution,False,False,
NCI_Staurosporine_100nM_23,gabor,data/in_line_gabor_hologram/NCI_Staurosporine_100nM_23_gabor.tif,True,1,1024x1024,uint8,5,552296,2026-09-16T09:08:14+00:00,BitsPerSample;Compression;FillOrder;ImageLength;ImageWidth;NewSubfileType;Orientation;PhotometricInterpretation;PlanarConfiguration;Predictor;ResolutionUnit;RowsPerStrip;SampleFormat;SamplesPerPixel;StripByteCounts;StripOffsets;XResolution;YResolution,False,False,
NCI_Staurosporine_100nM_23,phase,data/phase/NCI_Staurosporine_100nM_23_phase.bin,True,,900x900,float32,,3240023,,,,,0.2848713904768374/0.21199439004249143
NCI_Staurosporine_100nM_24,off_axis,data/off_axis_hologram/NCI_Staurosporine_100nM_24_holo.tif,True,1,1024x1024,uint8,5,1210880,2026-09-16T09:09:51+00:00,BitsPerSample;Compression;FillOrder;ImageLength;ImageWidth;NewSubfileType;Orientation;PhotometricInterpretation;PlanarConfiguration;Predictor;ResolutionUnit;RowsPerStrip;SampleFormat;SamplesPerPixel;StripByteCounts;StripOffsets;XResolution;YResolution,False,False,
NCI_Staurosporine_100nM_24,gabor,data/in_line_gabor_hologram/NCI_Staurosporine_100nM_24_gabor.tif,True,1,1024x1024,uint8,5,546902,2026-09-16T09:08:14+00:00,BitsPerSample;Compression;FillOrder;ImageLength;ImageWidth;NewSubfileType;Orientation;PhotometricInterpretation;PlanarConfiguration;Predictor;ResolutionUnit;RowsPerStrip;SampleFormat;SamplesPerPixel;StripByteCounts;StripOffsets;XResolution;YResolution,False,False,
NCI_Staurosporine_100nM_24,phase,data/phase/NCI_Staurosporine_100nM_24_phase.bin,True,,900x900,float32,,3240023,,,,,0.2848713904768374/0.21199439004249143
NCI_Staurosporine_100nM_25,off_axis,data/off_axis_hologram/NCI_Staurosporine_100nM_25_holo.tif,True,1,1024x1024,uint8,5,1214724,2026-09-16T09:09:51+00:00,BitsPerSample;Compression;FillOrder;ImageLength;ImageWidth;NewSubfileType;Orientation;PhotometricInterpretation;PlanarConfiguration;Predictor;ResolutionUnit;RowsPerStrip;SampleFormat;SamplesPerPixel;StripByteCounts;StripOffsets;XResolution;YResolution,False,False,
NCI_Staurosporine_100nM_25,gabor,data/in_line_gabor_hologram/NCI_Staurosporine_100nM_25_gabor.tif,True,1,1024x1024,uint8,5,561730,2026-09-16T09:08:14+00:00,BitsPerSample;Compression;FillOrder;ImageLength;ImageWidth;NewSubfileType;Orientation;PhotometricInterpretation;PlanarConfiguration;Predictor;ResolutionUnit;RowsPerStrip;SampleFormat;SamplesPerPixel;StripByteCounts;StripOffsets;XResolution;YResolution,False,False,
NCI_Staurosporine_100nM_25,phase,data/phase/NCI_Staurosporine_100nM_25_phase.bin,True,,900x900,float32,,3240023,,,,,0.2848713904768374/0.21199439004249143
NCI_Staurosporine_100nM_26,off_axis,data/off_axis_hologram/NCI_Staurosporine_100nM_26_holo.tif,True,1,1024x1024,uint8,5,1210922,2026-09-16T09:09:51+00:00,BitsPerSample;Compression;FillOrder;ImageLength;ImageWidth;NewSubfileType;Orientation;PhotometricInterpretation;PlanarConfiguration;Predictor;ResolutionUnit;RowsPerStrip;SampleFormat;SamplesPerPixel;StripByteCounts;StripOffsets;XResolution;YResolution,False,False,
NCI_Staurosporine_100nM_26,gabor,data/in_line_gabor_hologram/NCI_Staurosporine_100nM_26_gabor.tif,True,1,1024x1024,uint8,5,549962,2026-09-16T09:08:14+00:00,BitsPerSample;Compression;FillOrder;ImageLength;ImageWidth;NewSubfileType;Orientation;PhotometricInterpretation;PlanarConfiguration;Predictor;ResolutionUnit;RowsPerStrip;SampleFormat;SamplesPerPixel;StripByteCounts;StripOffsets;XResolution;YResolution,False,False,
NCI_Staurosporine_100nM_26,phase,data/phase/NCI_Staurosporine_100nM_26_phase.bin,True,,900x900,float32,,3240023,,,,,0.2848713904768374/0.21199439004249143
NCI_Staurosporine_100nM_27,off_axis,data/off_axis_hologram/NCI_Staurosporine_100nM_27_holo.tif,True,1,1024x1024,uint8,5,1206028,2026-09-16T09:09:52+00:00,BitsPerSample;Compression;FillOrder;ImageLength;ImageWidth;NewSubfileType;Orientation;PhotometricInterpretation;PlanarConfiguration;Predictor;ResolutionUnit;RowsPerStrip;SampleFormat;SamplesPerPixel;StripByteCounts;StripOffsets;XResolution;YResolution,False,False,
NCI_Staurosporine_100nM_27,gabor,data/in_line_gabor_hologram/NCI_Staurosporine_100nM_27_gabor.tif,True,1,1024x1024,uint8,5,531772,2026-09-16T09:08:14+00:00,BitsPerSample;Compression;FillOrder;ImageLength;ImageWidth;NewSubfileType;Orientation;PhotometricInterpretation;PlanarConfiguration;Predictor;ResolutionUnit;RowsPerStrip;SampleFormat;SamplesPerPixel;StripByteCounts;StripOffsets;XResolution;YResolution,False,False,
NCI_Staurosporine_100nM_27,phase,data/phase/NCI_Staurosporine_100nM_27_phase.bin,True,,900x900,float32,,3240023,,,,,0.2848713904768374/0.21199439004249143
NCI_Staurosporine_100nM_28,off_axis,data/off_axis_hologram/NCI_Staurosporine_100nM_28_holo.tif,True,1,1024x1024,uint8,5,1203774,2026-09-16T09:09:52+00:00,BitsPerSample;Compression;FillOrder;ImageLength;ImageWidth;NewSubfileType;Orientation;PhotometricInterpretation;PlanarConfiguration;Predictor;ResolutionUnit;RowsPerStrip;SampleFormat;SamplesPerPixel;StripByteCounts;StripOffsets;XResolution;YResolution,False,False,
NCI_Staurosporine_100nM_28,gabor,data/in_line_gabor_hologram/NCI_Staurosporine_100nM_28_gabor.tif,True,1,1024x1024,uint8,5,521034,2026-09-16T09:08:14+00:00,BitsPerSample;Compression;FillOrder;ImageLength;ImageWidth;NewSubfileType;Orientation;PhotometricInterpretation;PlanarConfiguration;Predictor;ResolutionUnit;RowsPerStrip;SampleFormat;SamplesPerPixel;StripByteCounts;StripOffsets;XResolution;YResolution,False,False,
NCI_Staurosporine_100nM_28,phase,data/phase/NCI_Staurosporine_100nM_28_phase.bin,True,,900x900,float32,,3240023,,,,,0.2848713904768374/0.21199439004249143
NCI_Staurosporine_100nM_29,off_axis,data/off_axis_hologram/NCI_Staurosporine_100nM_29_holo.tif,True,1,1024x1024,uint8,5,1204872,2026-09-16T09:09:52+00:00,BitsPerSample;Compression;FillOrder;ImageLength;ImageWidth;NewSubfileType;Orientation;PhotometricInterpretation;PlanarConfiguration;Predictor;ResolutionUnit;RowsPerStrip;SampleFormat;SamplesPerPixel;StripByteCounts;StripOffsets;XResolution;YResolution,False,False,
NCI_Staurosporine_100nM_29,gabor,data/in_line_gabor_hologram/NCI_Staurosporine_100nM_29_gabor.tif,True,1,1024x1024,uint8,5,544926,2026-09-16T09:08:14+00:00,BitsPerSample;Compression;FillOrder;ImageLength;ImageWidth;NewSubfileType;Orientation;PhotometricInterpretation;PlanarConfiguration;Predictor;ResolutionUnit;RowsPerStrip;SampleFormat;SamplesPerPixel;StripByteCounts;StripOffsets;XResolution;YResolution,False,False,
NCI_Staurosporine_100nM_29,phase,data/phase/NCI_Staurosporine_100nM_29_phase.bin,True,,900x900,float32,,3240023,,,,,0.2848713904768374/0.21199439004249143
NCI_Staurosporine_100nM_30,off_axis,data/off_axis_hologram/NCI_Staurosporine_100nM_30_holo.tif,True,1,1024x1024,uint8,5,1198888,2026-09-16T09:09:52+00:00,BitsPerSample;Compression;FillOrder;ImageLength;ImageWidth;NewSubfileType;Orientation;PhotometricInterpretation;PlanarConfiguration;Predictor;ResolutionUnit;RowsPerStrip;SampleFormat;SamplesPerPixel;StripByteCounts;StripOffsets;XResolution;YResolution,False,False,
NCI_Staurosporine_100nM_30,gabor,data/in_line_gabor_hologram/NCI_Staurosporine_100nM_30_gabor.tif,True,1,1024x1024,uint8,5,521418,2026-09-16T09:08:14+00:00,BitsPerSample;Compression;FillOrder;ImageLength;ImageWidth;NewSubfileType;Orientation;PhotometricInterpretation;PlanarConfiguration;Predictor;ResolutionUnit;RowsPerStrip;SampleFormat;SamplesPerPixel;StripByteCounts;StripOffsets;XResolution;YResolution,False,False,
NCI_Staurosporine_100nM_30,phase,data/phase/NCI_Staurosporine_100nM_30_phase.bin,True,,900x900,float32,,3240023,,,,,0.2848713904768374/0.21199439004249143
NCI_Staurosporine_100nM_31,off_axis,data/off_axis_hologram/NCI_Staurosporine_100nM_31_holo.tif,True,1,1024x1024,uint8,5,1199986,2026-09-16T09:09:52+00:00,BitsPerSample;Compression;FillOrder;ImageLength;ImageWidth;NewSubfileType;Orientation;PhotometricInterpretation;PlanarConfiguration;Predictor;ResolutionUnit;RowsPerStrip;SampleFormat;SamplesPerPixel;StripByteCounts;StripOffsets;XResolution;YResolution,False,False,
NCI_Staurosporine_100nM_31,gabor,data/in_line_gabor_hologram/NCI_Staurosporine_100nM_31_gabor.tif,True,1,1024x1024,uint8,5,534566,2026-09-16T09:08:14+00:00,BitsPerSample;Compression;FillOrder;ImageLength;ImageWidth;NewSubfileType;Orientation;PhotometricInterpretation;PlanarConfiguration;Predictor;ResolutionUnit;RowsPerStrip;SampleFormat;SamplesPerPixel;StripByteCounts;StripOffsets;XResolution;YResolution,False,False,
NCI_Staurosporine_100nM_31,phase,data/phase/NCI_Staurosporine_100nM_31_phase.bin,True,,900x900,float32,,3240023,,,,,0.2848713904768374/0.21199439004249143
NCI_Staurosporine_100nM_32,off_axis,data/off_axis_hologram/NCI_Staurosporine_100nM_32_holo.tif,True,1,1024x1024,uint8,5,1212048,2026-09-16T09:09:52+00:00,BitsPerSample;Compression;FillOrder;ImageLength;ImageWidth;NewSubfileType;Orientation;PhotometricInterpretation;PlanarConfiguration;Predictor;ResolutionUnit;RowsPerStrip;SampleFormat;SamplesPerPixel;StripByteCounts;StripOffsets;XResolution;YResolution,False,False,
NCI_Staurosporine_100nM_32,gabor,data/in_line_gabor_hologram/NCI_Staurosporine_100nM_32_gabor.tif,True,1,1024x1024,uint8,5,557814,2026-09-16T09:08:14+00:00,BitsPerSample;Compression;FillOrder;ImageLength;ImageWidth;NewSubfileType;Orientation;PhotometricInterpretation;PlanarConfiguration;Predictor;ResolutionUnit;RowsPerStrip;SampleFormat;SamplesPerPixel;StripByteCounts;StripOffsets;XResolution;YResolution,False,False,
NCI_Staurosporine_100nM_32,phase,data/phase/NCI_Staurosporine_100nM_32_phase.bin,True,,900x900,float32,,3240023,,,,,0.2848713904768374/0.21199439004249143
NCI_Staurosporine_100nM_33,off_axis,data/off_axis_hologram/NCI_Staurosporine_100nM_33_holo.tif,True,1,1024x1024,uint8,5,1210308,2026-09-16T09:09:52+00:00,BitsPerSample;Compression;FillOrder;ImageLength;ImageWidth;NewSubfileType;Orientation;PhotometricInterpretation;PlanarConfiguration;Predictor;ResolutionUnit;RowsPerStrip;SampleFormat;SamplesPerPixel;StripByteCounts;StripOffsets;XResolution;YResolution,False,False,
NCI_Staurosporine_100nM_33,gabor,data/in_line_gabor_hologram/NCI_Staurosporine_100nM_33_gabor.tif,True,1,1024x1024,uint8,5,542128,2026-09-16T09:08:14+00:00,BitsPerSample;Compression;FillOrder;ImageLength;ImageWidth;NewSubfileType;Orientation;PhotometricInterpretation;PlanarConfiguration;Predictor;ResolutionUnit;RowsPerStrip;SampleFormat;SamplesPerPixel;StripByteCounts;StripOffsets;XResolution;YResolution,False,False,
NCI_Staurosporine_100nM_33,phase,data/phase/NCI_Staurosporine_100nM_33_phase.bin,True,,900x900,float32,,3240023,,,,,0.2848713904768374/0.21199439004249143
NCI_Staurosporine_100nM_34,off_axis,data/off_axis_hologram/NCI_Staurosporine_100nM_34_holo.tif,True,1,1024x1024,uint8,5,1213148,2026-09-16T09:09:52+00:00,BitsPerSample;Compression;FillOrder;ImageLength;ImageWidth;NewSubfileType;Orientation;PhotometricInterpretation;PlanarConfiguration;Predictor;ResolutionUnit;RowsPerStrip;SampleFormat;SamplesPerPixel;StripByteCounts;StripOffsets;XResolution;YResolution,False,False,
NCI_Staurosporine_100nM_34,gabor,data/in_line_gabor_hologram/NCI_Staurosporine_100nM_34_gabor.tif,True,1,1024x1024,uint8,5,557474,2026-09-16T09:08:14+00:00,BitsPerSample;Compression;FillOrder;ImageLength;ImageWidth;NewSubfileType;Orientation;PhotometricInterpretation;PlanarConfiguration;Predictor;ResolutionUnit;RowsPerStrip;SampleFormat;SamplesPerPixel;StripByteCounts;StripOffsets;XResolution;YResolution,False,False,
NCI_Staurosporine_100nM_34,phase,data/phase/NCI_Staurosporine_100nM_34_phase.bin,True,,900x900,float32,,3240023,,,,,0.2848713904768374/0.21199439004249143
NCI_Staurosporine_100nM_35,off_axis,data/off_axis_hologram/NCI_Staurosporine_100nM_35_holo.tif,True,1,1024x1024,uint8,5,329114,2026-09-16T09:09:52+00:00,BitsPerSample;Compression;FillOrder;ImageLength;ImageWidth;NewSubfileType;Orientation;PhotometricInterpretation;PlanarConfiguration;Predictor;ResolutionUnit;RowsPerStrip;SampleFormat;SamplesPerPixel;StripByteCounts;StripOffsets;XResolution;YResolution,False,False,
NCI_Staurosporine_100nM_35,gabor,data/in_line_gabor_hologram/NCI_Staurosporine_100nM_35_gabor.tif,True,1,1024x1024,uint8,5,573252,2026-09-16T09:08:14+00:00,BitsPerSample;Compression;FillOrder;ImageLength;ImageWidth;NewSubfileType;Orientation;PhotometricInterpretation;PlanarConfiguration;Predictor;ResolutionUnit;RowsPerStrip;SampleFormat;SamplesPerPixel;StripByteCounts;StripOffsets;XResolution;YResolution,False,False,
NCI_Staurosporine_100nM_35,phase,data/phase/NCI_Staurosporine_100nM_35_phase.bin,True,,900x900,float32,,3240023,,,,,0.2848713904768374/0.21199439004249143
NCI_Staurosporine_100nM_36,off_axis,data/off_axis_hologram/NCI_Staurosporine_100nM_36_holo.tif,True,1,1024x1024,uint8,5,1208238,2026-09-16T09:09:52+00:00,BitsPerSample;Compression;FillOrder;ImageLength;ImageWidth;NewSubfileType;Orientation;PhotometricInterpretation;PlanarConfiguration;Predictor;ResolutionUnit;RowsPerStrip;SampleFormat;SamplesPerPixel;StripByteCounts;StripOffsets;XResolution;YResolution,False,False,
NCI_Staurosporine_100nM_36,gabor,data/in_line_gabor_hologram/NCI_Staurosporine_100nM_36_gabor.tif,True,1,1024x1024,uint8,5,531016,2026-09-16T09:08:14+00:00,BitsPerSample;Compression;FillOrder;ImageLength;ImageWidth;NewSubfileType;Orientation;PhotometricInterpretation;PlanarConfiguration;Predictor;ResolutionUnit;RowsPerStrip;SampleFormat;SamplesPerPixel;StripByteCounts;StripOffsets;XResolution;YResolution,False,False,
NCI_Staurosporine_100nM_36,phase,data/phase/NCI_Staurosporine_100nM_36_phase.bin,True,,900x900,float32,,3240023,,,,,0.2848713904768374/0.21199439004249143
NCI_Staurosporine_100nM_37,off_axis,data/off_axis_hologram/NCI_Staurosporine_100nM_37_holo.tif,True,1,1024x1024,uint8,5,1208398,2026-09-16T09:09:52+00:00,BitsPerSample;Compression;FillOrder;ImageLength;ImageWidth;NewSubfileType;Orientation;PhotometricInterpretation;PlanarConfiguration;Predictor;ResolutionUnit;RowsPerStrip;SampleFormat;SamplesPerPixel;StripByteCounts;StripOffsets;XResolution;YResolution,False,False,
NCI_Staurosporine_100nM_37,gabor,data/in_line_gabor_hologram/NCI_Staurosporine_100nM_37_gabor.tif,True,1,1024x1024,uint8,5,534374,2026-09-16T09:08:14+00:00,BitsPerSample;Compression;FillOrder;ImageLength;ImageWidth;NewSubfileType;Orientation;PhotometricInterpretation;PlanarConfiguration;Predictor;ResolutionUnit;RowsPerStrip;SampleFormat;SamplesPerPixel;StripByteCounts;StripOffsets;XResolution;YResolution,False,False,
NCI_Staurosporine_100nM_37,phase,data/phase/NCI_Staurosporine_100nM_37_phase.bin,True,,900x900,float32,,3240023,,,,,0.2848713904768374/0.21199439004249143
NCI_Staurosporine_100nM_38,off_axis,data/off_axis_hologram/NCI_Staurosporine_100nM_38_holo.tif,True,1,1024x1024,uint8,5,1210752,2026-09-16T09:09:52+00:00,BitsPerSample;Compression;FillOrder;ImageLength;ImageWidth;NewSubfileType;Orientation;PhotometricInterpretation;PlanarConfiguration;Predictor;ResolutionUnit;RowsPerStrip;SampleFormat;SamplesPerPixel;StripByteCounts;StripOffsets;XResolution;YResolution,False,False,
NCI_Staurosporine_100nM_38,gabor,data/in_line_gabor_hologram/NCI_Staurosporine_100nM_38_gabor.tif,True,1,1024x1024,uint8,5,547624,2026-09-16T09:08:14+00:00,BitsPerSample;Compression;FillOrder;ImageLength;ImageWidth;NewSubfileType;Orientation;PhotometricInterpretation;PlanarConfiguration;Predictor;ResolutionUnit;RowsPerStrip;SampleFormat;SamplesPerPixel;StripByteCounts;StripOffsets;XResolution;YResolution,False,False,
NCI_Staurosporine_100nM_38,phase,data/phase/NCI_Staurosporine_100nM_38_phase.bin,True,,900x900,float32,,3240023,,,,,0.2848713904768374/0.21199439004249143
NCI_Staurosporine_100nM_39,off_axis,data/off_axis_hologram/NCI_Staurosporine_100nM_39_holo.tif,True,1,1024x1024,uint8,5,1211390,2026-09-16T09:09:52+00:00,BitsPerSample;Compression;FillOrder;ImageLength;ImageWidth;NewSubfileType;Orientation;PhotometricInterpretation;PlanarConfiguration;Predictor;ResolutionUnit;RowsPerStrip;SampleFormat;SamplesPerPixel;StripByteCounts;StripOffsets;XResolution;YResolution,False,False,
NCI_Staurosporine_100nM_39,gabor,data/in_line_gabor_hologram/NCI_Staurosporine_100nM_39_gabor.tif,True,1,1024x1024,uint8,5,559600,2026-09-16T09:08:14+00:00,BitsPerSample;Compression;FillOrder;ImageLength;ImageWidth;NewSubfileType;Orientation;PhotometricInterpretation;PlanarConfiguration;Predictor;ResolutionUnit;RowsPerStrip;SampleFormat;SamplesPerPixel;StripByteCounts;StripOffsets;XResolution;YResolution,False,False,
NCI_Staurosporine_100nM_39,phase,data/phase/NCI_Staurosporine_100nM_39_phase.bin,True,,900x900,float32,,3240023,,,,,0.2848713904768374/0.21199439004249143
NCI_Staurosporine_100nM_40,off_axis,data/off_axis_hologram/NCI_Staurosporine_100nM_40_holo.tif,True,1,1024x1024,uint8,5,1212424,2026-09-16T09:09:52+00:00,BitsPerSample;Compression;FillOrder;ImageLength;ImageWidth;NewSubfileType;Orientation;PhotometricInterpretation;PlanarConfiguration;Predictor;ResolutionUnit;RowsPerStrip;SampleFormat;SamplesPerPixel;StripByteCounts;StripOffsets;XResolution;YResolution,False,False,
NCI_Staurosporine_100nM_40,gabor,data/in_line_gabor_hologram/NCI_Staurosporine_100nM_40_gabor.tif,True,1,1024x1024,uint8,5,557158,2026-09-16T09:08:14+00:00,BitsPerSample;Compression;FillOrder;ImageLength;ImageWidth;NewSubfileType;Orientation;PhotometricInterpretation;PlanarConfiguration;Predictor;ResolutionUnit;RowsPerStrip;SampleFormat;SamplesPerPixel;StripByteCounts;StripOffsets;XResolution;YResolution,False,False,
NCI_Staurosporine_100nM_40,phase,data/phase/NCI_Staurosporine_100nM_40_phase.bin,True,,900x900,float32,,3240023,,,,,0.2848713904768374/0.21199439004249143
NCI_Staurosporine_100nM_41,off_axis,data/off_axis_hologram/NCI_Staurosporine_100nM_41_holo.tif,True,1,1024x1024,uint8,5,1210624,2026-09-16T09:09:52+00:00,BitsPerSample;Compression;FillOrder;ImageLength;ImageWidth;NewSubfileType;Orientation;PhotometricInterpretation;PlanarConfiguration;Predictor;ResolutionUnit;RowsPerStrip;SampleFormat;SamplesPerPixel;StripByteCounts;StripOffsets;XResolution;YResolution,False,False,
NCI_Staurosporine_100nM_41,gabor,data/in_line_gabor_hologram/NCI_Staurosporine_100nM_41_gabor.tif,True,1,1024x1024,uint8,5,549726,2026-09-16T09:08:14+00:00,BitsPerSample;Compression;FillOrder;ImageLength;ImageWidth;NewSubfileType;Orientation;PhotometricInterpretation;PlanarConfiguration;Predictor;ResolutionUnit;RowsPerStrip;SampleFormat;SamplesPerPixel;StripByteCounts;StripOffsets;XResolution;YResolution,False,False,
NCI_Staurosporine_100nM_41,phase,data/phase/NCI_Staurosporine_100nM_41_phase.bin,True,,900x900,float32,,3240023,,,,,0.2848713904768374/0.21199439004249143
NCI_Staurosporine_100nM_42,off_axis,data/off_axis_hologram/NCI_Staurosporine_100nM_42_holo.tif,True,1,1024x1024,uint8,5,304444,2026-09-16T09:09:52+00:00,BitsPerSample;Compression;FillOrder;ImageLength;ImageWidth;NewSubfileType;Orientation;PhotometricInterpretation;PlanarConfiguration;Predictor;ResolutionUnit;RowsPerStrip;SampleFormat;SamplesPerPixel;StripByteCounts;StripOffsets;XResolution;YResolution,False,False,
NCI_Staurosporine_100nM_42,gabor,data/in_line_gabor_hologram/NCI_Staurosporine_100nM_42_gabor.tif,True,1,1024x1024,uint8,5,543170,2026-09-16T09:08:14+00:00,BitsPerSample;Compression;FillOrder;ImageLength;ImageWidth;NewSubfileType;Orientation;PhotometricInterpretation;PlanarConfiguration;Predictor;ResolutionUnit;RowsPerStrip;SampleFormat;SamplesPerPixel;StripByteCounts;StripOffsets;XResolution;YResolution,False,False,
NCI_Staurosporine_100nM_42,phase,data/phase/NCI_Staurosporine_100nM_42_phase.bin,True,,900x900,float32,,3240023,,,,,0.2848713904768374/0.21199439004249143
NCI_Staurosporine_100nM_43,off_axis,data/off_axis_hologram/NCI_Staurosporine_100nM_43_holo.tif,True,1,1024x1024,uint8,5,1202164,2026-09-16T09:09:52+00:00,BitsPerSample;Compression;FillOrder;ImageLength;ImageWidth;NewSubfileType;Orientation;PhotometricInterpretation;PlanarConfiguration;Predictor;ResolutionUnit;RowsPerStrip;SampleFormat;SamplesPerPixel;StripByteCounts;StripOffsets;XResolution;YResolution,False,False,
NCI_Staurosporine_100nM_43,gabor,data/in_line_gabor_hologram/NCI_Staurosporine_100nM_43_gabor.tif,True,1,1024x1024,uint8,5,515848,2026-09-16T09:08:14+00:00,BitsPerSample;Compression;FillOrder;ImageLength;ImageWidth;NewSubfileType;Orientation;PhotometricInterpretation;PlanarConfiguration;Predictor;ResolutionUnit;RowsPerStrip;SampleFormat;SamplesPerPixel;StripByteCounts;StripOffsets;XResolution;YResolution,False,False,
NCI_Staurosporine_100nM_43,phase,data/phase/NCI_Staurosporine_100nM_43_phase.bin,True,,900x900,float32,,3240023,,,,,0.2848713904768374/0.21199439004249143
NCI_Staurosporine_100nM_44,off_axis,data/off_axis_hologram/NCI_Staurosporine_100nM_44_holo.tif,True,1,1024x1024,uint8,5,1205820,2026-09-16T09:09:52+00:00,BitsPerSample;Compression;FillOrder;ImageLength;ImageWidth;NewSubfileType;Orientation;PhotometricInterpretation;PlanarConfiguration;Predictor;ResolutionUnit;RowsPerStrip;SampleFormat;SamplesPerPixel;StripByteCounts;StripOffsets;XResolution;YResolution,False,False,
NCI_Staurosporine_100nM_44,gabor,data/in_line_gabor_hologram/NCI_Staurosporine_100nM_44_gabor.tif,True,1,1024x1024,uint8,5,525738,2026-09-16T09:08:14+00:00,BitsPerSample;Compression;FillOrder;ImageLength;ImageWidth;NewSubfileType;Orientation;PhotometricInterpretation;PlanarConfiguration;Predictor;ResolutionUnit;RowsPerStrip;SampleFormat;SamplesPerPixel;StripByteCounts;StripOffsets;XResolution;YResolution,False,False,
NCI_Staurosporine_100nM_44,phase,data/phase/NCI_Staurosporine_100nM_44_phase.bin,True,,900x900,float32,,3240023,,,,,0.2848713904768374/0.21199439004249143
NCI_Staurosporine_100nM_45,off_axis,data/off_axis_hologram/NCI_Staurosporine_100nM_45_holo.tif,True,1,1024x1024,uint8,5,1201336,2026-09-16T09:09:52+00:00,BitsPerSample;Compression;FillOrder;ImageLength;ImageWidth;NewSubfileType;Orientation;PhotometricInterpretation;PlanarConfiguration;Predictor;ResolutionUnit;RowsPerStrip;SampleFormat;SamplesPerPixel;StripByteCounts;StripOffsets;XResolution;YResolution,False,False,
NCI_Staurosporine_100nM_45,gabor,data/in_line_gabor_hologram/NCI_Staurosporine_100nM_45_gabor.tif,True,1,1024x1024,uint8,5,519504,2026-09-16T09:08:14+00:00,BitsPerSample;Compression;FillOrder;ImageLength;ImageWidth;NewSubfileType;Orientation;PhotometricInterpretation;PlanarConfiguration;Predictor;ResolutionUnit;RowsPerStrip;SampleFormat;SamplesPerPixel;StripByteCounts;StripOffsets;XResolution;YResolution,False,False,
NCI_Staurosporine_100nM_45,phase,data/phase/NCI_Staurosporine_100nM_45_phase.bin,True,,900x900,float32,,3240023,,,,,0.2848713904768374/0.21199439004249143
NCI_Staurosporine_100nM_46,off_axis,data/off_axis_hologram/NCI_Staurosporine_100nM_46_holo.tif,True,1,1024x1024,uint8,5,1195198,2026-09-16T09:09:52+00:00,BitsPerSample;Compression;FillOrder;ImageLength;ImageWidth;NewSubfileType;Orientation;PhotometricInterpretation;PlanarConfiguration;Predictor;ResolutionUnit;RowsPerStrip;SampleFormat;SamplesPerPixel;StripByteCounts;StripOffsets;XResolution;YResolution,False,False,
NCI_Staurosporine_100nM_46,gabor,data/in_line_gabor_hologram/NCI_Staurosporine_100nM_46_gabor.tif,True,1,1024x1024,uint8,5,516756,2026-09-16T09:08:14+00:00,BitsPerSample;Compression;FillOrder;ImageLength;ImageWidth;NewSubfileType;Orientation;PhotometricInterpretation;PlanarConfiguration;Predictor;ResolutionUnit;RowsPerStrip;SampleFormat;SamplesPerPixel;StripByteCounts;StripOffsets;XResolution;YResolution,False,False,
NCI_Staurosporine_100nM_46,phase,data/phase/NCI_Staurosporine_100nM_46_phase.bin,True,,900x900,float32,,3240023,,,,,0.2848713904768374/0.21199439004249143
NCI_Staurosporine_100nM_47,off_axis,data/off_axis_hologram/NCI_Staurosporine_100nM_47_holo.tif,True,1,1024x1024,uint8,5,1199686,2026-09-16T09:09:52+00:00,BitsPerSample;Compression;FillOrder;ImageLength;ImageWidth;NewSubfileType;Orientation;PhotometricInterpretation;PlanarConfiguration;Predictor;ResolutionUnit;RowsPerStrip;SampleFormat;SamplesPerPixel;StripByteCounts;StripOffsets;XResolution;YResolution,False,False,
NCI_Staurosporine_100nM_47,gabor,data/in_line_gabor_hologram/NCI_Staurosporine_100nM_47_gabor.tif,True,1,1024x1024,uint8,5,533022,2026-09-16T09:08:14+00:00,BitsPerSample;Compression;FillOrder;ImageLength;ImageWidth;NewSubfileType;Orientation;PhotometricInterpretation;PlanarConfiguration;Predictor;ResolutionUnit;RowsPerStrip;SampleFormat;SamplesPerPixel;StripByteCounts;StripOffsets;XResolution;YResolution,False,False,
NCI_Staurosporine_100nM_47,phase,data/phase/NCI_Staurosporine_100nM_47_phase.bin,True,,900x900,float32,,3240023,,,,,0.2848713904768374/0.21199439004249143
NCI_Staurosporine_100nM_48,off_axis,data/off_axis_hologram/NCI_Staurosporine_100nM_48_holo.tif,True,1,1024x1024,uint8,5,1188332,2026-09-16T09:09:52+00:00,BitsPerSample;Compression;FillOrder;ImageLength;ImageWidth;NewSubfileType;Orientation;PhotometricInterpretation;PlanarConfiguration;Predictor;ResolutionUnit;RowsPerStrip;SampleFormat;SamplesPerPixel;StripByteCounts;StripOffsets;XResolution;YResolution,False,False,
NCI_Staurosporine_100nM_48,gabor,data/in_line_gabor_hologram/NCI_Staurosporine_100nM_48_gabor.tif,True,1,1024x1024,uint8,5,568296,2026-09-16T09:08:14+00:00,BitsPerSample;Compression;FillOrder;ImageLength;ImageWidth;NewSubfileType;Orientation;PhotometricInterpretation;PlanarConfiguration;Predictor;ResolutionUnit;RowsPerStrip;SampleFormat;SamplesPerPixel;StripByteCounts;StripOffsets;XResolution;YResolution,False,False,
NCI_Staurosporine_100nM_48,phase,data/phase/NCI_Staurosporine_100nM_48_phase.bin,True,,900x900,float32,,3240023,,,,,0.2848713904768374/0.21199439004249143
NCI_Staurosporine_100nM_49,off_axis,data/off_axis_hologram/NCI_Staurosporine_100nM_49_holo.tif,True,1,1024x1024,uint8,5,1196154,2026-09-16T09:09:52+00:00,BitsPerSample;Compression;FillOrder;ImageLength;ImageWidth;NewSubfileType;Orientation;PhotometricInterpretation;PlanarConfiguration;Predictor;ResolutionUnit;RowsPerStrip;SampleFormat;SamplesPerPixel;StripByteCounts;StripOffsets;XResolution;YResolution,False,False,
NCI_Staurosporine_100nM_49,gabor,data/in_line_gabor_hologram/NCI_Staurosporine_100nM_49_gabor.tif,True,1,1024x1024,uint8,5,514680,2026-09-16T09:08:14+00:00,BitsPerSample;Compression;FillOrder;ImageLength;ImageWidth;NewSubfileType;Orientation;PhotometricInterpretation;PlanarConfiguration;Predictor;ResolutionUnit;RowsPerStrip;SampleFormat;SamplesPerPixel;StripByteCounts;StripOffsets;XResolution;YResolution,False,False,
NCI_Staurosporine_100nM_49,phase,data/phase/NCI_Staurosporine_100nM_49_phase.bin,True,,900x900,float32,,3240023,,,,,0.2848713904768374/0.21199439004249143
NCI_Staurosporine_100nM_50,off_axis,data/off_axis_hologram/NCI_Staurosporine_100nM_50_holo.tif,True,1,1024x1024,uint8,5,1191212,2026-09-16T09:09:52+00:00,BitsPerSample;Compression;FillOrder;ImageLength;ImageWidth;NewSubfileType;Orientation;PhotometricInterpretation;PlanarConfiguration;Predictor;ResolutionUnit;RowsPerStrip;SampleFormat;SamplesPerPixel;StripByteCounts;StripOffsets;XResolution;YResolution,False,False,
NCI_Staurosporine_100nM_50,gabor,data/in_line_gabor_hologram/NCI_Staurosporine_100nM_50_gabor.tif,True,1,1024x1024,uint8,5,506272,2026-09-16T09:08:14+00:00,BitsPerSample;Compression;FillOrder;ImageLength;ImageWidth;NewSubfileType;Orientation;PhotometricInterpretation;PlanarConfiguration;Predictor;ResolutionUnit;RowsPerStrip;SampleFormat;SamplesPerPixel;StripByteCounts;StripOffsets;XResolution;YResolution,False,False,
NCI_Staurosporine_100nM_50,phase,data/phase/NCI_Staurosporine_100nM_50_phase.bin,True,,900x900,float32,,3240023,,,,,0.2848713904768374/0.21199439004249143
NCI_rotenone_500nM_01,off_axis,data/off_axis_hologram/NCI_rotenone_500nM_01_holo.tif,True,1,1024x1024,uint8,5,1228296,2026-09-16T09:09:51+00:00,BitsPerSample;Compression;FillOrder;ImageLength;ImageWidth;NewSubfileType;Orientation;PhotometricInterpretation;PlanarConfiguration;Predictor;ResolutionUnit;RowsPerStrip;SampleFormat;SamplesPerPixel;StripByteCounts;StripOffsets;XResolution;YResolution,False,False,
NCI_rotenone_500nM_01,gabor,data/in_line_gabor_hologram/NCI_rotenone_500nM_01_gabor.tif,True,1,1024x1024,uint8,5,590444,2026-09-16T09:08:13+00:00,BitsPerSample;Compression;FillOrder;ImageLength;ImageWidth;NewSubfileType;Orientation;PhotometricInterpretation;PlanarConfiguration;Predictor;ResolutionUnit;RowsPerStrip;SampleFormat;SamplesPerPixel;StripByteCounts;StripOffsets;XResolution;YResolution,False,False,
NCI_rotenone_500nM_01,phase,data/phase/NCI_rotenone_500nM_01_phase.bin,True,,900x900,float32,,3240023,,,,,0.2848713904768374/0.21199439004249143
NCI_rotenone_500nM_02,off_axis,data/off_axis_hologram/NCI_rotenone_500nM_02_holo.tif,True,1,1024x1024,uint8,5,1219886,2026-09-16T09:09:51+00:00,BitsPerSample;Compression;FillOrder;ImageLength;ImageWidth;NewSubfileType;Orientation;PhotometricInterpretation;PlanarConfiguration;Predictor;ResolutionUnit;RowsPerStrip;SampleFormat;SamplesPerPixel;StripByteCounts;StripOffsets;XResolution;YResolution,False,False,
NCI_rotenone_500nM_02,gabor,data/in_line_gabor_hologram/NCI_rotenone_500nM_02_gabor.tif,True,1,1024x1024,uint8,5,555210,2026-09-16T09:08:13+00:00,BitsPerSample;Compression;FillOrder;ImageLength;ImageWidth;NewSubfileType;Orientation;PhotometricInterpretation;PlanarConfiguration;Predictor;ResolutionUnit;RowsPerStrip;SampleFormat;SamplesPerPixel;StripByteCounts;StripOffsets;XResolution;YResolution,False,False,
NCI_rotenone_500nM_02,phase,data/phase/NCI_rotenone_500nM_02_phase.bin,True,,900x900,float32,,3240023,,,,,0.2848713904768374/0.21199439004249143
NCI_rotenone_500nM_03,off_axis,data/off_axis_hologram/NCI_rotenone_500nM_03_holo.tif,True,1,1024x1024,uint8,5,1219954,2026-09-16T09:09:51+00:00,BitsPerSample;Compression;FillOrder;ImageLength;ImageWidth;NewSubfileType;Orientation;PhotometricInterpretation;PlanarConfiguration;Predictor;ResolutionUnit;RowsPerStrip;SampleFormat;SamplesPerPixel;StripByteCounts;StripOffsets;XResolution;YResolution,False,False,
NCI_rotenone_500nM_03,gabor,data/in_line_gabor_hologram/NCI_rotenone_500nM_03_gabor.tif,True,1,1024x1024,uint8,5,545874,2026-09-16T09:08:13+00:00,BitsPerSample;Compression;FillOrder;ImageLength;ImageWidth;NewSubfileType;Orientation;PhotometricInterpretation;PlanarConfiguration;Predictor;ResolutionUnit;RowsPerStrip;SampleFormat;SamplesPerPixel;StripByteCounts;StripOffsets;XResolution;YResolution,False,False,
NCI_rotenone_500nM_03,phase,data/phase/NCI_rotenone_500nM_03_phase.bin,True,,900x900,float32,,3240023,,,,,0.2848713904768374/0.21199439004249143
NCI_rotenone_500nM_04,off_axis,data/off_axis_hologram/NCI_rotenone_500nM_04_holo.tif,True,1,1024x1024,uint8,5,1214180,2026-09-16T09:09:51+00:00,BitsPerSample;Compression;FillOrder;ImageLength;ImageWidth;NewSubfileType;Orientation;PhotometricInterpretation;PlanarConfiguration;Predictor;ResolutionUnit;RowsPerStrip;SampleFormat;SamplesPerPixel;StripByteCounts;StripOffsets;XResolution;YResolution,False,False,
NCI_rotenone_500nM_04,gabor,data/in_line_gabor_hologram/NCI_rotenone_500nM_04_gabor.tif,True,1,1024x1024,uint8,5,549480,2026-09-16T09:08:13+00:00,BitsPerSample;Compression;FillOrder;ImageLength;ImageWidth;NewSubfileType;Orientation;PhotometricInterpretation;PlanarConfiguration;Predictor;ResolutionUnit;RowsPerStrip;SampleFormat;SamplesPerPixel;StripByteCounts;StripOffsets;XResolution;YResolution,False,False,
NCI_rotenone_500nM_04,phase,data/phase/NCI_rotenone_500nM_04_phase.bin,True,,900x900,float32,,3240023,,,,,0.2848713904768374/0.21199439004249143
NCI_rotenone_500nM_05,off_axis,data/off_axis_hologram/NCI_rotenone_500nM_05_holo.tif,True,1,1024x1024,uint8,5,1220558,2026-09-16T09:09:51+00:00,BitsPerSample;Compression;FillOrder;ImageLength;ImageWidth;NewSubfileType;Orientation;PhotometricInterpretation;PlanarConfiguration;Predictor;ResolutionUnit;RowsPerStrip;SampleFormat;SamplesPerPixel;StripByteCounts;StripOffsets;XResolution;YResolution,False,False,
NCI_rotenone_500nM_05,gabor,data/in_line_gabor_hologram/NCI_rotenone_500nM_05_gabor.tif,True,1,1024x1024,uint8,5,568362,2026-09-16T09:08:13+00:00,BitsPerSample;Compression;FillOrder;ImageLength;ImageWidth;NewSubfileType;Orientation;PhotometricInterpretation;PlanarConfiguration;Predictor;ResolutionUnit;RowsPerStrip;SampleFormat;SamplesPerPixel;StripByteCounts;StripOffsets;XResolution;YResolution,False,False,
NCI_rotenone_500nM_05,phase,data/phase/NCI_rotenone_500nM_05_phase.bin,True,,900x900,float32,,3240023,,,,,0.2848713904768374/0.21199439004249143
NCI_rotenone_500nM_06,off_axis,data/off_axis_hologram/NCI_rotenone_500nM_06_holo.tif,True,1,1024x1024,uint8,5,1229550,2026-09-16T09:09:51+00:00,BitsPerSample;Compression;FillOrder;ImageLength;ImageWidth;NewSubfileType;Orientation;PhotometricInterpretation;PlanarConfiguration;Predictor;ResolutionUnit;RowsPerStrip;SampleFormat;SamplesPerPixel;StripByteCounts;StripOffsets;XResolution;YResolution,False,False,
NCI_rotenone_500nM_06,gabor,data/in_line_gabor_hologram/NCI_rotenone_500nM_06_gabor.tif,True,1,1024x1024,uint8,5,592184,2026-09-16T09:08:13+00:00,BitsPerSample;Compression;FillOrder;ImageLength;ImageWidth;NewSubfileType;Orientation;PhotometricInterpretation;PlanarConfiguration;Predictor;ResolutionUnit;RowsPerStrip;SampleFormat;SamplesPerPixel;StripByteCounts;StripOffsets;XResolution;YResolution,False,False,
NCI_rotenone_500nM_06,phase,data/phase/NCI_rotenone_500nM_06_phase.bin,True,,900x900,float32,,3240023,,,,,0.2848713904768374/0.21199439004249143
NCI_rotenone_500nM_07,off_axis,data/off_axis_hologram/NCI_rotenone_500nM_07_holo.tif,True,1,1024x1024,uint8,5,1227876,2026-09-16T09:09:51+00:00,BitsPerSample;Compression;FillOrder;ImageLength;ImageWidth;NewSubfileType;Orientation;PhotometricInterpretation;PlanarConfiguration;Predictor;ResolutionUnit;RowsPerStrip;SampleFormat;SamplesPerPixel;StripByteCounts;StripOffsets;XResolution;YResolution,False,False,
NCI_rotenone_500nM_07,gabor,data/in_line_gabor_hologram/NCI_rotenone_500nM_07_gabor.tif,True,1,1024x1024,uint8,5,578862,2026-09-16T09:08:13+00:00,BitsPerSample;Compression;FillOrder;ImageLength;ImageWidth;NewSubfileType;Orientation;PhotometricInterpretation;PlanarConfiguration;Predictor;ResolutionUnit;RowsPerStrip;SampleFormat;SamplesPerPixel;StripByteCounts;StripOffsets;XResolution;YResolution,False,False,
NCI_rotenone_500nM_07,phase,data/phase/NCI_rotenone_500nM_07_phase.bin,True,,900x900,float32,,3240023,,,,,0.2848713904768374/0.21199439004249143
NCI_rotenone_500nM_08,off_axis,data/off_axis_hologram/NCI_rotenone_500nM_08_holo.tif,True,1,1024x1024,uint8,5,1227946,2026-09-16T09:09:51+00:00,BitsPerSample;Compression;FillOrder;ImageLength;ImageWidth;NewSubfileType;Orientation;PhotometricInterpretation;PlanarConfiguration;Predictor;ResolutionUnit;RowsPerStrip;SampleFormat;SamplesPerPixel;StripByteCounts;StripOffsets;XResolution;YResolution,False,False,
NCI_rotenone_500nM_08,gabor,data/in_line_gabor_hologram/NCI_rotenone_500nM_08_gabor.tif,True,1,1024x1024,uint8,5,579106,2026-09-16T09:08:13+00:00,BitsPerSample;Compression;FillOrder;ImageLength;ImageWidth;NewSubfileType;Orientation;PhotometricInterpretation;PlanarConfiguration;Predictor;ResolutionUnit;RowsPerStrip;SampleFormat;SamplesPerPixel;StripByteCounts;StripOffsets;XResolution;YResolution,False,False,
NCI_rotenone_500nM_08,phase,data/phase/NCI_rotenone_500nM_08_phase.bin,True,,900x900,float32,,3240023,,,,,0.2848713904768374/0.21199439004249143
NCI_rotenone_500nM_09,off_axis,data/off_axis_hologram/NCI_rotenone_500nM_09_holo.tif,True,1,1024x1024,uint8,5,1221330,2026-09-16T09:09:51+00:00,BitsPerSample;Compression;FillOrder;ImageLength;ImageWidth;NewSubfileType;Orientation;PhotometricInterpretation;PlanarConfiguration;Predictor;ResolutionUnit;RowsPerStrip;SampleFormat;SamplesPerPixel;StripByteCounts;StripOffsets;XResolution;YResolution,False,False,
NCI_rotenone_500nM_09,gabor,data/in_line_gabor_hologram/NCI_rotenone_500nM_09_gabor.tif,True,1,1024x1024,uint8,5,560372,2026-09-16T09:08:14+00:00,BitsPerSample;Compression;FillOrder;ImageLength;ImageWidth;NewSubfileType;Orientation;PhotometricInterpretation;PlanarConfiguration;Predictor;ResolutionUnit;RowsPerStrip;SampleFormat;SamplesPerPixel;StripByteCounts;StripOffsets;XResolution;YResolution,False,False,
NCI_rotenone_500nM_09,phase,data/phase/NCI_rotenone_500nM_09_phase.bin,True,,900x900,float32,,3240023,,,,,0.2848713904768374/0.21199439004249143
NCI_rotenone_500nM_10,off_axis,data/off_axis_hologram/NCI_rotenone_500nM_10_holo.tif,True,1,1024x1024,uint8,5,1204686,2026-09-16T09:09:51+00:00,BitsPerSample;Compression;FillOrder;ImageLength;ImageWidth;NewSubfileType;Orientation;PhotometricInterpretation;PlanarConfiguration;Predictor;ResolutionUnit;RowsPerStrip;SampleFormat;SamplesPerPixel;StripByteCounts;StripOffsets;XResolution;YResolution,False,False,
NCI_rotenone_500nM_10,gabor,data/in_line_gabor_hologram/NCI_rotenone_500nM_10_gabor.tif,True,1,1024x1024,uint8,5,556936,2026-09-16T09:08:14+00:00,BitsPerSample;Compression;FillOrder;ImageLength;ImageWidth;NewSubfileType;Orientation;PhotometricInterpretation;PlanarConfiguration;Predictor;ResolutionUnit;RowsPerStrip;SampleFormat;SamplesPerPixel;StripByteCounts;StripOffsets;XResolution;YResolution,False,False,
NCI_rotenone_500nM_10,phase,data/phase/NCI_rotenone_500nM_10_phase.bin,True,,900x900,float32,,3240023,,,,,0.2848713904768374/0.21199439004249143
NCI_rotenone_500nM_11,off_axis,data/off_axis_hologram/NCI_rotenone_500nM_11_holo.tif,True,1,1024x1024,uint8,5,1219310,2026-09-16T09:09:51+00:00,BitsPerSample;Compression;FillOrder;ImageLength;ImageWidth;NewSubfileType;Orientation;PhotometricInterpretation;PlanarConfiguration;Predictor;ResolutionUnit;RowsPerStrip;SampleFormat;SamplesPerPixel;StripByteCounts;StripOffsets;XResolution;YResolution,False,False,
NCI_rotenone_500nM_11,gabor,data/in_line_gabor_hologram/NCI_rotenone_500nM_11_gabor.tif,True,1,1024x1024,uint8,5,556618,2026-09-16T09:08:14+00:00,BitsPerSample;Compression;FillOrder;ImageLength;ImageWidth;NewSubfileType;Orientation;PhotometricInterpretation;PlanarConfiguration;Predictor;ResolutionUnit;RowsPerStrip;SampleFormat;SamplesPerPixel;StripByteCounts;StripOffsets;XResolution;YResolution,False,False,
NCI_rotenone_500nM_11,phase,data/phase/NCI_rotenone_500nM_11_phase.bin,True,,900x900,float32,,3240023,,,,,0.2848713904768374/0.21199439004249143
NCI_rotenone_500nM_12,off_axis,data/off_axis_hologram/NCI_rotenone_500nM_12_holo.tif,True,1,1024x1024,uint8,5,1207512,2026-09-16T09:09:51+00:00,BitsPerSample;Compression;FillOrder;ImageLength;ImageWidth;NewSubfileType;Orientation;PhotometricInterpretation;PlanarConfiguration;Predictor;ResolutionUnit;RowsPerStrip;SampleFormat;SamplesPerPixel;StripByteCounts;StripOffsets;XResolution;YResolution,False,False,
NCI_rotenone_500nM_12,gabor,data/in_line_gabor_hologram/NCI_rotenone_500nM_12_gabor.tif,True,1,1024x1024,uint8,5,524982,2026-09-16T09:08:14+00:00,BitsPerSample;Compression;FillOrder;ImageLength;ImageWidth;NewSubfileType;Orientation;PhotometricInterpretation;PlanarConfiguration;Predictor;ResolutionUnit;RowsPerStrip;SampleFormat;SamplesPerPixel;StripByteCounts;StripOffsets;XResolution;YResolution,False,False,
NCI_rotenone_500nM_12,phase,data/phase/NCI_rotenone_500nM_12_phase.bin,True,,900x900,float32,,3240023,,,,,0.2848713904768374/0.21199439004249143
NCI_rotenone_500nM_13,off_axis,data/off_axis_hologram/NCI_rotenone_500nM_13_holo.tif,True,1,1024x1024,uint8,5,1207538,2026-09-16T09:09:51+00:00,BitsPerSample;Compression;FillOrder;ImageLength;ImageWidth;NewSubfileType;Orientation;PhotometricInterpretation;PlanarConfiguration;Predictor;ResolutionUnit;RowsPerStrip;SampleFormat;SamplesPerPixel;StripByteCounts;StripOffsets;XResolution;YResolution,False,False,
NCI_rotenone_500nM_13,gabor,data/in_line_gabor_hologram/NCI_rotenone_500nM_13_gabor.tif,True,1,1024x1024,uint8,5,533576,2026-09-16T09:08:14+00:00,BitsPerSample;Compression;FillOrder;ImageLength;ImageWidth;NewSubfileType;Orientation;PhotometricInterpretation;PlanarConfiguration;Predictor;ResolutionUnit;RowsPerStrip;SampleFormat;SamplesPerPixel;StripByteCounts;StripOffsets;XResolution;YResolution,False,False,
NCI_rotenone_500nM_13,phase,data/phase/NCI_rotenone_500nM_13_phase.bin,True,,900x900,float32,,3240023,,,,,0.2848713904768374/0.21199439004249143
NCI_rotenone_500nM_14,off_axis,data/off_axis_hologram/NCI_rotenone_500nM_14_holo.tif,True,1,1024x1024,uint8,5,1208578,2026-09-16T09:09:51+00:00,BitsPerSample;Compression;FillOrder;ImageLength;ImageWidth;NewSubfileType;Orientation;PhotometricInterpretation;PlanarConfiguration;Predictor;ResolutionUnit;RowsPerStrip;SampleFormat;SamplesPerPixel;StripByteCounts;StripOffsets;XResolution;YResolution,False,False,
NCI_rotenone_500nM_14,gabor,data/in_line_gabor_hologram/NCI_rotenone_500nM_14_gabor.tif,True,1,1024x1024,uint8,5,539190,2026-09-16T09:08:14+00:00,BitsPerSample;Compression;FillOrder;ImageLength;ImageWidth;NewSubfileType;Orientation;PhotometricInterpretation;PlanarConfiguration;Predictor;ResolutionUnit;RowsPerStrip;SampleFormat;SamplesPerPixel;StripByteCounts;StripOffsets;XResolution;YResolution,False,False,
NCI_rotenone_500nM_14,phase,data/phase/NCI_rotenone_500nM_14_phase.bin,True,,900x900,float32,,3240023,,,,,0.2848713904768374/0.21199439004249143
NCI_rotenone_500nM_15,off_axis,data/off_axis_hologram/NCI_rotenone_500nM_15_holo.tif,True,1,1024x1024,uint8,5,1222590,2026-09-16T09:09:51+00:00,BitsPerSample;Compression;FillOrder;ImageLength;ImageWidth;NewSubfileType;Orientation;PhotometricInterpretation;PlanarConfiguration;Predictor;ResolutionUnit;RowsPerStrip;SampleFormat;SamplesPerPixel;StripByteCounts;StripOffsets;XResolution;YResolution,False,False,
NCI_rotenone_500nM_15,gabor,data/in_line_gabor_hologram/NCI_rotenone_500nM_15_gabor.tif,True,1,1024x1024,uint8,5,582396,2026-09-16T09:08:14+00:00,BitsPerSample;Compression;FillOrder;ImageLength;ImageWidth;NewSubfileType;Orientation;PhotometricInterpretation;PlanarConfiguration;Predictor;ResolutionUnit;RowsPerStrip;SampleFormat;SamplesPerPixel;StripByteCounts;StripOffsets;XResolution;YResolution,False,False,
NCI_rotenone_500nM_15,phase,data/phase/NCI_rotenone_500nM_15_phase.bin,True,,900x900,float32,,3240023,,,,,0.2848713904768374/0.21199439004249143
NCI_rotenone_500nM_16,off_axis,data/off_axis_hologram/NCI_rotenone_500nM_16_holo.tif,True,1,1024x1024,uint8,5,1223150,2026-09-16T09:09:51+00:00,BitsPerSample;Compression;FillOrder;ImageLength;ImageWidth;NewSubfileType;Orientation;PhotometricInterpretation;PlanarConfiguration;Predictor;ResolutionUnit;RowsPerStrip;SampleFormat;SamplesPerPixel;StripByteCounts;StripOffsets;XResolution;YResolution,False,False,
NCI_rotenone_500nM_16,gabor,data/in_line_gabor_hologram/NCI_rotenone_500nM_16_gabor.tif,True,1,1024x1024,uint8,5,589252,2026-09-16T09:08:14+00:00,BitsPerSample;Compression;FillOrder;ImageLength;ImageWidth;NewSubfileType;Orientation;PhotometricInterpretation;PlanarConfiguration;Predictor;ResolutionUnit;RowsPerStrip;SampleFormat;SamplesPerPixel;StripByteCounts;StripOffsets;XResolution;YResolution,False,False,
NCI_rotenone_500nM_16,phase,data/phase/NCI_rotenone_500nM_16_phase.bin,True,,900x900,float32,,3240023,,,,,0.2848713904768374/0.21199439004249143
NCI_rotenone_500nM_17,off_axis,data/off_axis_hologram/NCI_rotenone_500nM_17_holo.tif,True,1,1024x1024,uint8,5,1222264,2026-09-16T09:09:51+00:00,BitsPerSample;Compression;FillOrder;ImageLength;ImageWidth;NewSubfileType;Orientation;PhotometricInterpretation;PlanarConfiguration;Predictor;ResolutionUnit;RowsPerStrip;SampleFormat;SamplesPerPixel;StripByteCounts;StripOffsets;XResolution;YResolution,False,False,
NCI_rotenone_500nM_17,gabor,data/in_line_gabor_hologram/NCI_rotenone_500nM_17_gabor.tif,True,1,1024x1024,uint8,5,576662,2026-09-16T09:08:14+00:00,BitsPerSample;Compression;FillOrder;ImageLength;ImageWidth;NewSubfileType;Orientation;PhotometricInterpretation;PlanarConfiguration;Predictor;ResolutionUnit;RowsPerStrip;SampleFormat;SamplesPerPixel;StripByteCounts;StripOffsets;XResolution;YResolution,False,False,
NCI_rotenone_500nM_17,phase,data/phase/NCI_rotenone_500nM_17_phase.bin,True,,900x900,float32,,3240023,,,,,0.2848713904768374/0.21199439004249143
NCI_rotenone_500nM_18,off_axis,data/off_axis_hologram/NCI_rotenone_500nM_18_holo.tif,True,1,1024x1024,uint8,5,1226922,2026-09-16T09:09:51+00:00,BitsPerSample;Compression;FillOrder;ImageLength;ImageWidth;NewSubfileType;Orientation;PhotometricInterpretation;PlanarConfiguration;Predictor;ResolutionUnit;RowsPerStrip;SampleFormat;SamplesPerPixel;StripByteCounts;StripOffsets;XResolution;YResolution,False,False,
NCI_rotenone_500nM_18,gabor,data/in_line_gabor_hologram/NCI_rotenone_500nM_18_gabor.tif,True,1,1024x1024,uint8,5,600864,2026-09-16T09:08:14+00:00,BitsPerSample;Compression;FillOrder;ImageLength;ImageWidth;NewSubfileType;Orientation;PhotometricInterpretation;PlanarConfiguration;Predictor;ResolutionUnit;RowsPerStrip;SampleFormat;SamplesPerPixel;StripByteCounts;StripOffsets;XResolution;YResolution,False,False,
NCI_rotenone_500nM_18,phase,data/phase/NCI_rotenone_500nM_18_phase.bin,True,,900x900,float32,,3240023,,,,,0.2848713904768374/0.21199439004249143
NCI_rotenone_500nM_19,off_axis,data/off_axis_hologram/NCI_rotenone_500nM_19_holo.tif,True,1,1024x1024,uint8,5,1228148,2026-09-16T09:09:51+00:00,BitsPerSample;Compression;FillOrder;ImageLength;ImageWidth;NewSubfileType;Orientation;PhotometricInterpretation;PlanarConfiguration;Predictor;ResolutionUnit;RowsPerStrip;SampleFormat;SamplesPerPixel;StripByteCounts;StripOffsets;XResolution;YResolution,False,False,
NCI_rotenone_500nM_19,gabor,data/in_line_gabor_hologram/NCI_rotenone_500nM_19_gabor.tif,True,1,1024x1024,uint8,5,599054,2026-09-16T09:08:14+00:00,BitsPerSample;Compression;FillOrder;ImageLength;ImageWidth;NewSubfileType;Orientation;PhotometricInterpretation;PlanarConfiguration;Predictor;ResolutionUnit;RowsPerStrip;SampleFormat;SamplesPerPixel;StripByteCounts;StripOffsets;XResolution;YResolution,False,False,
NCI_rotenone_500nM_19,phase,data/phase/NCI_rotenone_500nM_19_phase.bin,True,,900x900,float32,,3240023,,,,,0.2848713904768374/0.21199439004249143
NCI_rotenone_500nM_20,off_axis,data/off_axis_hologram/NCI_rotenone_500nM_20_holo.tif,True,1,1024x1024,uint8,5,1224010,2026-09-16T09:09:51+00:00,BitsPerSample;Compression;FillOrder;ImageLength;ImageWidth;NewSubfileType;Orientation;PhotometricInterpretation;PlanarConfiguration;Predictor;ResolutionUnit;RowsPerStrip;SampleFormat;SamplesPerPixel;StripByteCounts;StripOffsets;XResolution;YResolution,False,False,
NCI_rotenone_500nM_20,gabor,data/in_line_gabor_hologram/NCI_rotenone_500nM_20_gabor.tif,True,1,1024x1024,uint8,5,600856,2026-09-16T09:08:14+00:00,BitsPerSample;Compression;FillOrder;ImageLength;ImageWidth;NewSubfileType;Orientation;PhotometricInterpretation;PlanarConfiguration;Predictor;ResolutionUnit;RowsPerStrip;SampleFormat;SamplesPerPixel;StripByteCounts;StripOffsets;XResolution;YResolution,False,False,
NCI_rotenone_500nM_20,phase,data/phase/NCI_rotenone_500nM_20_phase.bin,True,,900x900,float32,,3240023,,,,,0.2848713904768374/0.21199439004249143
NCI_rotenone_500nM_21,off_axis,data/off_axis_hologram/NCI_rotenone_500nM_21_holo.tif,True,1,1024x1024,uint8,5,1223338,2026-09-16T09:09:51+00:00,BitsPerSample;Compression;FillOrder;ImageLength;ImageWidth;NewSubfileType;Orientation;PhotometricInterpretation;PlanarConfiguration;Predictor;ResolutionUnit;RowsPerStrip;SampleFormat;SamplesPerPixel;StripByteCounts;StripOffsets;XResolution;YResolution,False,False,
NCI_rotenone_500nM_21,gabor,data/in_line_gabor_hologram/NCI_rotenone_500nM_21_gabor.tif,True,1,1024x1024,uint8,5,584304,2026-09-16T09:08:14+00:00,BitsPerSample;Compression;FillOrder;ImageLength;ImageWidth;NewSubfileType;Orientation;PhotometricInterpretation;PlanarConfiguration;Predictor;ResolutionUnit;RowsPerStrip;SampleFormat;SamplesPerPixel;StripByteCounts;StripOffsets;XResolution;YResolution,False,False,
NCI_rotenone_500nM_21,phase,data/phase/NCI_rotenone_500nM_21_phase.bin,True,,900x900,float32,,3240023,,,,,0.2848713904768374/0.21199439004249143
NCI_rotenone_500nM_22,off_axis,data/off_axis_hologram/NCI_rotenone_500nM_22_holo.tif,True,1,1024x1024,uint8,5,1216322,2026-09-16T09:09:51+00:00,BitsPerSample;Compression;FillOrder;ImageLength;ImageWidth;NewSubfileType;Orientation;PhotometricInterpretation;PlanarConfiguration;Predictor;ResolutionUnit;RowsPerStrip;SampleFormat;SamplesPerPixel;StripByteCounts;StripOffsets;XResolution;YResolution,False,False,
NCI_rotenone_500nM_22,gabor,data/in_line_gabor_hologram/NCI_rotenone_500nM_22_gabor.tif,True,1,1024x1024,uint8,5,577554,2026-09-16T09:08:14+00:00,BitsPerSample;Compression;FillOrder;ImageLength;ImageWidth;NewSubfileType;Orientation;PhotometricInterpretation;PlanarConfiguration;Predictor;ResolutionUnit;RowsPerStrip;SampleFormat;SamplesPerPixel;StripByteCounts;StripOffsets;XResolution;YResolution,False,False,
NCI_rotenone_500nM_22,phase,data/phase/NCI_rotenone_500nM_22_phase.bin,True,,900x900,float32,,3240023,,,,,0.2848713904768374/0.21199439004249143
NCI_rotenone_500nM_23,off_axis,data/off_axis_hologram/NCI_rotenone_500nM_23_holo.tif,True,1,1024x1024,uint8,5,1217648,2026-09-16T09:09:51+00:00,BitsPerSample;Compression;FillOrder;ImageLength;ImageWidth;NewSubfileType;Orientation;PhotometricInterpretation;PlanarConfiguration;Predictor;ResolutionUnit;RowsPerStrip;SampleFormat;SamplesPerPixel;StripByteCounts;StripOffsets;XResolution;YResolution,False,False,
NCI_rotenone_500nM_23,gabor,data/in_line_gabor_hologram/NCI_rotenone_500nM_23_gabor.tif,True,1,1024x1024,uint8,5,564574,2026-09-16T09:08:14+00:00,BitsPerSample;Compression;FillOrder;ImageLength;ImageWidth;NewSubfileType;Orientation;PhotometricInterpretation;PlanarConfiguration;Predictor;ResolutionUnit;RowsPerStrip;SampleFormat;SamplesPerPixel;StripByteCounts;StripOffsets;XResolution;YResolution,False,False,
NCI_rotenone_500nM_23,phase,data/phase/NCI_rotenone_500nM_23_phase.bin,True,,900x900,float32,,3240023,,,,,0.2848713904768374/0.21199439004249143
NCI_rotenone_500nM_24,off_axis,data/off_axis_hologram/NCI_rotenone_500nM_24_holo.tif,True,1,1024x1024,uint8,5,1221602,2026-09-16T09:09:51+00:00,BitsPerSample;Compression;FillOrder;ImageLength;ImageWidth;NewSubfileType;Orientation;PhotometricInterpretation;PlanarConfiguration;Predictor;ResolutionUnit;RowsPerStrip;SampleFormat;SamplesPerPixel;StripByteCounts;StripOffsets;XResolution;YResolution,False,False,
NCI_rotenone_500nM_24,gabor,data/in_line_gabor_hologram/NCI_rotenone_500nM_24_gabor.tif,True,1,1024x1024,uint8,5,594060,2026-09-16T09:08:14+00:00,BitsPerSample;Compression;FillOrder;ImageLength;ImageWidth;NewSubfileType;Orientation;PhotometricInterpretation;PlanarConfiguration;Predictor;ResolutionUnit;RowsPerStrip;SampleFormat;SamplesPerPixel;StripByteCounts;StripOffsets;XResolution;YResolution,False,False,
NCI_rotenone_500nM_24,phase,data/phase/NCI_rotenone_500nM_24_phase.bin,True,,900x900,float32,,3240023,,,,,0.2848713904768374/0.21199439004249143
NCI_rotenone_500nM_25,off_axis,data/off_axis_hologram/NCI_rotenone_500nM_25_holo.tif,True,1,1024x1024,uint8,5,1208360,2026-09-16T09:09:51+00:00,BitsPerSample;Compression;FillOrder;ImageLength;ImageWidth;NewSubfileType;Orientation;PhotometricInterpretation;PlanarConfiguration;Predictor;ResolutionUnit;RowsPerStrip;SampleFormat;SamplesPerPixel;StripByteCounts;StripOffsets;XResolution;YResolution,False,False,
NCI_rotenone_500nM_25,gabor,data/in_line_gabor_hologram/NCI_rotenone_500nM_25_gabor.tif,True,1,1024x1024,uint8,5,539920,2026-09-16T09:08:14+00:00,BitsPerSample;Compression;FillOrder;ImageLength;ImageWidth;NewSubfileType;Orientation;PhotometricInterpretation;PlanarConfiguration;Predictor;ResolutionUnit;RowsPerStrip;SampleFormat;SamplesPerPixel;StripByteCounts;StripOffsets;XResolution;YResolution,False,False,
NCI_rotenone_500nM_25,phase,data/phase/NCI_rotenone_500nM_25_phase.bin,True,,900x900,float32,,3240023,,,,,0.2848713904768374/0.21199439004249143
NCI_rotenone_500nM_26,off_axis,data/off_axis_hologram/NCI_rotenone_500nM_26_holo.tif,True,1,1024x1024,uint8,5,1209268,2026-09-16T09:09:51+00:00,BitsPerSample;Compression;FillOrder;ImageLength;ImageWidth;NewSubfileType;Orientation;PhotometricInterpretation;PlanarConfiguration;Predictor;ResolutionUnit;RowsPerStrip;SampleFormat;SamplesPerPixel;StripByteCounts;StripOffsets;XResolution;YResolution,False,False,
NCI_rotenone_500nM_26,gabor,data/in_line_gabor_hologram/NCI_rotenone_500nM_26_gabor.tif,True,1,1024x1024,uint8,5,535264,2026-09-16T09:08:14+00:00,BitsPerSample;Compression;FillOrder;ImageLength;ImageWidth;NewSubfileType;Orientation;PhotometricInterpretation;PlanarConfiguration;Predictor;ResolutionUnit;RowsPerStrip;SampleFormat;SamplesPerPixel;StripByteCounts;StripOffsets;XResolution;YResolution,False,False,
NCI_rotenone_500nM_26,phase,data/phase/NCI_rotenone_500nM_26_phase.bin,True,,900x900,float32,,3240023,,,,,0.2848713904768374/0.21199439004249143
NCI_rotenone_500nM_27,off_axis,data/off_axis_hologram/NCI_rotenone_500nM_27_holo.tif,True,1,1024x1024,uint8,5,1222762,2026-09-16T09:09:51+00:00,BitsPerSample;Compression;FillOrder;ImageLength;ImageWidth;NewSubfileType;Orientation;PhotometricInterpretation;PlanarConfiguration;Predictor;ResolutionUnit;RowsPerStrip;SampleFormat;SamplesPerPixel;StripByteCounts;StripOffsets;XResolution;YResolution,False,False,
NCI_rotenone_500nM_27,gabor,data/in_line_gabor_hologram/NCI_rotenone_500nM_27_gabor.tif,True,1,1024x1024,uint8,5,581354,2026-09-16T09:08:14+00:00,BitsPerSample;Compression;FillOrder;ImageLength;ImageWidth;NewSubfileType;Orientation;PhotometricInterpretation;PlanarConfiguration;Predictor;ResolutionUnit;RowsPerStrip;SampleFormat;SamplesPerPixel;StripByteCounts;StripOffsets;XResolution;YResolution,False,False,
NCI_rotenone_500nM_27,phase,data/phase/NCI_rotenone_500nM_27_phase.bin,True,,900x900,float32,,3240023,,,,,0.2848713904768374/0.21199439004249143
NCI_rotenone_500nM_28,off_axis,data/off_axis_hologram/NCI_rotenone_500nM_28_holo.tif,True,1,1024x1024,uint8,5,1214850,2026-09-16T09:09:51+00:00,BitsPerSample;Compression;FillOrder;ImageLength;ImageWidth;NewSubfileType;Orientation;PhotometricInterpretation;PlanarConfiguration;Predictor;ResolutionUnit;RowsPerStrip;SampleFormat;SamplesPerPixel;StripByteCounts;StripOffsets;XResolution;YResolution,False,False,
NCI_rotenone_500nM_28,gabor,data/in_line_gabor_hologram/NCI_rotenone_500nM_28_gabor.tif,True,1,1024x1024,uint8,5,549948,2026-09-16T09:08:14+00:00,BitsPerSample;Compression;FillOrder;ImageLength;ImageWidth;NewSubfileType;Orientation;PhotometricInterpretation;PlanarConfiguration;Predictor;ResolutionUnit;RowsPerStrip;SampleFormat;SamplesPerPixel;StripByteCounts;StripOffsets;XResolution;YResolution,False,False,
NCI_rotenone_500nM_28,phase,data/phase/NCI_rotenone_500nM_28_phase.bin,True,,900x900,float32,,3240023,,,,,0.2848713904768374/0.21199439004249143
NCI_rotenone_500nM_29,off_axis,data/off_axis_hologram/NCI_rotenone_500nM_29_holo.tif,True,1,1024x1024,uint8,5,1219106,2026-09-16T09:09:51+00:00,BitsPerSample;Compression;FillOrder;ImageLength;ImageWidth;NewSubfileType;Orientation;PhotometricInterpretation;PlanarConfiguration;Predictor;ResolutionUnit;RowsPerStrip;SampleFormat;SamplesPerPixel;StripByteCounts;StripOffsets;XResolution;YResolution,False,False,
NCI_rotenone_500nM_29,gabor,data/in_line_gabor_hologram/NCI_rotenone_500nM_29_gabor.tif,True,1,1024x1024,uint8,5,563178,2026-09-16T09:08:14+00:00,BitsPerSample;Compression;FillOrder;ImageLength;ImageWidth;NewSubfileType;Orientation;PhotometricInterpretation;PlanarConfiguration;Predictor;ResolutionUnit;RowsPerStrip;SampleFormat;SamplesPerPixel;StripByteCounts;StripOffsets;XResolution;YResolution,False,False,
NCI_rotenone_500nM_29,phase,data/phase/NCI_rotenone_500nM_29_phase.bin,True,,900x900,float32,,3240023,,,,,0.2848713904768374/0.21199439004249143
NCI_rotenone_500nM_30,off_axis,data/off_axis_hologram/NCI_rotenone_500nM_30_holo.tif,True,1,1024x1024,uint8,5,1221178,2026-09-16T09:09:51+00:00,BitsPerSample;Compression;FillOrder;ImageLength;ImageWidth;NewSubfileType;Orientation;PhotometricInterpretation;PlanarConfiguration;Predictor;ResolutionUnit;RowsPerStrip;SampleFormat;SamplesPerPixel;StripByteCounts;StripOffsets;XResolution;YResolution,False,False,
NCI_rotenone_500nM_30,gabor,data/in_line_gabor_hologram/NCI_rotenone_500nM_30_gabor.tif,True,1,1024x1024,uint8,5,568306,2026-09-16T09:08:14+00:00,BitsPerSample;Compression;FillOrder;ImageLength;ImageWidth;NewSubfileType;Orientation;PhotometricInterpretation;PlanarConfiguration;Predictor;ResolutionUnit;RowsPerStrip;SampleFormat;SamplesPerPixel;StripByteCounts;StripOffsets;XResolution;YResolution,False,False,
NCI_rotenone_500nM_30,phase,data/phase/NCI_rotenone_500nM_30_phase.bin,True,,900x900,float32,,3240023,,,,,0.2848713904768374/0.21199439004249143
NCI_rotenone_500nM_31,off_axis,data/off_axis_hologram/NCI_rotenone_500nM_31_holo.tif,True,1,1024x1024,uint8,5,1215360,2026-09-16T09:09:51+00:00,BitsPerSample;Compression;FillOrder;ImageLength;ImageWidth;NewSubfileType;Orientation;PhotometricInterpretation;PlanarConfiguration;Predictor;ResolutionUnit;RowsPerStrip;SampleFormat;SamplesPerPixel;StripByteCounts;StripOffsets;XResolution;YResolution,False,False,
NCI_rotenone_500nM_31,gabor,data/in_line_gabor_hologram/NCI_rotenone_500nM_31_gabor.tif,True,1,1024x1024,uint8,5,530990,2026-09-16T09:08:14+00:00,BitsPerSample;Compression;FillOrder;ImageLength;ImageWidth;NewSubfileType;Orientation;PhotometricInterpretation;PlanarConfiguration;Predictor;ResolutionUnit;RowsPerStrip;SampleFormat;SamplesPerPixel;StripByteCounts;StripOffsets;XResolution;YResolution,False,False,
NCI_rotenone_500nM_31,phase,data/phase/NCI_rotenone_500nM_31_phase.bin,True,,900x900,float32,,3240023,,,,,0.2848713904768374/0.21199439004249143
NCI_rotenone_500nM_32,off_axis,data/off_axis_hologram/NCI_rotenone_500nM_32_holo.tif,True,1,1024x1024,uint8,5,1216908,2026-09-16T09:09:51+00:00,BitsPerSample;Compression;FillOrder;ImageLength;ImageWidth;NewSubfileType;Orientation;PhotometricInterpretation;PlanarConfiguration;Predictor;ResolutionUnit;RowsPerStrip;SampleFormat;SamplesPerPixel;StripByteCounts;StripOffsets;XResolution;YResolution,False,False,
NCI_rotenone_500nM_32,gabor,data/in_line_gabor_hologram/NCI_rotenone_500nM_32_gabor.tif,True,1,1024x1024,uint8,5,557254,2026-09-16T09:08:14+00:00,BitsPerSample;Compression;FillOrder;ImageLength;ImageWidth;NewSubfileType;Orientation;PhotometricInterpretation;PlanarConfiguration;Predictor;ResolutionUnit;RowsPerStrip;SampleFormat;SamplesPerPixel;StripByteCounts;StripOffsets;XResolution;YResolution,False,False,
NCI_rotenone_500nM_32,phase,data/phase/NCI_rotenone_500nM_32_phase.bin,True,,900x900,float32,,3240023,,,,,0.2848713904768374/0.21199439004249143
NCI_rotenone_500nM_33,off_axis,data/off_axis_hologram/NCI_rotenone_500nM_33_holo.tif,True,1,1024x1024,uint8,5,1222914,2026-09-16T09:09:51+00:00,BitsPerSample;Compression;FillOrder;ImageLength;ImageWidth;NewSubfileType;Orientation;PhotometricInterpretation;PlanarConfiguration;Predictor;ResolutionUnit;RowsPerStrip;SampleFormat;SamplesPerPixel;StripByteCounts;StripOffsets;XResolution;YResolution,False,False,
NCI_rotenone_500nM_33,gabor,data/in_line_gabor_hologram/NCI_rotenone_500nM_33_gabor.tif,True,1,1024x1024,uint8,5,569016,2026-09-16T09:08:14+00:00,BitsPerSample;Compression;FillOrder;ImageLength;ImageWidth;NewSubfileType;Orientation;PhotometricInterpretation;PlanarConfiguration;Predictor;ResolutionUnit;RowsPerStrip;SampleFormat;SamplesPerPixel;StripByteCounts;StripOffsets;XResolution;YResolution,False,False,
NCI_rotenone_500nM_33,phase,data/phase/NCI_rotenone_500nM_33_phase.bin,True,,900x900,float32,,3240023,,,,,0.2848713904768374/0.21199439004249143
NCI_rotenone_500nM_34,off_axis,data/off_axis_hologram/NCI_rotenone_500nM_34_holo.tif,True,1,1024x1024,uint8,5,1223628,2026-09-16T09:09:51+00:00,BitsPerSample;Compression;FillOrder;ImageLength;ImageWidth;NewSubfileType;Orientation;PhotometricInterpretation;PlanarConfiguration;Predictor;ResolutionUnit;RowsPerStrip;SampleFormat;SamplesPerPixel;StripByteCounts;StripOffsets;XResolution;YResolution,False,False,
NCI_rotenone_500nM_34,gabor,data/in_line_gabor_hologram/NCI_rotenone_500nM_34_gabor.tif,True,1,1024x1024,uint8,5,581354,2026-09-16T09:08:14+00:00,BitsPerSample;Compression;FillOrder;ImageLength;ImageWidth;NewSubfileType;Orientation;PhotometricInterpretation;PlanarConfiguration;Predictor;ResolutionUnit;RowsPerStrip;SampleFormat;SamplesPerPixel;StripByteCounts;StripOffsets;XResolution;YResolution,False,False,
NCI_rotenone_500nM_34,phase,data/phase/NCI_rotenone_500nM_34_phase.bin,True,,900x900,float32,,3240023,,,,,0.2848713904768374/0.21199439004249143
NCI_rotenone_500nM_35,off_axis,data/off_axis_hologram/NCI_rotenone_500nM_35_holo.tif,True,1,1024x1024,uint8,5,1215434,2026-09-16T09:09:51+00:00,BitsPerSample;Compression;FillOrder;ImageLength;ImageWidth;NewSubfileType;Orientation;PhotometricInterpretation;PlanarConfiguration;Predictor;ResolutionUnit;RowsPerStrip;SampleFormat;SamplesPerPixel;StripByteCounts;StripOffsets;XResolution;YResolution,False,False,
NCI_rotenone_500nM_35,gabor,data/in_line_gabor_hologram/NCI_rotenone_500nM_35_gabor.tif,True,1,1024x1024,uint8,5,554348,2026-09-16T09:08:14+00:00,BitsPerSample;Compression;FillOrder;ImageLength;ImageWidth;NewSubfileType;Orientation;PhotometricInterpretation;PlanarConfiguration;Predictor;ResolutionUnit;RowsPerStrip;SampleFormat;SamplesPerPixel;StripByteCounts;StripOffsets;XResolution;YResolution,False,False,
NCI_rotenone_500nM_35,phase,data/phase/NCI_rotenone_500nM_35_phase.bin,True,,900x900,float32,,3240023,,,,,0.2848713904768374/0.21199439004249143
NCI_rotenone_500nM_36,off_axis,data/off_axis_hologram/NCI_rotenone_500nM_36_holo.tif,True,1,1024x1024,uint8,5,1218608,2026-09-16T09:09:51+00:00,BitsPerSample;Compression;FillOrder;ImageLength;ImageWidth;NewSubfileType;Orientation;PhotometricInterpretation;PlanarConfiguration;Predictor;ResolutionUnit;RowsPerStrip;SampleFormat;SamplesPerPixel;StripByteCounts;StripOffsets;XResolution;YResolution,False,False,
NCI_rotenone_500nM_36,gabor,data/in_line_gabor_hologram/NCI_rotenone_500nM_36_gabor.tif,True,1,1024x1024,uint8,5,569968,2026-09-16T09:08:14+00:00,BitsPerSample;Compression;FillOrder;ImageLength;ImageWidth;NewSubfileType;Orientation;PhotometricInterpretation;PlanarConfiguration;Predictor;ResolutionUnit;RowsPerStrip;SampleFormat;SamplesPerPixel;StripByteCounts;StripOffsets;XResolution;YResolution,False,False,
NCI_rotenone_500nM_36,phase,data/phase/NCI_rotenone_500nM_36_phase.bin,True,,900x900,float32,,3240023,,,,,0.2848713904768374/0.21199439004249143
NCI_rotenone_500nM_37,off_axis,data/off_axis_hologram/NCI_rotenone_500nM_37_holo.tif,True,1,1024x1024,uint8,5,1220678,2026-09-16T09:09:51+00:00,BitsPerSample;Compression;FillOrder;ImageLength;ImageWidth;NewSubfileType;Orientation;PhotometricInterpretation;PlanarConfiguration;Predictor;ResolutionUnit;RowsPerStrip;SampleFormat;SamplesPerPixel;StripByteCounts;StripOffsets;XResolution;YResolution,False,False,
NCI_rotenone_500nM_37,gabor,data/in_line_gabor_hologram/NCI_rotenone_500nM_37_gabor.tif,True,1,1024x1024,uint8,5,573278,2026-09-16T09:08:14+00:00,BitsPerSample;Compression;FillOrder;ImageLength;ImageWidth;NewSubfileType;Orientation;PhotometricInterpretation;PlanarConfiguration;Predictor;ResolutionUnit;RowsPerStrip;SampleFormat;SamplesPerPixel;StripByteCounts;StripOffsets;XResolution;YResolution,False,False,
NCI_rotenone_500nM_37,phase,data/phase/NCI_rotenone_500nM_37_phase.bin,True,,900x900,float32,,3240023,,,,,0.2848713904768374/0.21199439004249143
NCI_rotenone_500nM_38,off_axis,data/off_axis_hologram/NCI_rotenone_500nM_38_holo.tif,True,1,1024x1024,uint8,5,1223610,2026-09-16T09:09:51+00:00,BitsPerSample;Compression;FillOrder;ImageLength;ImageWidth;NewSubfileType;Orientation;PhotometricInterpretation;PlanarConfiguration;Predictor;ResolutionUnit;RowsPerStrip;SampleFormat;SamplesPerPixel;StripByteCounts;StripOffsets;XResolution;YResolution,False,False,
NCI_rotenone_500nM_38,gabor,data/in_line_gabor_hologram/NCI_rotenone_500nM_38_gabor.tif,True,1,1024x1024,uint8,5,584382,2026-09-16T09:08:14+00:00,BitsPerSample;Compression;FillOrder;ImageLength;ImageWidth;NewSubfileType;Orientation;PhotometricInterpretation;PlanarConfiguration;Predictor;ResolutionUnit;RowsPerStrip;SampleFormat;SamplesPerPixel;StripByteCounts;StripOffsets;XResolution;YResolution,False,False,
NCI_rotenone_500nM_38,phase,data/phase/NCI_rotenone_500nM_38_phase.bin,True,,900x900,float32,,3240023,,,,,0.2848713904768374/0.21199439004249143
NCI_rotenone_500nM_39,off_axis,data/off_axis_hologram/NCI_rotenone_500nM_39_holo.tif,True,1,1024x1024,uint8,5,332794,2026-09-16T09:09:51+00:00,BitsPerSample;Compression;FillOrder;ImageLength;ImageWidth;NewSubfileType;Orientation;PhotometricInterpretation;PlanarConfiguration;Predictor;ResolutionUnit;RowsPerStrip;SampleFormat;SamplesPerPixel;StripByteCounts;StripOffsets;XResolution;YResolution,False,False,
NCI_rotenone_500nM_39,gabor,data/in_line_gabor_hologram/NCI_rotenone_500nM_39_gabor.tif,True,1,1024x1024,uint8,5,574176,2026-09-16T09:08:14+00:00,BitsPerSample;Compression;FillOrder;ImageLength;ImageWidth;NewSubfileType;Orientation;PhotometricInterpretation;PlanarConfiguration;Predictor;ResolutionUnit;RowsPerStrip;SampleFormat;SamplesPerPixel;StripByteCounts;StripOffsets;XResolution;YResolution,False,False,
NCI_rotenone_500nM_39,phase,data/phase/NCI_rotenone_500nM_39_phase.bin,True,,900x900,float32,,3240023,,,,,0.2848713904768374/0.21199439004249143
NCI_rotenone_500nM_40,off_axis,data/off_axis_hologram/NCI_rotenone_500nM_40_holo.tif,True,1,1024x1024,uint8,5,1212760,2026-09-16T09:09:51+00:00,BitsPerSample;Compression;FillOrder;ImageLength;ImageWidth;NewSubfileType;Orientation;PhotometricInterpretation;PlanarConfiguration;Predictor;ResolutionUnit;RowsPerStrip;SampleFormat;SamplesPerPixel;StripByteCounts;StripOffsets;XResolution;YResolution,False,False,
NCI_rotenone_500nM_40,gabor,data/in_line_gabor_hologram/NCI_rotenone_500nM_40_gabor.tif,True,1,1024x1024,uint8,5,548880,2026-09-16T09:08:14+00:00,BitsPerSample;Compression;FillOrder;ImageLength;ImageWidth;NewSubfileType;Orientation;PhotometricInterpretation;PlanarConfiguration;Predictor;ResolutionUnit;RowsPerStrip;SampleFormat;SamplesPerPixel;StripByteCounts;StripOffsets;XResolution;YResolution,False,False,
NCI_rotenone_500nM_40,phase,data/phase/NCI_rotenone_500nM_40_phase.bin,True,,900x900,float32,,3240023,,,,,0.2848713904768374/0.21199439004249143
NCI_rotenone_500nM_41,off_axis,data/off_axis_hologram/NCI_rotenone_500nM_41_holo.tif,True,1,1024x1024,uint8,5,1208544,2026-09-16T09:09:51+00:00,BitsPerSample;Compression;FillOrder;ImageLength;ImageWidth;NewSubfileType;Orientation;PhotometricInterpretation;PlanarConfiguration;Predictor;ResolutionUnit;RowsPerStrip;SampleFormat;SamplesPerPixel;StripByteCounts;StripOffsets;XResolution;YResolution,False,False,
NCI_rotenone_500nM_41,gabor,data/in_line_gabor_hologram/NCI_rotenone_500nM_41_gabor.tif,True,1,1024x1024,uint8,5,526620,2026-09-16T09:08:14+00:00,BitsPerSample;Compression;FillOrder;ImageLength;ImageWidth;NewSubfileType;Orientation;PhotometricInterpretation;PlanarConfiguration;Predictor;ResolutionUnit;RowsPerStrip;SampleFormat;SamplesPerPixel;StripByteCounts;StripOffsets;XResolution;YResolution,False,False,
NCI_rotenone_500nM_41,phase,data/phase/NCI_rotenone_500nM_41_phase.bin,True,,900x900,float32,,3240023,,,,,0.2848713904768374/0.21199439004249143
NCI_rotenone_500nM_42,off_axis,data/off_axis_hologram/NCI_rotenone_500nM_42_holo.tif,True,1,1024x1024,uint8,5,1207014,2026-09-16T09:09:51+00:00,BitsPerSample;Compression;FillOrder;ImageLength;ImageWidth;NewSubfileType;Orientation;PhotometricInterpretation;PlanarConfiguration;Predictor;ResolutionUnit;RowsPerStrip;SampleFormat;SamplesPerPixel;StripByteCounts;StripOffsets;XResolution;YResolution,False,False,
NCI_rotenone_500nM_42,gabor,data/in_line_gabor_hologram/NCI_rotenone_500nM_42_gabor.tif,True,1,1024x1024,uint8,5,531594,2026-09-16T09:08:14+00:00,BitsPerSample;Compression;FillOrder;ImageLength;ImageWidth;NewSubfileType;Orientation;PhotometricInterpretation;PlanarConfiguration;Predictor;ResolutionUnit;RowsPerStrip;SampleFormat;SamplesPerPixel;StripByteCounts;StripOffsets;XResolution;YResolution,False,False,
NCI_rotenone_500nM_42,phase,data/phase/NCI_rotenone_500nM_42_phase.bin,True,,900x900,float32,,3240023,,,,,0.2848713904768374/0.21199439004249143
NCI_rotenone_500nM_43,off_axis,data/off_axis_hologram/NCI_rotenone_500nM_43_holo.tif,True,1,1024x1024,uint8,5,1208456,2026-09-16T09:09:51+00:00,BitsPerSample;Compression;FillOrder;ImageLength;ImageWidth;NewSubfileType;Orientation;PhotometricInterpretation;PlanarConfiguration;Predictor;ResolutionUnit;RowsPerStrip;SampleFormat;SamplesPerPixel;StripByteCounts;StripOffsets;XResolution;YResolution,False,False,
NCI_rotenone_500nM_43,gabor,data/in_line_gabor_hologram/NCI_rotenone_500nM_43_gabor.tif,True,1,1024x1024,uint8,5,534718,2026-09-16T09:08:14+00:00,BitsPerSample;Compression;FillOrder;ImageLength;ImageWidth;NewSubfileType;Orientation;PhotometricInterpretation;PlanarConfiguration;Predictor;ResolutionUnit;RowsPerStrip;SampleFormat;SamplesPerPixel;StripByteCounts;StripOffsets;XResolution;YResolution,False,False,
NCI_rotenone_500nM_43,phase,data/phase/NCI_rotenone_500nM_43_phase.bin,True,,900x900,float32,,3240023,,,,,0.2848713904768374/0.21199439004249143
NCI_rotenone_500nM_44,off_axis,data/off_axis_hologram/NCI_rotenone_500nM_44_holo.tif,True,1,1024x1024,uint8,5,1205926,2026-09-16T09:09:51+00:00,BitsPerSample;Compression;FillOrder;ImageLength;ImageWidth;NewSubfileType;Orientation;PhotometricInterpretation;PlanarConfiguration;Predictor;ResolutionUnit;RowsPerStrip;SampleFormat;SamplesPerPixel;StripByteCounts;StripOffsets;XResolution;YResolution,False,False,
NCI_rotenone_500nM_44,gabor,data/in_line_gabor_hologram/NCI_rotenone_500nM_44_gabor.tif,True,1,1024x1024,uint8,5,528578,2026-09-16T09:08:14+00:00,BitsPerSample;Compression;FillOrder;ImageLength;ImageWidth;NewSubfileType;Orientation;PhotometricInterpretation;PlanarConfiguration;Predictor;ResolutionUnit;RowsPerStrip;SampleFormat;SamplesPerPixel;StripByteCounts;StripOffsets;XResolution;YResolution,False,False,
NCI_rotenone_500nM_44,phase,data/phase/NCI_rotenone_500nM_44_phase.bin,True,,900x900,float32,,3240023,,,,,0.2848713904768374/0.21199439004249143
NCI_rotenone_500nM_45,off_axis,data/off_axis_hologram/NCI_rotenone_500nM_45_holo.tif,True,1,1024x1024,uint8,5,1214146,2026-09-16T09:09:51+00:00,BitsPerSample;Compression;FillOrder;ImageLength;ImageWidth;NewSubfileType;Orientation;PhotometricInterpretation;PlanarConfiguration;Predictor;ResolutionUnit;RowsPerStrip;SampleFormat;SamplesPerPixel;StripByteCounts;StripOffsets;XResolution;YResolution,False,False,
NCI_rotenone_500nM_45,gabor,data/in_line_gabor_hologram/NCI_rotenone_500nM_45_gabor.tif,True,1,1024x1024,uint8,5,563258,2026-09-16T09:08:14+00:00,BitsPerSample;Compression;FillOrder;ImageLength;ImageWidth;NewSubfileType;Orientation;PhotometricInterpretation;PlanarConfiguration;Predictor;ResolutionUnit;RowsPerStrip;SampleFormat;SamplesPerPixel;StripByteCounts;StripOffsets;XResolution;YResolution,False,False,
NCI_rotenone_500nM_45,phase,data/phase/NCI_rotenone_500nM_45_phase.bin,True,,900x900,float32,,3240023,,,,,0.2848713904768374/0.21199439004249143
NCI_rotenone_500nM_46,off_axis,data/off_axis_hologram/NCI_rotenone_500nM_46_holo.tif,True,1,1024x1024,uint8,5,1207616,2026-09-16T09:09:51+00:00,BitsPerSample;Compression;FillOrder;ImageLength;ImageWidth;NewSubfileType;Orientation;PhotometricInterpretation;PlanarConfiguration;Predictor;ResolutionUnit;RowsPerStrip;SampleFormat;SamplesPerPixel;StripByteCounts;StripOffsets;XResolution;YResolution,False,False,
NCI_rotenone_500nM_46,gabor,data/in_line_gabor_hologram/NCI_rotenone_500nM_46_gabor.tif,True,1,1024x1024,uint8,5,537726,2026-09-16T09:08:14+00:00,BitsPerSample;Compression;FillOrder;ImageLength;ImageWidth;NewSubfileType;Orientation;PhotometricInterpretation;PlanarConfiguration;Predictor;ResolutionUnit;RowsPerStrip;SampleFormat;SamplesPerPixel;StripByteCounts;StripOffsets;XResolution;YResolution,False,False,
NCI_rotenone_500nM_46,phase,data/phase/NCI_rotenone_500nM_46_phase.bin,True,,900x900,float32,,3240023,,,,,0.2848713904768374/0.21199439004249143
NCI_rotenone_500nM_47,off_axis,data/off_axis_hologram/NCI_rotenone_500nM_47_holo.tif,True,1,1024x1024,uint8,5,1205610,2026-09-16T09:09:51+00:00,BitsPerSample;Compression;FillOrder;ImageLength;ImageWidth;NewSubfileType;Orientation;PhotometricInterpretation;PlanarConfiguration;Predictor;ResolutionUnit;RowsPerStrip;SampleFormat;SamplesPerPixel;StripByteCounts;StripOffsets;XResolution;YResolution,False,False,
NCI_rotenone_500nM_47,gabor,data/in_line_gabor_hologram/NCI_rotenone_500nM_47_gabor.tif,True,1,1024x1024,uint8,5,539440,2026-09-16T09:08:14+00:00,BitsPerSample;Compression;FillOrder;ImageLength;ImageWidth;NewSubfileType;Orientation;PhotometricInterpretation;PlanarConfiguration;Predictor;ResolutionUnit;RowsPerStrip;SampleFormat;SamplesPerPixel;StripByteCounts;StripOffsets;XResolution;YResolution,False,False,
NCI_rotenone_500nM_47,phase,data/phase/NCI_rotenone_500nM_47_phase.bin,True,,900x900,float32,,3240023,,,,,0.2848713904768374/0.21199439004249143
NCI_rotenone_500nM_48,off_axis,data/off_axis_hologram/NCI_rotenone_500nM_48_holo.tif,True,1,1024x1024,uint8,5,1208656,2026-09-16T09:09:51+00:00,BitsPerSample;Compression;FillOrder;ImageLength;ImageWidth;NewSubfileType;Orientation;PhotometricInterpretation;PlanarConfiguration;Predictor;ResolutionUnit;RowsPerStrip;SampleFormat;SamplesPerPixel;StripByteCounts;StripOffsets;XResolution;YResolution,False,False,
NCI_rotenone_500nM_48,gabor,data/in_line_gabor_hologram/NCI_rotenone_500nM_48_gabor.tif,True,1,1024x1024,uint8,5,541958,2026-09-16T09:08:14+00:00,BitsPerSample;Compression;FillOrder;ImageLength;ImageWidth;NewSubfileType;Orientation;PhotometricInterpretation;PlanarConfiguration;Predictor;ResolutionUnit;RowsPerStrip;SampleFormat;SamplesPerPixel;StripByteCounts;StripOffsets;XResolution;YResolution,False,False,
NCI_rotenone_500nM_48,phase,data/phase/NCI_rotenone_500nM_48_phase.bin,True,,900x900,float32,,3240023,,,,,0.2848713904768374/0.21199439004249143
NCI_rotenone_500nM_49,off_axis,data/off_axis_hologram/NCI_rotenone_500nM_49_holo.tif,True,1,1024x1024,uint8,5,1210006,2026-09-16T09:09:51+00:00,BitsPerSample;Compression;FillOrder;ImageLength;ImageWidth;NewSubfileType;Orientation;PhotometricInterpretation;PlanarConfiguration;Predictor;ResolutionUnit;RowsPerStrip;SampleFormat;SamplesPerPixel;StripByteCounts;StripOffsets;XResolution;YResolution,False,False,
NCI_rotenone_500nM_49,gabor,data/in_line_gabor_hologram/NCI_rotenone_500nM_49_gabor.tif,True,1,1024x1024,uint8,5,547418,2026-09-16T09:08:14+00:00,BitsPerSample;Compression;FillOrder;ImageLength;ImageWidth;NewSubfileType;Orientation;PhotometricInterpretation;PlanarConfiguration;Predictor;ResolutionUnit;RowsPerStrip;SampleFormat;SamplesPerPixel;StripByteCounts;StripOffsets;XResolution;YResolution,False,False,
NCI_rotenone_500nM_49,phase,data/phase/NCI_rotenone_500nM_49_phase.bin,True,,900x900,float32,,3240023,,,,,0.2848713904768374/0.21199439004249143
NCI_rotenone_500nM_50,off_axis,data/off_axis_hologram/NCI_rotenone_500nM_50_holo.tif,True,1,1024x1024,uint8,5,1210936,2026-09-16T09:09:51+00:00,BitsPerSample;Compression;FillOrder;ImageLength;ImageWidth;NewSubfileType;Orientation;PhotometricInterpretation;PlanarConfiguration;Predictor;ResolutionUnit;RowsPerStrip;SampleFormat;SamplesPerPixel;StripByteCounts;StripOffsets;XResolution;YResolution,False,False,
NCI_rotenone_500nM_50,gabor,data/in_line_gabor_hologram/NCI_rotenone_500nM_50_gabor.tif,True,1,1024x1024,uint8,5,559338,2026-09-16T09:08:14+00:00,BitsPerSample;Compression;FillOrder;ImageLength;ImageWidth;NewSubfileType;Orientation;PhotometricInterpretation;PlanarConfiguration;Predictor;ResolutionUnit;RowsPerStrip;SampleFormat;SamplesPerPixel;StripByteCounts;StripOffsets;XResolution;YResolution,False,False,
NCI_rotenone_500nM_50,phase,data/phase/NCI_rotenone_500nM_50_phase.bin,True,,900x900,float32,,3240023,,,,,0.2848713904768374/0.21199439004249143
SNU_01,off_axis,data/off_axis_hologram/SNU_01_holo.tif,True,1,1024x1024,uint8,5,315810,2026-09-16T09:09:52+00:00,BitsPerSample;Compression;FillOrder;ImageLength;ImageWidth;NewSubfileType;Orientation;PhotometricInterpretation;PlanarConfiguration;Predictor;ResolutionUnit;RowsPerStrip;SampleFormat;SamplesPerPixel;StripByteCounts;StripOffsets;XResolution;YResolution,False,False,
SNU_01,gabor,data/in_line_gabor_hologram/SNU_01_gabor.tif,True,1,1024x1024,uint8,5,528608,2026-09-16T09:08:14+00:00,BitsPerSample;Compression;FillOrder;ImageLength;ImageWidth;NewSubfileType;Orientation;PhotometricInterpretation;PlanarConfiguration;Predictor;ResolutionUnit;RowsPerStrip;SampleFormat;SamplesPerPixel;StripByteCounts;StripOffsets;XResolution;YResolution,False,False,
SNU_01,phase,data/phase/SNU_01_phase.bin,True,,900x900,float32,,3240023,,,,,0.2848713904768374/0.21199439004249143
SNU_02,off_axis,data/off_axis_hologram/SNU_02_holo.tif,True,1,1024x1024,uint8,5,1232928,2026-09-16T09:09:52+00:00,BitsPerSample;Compression;FillOrder;ImageLength;ImageWidth;NewSubfileType;Orientation;PhotometricInterpretation;PlanarConfiguration;Predictor;ResolutionUnit;RowsPerStrip;SampleFormat;SamplesPerPixel;StripByteCounts;StripOffsets;XResolution;YResolution,False,False,
SNU_02,gabor,data/in_line_gabor_hologram/SNU_02_gabor.tif,True,1,1024x1024,uint8,5,521352,2026-09-16T09:08:14+00:00,BitsPerSample;Compression;FillOrder;ImageLength;ImageWidth;NewSubfileType;Orientation;PhotometricInterpretation;PlanarConfiguration;Predictor;ResolutionUnit;RowsPerStrip;SampleFormat;SamplesPerPixel;StripByteCounts;StripOffsets;XResolution;YResolution,False,False,
SNU_02,phase,data/phase/SNU_02_phase.bin,True,,900x900,float32,,3240023,,,,,0.2848713904768374/0.21199439004249143
SNU_03,off_axis,data/off_axis_hologram/SNU_03_holo.tif,True,1,1024x1024,uint8,5,1236674,2026-09-16T09:09:52+00:00,BitsPerSample;Compression;FillOrder;ImageLength;ImageWidth;NewSubfileType;Orientation;PhotometricInterpretation;PlanarConfiguration;Predictor;ResolutionUnit;RowsPerStrip;SampleFormat;SamplesPerPixel;StripByteCounts;StripOffsets;XResolution;YResolution,False,False,
SNU_03,gabor,data/in_line_gabor_hologram/SNU_03_gabor.tif,True,1,1024x1024,uint8,5,522960,2026-09-16T09:08:14+00:00,BitsPerSample;Compression;FillOrder;ImageLength;ImageWidth;NewSubfileType;Orientation;PhotometricInterpretation;PlanarConfiguration;Predictor;ResolutionUnit;RowsPerStrip;SampleFormat;SamplesPerPixel;StripByteCounts;StripOffsets;XResolution;YResolution,False,False,
SNU_03,phase,data/phase/SNU_03_phase.bin,True,,900x900,float32,,3240023,,,,,0.2848713904768374/0.21199439004249143
SNU_04,off_axis,data/off_axis_hologram/SNU_04_holo.tif,True,1,1024x1024,uint8,5,1230814,2026-09-16T09:09:52+00:00,BitsPerSample;Compression;FillOrder;ImageLength;ImageWidth;NewSubfileType;Orientation;PhotometricInterpretation;PlanarConfiguration;Predictor;ResolutionUnit;RowsPerStrip;SampleFormat;SamplesPerPixel;StripByteCounts;StripOffsets;XResolution;YResolution,False,False,
SNU_04,gabor,data/in_line_gabor_hologram/SNU_04_gabor.tif,True,1,1024x1024,uint8,5,529920,2026-09-16T09:08:14+00:00,BitsPerSample;Compression;FillOrder;ImageLength;ImageWidth;NewSubfileType;Orientation;PhotometricInterpretation;PlanarConfiguration;Predictor;ResolutionUnit;RowsPerStrip;SampleFormat;SamplesPerPixel;StripByteCounts;StripOffsets;XResolution;YResolution,False,False,
SNU_04,phase,data/phase/SNU_04_phase.bin,True,,900x900,float32,,3240023,,,,,0.2848713904768374/0.21199439004249143
SNU_05,off_axis,data/off_axis_hologram/SNU_05_holo.tif,True,1,1024x1024,uint8,5,1231164,2026-09-16T09:09:52+00:00,BitsPerSample;Compression;FillOrder;ImageLength;ImageWidth;NewSubfileType;Orientation;PhotometricInterpretation;PlanarConfiguration;Predictor;ResolutionUnit;RowsPerStrip;SampleFormat;SamplesPerPixel;StripByteCounts;StripOffsets;XResolution;YResolution,False,False,
SNU_05,gabor,data/in_line_gabor_hologram/SNU_05_gabor.tif,True,1,1024x1024,uint8,5,518220,2026-09-16T09:08:14+00:00,BitsPerSample;Compression;FillOrder;ImageLength;ImageWidth;NewSubfileType;Orientation;PhotometricInterpretation;PlanarConfiguration;Predictor;ResolutionUnit;RowsPerStrip;SampleFormat;SamplesPerPixel;StripByteCounts;StripOffsets;XResolution;YResolution,False,False,
SNU_05,phase,data/phase/SNU_05_phase.bin,True,,900x900,float32,,3240023,,,,,0.2848713904768374/0.21199439004249143
SNU_06,off_axis,data/off_axis_hologram/SNU_06_holo.tif,True,1,1024x1024,uint8,5,1224764,2026-09-16T09:09:52+00:00,BitsPerSample;Compression;FillOrder;ImageLength;ImageWidth;NewSubfileType;Orientation;PhotometricInterpretation;PlanarConfiguration;Predictor;ResolutionUnit;RowsPerStrip;SampleFormat;SamplesPerPixel;StripByteCounts;StripOffsets;XResolution;YResolution,False,False,
SNU_06,gabor,data/in_line_gabor_hologram/SNU_06_gabor.tif,True,1,1024x1024,uint8,5,515844,2026-09-16T09:08:14+00:00,BitsPerSample;Compression;FillOrder;ImageLength;ImageWidth;NewSubfileType;Orientation;PhotometricInterpretation;PlanarConfiguration;Predictor;ResolutionUnit;RowsPerStrip;SampleFormat;SamplesPerPixel;StripByteCounts;StripOffsets;XResolution;YResolution,False,False,
SNU_06,phase,data/phase/SNU_06_phase.bin,True,,900x900,float32,,3240023,,,,,0.2848713904768374/0.21199439004249143
SNU_07,off_axis,data/off_axis_hologram/SNU_07_holo.tif,True,1,1024x1024,uint8,5,1225822,2026-09-16T09:09:52+00:00,BitsPerSample;Compression;FillOrder;ImageLength;ImageWidth;NewSubfileType;Orientation;PhotometricInterpretation;PlanarConfiguration;Predictor;ResolutionUnit;RowsPerStrip;SampleFormat;SamplesPerPixel;StripByteCounts;StripOffsets;XResolution;YResolution,False,False,
SNU_07,gabor,data/in_line_gabor_hologram/SNU_07_gabor.tif,True,1,1024x1024,uint8,5,512324,2026-09-16T09:08:14+00:00,BitsPerSample;Compression;FillOrder;ImageLength;ImageWidth;NewSubfileType;Orientation;PhotometricInterpretation;PlanarConfiguration;Predictor;ResolutionUnit;RowsPerStrip;SampleFormat;SamplesPerPixel;StripByteCounts;StripOffsets;XResolution;YResolution,False,False,
SNU_07,phase,data/phase/SNU_07_phase.bin,True,,900x900,float32,,3240023,,,,,0.2848713904768374/0.21199439004249143
SNU_08,off_axis,data/off_axis_hologram/SNU_08_holo.tif,True,1,1024x1024,uint8,5,1230838,2026-09-16T09:09:52+00:00,BitsPerSample;Compression;FillOrder;ImageLength;ImageWidth;NewSubfileType;Orientation;PhotometricInterpretation;PlanarConfiguration;Predictor;ResolutionUnit;RowsPerStrip;SampleFormat;SamplesPerPixel;StripByteCounts;StripOffsets;XResolution;YResolution,False,False,
SNU_08,gabor,data/in_line_gabor_hologram/SNU_08_gabor.tif,True,1,1024x1024,uint8,5,519650,2026-09-16T09:08:14+00:00,BitsPerSample;Compression;FillOrder;ImageLength;ImageWidth;NewSubfileType;Orientation;PhotometricInterpretation;PlanarConfiguration;Predictor;ResolutionUnit;RowsPerStrip;SampleFormat;SamplesPerPixel;StripByteCounts;StripOffsets;XResolution;YResolution,False,False,
SNU_08,phase,data/phase/SNU_08_phase.bin,True,,900x900,float32,,3240023,,,,,0.2848713904768374/0.21199439004249143
SNU_09,off_axis,data/off_axis_hologram/SNU_09_holo.tif,True,1,1024x1024,uint8,5,1230902,2026-09-16T09:09:52+00:00,BitsPerSample;Compression;FillOrder;ImageLength;ImageWidth;NewSubfileType;Orientation;PhotometricInterpretation;PlanarConfiguration;Predictor;ResolutionUnit;RowsPerStrip;SampleFormat;SamplesPerPixel;StripByteCounts;StripOffsets;XResolution;YResolution,False,False,
SNU_09,gabor,data/in_line_gabor_hologram/SNU_09_gabor.tif,True,1,1024x1024,uint8,5,522368,2026-09-16T09:08:14+00:00,BitsPerSample;Compression;FillOrder;ImageLength;ImageWidth;NewSubfileType;Orientation;PhotometricInterpretation;PlanarConfiguration;Predictor;ResolutionUnit;RowsPerStrip;SampleFormat;SamplesPerPixel;StripByteCounts;StripOffsets;XResolution;YResolution,False,False,
SNU_09,phase,data/phase/SNU_09_phase.bin,True,,900x900,float32,,3240023,,,,,0.2848713904768374/0.21199439004249143
SNU_100,off_axis,data/off_axis_hologram/SNU_100_holo.tif,True,1,1024x1024,uint8,5,1217444,2026-09-16T09:09:52+00:00,BitsPerSample;Compression;FillOrder;ImageLength;ImageWidth;NewSubfileType;Orientation;PhotometricInterpretation;PlanarConfiguration;Predictor;ResolutionUnit;RowsPerStrip;SampleFormat;SamplesPerPixel;StripByteCounts;StripOffsets;XResolution;YResolution,False,False,
SNU_100,gabor,data/in_line_gabor_hologram/SNU_100_gabor.tif,True,1,1024x1024,uint8,5,506908,2026-09-16T09:08:14+00:00,BitsPerSample;Compression;FillOrder;ImageLength;ImageWidth;NewSubfileType;Orientation;PhotometricInterpretation;PlanarConfiguration;Predictor;ResolutionUnit;RowsPerStrip;SampleFormat;SamplesPerPixel;StripByteCounts;StripOffsets;XResolution;YResolution,False,False,
SNU_100,phase,data/phase/SNU_100_phase.bin,True,,900x900,float32,,3240023,,,,,0.2848713904768374/0.21199439004249143
SNU_10,off_axis,data/off_axis_hologram/SNU_10_holo.tif,True,1,1024x1024,uint8,5,1226816,2026-09-16T09:09:52+00:00,BitsPerSample;Compression;FillOrder;ImageLength;ImageWidth;NewSubfileType;Orientation;PhotometricInterpretation;PlanarConfiguration;Predictor;ResolutionUnit;RowsPerStrip;SampleFormat;SamplesPerPixel;StripByteCounts;StripOffsets;XResolution;YResolution,False,False,
SNU_10,gabor,data/in_line_gabor_hologram/SNU_10_gabor.tif,True,1,1024x1024,uint8,5,520742,2026-09-16T09:08:14+00:00,BitsPerSample;Compression;FillOrder;ImageLength;ImageWidth;NewSubfileType;Orientation;PhotometricInterpretation;PlanarConfiguration;Predictor;ResolutionUnit;RowsPerStrip;SampleFormat;SamplesPerPixel;StripByteCounts;StripOffsets;XResolution;YResolution,False,False,
SNU_10,phase,data/phase/SNU_10_phase.bin,True,,900x900,float32,,3240023,,,,,0.2848713904768374/0.21199439004249143
SNU_11,off_axis,data/off_axis_hologram/SNU_11_holo.tif,True,1,1024x1024,uint8,5,1227846,2026-09-16T09:09:52+00:00,BitsPerSample;Compression;FillOrder;ImageLength;ImageWidth;NewSubfileType;Orientation;PhotometricInterpretation;PlanarConfiguration;Predictor;ResolutionUnit;RowsPerStrip;SampleFormat;SamplesPerPixel;StripByteCounts;StripOffsets;XResolution;YResolution,False,False,
SNU_11,gabor,data/in_line_gabor_hologram/SNU_11_gabor.tif,True,1,1024x1024,uint8,5,529608,2026-09-16T09:08:14+00:00,BitsPerSample;Compression;FillOrder;ImageLength;ImageWidth;NewSubfileType;Orientation;PhotometricInterpretation;PlanarConfiguration;Predictor;ResolutionUnit;RowsPerStrip;SampleFormat;SamplesPerPixel;StripByteCounts;StripOffsets;XResolution;YResolution,False,False,
SNU_11,phase,data/phase/SNU_11_phase.bin,True,,900x900,float32,,3240023,,,,,0.2848713904768374/0.21199439004249143
SNU_12,off_axis,data/off_axis_hologram/SNU_12_holo.tif,True,1,1024x1024,uint8,5,1226776,2026-09-16T09:09:52+00:00,BitsPerSample;Compression;FillOrder;ImageLength;ImageWidth;NewSubfileType;Orientation;PhotometricInterpretation;PlanarConfiguration;Predictor;ResolutionUnit;RowsPerStrip;SampleFormat;SamplesPerPixel;StripByteCounts;StripOffsets;XResolution;YResolution,False,False,
SNU_12,gabor,data/in_line_gabor_hologram/SNU_12_gabor.tif,True,1,1024x1024,uint8,5,519290,2026-09-16T09:08:14+00:00,BitsPerSample;Compression;FillOrder;ImageLength;ImageWidth;NewSubfileType;Orientation;PhotometricInterpretation;PlanarConfiguration;Predictor;ResolutionUnit;RowsPerStrip;SampleFormat;SamplesPerPixel;StripByteCounts;StripOffsets;XResolution;YResolution,False,False,
SNU_12,phase,data/phase/SNU_12_phase.bin,True,,900x900,float32,,3240023,,,,,0.2848713904768374/0.21199439004249143
SNU_13,off_axis,data/off_axis_hologram/SNU_13_holo.tif,True,1,1024x1024,uint8,5,1222736,2026-09-16T09:09:52+00:00,BitsPerSample;Compression;FillOrder;ImageLength;ImageWidth;NewSubfileType;Orientation;PhotometricInterpretation;PlanarConfiguration;Predictor;ResolutionUnit;RowsPerStrip;SampleFormat;SamplesPerPixel;StripByteCounts;StripOffsets;XResolution;YResolution,False,False,
SNU_13,gabor,data/in_line_gabor_hologram/SNU_13_gabor.tif,True,1,1024x1024,uint8,5,514464,2026-09-16T09:08:14+00:00,BitsPerSample;Compression;FillOrder;ImageLength;ImageWidth;NewSubfileType;Orientation;PhotometricInterpretation;PlanarConfiguration;Predictor;ResolutionUnit;RowsPerStrip;SampleFormat;SamplesPerPixel;StripByteCounts;StripOffsets;XResolution;YResolution,False,False,
SNU_13,phase,data/phase/SNU_13_phase.bin,True,,900x900,float32,,3240023,,,,,0.2848713904768374/0.21199439004249143
SNU_14,off_axis,data/off_axis_hologram/SNU_14_holo.tif,True,1,1024x1024,uint8,5,1228368,2026-09-16T09:09:52+00:00,BitsPerSample;Compression;FillOrder;ImageLength;ImageWidth;NewSubfileType;Orientation;PhotometricInterpretation;PlanarConfiguration;Predictor;ResolutionUnit;RowsPerStrip;SampleFormat;SamplesPerPixel;StripByteCounts;StripOffsets;XResolution;YResolution,False,False,
SNU_14,gabor,data/in_line_gabor_hologram/SNU_14_gabor.tif,True,1,1024x1024,uint8,5,544580,2026-09-16T09:08:14+00:00,BitsPerSample;Compression;FillOrder;ImageLength;ImageWidth;NewSubfileType;Orientation;PhotometricInterpretation;PlanarConfiguration;Predictor;ResolutionUnit;RowsPerStrip;SampleFormat;SamplesPerPixel;StripByteCounts;StripOffsets;XResolution;YResolution,False,False,
SNU_14,phase,data/phase/SNU_14_phase.bin,True,,900x900,float32,,3240023,,,,,0.2848713904768374/0.21199439004249143
SNU_15,off_axis,data/off_axis_hologram/SNU_15_holo.tif,True,1,1024x1024,uint8,5,1231436,2026-09-16T09:09:52+00:00,BitsPerSample;Compression;FillOrder;ImageLength;ImageWidth;NewSubfileType;Orientation;PhotometricInterpretation;PlanarConfiguration;Predictor;ResolutionUnit;RowsPerStrip;SampleFormat;SamplesPerPixel;StripByteCounts;StripOffsets;XResolution;YResolution,False,False,
SNU_15,gabor,data/in_line_gabor_hologram/SNU_15_gabor.tif,True,1,1024x1024,uint8,5,522094,2026-09-16T09:08:14+00:00,BitsPerSample;Compression;FillOrder;ImageLength;ImageWidth;NewSubfileType;Orientation;PhotometricInterpretation;PlanarConfiguration;Predictor;ResolutionUnit;RowsPerStrip;SampleFormat;SamplesPerPixel;StripByteCounts;StripOffsets;XResolution;YResolution,False,False,
SNU_15,phase,data/phase/SNU_15_phase.bin,True,,900x900,float32,,3240023,,,,,0.2848713904768374/0.21199439004249143
SNU_16,off_axis,data/off_axis_hologram/SNU_16_holo.tif,True,1,1024x1024,uint8,5,1229582,2026-09-16T09:09:52+00:00,BitsPerSample;Compression;FillOrder;ImageLength;ImageWidth;NewSubfileType;Orientation;PhotometricInterpretation;PlanarConfiguration;Predictor;ResolutionUnit;RowsPerStrip;SampleFormat;SamplesPerPixel;StripByteCounts;StripOffsets;XResolution;YResolution,False,False,
SNU_16,gabor,data/in_line_gabor_hologram/SNU_16_gabor.tif,True,1,1024x1024,uint8,5,508046,2026-09-16T09:08:14+00:00,BitsPerSample;Compression;FillOrder;ImageLength;ImageWidth;NewSubfileType;Orientation;PhotometricInterpretation;PlanarConfiguration;Predictor;ResolutionUnit;RowsPerStrip;SampleFormat;SamplesPerPixel;StripByteCounts;StripOffsets;XResolution;YResolution,False,False,
SNU_16,phase,data/phase/SNU_16_phase.bin,True,,900x900,float32,,3240023,,,,,0.2848713904768374/0.21199439004249143
SNU_17,off_axis,data/off_axis_hologram/SNU_17_holo.tif,True,1,1024x1024,uint8,5,1232142,2026-09-16T09:09:52+00:00,BitsPerSample;Compression;FillOrder;ImageLength;ImageWidth;NewSubfileType;Orientation;PhotometricInterpretation;PlanarConfiguration;Predictor;ResolutionUnit;RowsPerStrip;SampleFormat;SamplesPerPixel;StripByteCounts;StripOffsets;XResolution;YResolution,False,False,
SNU_17,gabor,data/in_line_gabor_hologram/SNU_17_gabor.tif,True,1,1024x1024,uint8,5,522946,2026-09-16T09:08:14+00:00,BitsPerSample;Compression;FillOrder;ImageLength;ImageWidth;NewSubfileType;Orientation;PhotometricInterpretation;PlanarConfiguration;Predictor;ResolutionUnit;RowsPerStrip;SampleFormat;SamplesPerPixel;StripByteCounts;StripOffsets;XResolution;YResolution,False,False,
SNU_17,phase,data/phase/SNU_17_phase.bin,True,,900x900,float32,,3240023,,,,,0.2848713904768374/0.21199439004249143
SNU_18,off_axis,data/off_axis_hologram/SNU_18_holo.tif,True,1,1024x1024,uint8,5,1224702,2026-09-16T09:09:52+00:00,BitsPerSample;Compression;FillOrder;ImageLength;ImageWidth;NewSubfileType;Orientation;PhotometricInterpretation;PlanarConfiguration;Predictor;ResolutionUnit;RowsPerStrip;SampleFormat;SamplesPerPixel;StripByteCounts;StripOffsets;XResolution;YResolution,False,False,
SNU_18,gabor,data/in_line_gabor_hologram/SNU_18_gabor.tif,True,1,1024x1024,uint8,5,521040,2026-09-16T09:08:14+00:00,BitsPerSample;Compression;FillOrder;ImageLength;ImageWidth;NewSubfileType;Orientation;PhotometricInterpretation;PlanarConfiguration;Predictor;ResolutionUnit;RowsPerStrip;SampleFormat;SamplesPerPixel;StripByteCounts;StripOffsets;XResolution;YResolution,False,False,
SNU_18,phase,data/phase/SNU_18_phase.bin,True,,900x900,float32,,3240023,,,,,0.2848713904768374/0.21199439004249143
SNU_19,off_axis,data/off_axis_hologram/SNU_19_holo.tif,True,1,1024x1024,uint8,5,1228290,2026-09-16T09:09:52+00:00,BitsPerSample;Compression;FillOrder;ImageLength;ImageWidth;NewSubfileType;Orientation;PhotometricInterpretation;PlanarConfiguration;Predictor;ResolutionUnit;RowsPerStrip;SampleFormat;SamplesPerPixel;StripByteCounts;StripOffsets;XResolution;YResolution,False,False,
SNU_19,gabor,data/in_line_gabor_hologram/SNU_19_gabor.tif,True,1,1024x1024,uint8,5,518028,2026-09-16T09:08:14+00:00,BitsPerSample;Compression;FillOrder;ImageLength;ImageWidth;NewSubfileType;Orientation;PhotometricInterpretation;PlanarConfiguration;Predictor;ResolutionUnit;RowsPerStrip;SampleFormat;SamplesPerPixel;StripByteCounts;StripOffsets;XResolution;YResolution,False,False,
SNU_19,phase,data/phase/SNU_19_phase.bin,True,,900x900,float32,,3240023,,,,,0.2848713904768374/0.21199439004249143
SNU_20,off_axis,data/off_axis_hologram/SNU_20_holo.tif,True,1,1024x1024,uint8,5,1231046,2026-09-16T09:09:52+00:00,BitsPerSample;Compression;FillOrder;ImageLength;ImageWidth;NewSubfileType;Orientation;PhotometricInterpretation;PlanarConfiguration;Predictor;ResolutionUnit;RowsPerStrip;SampleFormat;SamplesPerPixel;StripByteCounts;StripOffsets;XResolution;YResolution,False,False,
SNU_20,gabor,data/in_line_gabor_hologram/SNU_20_gabor.tif,True,1,1024x1024,uint8,5,519794,2026-09-16T09:08:14+00:00,BitsPerSample;Compression;FillOrder;ImageLength;ImageWidth;NewSubfileType;Orientation;PhotometricInterpretation;PlanarConfiguration;Predictor;ResolutionUnit;RowsPerStrip;SampleFormat;SamplesPerPixel;StripByteCounts;StripOffsets;XResolution;YResolution,False,False,
SNU_20,phase,data/phase/SNU_20_phase.bin,True,,900x900,float32,,3240023,,,,,0.2848713904768374/0.21199439004249143
SNU_21,off_axis,data/off_axis_hologram/SNU_21_holo.tif,True,1,1024x1024,uint8,5,1223054,2026-09-16T09:09:52+00:00,BitsPerSample;Compression;FillOrder;ImageLength;ImageWidth;NewSubfileType;Orientation;PhotometricInterpretation;PlanarConfiguration;Predictor;ResolutionUnit;RowsPerStrip;SampleFormat;SamplesPerPixel;StripByteCounts;StripOffsets;XResolution;YResolution,False,False,
SNU_21,gabor,data/in_line_gabor_hologram/SNU_21_gabor.tif,True,1,1024x1024,uint8,5,534830,2026-09-16T09:08:14+00:00,BitsPerSample;Compression;FillOrder;ImageLength;ImageWidth;NewSubfileType;Orientation;PhotometricInterpretation;PlanarConfiguration;Predictor;ResolutionUnit;RowsPerStrip;SampleFormat;SamplesPerPixel;StripByteCounts;StripOffsets;XResolution;YResolution,False,False,
SNU_21,phase,data/phase/SNU_21_phase.bin,True,,900x900,float32,,3240023,,,,,0.2848713904768374/0.21199439004249143
SNU_22,off_axis,data/off_axis_hologram/SNU_22_holo.tif,True,1,1024x1024,uint8,5,1224896,2026-09-16T09:09:52+00:00,BitsPerSample;Compression;FillOrder;ImageLength;ImageWidth;NewSubfileType;Orientation;PhotometricInterpretation;PlanarConfiguration;Predictor;ResolutionUnit;RowsPerStrip;SampleFormat;SamplesPerPixel;StripByteCounts;StripOffsets;XResolution;YResolution,False,False,
SNU_22,gabor,data/in_line_gabor_hologram/SNU_22_gabor.tif,True,1,1024x1024,uint8,5,522748,2026-09-16T09:08:14+00:00,BitsPerSample;Compression;FillOrder;ImageLength;ImageWidth;NewSubfileType;Orientation;PhotometricInterpretation;PlanarConfiguration;Predictor;ResolutionUnit;RowsPerStrip;SampleFormat;SamplesPerPixel;StripByteCounts;StripOffsets;XResolution;YResolution,False,False,
SNU_22,phase,data/phase/SNU_22_phase.bin,True,,900x900,float32,,3240023,,,,,0.2848713904768374/0.21199439004249143
SNU_23,off_axis,data/off_axis_hologram/SNU_23_holo.tif,True,1,1024x1024,uint8,5,1228052,2026-09-16T09:09:52+00:00,BitsPerSample;Compression;FillOrder;ImageLength;ImageWidth;NewSubfileType;Orientation;PhotometricInterpretation;PlanarConfiguration;Predictor;ResolutionUnit;RowsPerStrip;SampleFormat;SamplesPerPixel;StripByteCounts;StripOffsets;XResolution;YResolution,False,False,
SNU_23,gabor,data/in_line_gabor_hologram/SNU_23_gabor.tif,True,1,1024x1024,uint8,5,528010,2026-09-16T09:08:14+00:00,BitsPerSample;Compression;FillOrder;ImageLength;ImageWidth;NewSubfileType;Orientation;PhotometricInterpretation;PlanarConfiguration;Predictor;ResolutionUnit;RowsPerStrip;SampleFormat;SamplesPerPixel;StripByteCounts;StripOffsets;XResolution;YResolution,False,False,
SNU_23,phase,data/phase/SNU_23_phase.bin,True,,900x900,float32,,3240023,,,,,0.2848713904768374/0.21199439004249143
SNU_24,off_axis,data/off_axis_hologram/SNU_24_holo.tif,True,1,1024x1024,uint8,5,1221678,2026-09-16T09:09:52+00:00,BitsPerSample;Compression;FillOrder;ImageLength;ImageWidth;NewSubfileType;Orientation;PhotometricInterpretation;PlanarConfiguration;Predictor;ResolutionUnit;RowsPerStrip;SampleFormat;SamplesPerPixel;StripByteCounts;StripOffsets;XResolution;YResolution,False,False,
SNU_24,gabor,data/in_line_gabor_hologram/SNU_24_gabor.tif,True,1,1024x1024,uint8,5,524722,2026-09-16T09:08:14+00:00,BitsPerSample;Compression;FillOrder;ImageLength;ImageWidth;NewSubfileType;Orientation;PhotometricInterpretation;PlanarConfiguration;Predictor;ResolutionUnit;RowsPerStrip;SampleFormat;SamplesPerPixel;StripByteCounts;StripOffsets;XResolution;YResolution,False,False,
SNU_24,phase,data/phase/SNU_24_phase.bin,True,,900x900,float32,,3240023,,,,,0.2848713904768374/0.21199439004249143
SNU_25,off_axis,data/off_axis_hologram/SNU_25_holo.tif,True,1,1024x1024,uint8,5,1220936,2026-09-16T09:09:52+00:00,BitsPerSample;Compression;FillOrder;ImageLength;ImageWidth;NewSubfileType;Orientation;PhotometricInterpretation;PlanarConfiguration;Predictor;ResolutionUnit;RowsPerStrip;SampleFormat;SamplesPerPixel;StripByteCounts;StripOffsets;XResolution;YResolution,False,False,
SNU_25,gabor,data/in_line_gabor_hologram/SNU_25_gabor.tif,True,1,1024x1024,uint8,5,514320,2026-09-16T09:08:14+00:00,BitsPerSample;Compression;FillOrder;ImageLength;ImageWidth;NewSubfileType;Orientation;PhotometricInterpretation;PlanarConfiguration;Predictor;ResolutionUnit;RowsPerStrip;SampleFormat;SamplesPerPixel;StripByteCounts;StripOffsets;XResolution;YResolution,False,False,
SNU_25,phase,data/phase/SNU_25_phase.bin,True,,900x900,float32,,3240023,,,,,0.2848713904768374/0.21199439004249143
SNU_26,off_axis,data/off_axis_hologram/SNU_26_holo.tif,True,1,1024x1024,uint8,5,1226686,2026-09-16T09:09:52+00:00,BitsPerSample;Compression;FillOrder;ImageLength;ImageWidth;NewSubfileType;Orientation;PhotometricInterpretation;PlanarConfiguration;Predictor;ResolutionUnit;RowsPerStrip;SampleFormat;SamplesPerPixel;StripByteCounts;StripOffsets;XResolution;YResolution,False,False,
SNU_26,gabor,data/in_line_gabor_hologram/SNU_26_gabor.tif,True,1,1024x1024,uint8,5,517742,2026-09-16T09:08:14+00:00,BitsPerSample;Compression;FillOrder;ImageLength;ImageWidth;NewSubfileType;Orientation;PhotometricInterpretation;PlanarConfiguration;Predictor;ResolutionUnit;RowsPerStrip;SampleFormat;SamplesPerPixel;StripByteCounts;StripOffsets;XResolution;YResolution,False,False,
SNU_26,phase,data/phase/SNU_26_phase.bin,True,,900x900,float32,,3240023,,,,,0.2848713904768374/0.21199439004249143
SNU_27,off_axis,data/off_axis_hologram/SNU_27_holo.tif,True,1,1024x1024,uint8,5,1212096,2026-09-16T09:09:52+00:00,BitsPerSample;Compression;FillOrder;ImageLength;ImageWidth;NewSubfileType;Orientation;PhotometricInterpretation;PlanarConfiguration;Predictor;ResolutionUnit;RowsPerStrip;SampleFormat;SamplesPerPixel;StripByteCounts;StripOffsets;XResolution;YResolution,False,False,
SNU_27,gabor,data/in_line_gabor_hologram/SNU_27_gabor.tif,True,1,1024x1024,uint8,5,506482,2026-09-16T09:08:14+00:00,BitsPerSample;Compression;FillOrder;ImageLength;ImageWidth;NewSubfileType;Orientation;PhotometricInterpretation;PlanarConfiguration;Predictor;ResolutionUnit;RowsPerStrip;SampleFormat;SamplesPerPixel;StripByteCounts;StripOffsets;XResolution;YResolution,False,False,
SNU_27,phase,data/phase/SNU_27_phase.bin,True,,900x900,float32,,3240023,,,,,0.2848713904768374/0.21199439004249143
SNU_28,off_axis,data/off_axis_hologram/SNU_28_holo.tif,True,1,1024x1024,uint8,5,1218806,2026-09-16T09:09:52+00:00,BitsPerSample;Compression;FillOrder;ImageLength;ImageWidth;NewSubfileType;Orientation;PhotometricInterpretation;PlanarConfiguration;Predictor;ResolutionUnit;RowsPerStrip;SampleFormat;SamplesPerPixel;StripByteCounts;StripOffsets;XResolution;YResolution,False,False,
SNU_28,gabor,data/in_line_gabor_hologram/SNU_28_gabor.tif,True,1,1024x1024,uint8,5,511284,2026-09-16T09:08:14+00:00,BitsPerSample;Compression;FillOrder;ImageLength;ImageWidth;NewSubfileType;Orientation;PhotometricInterpretation;PlanarConfiguration;Predictor;ResolutionUnit;RowsPerStrip;SampleFormat;SamplesPerPixel;StripByteCounts;StripOffsets;XResolution;YResolution,False,False,
SNU_28,phase,data/phase/SNU_28_phase.bin,True,,900x900,float32,,3240023,,,,,0.2848713904768374/0.21199439004249143
SNU_29,off_axis,data/off_axis_hologram/SNU_29_holo.tif,True,1,1024x1024,uint8,5,1225744,2026-09-16T09:09:52+00:00,BitsPerSample;Compression;FillOrder;ImageLength;ImageWidth;NewSubfileType;Orientation;PhotometricInterpretation;PlanarConfiguration;Predictor;ResolutionUnit;RowsPerStrip;SampleFormat;SamplesPerPixel;StripByteCounts;StripOffsets;XResolution;YResolution,False,False,
SNU_29,gabor,data/in_line_gabor_hologram/SNU_29_gabor.tif,True,1,1024x1024,uint8,5,511788,2026-09-16T09:08:14+00:00,BitsPerSample;Compression;FillOrder;ImageLength;ImageWidth;NewSubfileType;Orientation;PhotometricInterpretation;PlanarConfiguration;Predictor;ResolutionUnit;RowsPerStrip;SampleFormat;SamplesPerPixel;StripByteCounts;StripOffsets;XResolution;YResolution,False,False,
SNU_29,phase,data/phase/SNU_29_phase.bin,True,,900x900,float32,,3240023,,,,,0.2848713904768374/0.21199439004249143
SNU_30,off_axis,data/off_axis_hologram/SNU_30_holo.tif,True,1,1024x1024,uint8,5,1221112,2026-09-16T09:09:52+00:00,BitsPerSample;Compression;FillOrder;ImageLength;ImageWidth;NewSubfileType;Orientation;PhotometricInterpretation;PlanarConfiguration;Predictor;ResolutionUnit;RowsPerStrip;SampleFormat;SamplesPerPixel;StripByteCounts;StripOffsets;XResolution;YResolution,False,False,
SNU_30,gabor,data/in_line_gabor_hologram/SNU_30_gabor.tif,True,1,1024x1024,uint8,5,514486,2026-09-16T09:08:14+00:00,BitsPerSample;Compression;FillOrder;ImageLength;ImageWidth;NewSubfileType;Orientation;PhotometricInterpretation;PlanarConfiguration;Predictor;ResolutionUnit;RowsPerStrip;SampleFormat;SamplesPerPixel;StripByteCounts;StripOffsets;XResolution;YResolution,False,False,
SNU_30,phase,data/phase/SNU_30_phase.bin,True,,900x900,float32,,3240023,,,,,0.2848713904768374/0.21199439004249143
SNU_31,off_axis,data/off_axis_hologram/SNU_31_holo.tif,True,1,1024x1024,uint8,5,1219160,2026-09-16T09:09:52+00:00,BitsPerSample;Compression;FillOrder;ImageLength;ImageWidth;NewSubfileType;Orientation;PhotometricInterpretation;PlanarConfiguration;Predictor;ResolutionUnit;RowsPerStrip;SampleFormat;SamplesPerPixel;StripByteCounts;StripOffsets;XResolution;YResolution,False,False,
SNU_31,gabor,data/in_line_gabor_hologram/SNU_31_gabor.tif,True,1,1024x1024,uint8,5,525382,2026-09-16T09:08:14+00:00,BitsPerSample;Compression;FillOrder;ImageLength;ImageWidth;NewSubfileType;Orientation;PhotometricInterpretation;PlanarConfiguration;Predictor;ResolutionUnit;RowsPerStrip;SampleFormat;SamplesPerPixel;StripByteCounts;StripOffsets;XResolution;YResolution,False,False,
SNU_31,phase,data/phase/SNU_31_phase.bin,True,,900x900,float32,,3240023,,,,,0.2848713904768374/0.21199439004249143
SNU_32,off_axis,data/off_axis_hologram/SNU_32_holo.tif,True,1,1024x1024,uint8,5,1217092,2026-09-16T09:09:52+00:00,BitsPerSample;Compression;FillOrder;ImageLength;ImageWidth;NewSubfileType;Orientation;PhotometricInterpretation;PlanarConfiguration;Predictor;ResolutionUnit;RowsPerStrip;SampleFormat;SamplesPerPixel;StripByteCounts;StripOffsets;XResolution;YResolution,False,False,
SNU_32,gabor,data/in_line_gabor_hologram/SNU_32_gabor.tif,True,1,1024x1024,uint8,5,510222,2026-09-16T09:08:14+00:00,BitsPerSample;Compression;FillOrder;ImageLength;ImageWidth;NewSubfileType;Orientation;PhotometricInterpretation;PlanarConfiguration;Predictor;ResolutionUnit;RowsPerStrip;SampleFormat;SamplesPerPixel;StripByteCounts;StripOffsets;XResolution;YResolution,False,False,
SNU_32,phase,data/phase/SNU_32_phase.bin,True,,900x900,float32,,3240023,,,,,0.2848713904768374/0.21199439004249143
SNU_33,off_axis,data/off_axis_hologram/SNU_33_holo.tif,True,1,1024x1024,uint8,5,1216162,2026-09-16T09:09:52+00:00,BitsPerSample;Compression;FillOrder;ImageLength;ImageWidth;NewSubfileType;Orientation;PhotometricInterpretation;PlanarConfiguration;Predictor;ResolutionUnit;RowsPerStrip;SampleFormat;SamplesPerPixel;StripByteCounts;StripOffsets;XResolution;YResolution,False,False,
SNU_33,gabor,data/in_line_gabor_hologram/SNU_33_gabor.tif,True,1,1024x1024,uint8,5,524782,2026-09-16T09:08:14+00:00,BitsPerSample;Compression;FillOrder;ImageLength;ImageWidth;NewSubfileType;Orientation;PhotometricInterpretation;PlanarConfiguration;Predictor;ResolutionUnit;RowsPerStrip;SampleFormat;SamplesPerPixel;StripByteCounts;StripOffsets;XResolution;YResolution,False,False,
SNU_33,phase,data/phase/SNU_33_phase.bin,True,,900x900,float32,,3240023,,,,,0.2848713904768374/0.21199439004249143
SNU_34,off_axis,data/off_axis_hologram/SNU_34_holo.tif,True,1,1024x1024,uint8,5,1215844,2026-09-16T09:09:52+00:00,BitsPerSample;Compression;FillOrder;ImageLength;ImageWidth;NewSubfileType;Orientation;PhotometricInterpretation;PlanarConfiguration;Predictor;ResolutionUnit;RowsPerStrip;SampleFormat;SamplesPerPixel;StripByteCounts;StripOffsets;XResolution;YResolution,False,False,
SNU_34,gabor,data/in_line_gabor_hologram/SNU_34_gabor.tif,True,1,1024x1024,uint8,5,505126,2026-09-16T09:08:14+00:00,BitsPerSample;Compression;FillOrder;ImageLength;ImageWidth;NewSubfileType;Orientation;PhotometricInterpretation;PlanarConfiguration;Predictor;ResolutionUnit;RowsPerStrip;SampleFormat;SamplesPerPixel;StripByteCounts;StripOffsets;XResolution;YResolution,False,False,
SNU_34,phase,data/phase/SNU_34_phase.bin,True,,900x900,float32,,3240023,,,,,0.2848713904768374/0.21199439004249143
SNU_35,off_axis,data/off_axis_hologram/SNU_35_holo.tif,True,1,1024x1024,uint8,5,1222872,2026-09-16T09:09:52+00:00,BitsPerSample;Compression;FillOrder;ImageLength;ImageWidth;NewSubfileType;Orientation;PhotometricInterpretation;PlanarConfiguration;Predictor;ResolutionUnit;RowsPerStrip;SampleFormat;SamplesPerPixel;StripByteCounts;StripOffsets;XResolution;YResolution,False,False,
SNU_35,gabor,data/in_line_gabor_hologram/SNU_35_gabor.tif,True,1,1024x1024,uint8,5,510770,2026-09-16T09:08:14+00:00,BitsPerSample;Compression;FillOrder;ImageLength;ImageWidth;NewSubfileType;Orientation;PhotometricInterpretation;PlanarConfiguration;Predictor;ResolutionUnit;RowsPerStrip;SampleFormat;SamplesPerPixel;StripByteCounts;StripOffsets;XResolution;YResolution,False,False,
SNU_35,phase,data/phase/SNU_35_phase.bin,True,,900x900,float32,,3240023,,,,,0.2848713904768374/0.21199439004249143
SNU_36,off_axis,data/off_axis_hologram/SNU_36_holo.tif,True,1,1024x1024,uint8,5,1216320,2026-09-16T09:09:52+00:00,BitsPerSample;Compression;FillOrder;ImageLength;ImageWidth;NewSubfileType;Orientation;PhotometricInterpretation;PlanarConfiguration;Predictor;ResolutionUnit;RowsPerStrip;SampleFormat;SamplesPerPixel;StripByteCounts;StripOffsets;XResolution;YResolution,False,False,
SNU_36,gabor,data/in_line_gabor_hologram/SNU_36_gabor.tif,True,1,1024x1024,uint8,5,511952,2026-09-16T09:08:14+00:00,BitsPerSample;Compression;FillOrder;ImageLength;ImageWidth;NewSubfileType;Orientation;PhotometricInterpretation;PlanarConfiguration;Predictor;ResolutionUnit;RowsPerStrip;SampleFormat;SamplesPerPixel;StripByteCounts;StripOffsets;XResolution;YResolution,False,False,
SNU_36,phase,data/phase/SNU_36_phase.bin,True,,900x900,float32,,3240023,,,,,0.2848713904768374/0.21199439004249143
SNU_37,off_axis,data/off_axis_hologram/SNU_37_holo.tif,True,1,1024x1024,uint8,5,1220064,2026-09-16T09:09:52+00:00,BitsPerSample;Compression;FillOrder;ImageLength;ImageWidth;NewSubfileType;Orientation;PhotometricInterpretation;PlanarConfiguration;Predictor;ResolutionUnit;RowsPerStrip;SampleFormat;SamplesPerPixel;StripByteCounts;StripOffsets;XResolution;YResolution,False,False,
SNU_37,gabor,data/in_line_gabor_hologram/SNU_37_gabor.tif,True,1,1024x1024,uint8,5,514990,2026-09-16T09:08:14+00:00,BitsPerSample;Compression;FillOrder;ImageLength;ImageWidth;NewSubfileType;Orientation;PhotometricInterpretation;PlanarConfiguration;Predictor;ResolutionUnit;RowsPerStrip;SampleFormat;SamplesPerPixel;StripByteCounts;StripOffsets;XResolution;YResolution,False,False,
SNU_37,phase,data/phase/SNU_37_phase.bin,True,,900x900,float32,,3240023,,,,,0.2848713904768374/0.21199439004249143
SNU_38,off_axis,data/off_axis_hologram/SNU_38_holo.tif,True,1,1024x1024,uint8,5,1222866,2026-09-16T09:09:52+00:00,BitsPerSample;Compression;FillOrder;ImageLength;ImageWidth;NewSubfileType;Orientation;PhotometricInterpretation;PlanarConfiguration;Predictor;ResolutionUnit;RowsPerStrip;SampleFormat;SamplesPerPixel;StripByteCounts;StripOffsets;XResolution;YResolution,False,False,
SNU_38,gabor,data/in_line_gabor_hologram/SNU_38_gabor.tif,True,1,1024x1024,uint8,5,509384,2026-09-16T09:08:14+00:00,BitsPerSample;Compression;FillOrder;ImageLength;ImageWidth;NewSubfileType;Orientation;PhotometricInterpretation;PlanarConfiguration;Predictor;ResolutionUnit;RowsPerStrip;SampleFormat;SamplesPerPixel;StripByteCounts;StripOffsets;XResolution;YResolution,False,False,
SNU_38,phase,data/phase/SNU_38_phase.bin,True,,900x900,float32,,3240023,,,,,0.2848713904768374/0.21199439004249143
SNU_39,off_axis,data/off_axis_hologram/SNU_39_holo.tif,True,1,1024x1024,uint8,5,1217418,2026-09-16T09:09:52+00:00,BitsPerSample;Compression;FillOrder;ImageLength;ImageWidth;NewSubfileType;Orientation;PhotometricInterpretation;PlanarConfiguration;Predictor;ResolutionUnit;RowsPerStrip;SampleFormat;SamplesPerPixel;StripByteCounts;StripOffsets;XResolution;YResolution,False,False,
SNU_39,gabor,data/in_line_gabor_hologram/SNU_39_gabor.tif,True,1,1024x1024,uint8,5,514648,2026-09-16T09:08:14+00:00,BitsPerSample;Compression;FillOrder;ImageLength;ImageWidth;NewSubfileType;Orientation;PhotometricInterpretation;PlanarConfiguration;Predictor;ResolutionUnit;RowsPerStrip;SampleFormat;SamplesPerPixel;StripByteCounts;StripOffsets;XResolution;YResolution,False,False,
SNU_39,phase,data/phase/SNU_39_phase.bin,True,,900x900,float32,,3240023,,,,,0.2848713904768374/0.21199439004249143
SNU_40,off_axis,data/off_axis_hologram/SNU_40_holo.tif,True,1,1024x1024,uint8,5,1220414,2026-09-16T09:09:52+00:00,BitsPerSample;Compression;FillOrder;ImageLength;ImageWidth;NewSubfileType;Orientation;PhotometricInterpretation;PlanarConfiguration;Predictor;ResolutionUnit;RowsPerStrip;SampleFormat;SamplesPerPixel;StripByteCounts;StripOffsets;XResolution;YResolution,False,False,
SNU_40,gabor,data/in_line_gabor_hologram/SNU_40_gabor.tif,True,1,1024x1024,uint8,5,509218,2026-09-16T09:08:14+00:00,BitsPerSample;Compression;FillOrder;ImageLength;ImageWidth;NewSubfileType;Orientation;PhotometricInterpretation;PlanarConfiguration;Predictor;ResolutionUnit;RowsPerStrip;SampleFormat;SamplesPerPixel;StripByteCounts;StripOffsets;XResolution;YResolution,False,False,
SNU_40,phase,data/phase/SNU_40_phase.bin,True,,900x900,float32,,3240023,,,,,0.2848713904768374/0.21199439004249143
SNU_41,off_axis,data/off_axis_hologram/SNU_41_holo.tif,True,1,1024x1024,uint8,5,1219406,2026-09-16T09:09:52+00:00,BitsPerSample;Compression;FillOrder;ImageLength;ImageWidth;NewSubfileType;Orientation;PhotometricInterpretation;PlanarConfiguration;Predictor;ResolutionUnit;RowsPerStrip;SampleFormat;SamplesPerPixel;StripByteCounts;StripOffsets;XResolution;YResolution,False,False,
SNU_41,gabor,data/in_line_gabor_hologram/SNU_41_gabor.tif,True,1,1024x1024,uint8,5,507454,2026-09-16T09:08:14+00:00,BitsPerSample;Compression;FillOrder;ImageLength;ImageWidth;NewSubfileType;Orientation;PhotometricInterpretation;PlanarConfiguration;Predictor;ResolutionUnit;RowsPerStrip;SampleFormat;SamplesPerPixel;StripByteCounts;StripOffsets;XResolution;YResolution,False,False,
SNU_41,phase,data/phase/SNU_41_phase.bin,True,,900x900,float32,,3240023,,,,,0.2848713904768374/0.21199439004249143
SNU_42,off_axis,data/off_axis_hologram/SNU_42_holo.tif,True,1,1024x1024,uint8,5,1220384,2026-09-16T09:09:52+00:00,BitsPerSample;Compression;FillOrder;ImageLength;ImageWidth;NewSubfileType;Orientation;PhotometricInterpretation;PlanarConfiguration;Predictor;ResolutionUnit;RowsPerStrip;SampleFormat;SamplesPerPixel;StripByteCounts;StripOffsets;XResolution;YResolution,False,False,
SNU_42,gabor,data/in_line_gabor_hologram/SNU_42_gabor.tif,True,1,1024x1024,uint8,5,515106,2026-09-16T09:08:14+00:00,BitsPerSample;Compression;FillOrder;ImageLength;ImageWidth;NewSubfileType;Orientation;PhotometricInterpretation;PlanarConfiguration;Predictor;ResolutionUnit;RowsPerStrip;SampleFormat;SamplesPerPixel;StripByteCounts;StripOffsets;XResolution;YResolution,False,False,
SNU_42,phase,data/phase/SNU_42_phase.bin,True,,900x900,float32,,3240023,,,,,0.2848713904768374/0.21199439004249143
SNU_43,off_axis,data/off_axis_hologram/SNU_43_holo.tif,True,1,1024x1024,uint8,5,1220670,2026-09-16T09:09:52+00:00,BitsPerSample;Compression;FillOrder;ImageLength;ImageWidth;NewSubfileType;Orientation;PhotometricInterpretation;PlanarConfiguration;Predictor;ResolutionUnit;RowsPerStrip;SampleFormat;SamplesPerPixel;StripByteCounts;StripOffsets;XResolution;YResolution,False,False,
SNU_43,gabor,data/in_line_gabor_hologram/SNU_43_gabor.tif,True,1,1024x1024,uint8,5,505262,2026-09-16T09:08:14+00:00,BitsPerSample;Compression;FillOrder;ImageLength;ImageWidth;NewSubfileType;Orientation;PhotometricInterpretation;PlanarConfiguration;Predictor;ResolutionUnit;RowsPerStrip;SampleFormat;SamplesPerPixel;StripByteCounts;StripOffsets;XResolution;YResolution,False,False,
SNU_43,phase,data/phase/SNU_43_phase.bin,True,,900x900,float32,,3240023,,,,,0.2848713904768374/0.21199439004249143
SNU_44,off_axis,data/off_axis_hologram/SNU_44_holo.tif,True,1,1024x1024,uint8,5,1220078,2026-09-16T09:09:52+00:00,BitsPerSample;Compression;FillOrder;ImageLength;ImageWidth;NewSubfileType;Orientation;PhotometricInterpretation;PlanarConfiguration;Predictor;ResolutionUnit;RowsPerStrip;SampleFormat;SamplesPerPixel;StripByteCounts;StripOffsets;XResolution;YResolution,False,False,
SNU_44,gabor,data/in_line_gabor_hologram/SNU_44_gabor.tif,True,1,1024x1024,uint8,5,511624,2026-09-16T09:08:14+00:00,BitsPerSample;Compression;FillOrder;ImageLength;ImageWidth;NewSubfileType;Orientation;PhotometricInterpretation;PlanarConfiguration;Predictor;ResolutionUnit;RowsPerStrip;SampleFormat;SamplesPerPixel;StripByteCounts;StripOffsets;XResolution;YResolution,False,False,
SNU_44,phase,data/phase/SNU_44_phase.bin,True,,900x900,float32,,3240023,,,,,0.2848713904768374/0.21199439004249143
SNU_45,off_axis,data/off_axis_hologram/SNU_45_holo.tif,True,1,1024x1024,uint8,5,1216128,2026-09-16T09:09:52+00:00,BitsPerSample;Compression;FillOrder;ImageLength;ImageWidth;NewSubfileType;Orientation;PhotometricInterpretation;PlanarConfiguration;Predictor;ResolutionUnit;RowsPerStrip;SampleFormat;SamplesPerPixel;StripByteCounts;StripOffsets;XResolution;YResolution,False,False,
SNU_45,gabor,data/in_line_gabor_hologram/SNU_45_gabor.tif,True,1,1024x1024,uint8,5,513546,2026-09-16T09:08:14+00:00,BitsPerSample;Compression;FillOrder;ImageLength;ImageWidth;NewSubfileType;Orientation;PhotometricInterpretation;PlanarConfiguration;Predictor;ResolutionUnit;RowsPerStrip;SampleFormat;SamplesPerPixel;StripByteCounts;StripOffsets;XResolution;YResolution,False,False,
SNU_45,phase,data/phase/SNU_45_phase.bin,True,,900x900,float32,,3240023,,,,,0.2848713904768374/0.21199439004249143
SNU_46,off_axis,data/off_axis_hologram/SNU_46_holo.tif,True,1,1024x1024,uint8,5,1222164,2026-09-16T09:09:52+00:00,BitsPerSample;Compression;FillOrder;ImageLength;ImageWidth;NewSubfileType;Orientation;PhotometricInterpretation;PlanarConfiguration;Predictor;ResolutionUnit;RowsPerStrip;SampleFormat;SamplesPerPixel;StripByteCounts;StripOffsets;XResolution;YResolution,False,False,
SNU_46,gabor,data/in_line_gabor_hologram/SNU_46_gabor.tif,True,1,1024x1024,uint8,5,492640,2026-09-16T09:08:14+00:00,BitsPerSample;Compression;FillOrder;ImageLength;ImageWidth;NewSubfileType;Orientation;PhotometricInterpretation;PlanarConfiguration;Predictor;ResolutionUnit;RowsPerStrip;SampleFormat;SamplesPerPixel;StripByteCounts;StripOffsets;XResolution;YResolution,False,False,
SNU_46,phase,data/phase/SNU_46_phase.bin,True,,900x900,float32,,3240023,,,,,0.2848713904768374/0.21199439004249143
SNU_47,off_axis,data/off_axis_hologram/SNU_47_holo.tif,True,1,1024x1024,uint8,5,1218796,2026-09-16T09:09:52+00:00,BitsPerSample;Compression;FillOrder;ImageLength;ImageWidth;NewSubfileType;Orientation;PhotometricInterpretation;PlanarConfiguration;Predictor;ResolutionUnit;RowsPerStrip;SampleFormat;SamplesPerPixel;StripByteCounts;StripOffsets;XResolution;YResolution,False,False,
SNU_47,gabor,data/in_line_gabor_hologram/SNU_47_gabor.tif,True,1,1024x1024,uint8,5,509660,2026-09-16T09:08:14+00:00,BitsPerSample;Compression;FillOrder;ImageLength;ImageWidth;NewSubfileType;Orientation;PhotometricInterpretation;PlanarConfiguration;Predictor;ResolutionUnit;RowsPerStrip;SampleFormat;SamplesPerPixel;StripByteCounts;StripOffsets;XResolution;YResolution,False,False,
SNU_47,phase,data/phase/SNU_47_phase.bin,True,,900x900,float32,,3240023,,,,,0.2848713904768374/0.21199439004249143
SNU_48,off_axis,data/off_axis_hologram/SNU_48_holo.tif,True,1,1024x1024,uint8,5,1217562,2026-09-16T09:09:52+00:00,BitsPerSample;Compression;FillOrder;ImageLength;ImageWidth;NewSubfileType;Orientation;PhotometricInterpretation;PlanarConfiguration;Predictor;ResolutionUnit;RowsPerStrip;SampleFormat;SamplesPerPixel;StripByteCounts;StripOffsets;XResolution;YResolution,False,False,
SNU_48,gabor,data/in_line_gabor_hologram/SNU_48_gabor.tif,True,1,1024x1024,uint8,5,503776,2026-09-16T09:08:14+00:00,BitsPerSample;Compression;FillOrder;ImageLength;ImageWidth;NewSubfileType;Orientation;PhotometricInterpretation;PlanarConfiguration;Predictor;ResolutionUnit;RowsPerStrip;SampleFormat;SamplesPerPixel;StripByteCounts;StripOffsets;XResolution;YResolution,False,False,
SNU_48,phase,data/phase/SNU_48_phase.bin,True,,900x900,float32,,3240023,,,,,0.2848713904768374/0.21199439004249143
SNU_49,off_axis,data/off_axis_hologram/SNU_49_holo.tif,True,1,1024x1024,uint8,5,1212046,2026-09-16T09:09:52+00:00,BitsPerSample;Compression;FillOrder;ImageLength;ImageWidth;NewSubfileType;Orientation;PhotometricInterpretation;PlanarConfiguration;Predictor;ResolutionUnit;RowsPerStrip;SampleFormat;SamplesPerPixel;StripByteCounts;StripOffsets;XResolution;YResolution,False,False,
SNU_49,gabor,data/in_line_gabor_hologram/SNU_49_gabor.tif,True,1,1024x1024,uint8,5,488828,2026-09-16T09:08:14+00:00,BitsPerSample;Compression;FillOrder;ImageLength;ImageWidth;NewSubfileType;Orientation;PhotometricInterpretation;PlanarConfiguration;Predictor;ResolutionUnit;RowsPerStrip;SampleFormat;SamplesPerPixel;StripByteCounts;StripOffsets;XResolution;YResolution,False,False,
SNU_49,phase,data/phase/SNU_49_phase.bin,True,,900x900,float32,,3240023,,,,,0.2848713904768374/0.21199439004249143
SNU_50,off_axis,data/off_axis_hologram/SNU_50_holo.tif,True,1,1024x1024,uint8,5,1214640,2026-09-16T09:09:52+00:00,BitsPerSample;Compression;FillOrder;ImageLength;ImageWidth;NewSubfileType;Orientation;PhotometricInterpretation;PlanarConfiguration;Predictor;ResolutionUnit;RowsPerStrip;SampleFormat;SamplesPerPixel;StripByteCounts;StripOffsets;XResolution;YResolution,False,False,
SNU_50,gabor,data/in_line_gabor_hologram/SNU_50_gabor.tif,True,1,1024x1024,uint8,5,497768,2026-09-16T09:08:14+00:00,BitsPerSample;Compression;FillOrder;ImageLength;ImageWidth;NewSubfileType;Orientation;PhotometricInterpretation;PlanarConfiguration;Predictor;ResolutionUnit;RowsPerStrip;SampleFormat;SamplesPerPixel;StripByteCounts;StripOffsets;XResolution;YResolution,False,False,
SNU_50,phase,data/phase/SNU_50_phase.bin,True,,900x900,float32,,3240023,,,,,0.2848713904768374/0.21199439004249143
SNU_51,off_axis,data/off_axis_hologram/SNU_51_holo.tif,True,1,1024x1024,uint8,5,1215674,2026-09-16T09:09:52+00:00,BitsPerSample;Compression;FillOrder;ImageLength;ImageWidth;NewSubfileType;Orientation;PhotometricInterpretation;PlanarConfiguration;Predictor;ResolutionUnit;RowsPerStrip;SampleFormat;SamplesPerPixel;StripByteCounts;StripOffsets;XResolution;YResolution,False,False,
SNU_51,gabor,data/in_line_gabor_hologram/SNU_51_gabor.tif,True,1,1024x1024,uint8,5,508294,2026-09-16T09:08:14+00:00,BitsPerSample;Compression;FillOrder;ImageLength;ImageWidth;NewSubfileType;Orientation;PhotometricInterpretation;PlanarConfiguration;Predictor;ResolutionUnit;RowsPerStrip;SampleFormat;SamplesPerPixel;StripByteCounts;StripOffsets;XResolution;YResolution,False,False,
SNU_51,phase,data/phase/SNU_51_phase.bin,True,,900x900,float32,,3240023,,,,,0.2848713904768374/0.21199439004249143
SNU_52,off_axis,data/off_axis_hologram/SNU_52_holo.tif,True,1,1024x1024,uint8,5,1215010,2026-09-16T09:09:52+00:00,BitsPerSample;Compression;FillOrder;ImageLength;ImageWidth;NewSubfileType;Orientation;PhotometricInterpretation;PlanarConfiguration;Predictor;ResolutionUnit;RowsPerStrip;SampleFormat;SamplesPerPixel;StripByteCounts;StripOffsets;XResolution;YResolution,False,False,
SNU_52,gabor,data/in_line_gabor_hologram/SNU_52_gabor.tif,True,1,1024x1024,uint8,5,504616,2026-09-16T09:08:14+00:00,BitsPerSample;Compression;FillOrder;ImageLength;ImageWidth;NewSubfileType;Orientation;PhotometricInterpretation;PlanarConfiguration;Predictor;ResolutionUnit;RowsPerStrip;SampleFormat;SamplesPerPixel;StripByteCounts;StripOffsets;XResolution;YResolution,False,False,
SNU_52,phase,data/phase/SNU_52_phase.bin,True,,900x900,float32,,3240023,,,,,0.2848713904768374/0.21199439004249143
SNU_53,off_axis,data/off_axis_hologram/SNU_53_holo.tif,True,1,1024x1024,uint8,5,1214616,2026-09-16T09:09:52+00:00,BitsPerSample;Compression;FillOrder;ImageLength;ImageWidth;NewSubfileType;Orientation;PhotometricInterpretation;PlanarConfiguration;Predictor;ResolutionUnit;RowsPerStrip;SampleFormat;SamplesPerPixel;StripByteCounts;StripOffsets;XResolution;YResolution,False,False,
SNU_53,gabor,data/in_line_gabor_hologram/SNU_53_gabor.tif,True,1,1024x1024,uint8,5,507764,2026-09-16T09:08:14+00:00,BitsPerSample;Compression;FillOrder;ImageLength;ImageWidth;NewSubfileType;Orientation;PhotometricInterpretation;PlanarConfiguration;Predictor;ResolutionUnit;RowsPerStrip;SampleFormat;SamplesPerPixel;StripByteCounts;StripOffsets;XResolution;YResolution,False,False,
SNU_53,phase,data/phase/SNU_53_phase.bin,True,,900x900,float32,,3240023,,,,,0.2848713904768374/0.21199439004249143
SNU_54,off_axis,data/off_axis_hologram/SNU_54_holo.tif,True,1,1024x1024,uint8,5,1214168,2026-09-16T09:09:52+00:00,BitsPerSample;Compression;FillOrder;ImageLength;ImageWidth;NewSubfileType;Orientation;PhotometricInterpretation;PlanarConfiguration;Predictor;ResolutionUnit;RowsPerStrip;SampleFormat;SamplesPerPixel;StripByteCounts;StripOffsets;XResolution;YResolution,False,False,
SNU_54,gabor,data/in_line_gabor_hologram/SNU_54_gabor.tif,True,1,1024x1024,uint8,5,511274,2026-09-16T09:08:14+00:00,BitsPerSample;Compression;FillOrder;ImageLength;ImageWidth;NewSubfileType;Orientation;PhotometricInterpretation;PlanarConfiguration;Predictor;ResolutionUnit;RowsPerStrip;SampleFormat;SamplesPerPixel;StripByteCounts;StripOffsets;XResolution;YResolution,False,False,
SNU_54,phase,data/phase/SNU_54_phase.bin,True,,900x900,float32,,3240023,,,,,0.2848713904768374/0.21199439004249143
SNU_55,off_axis,data/off_axis_hologram/SNU_55_holo.tif,True,1,1024x1024,uint8,5,1212058,2026-09-16T09:09:52+00:00,BitsPerSample;Compression;FillOrder;ImageLength;ImageWidth;NewSubfileType;Orientation;PhotometricInterpretation;PlanarConfiguration;Predictor;ResolutionUnit;RowsPerStrip;SampleFormat;SamplesPerPixel;StripByteCounts;StripOffsets;XResolution;YResolution,False,False,
SNU_55,gabor,data/in_line_gabor_hologram/SNU_55_gabor.tif,True,1,1024x1024,uint8,5,507876,2026-09-16T09:08:14+00:00,BitsPerSample;Compression;FillOrder;ImageLength;ImageWidth;NewSubfileType;Orientation;PhotometricInterpretation;PlanarConfiguration;Predictor;ResolutionUnit;RowsPerStrip;SampleFormat;SamplesPerPixel;StripByteCounts;StripOffsets;XResolution;YResolution,False,False,
SNU_55,phase,data/phase/SNU_55_phase.bin,True,,900x900,float32,,3240023,,,,,0.2848713904768374/0.21199439004249143
SNU_56,off_axis,data/off_axis_hologram/SNU_56_holo.tif,True,1,1024x1024,uint8,5,1214410,2026-09-16T09:09:52+00:00,BitsPerSample;Compression;FillOrder;ImageLength;ImageWidth;NewSubfileType;Orientation;PhotometricInterpretation;PlanarConfiguration;Predictor;ResolutionUnit;RowsPerStrip;SampleFormat;SamplesPerPixel;StripByteCounts;StripOffsets;XResolution;YResolution,False,False,
SNU_56,gabor,data/in_line_gabor_hologram/SNU_56_gabor.tif,True,1,1024x1024,uint8,5,504650,2026-09-16T09:08:14+00:00,BitsPerSample;Compression;FillOrder;ImageLength;ImageWidth;NewSubfileType;Orientation;PhotometricInterpretation;PlanarConfiguration;Predictor;ResolutionUnit;RowsPerStrip;SampleFormat;SamplesPerPixel;StripByteCounts;StripOffsets;XResolution;YResolution,False,False,
SNU_56,phase,data/phase/SNU_56_phase.bin,True,,900x900,float32,,3240023,,,,,0.2848713904768374/0.21199439004249143
SNU_57,off_axis,data/off_axis_hologram/SNU_57_holo.tif,True,1,1024x1024,uint8,5,1214124,2026-09-16T09:09:52+00:00,BitsPerSample;Compression;FillOrder;ImageLength;ImageWidth;NewSubfileType;Orientation;PhotometricInterpretation;PlanarConfiguration;Predictor;ResolutionUnit;RowsPerStrip;SampleFormat;SamplesPerPixel;StripByteCounts;StripOffsets;XResolution;YResolution,False,False,
SNU_57,gabor,data/in_line_gabor_hologram/SNU_57_gabor.tif,True,1,1024x1024,uint8,5,512274,2026-09-16T09:08:14+00:00,BitsPerSample;Compression;FillOrder;ImageLength;ImageWidth;NewSubfileType;Orientation;PhotometricInterpretation;PlanarConfiguration;Predictor;ResolutionUnit;RowsPerStrip;SampleFormat;SamplesPerPixel;StripByteCounts;StripOffsets;XResolution;YResolution,False,False,
SNU_57,phase,data/phase/SNU_57_phase.bin,True,,900x900,float32,,3240023,,,,,0.2848713904768374/0.21199439004249143
SNU_58,off_axis,data/off_axis_hologram/SNU_58_holo.tif,True,1,1024x1024,uint8,5,1209564,2026-09-16T09:09:52+00:00,BitsPerSample;Compression;FillOrder;ImageLength;ImageWidth;NewSubfileType;Orientation;PhotometricInterpretation;PlanarConfiguration;Predictor;ResolutionUnit;RowsPerStrip;SampleFormat;SamplesPerPixel;StripByteCounts;StripOffsets;XResolution;YResolution,False,False,
SNU_58,gabor,data/in_line_gabor_hologram/SNU_58_gabor.tif,True,1,1024x1024,uint8,5,501296,2026-09-16T09:08:14+00:00,BitsPerSample;Compression;FillOrder;ImageLength;ImageWidth;NewSubfileType;Orientation;PhotometricInterpretation;PlanarConfiguration;Predictor;ResolutionUnit;RowsPerStrip;SampleFormat;SamplesPerPixel;StripByteCounts;StripOffsets;XResolution;YResolution,False,False,
SNU_58,phase,data/phase/SNU_58_phase.bin,True,,900x900,float32,,3240023,,,,,0.2848713904768374/0.21199439004249143
SNU_59,off_axis,data/off_axis_hologram/SNU_59_holo.tif,True,1,1024x1024,uint8,5,1214072,2026-09-16T09:09:52+00:00,BitsPerSample;Compression;FillOrder;ImageLength;ImageWidth;NewSubfileType;Orientation;PhotometricInterpretation;PlanarConfiguration;Predictor;ResolutionUnit;RowsPerStrip;SampleFormat;SamplesPerPixel;StripByteCounts;StripOffsets;XResolution;YResolution,False,False,
SNU_59,gabor,data/in_line_gabor_hologram/SNU_59_gabor.tif,True,1,1024x1024,uint8,5,503412,2026-09-16T09:08:14+00:00,BitsPerSample;Compression;FillOrder;ImageLength;ImageWidth;NewSubfileType;Orientation;PhotometricInterpretation;PlanarConfiguration;Predictor;ResolutionUnit;RowsPerStrip;SampleFormat;SamplesPerPixel;StripByteCounts;StripOffsets;XResolution;YResolution,False,False,
SNU_59,phase,data/phase/SNU_59_phase.bin,True,,900x900,float32,,3240023,,,,,0.2848713904768374/0.21199439004249143
SNU_60,off_axis,data/off_axis_hologram/SNU_60_holo.tif,True,1,1024x1024,uint8,5,1213314,2026-09-16T09:09:52+00:00,BitsPerSample;Compression;FillOrder;ImageLength;ImageWidth;NewSubfileType;Orientation;PhotometricInterpretation;PlanarConfiguration;Predictor;ResolutionUnit;RowsPerStrip;SampleFormat;SamplesPerPixel;StripByteCounts;StripOffsets;XResolution;YResolution,False,False,
SNU_60,gabor,data/in_line_gabor_hologram/SNU_60_gabor.tif,True,1,1024x1024,uint8,5,504210,2026-09-16T09:08:14+00:00,BitsPerSample;Compression;FillOrder;ImageLength;ImageWidth;NewSubfileType;Orientation;PhotometricInterpretation;PlanarConfiguration;Predictor;ResolutionUnit;RowsPerStrip;SampleFormat;SamplesPerPixel;StripByteCounts;StripOffsets;XResolution;YResolution,False,False,
SNU_60,phase,data/phase/SNU_60_phase.bin,True,,900x900,float32,,3240023,,,,,0.2848713904768374/0.21199439004249143
SNU_61,off_axis,data/off_axis_hologram/SNU_61_holo.tif,True,1,1024x1024,uint8,5,1210200,2026-09-16T09:09:52+00:00,BitsPerSample;Compression;FillOrder;ImageLength;ImageWidth;NewSubfileType;Orientation;PhotometricInterpretation;PlanarConfiguration;Predictor;ResolutionUnit;RowsPerStrip;SampleFormat;SamplesPerPixel;StripByteCounts;StripOffsets;XResolution;YResolution,False,False,
SNU_61,gabor,data/in_line_gabor_hologram/SNU_61_gabor.tif,True,1,1024x1024,uint8,5,503106,2026-09-16T09:08:14+00:00,BitsPerSample;Compression;FillOrder;ImageLength;ImageWidth;NewSubfileType;Orientation;PhotometricInterpretation;PlanarConfiguration;Predictor;ResolutionUnit;RowsPerStrip;SampleFormat;SamplesPerPixel;StripByteCounts;StripOffsets;XResolution;YResolution,False,False,
SNU_61,phase,data/phase/SNU_61_phase.bin,True,,900x900,float32,,3240023,,,,,0.2848713904768374/0.21199439004249143
SNU_62,off_axis,data/off_axis_hologram/SNU_62_holo.tif,True,1,1024x1024,uint8,5,1210646,2026-09-16T09:09:52+00:00,BitsPerSample;Compression;FillOrder;ImageLength;ImageWidth;NewSubfileType;Orientation;PhotometricInterpretation;PlanarConfiguration;Predictor;ResolutionUnit;RowsPerStrip;SampleFormat;SamplesPerPixel;StripByteCounts;StripOffsets;XResolution;YResolution,False,False,
SNU_62,gabor,data/in_line_gabor_hologram/SNU_62_gabor.tif,True,1,1024x1024,uint8,5,503522,2026-09-16T09:08:14+00:00,BitsPerSample;Compression;FillOrder;ImageLength;ImageWidth;NewSubfileType;Orientation;PhotometricInterpretation;PlanarConfiguration;Predictor;ResolutionUnit;RowsPerStrip;SampleFormat;SamplesPerPixel;StripByteCounts;StripOffsets;XResolution;YResolution,False,False,
SNU_62,phase,data/phase/SNU_62_phase.bin,True,,900x900,float32,,3240023,,,,,0.2848713904768374/0.21199439004249143
SNU_63,off_axis,data/off_axis_hologram/SNU_63_holo.tif,True,1,1024x1024,uint8,5,1222150,2026-09-16T09:09:52+00:00,BitsPerSample;Compression;FillOrder;ImageLength;ImageWidth;NewSubfileType;Orientation;PhotometricInterpretation;PlanarConfiguration;Predictor;ResolutionUnit;RowsPerStrip;SampleFormat;SamplesPerPixel;StripByteCounts;StripOffsets;XResolution;YResolution,False,False,
SNU_63,gabor,data/in_line_gabor_hologram/SNU_63_gabor.tif,True,1,1024x1024,uint8,5,537466,2026-09-16T09:08:14+00:00,BitsPerSample;Compression;FillOrder;ImageLength;ImageWidth;NewSubfileType;Orientation;PhotometricInterpretation;PlanarConfiguration;Predictor;ResolutionUnit;RowsPerStrip;SampleFormat;SamplesPerPixel;StripByteCounts;StripOffsets;XResolution;YResolution,False,False,
SNU_63,phase,data/phase/SNU_63_phase.bin,True,,900x900,float32,,3240023,,,,,0.2848713904768374/0.21199439004249143
SNU_64,off_axis,data/off_axis_hologram/SNU_64_holo.tif,True,1,1024x1024,uint8,5,1238566,2026-09-16T09:09:52+00:00,BitsPerSample;Compression;FillOrder;ImageLength;ImageWidth;NewSubfileType;Orientation;PhotometricInterpretation;PlanarConfiguration;Predictor;ResolutionUnit;RowsPerStrip;SampleFormat;SamplesPerPixel;StripByteCounts;StripOffsets;XResolution;YResolution,False,False,
SNU_64,gabor,data/in_line_gabor_hologram/SNU_64_gabor.tif,True,1,1024x1024,uint8,5,563946,2026-09-16T09:08:14+00:00,BitsPerSample;Compression;FillOrder;ImageLength;ImageWidth;NewSubfileType;Orientation;PhotometricInterpretation;PlanarConfiguration;Predictor;ResolutionUnit;RowsPerStrip;SampleFormat;SamplesPerPixel;StripByteCounts;StripOffsets;XResolution;YResolution,False,False,
SNU_64,phase,data/phase/SNU_64_phase.bin,True,,900x900,float32,,3240023,,,,,0.2848713904768374/0.21199439004249143
SNU_65,off_axis,data/off_axis_hologram/SNU_65_holo.tif,True,1,1024x1024,uint8,5,1217278,2026-09-16T09:09:52+00:00,BitsPerSample;Compression;FillOrder;ImageLength;ImageWidth;NewSubfileType;Orientation;PhotometricInterpretation;PlanarConfiguration;Predictor;ResolutionUnit;RowsPerStrip;SampleFormat;SamplesPerPixel;StripByteCounts;StripOffsets;XResolution;YResolution,False,False,
SNU_65,gabor,data/in_line_gabor_hologram/SNU_65_gabor.tif,True,1,1024x1024,uint8,5,528586,2026-09-16T09:08:14+00:00,BitsPerSample;Compression;FillOrder;ImageLength;ImageWidth;NewSubfileType;Orientation;PhotometricInterpretation;PlanarConfiguration;Predictor;ResolutionUnit;RowsPerStrip;SampleFormat;SamplesPerPixel;StripByteCounts;StripOffsets;XResolution;YResolution,False,False,
SNU_65,phase,data/phase/SNU_65_phase.bin,True,,900x900,float32,,3240023,,,,,0.2848713904768374/0.21199439004249143
SNU_66,off_axis,data/off_axis_hologram/SNU_66_holo.tif,True,1,1024x1024,uint8,5,1216358,2026-09-16T09:09:52+00:00,BitsPerSample;Compression;FillOrder;ImageLength;ImageWidth;NewSubfileType;Orientation;PhotometricInterpretation;PlanarConfiguration;Predictor;ResolutionUnit;RowsPerStrip;SampleFormat;SamplesPerPixel;StripByteCounts;StripOffsets;XResolution;YResolution,False,False,
SNU_66,gabor,data/in_line_gabor_hologram/SNU_66_gabor.tif,True,1,1024x1024,uint8,5,512916,2026-09-16T09:08:14+00:00,BitsPerSample;Compression;FillOrder;ImageLength;ImageWidth;NewSubfileType;Orientation;PhotometricInterpretation;PlanarConfiguration;Predictor;ResolutionUnit;RowsPerStrip;SampleFormat;SamplesPerPixel;StripByteCounts;StripOffsets;XResolution;YResolution,False,False,
SNU_66,phase,data/phase/SNU_66_phase.bin,True,,900x900,float32,,3240023,,,,,0.2848713904768374/0.21199439004249143
SNU_67,off_axis,data/off_axis_hologram/SNU_67_holo.tif,True,1,1024x1024,uint8,5,1212976,2026-09-16T09:09:52+00:00,BitsPerSample;Compression;FillOrder;ImageLength;ImageWidth;NewSubfileType;Orientation;PhotometricInterpretation;PlanarConfiguration;Predictor;ResolutionUnit;RowsPerStrip;SampleFormat;SamplesPerPixel;StripByteCounts;StripOffsets;XResolution;YResolution,False,False,
SNU_67,gabor,data/in_line_gabor_hologram/SNU_67_gabor.tif,True,1,1024x1024,uint8,5,519442,2026-09-16T09:08:14+00:00,BitsPerSample;Compression;FillOrder;ImageLength;ImageWidth;NewSubfileType;Orientation;PhotometricInterpretation;PlanarConfiguration;Predictor;ResolutionUnit;RowsPerStrip;SampleFormat;SamplesPerPixel;StripByteCounts;StripOffsets;XResolution;YResolution,False,False,
SNU_67,phase,data/phase/SNU_67_phase.bin,True,,900x900,float32,,3240023,,,,,0.2848713904768374/0.21199439004249143
SNU_68,off_axis,data/off_axis_hologram/SNU_68_holo.tif,True,1,1024x1024,uint8,5,1210898,2026-09-16T09:09:52+00:00,BitsPerSample;Compression;FillOrder;ImageLength;ImageWidth;NewSubfileType;Orientation;PhotometricInterpretation;PlanarConfiguration;Predictor;ResolutionUnit;RowsPerStrip;SampleFormat;SamplesPerPixel;StripByteCounts;StripOffsets;XResolution;YResolution,False,False,
SNU_68,gabor,data/in_line_gabor_hologram/SNU_68_gabor.tif,True,1,1024x1024,uint8,5,510522,2026-09-16T09:08:14+00:00,BitsPerSample;Compression;FillOrder;ImageLength;ImageWidth;NewSubfileType;Orientation;PhotometricInterpretation;PlanarConfiguration;Predictor;ResolutionUnit;RowsPerStrip;SampleFormat;SamplesPerPixel;StripByteCounts;StripOffsets;XResolution;YResolution,False,False,
SNU_68,phase,data/phase/SNU_68_phase.bin,True,,900x900,float32,,3240023,,,,,0.2848713904768374/0.21199439004249143
SNU_69,off_axis,data/off_axis_hologram/SNU_69_holo.tif,True,1,1024x1024,uint8,5,1209836,2026-09-16T09:09:52+00:00,BitsPerSample;Compression;FillOrder;ImageLength;ImageWidth;NewSubfileType;Orientation;PhotometricInterpretation;PlanarConfiguration;Predictor;ResolutionUnit;RowsPerStrip;SampleFormat;SamplesPerPixel;StripByteCounts;StripOffsets;XResolution;YResolution,False,False,
SNU_69,gabor,data/in_line_gabor_hologram/SNU_69_gabor.tif,True,1,1024x1024,uint8,5,515980,2026-09-16T09:08:14+00:00,BitsPerSample;Compression;FillOrder;ImageLength;ImageWidth;NewSubfileType;Orientation;PhotometricInterpretation;PlanarConfiguration;Predictor;ResolutionUnit;RowsPerStrip;SampleFormat;SamplesPerPixel;StripByteCounts;StripOffsets;XResolution;YResolution,False,False,
SNU_69,phase,data/phase/SNU_69_phase.bin,True,,900x900,float32,,3240023,,,,,0.2848713904768374/0.21199439004249143
SNU_70,off_axis,data/off_axis_hologram/SNU_70_holo.tif,True,1,1024x1024,uint8,5,1209264,2026-09-16T09:09:53+00:00,BitsPerSample;Compression;FillOrder;ImageLength;ImageWidth;NewSubfileType;Orientation;PhotometricInterpretation;PlanarConfiguration;Predictor;ResolutionUnit;RowsPerStrip;SampleFormat;SamplesPerPixel;StripByteCounts;StripOffsets;XResolution;YResolution,False,False,
SNU_70,gabor,data/in_line_gabor_hologram/SNU_70_gabor.tif,True,1,1024x1024,uint8,5,511712,2026-09-16T09:08:14+00:00,BitsPerSample;Compression;FillOrder;ImageLength;ImageWidth;NewSubfileType;Orientation;PhotometricInterpretation;PlanarConfiguration;Predictor;ResolutionUnit;RowsPerStrip;SampleFormat;SamplesPerPixel;StripByteCounts;StripOffsets;XResolution;YResolution,False,False,
SNU_70,phase,data/phase/SNU_70_phase.bin,True,,900x900,float32,,3240023,,,,,0.2848713904768374/0.21199439004249143
SNU_71,off_axis,data/off_axis_hologram/SNU_71_holo.tif,True,1,1024x1024,uint8,5,1220188,2026-09-16T09:09:53+00:00,BitsPerSample;Compression;FillOrder;ImageLength;ImageWidth;NewSubfileType;Orientation;PhotometricInterpretation;PlanarConfiguration;Predictor;ResolutionUnit;RowsPerStrip;SampleFormat;SamplesPerPixel;StripByteCounts;StripOffsets;XResolution;YResolution,False,False,
SNU_71,gabor,data/in_line_gabor_hologram/SNU_71_gabor.tif,True,1,1024x1024,uint8,5,550214,2026-09-16T09:08:14+00:00,BitsPerSample;Compression;FillOrder;ImageLength;ImageWidth;NewSubfileType;Orientation;PhotometricInterpretation;PlanarConfiguration;Predictor;ResolutionUnit;RowsPerStrip;SampleFormat;SamplesPerPixel;StripByteCounts;StripOffsets;XResolution;YResolution,False,False,
SNU_71,phase,data/phase/SNU_71_phase.bin,True,,900x900,float32,,3240023,,,,,0.2848713904768374/0.21199439004249143
SNU_72,off_axis,data/off_axis_hologram/SNU_72_holo.tif,True,1,1024x1024,uint8,5,1217200,2026-09-16T09:09:53+00:00,BitsPerSample;Compression;FillOrder;ImageLength;ImageWidth;NewSubfileType;Orientation;PhotometricInterpretation;PlanarConfiguration;Predictor;ResolutionUnit;RowsPerStrip;SampleFormat;SamplesPerPixel;StripByteCounts;StripOffsets;XResolution;YResolution,False,False,
SNU_72,gabor,data/in_line_gabor_hologram/SNU_72_gabor.tif,True,1,1024x1024,uint8,5,535688,2026-09-16T09:08:14+00:00,BitsPerSample;Compression;FillOrder;ImageLength;ImageWidth;NewSubfileType;Orientation;PhotometricInterpretation;PlanarConfiguration;Predictor;ResolutionUnit;RowsPerStrip;SampleFormat;SamplesPerPixel;StripByteCounts;StripOffsets;XResolution;YResolution,False,False,
SNU_72,phase,data/phase/SNU_72_phase.bin,True,,900x900,float32,,3240023,,,,,0.2848713904768374/0.21199439004249143
SNU_73,off_axis,data/off_axis_hologram/SNU_73_holo.tif,True,1,1024x1024,uint8,5,1215180,2026-09-16T09:09:53+00:00,BitsPerSample;Compression;FillOrder;ImageLength;ImageWidth;NewSubfileType;Orientation;PhotometricInterpretation;PlanarConfiguration;Predictor;ResolutionUnit;RowsPerStrip;SampleFormat;SamplesPerPixel;StripByteCounts;StripOffsets;XResolution;YResolution,False,False,
SNU_73,gabor,data/in_line_gabor_hologram/SNU_73_gabor.tif,True,1,1024x1024,uint8,5,527900,2026-09-16T09:08:14+00:00,BitsPerSample;Compression;FillOrder;ImageLength;ImageWidth;NewSubfileType;Orientation;PhotometricInterpretation;PlanarConfiguration;Predictor;ResolutionUnit;RowsPerStrip;SampleFormat;SamplesPerPixel;StripByteCounts;StripOffsets;XResolution;YResolution,False,False,
SNU_73,phase,data/phase/SNU_73_phase.bin,True,,900x900,float32,,3240023,,,,,0.2848713904768374/0.21199439004249143
SNU_74,off_axis,data/off_axis_hologram/SNU_74_holo.tif,True,1,1024x1024,uint8,5,1211446,2026-09-16T09:09:53+00:00,BitsPerSample;Compression;FillOrder;ImageLength;ImageWidth;NewSubfileType;Orientation;PhotometricInterpretation;PlanarConfiguration;Predictor;ResolutionUnit;RowsPerStrip;SampleFormat;SamplesPerPixel;StripByteCounts;StripOffsets;XResolution;YResolution,False,False,
SNU_74,gabor,data/in_line_gabor_hologram/SNU_74_gabor.tif,True,1,1024x1024,uint8,5,514654,2026-09-16T09:08:14+00:00,BitsPerSample;Compression;FillOrder;ImageLength;ImageWidth;NewSubfileType;Orientation;PhotometricInterpretation;PlanarConfiguration;Predictor;ResolutionUnit;RowsPerStrip;SampleFormat;SamplesPerPixel;StripByteCounts;StripOffsets;XResolution;YResolution,False,False,
SNU_74,phase,data/phase/SNU_74_phase.bin,True,,900x900,float32,,3240023,,,,,0.2848713904768374/0.21199439004249143
SNU_75,off_axis,data/off_axis_hologram/SNU_75_holo.tif,True,1,1024x1024,uint8,5,1212720,2026-09-16T09:09:53+00:00,BitsPerSample;Compression;FillOrder;ImageLength;ImageWidth;NewSubfileType;Orientation;PhotometricInterpretation;PlanarConfiguration;Predictor;ResolutionUnit;RowsPerStrip;SampleFormat;SamplesPerPixel;StripByteCounts;StripOffsets;XResolution;YResolution,False,False,
SNU_75,gabor,data/in_line_gabor_hologram/SNU_75_gabor.tif,True,1,1024x1024,uint8,5,522436,2026-09-16T09:08:14+00:00,BitsPerSample;Compression;FillOrder;ImageLength;ImageWidth;NewSubfileType;Orientation;PhotometricInterpretation;PlanarConfiguration;Predictor;ResolutionUnit;RowsPerStrip;SampleFormat;SamplesPerPixel;StripByteCounts;StripOffsets;XResolution;YResolution,False,False,
SNU_75,phase,data/phase/SNU_75_phase.bin,True,,900x900,float32,,3240023,,,,,0.2848713904768374/0.21199439004249143
SNU_76,off_axis,data/off_axis_hologram/SNU_76_holo.tif,True,1,1024x1024,uint8,5,1206638,2026-09-16T09:09:53+00:00,BitsPerSample;Compression;FillOrder;ImageLength;ImageWidth;NewSubfileType;Orientation;PhotometricInterpretation;PlanarConfiguration;Predictor;ResolutionUnit;RowsPerStrip;SampleFormat;SamplesPerPixel;StripByteCounts;StripOffsets;XResolution;YResolution,False,False,
SNU_76,gabor,data/in_line_gabor_hologram/SNU_76_gabor.tif,True,1,1024x1024,uint8,5,525722,2026-09-16T09:08:14+00:00,BitsPerSample;Compression;FillOrder;ImageLength;ImageWidth;NewSubfileType;Orientation;PhotometricInterpretation;PlanarConfiguration;Predictor;ResolutionUnit;RowsPerStrip;SampleFormat;SamplesPerPixel;StripByteCounts;StripOffsets;XResolution;YResolution,False,False,
SNU_76,phase,data/phase/SNU_76_phase.bin,True,,900x900,float32,,3240023,,,,,0.2848713904768374/0.21199439004249143
SNU_77,off_axis,data/off_axis_hologram/SNU_77_holo.tif,True,1,1024x1024,uint8,5,1210078,2026-09-16T09:09:53+00:00,BitsPerSample;Compression;FillOrder;ImageLength;ImageWidth;NewSubfileType;Orientation;PhotometricInterpretation;PlanarConfiguration;Predictor;ResolutionUnit;RowsPerStrip;SampleFormat;SamplesPerPixel;StripByteCounts;StripOffsets;XResolution;YResolution,False,False,
SNU_77,gabor,data/in_line_gabor_hologram/SNU_77_gabor.tif,True,1,1024x1024,uint8,5,521838,2026-09-16T09:08:14+00:00,BitsPerSample;Compression;FillOrder;ImageLength;ImageWidth;NewSubfileType;Orientation;PhotometricInterpretation;PlanarConfiguration;Predictor;ResolutionUnit;RowsPerStrip;SampleFormat;SamplesPerPixel;StripByteCounts;StripOffsets;XResolution;YResolution,False,False,
SNU_77,phase,data/phase/SNU_77_phase.bin,True,,900x900,float32,,3240023,,,,,0.2848713904768374/0.21199439004249143
SNU_78,off_axis,data/off_axis_hologram/SNU_78_holo.tif,True,1,1024x1024,uint8,5,1216386,2026-09-16T09:09:53+00:00,BitsPerSample;Compression;FillOrder;ImageLength;ImageWidth;NewSubfileType;Orientation;PhotometricInterpretation;PlanarConfiguration;Predictor;ResolutionUnit;RowsPerStrip;SampleFormat;SamplesPerPixel;StripByteCounts;StripOffsets;XResolution;YResolution,False,False,
SNU_78,gabor,data/in_line_gabor_hologram/SNU_78_gabor.tif,True,1,1024x1024,uint8,5,532542,2026-09-16T09:08:14+00:00,BitsPerSample;Compression;FillOrder;ImageLength;ImageWidth;NewSubfileType;Orientation;PhotometricInterpretation;PlanarConfiguration;Predictor;ResolutionUnit;RowsPerStrip;SampleFormat;SamplesPerPixel;StripByteCounts;StripOffsets;XResolution;YResolution,False,False,
SNU_78,phase,data/phase/SNU_78_phase.bin,True,,900x900,float32,,3240023,,,,,0.2848713904768374/0.21199439004249143
SNU_79,off_axis,data/off_axis_hologram/SNU_79_holo.tif,True,1,1024x1024,uint8,5,1212590,2026-09-16T09:09:53+00:00,BitsPerSample;Compression;FillOrder;ImageLength;ImageWidth;NewSubfileType;Orientation;PhotometricInterpretation;PlanarConfiguration;Predictor;ResolutionUnit;RowsPerStrip;SampleFormat;SamplesPerPixel;StripByteCounts;StripOffsets;XResolution;YResolution,False,False,
SNU_79,gabor,data/in_line_gabor_hologram/SNU_79_gabor.tif,True,1,1024x1024,uint8,5,521370,2026-09-16T09:08:14+00:00,BitsPerSample;Compression;FillOrder;ImageLength;ImageWidth;NewSubfileType;Orientation;PhotometricInterpretation;PlanarConfiguration;Predictor;ResolutionUnit;RowsPerStrip;SampleFormat;SamplesPerPixel;StripByteCounts;StripOffsets;XResolution;YResolution,False,False,
SNU_79,phase,data/phase/SNU_79_phase.bin,True,,900x900,float32,,3240023,,,,,0.2848713904768374/0.21199439004249143
SNU_80,off_axis,data/off_axis_hologram/SNU_80_holo.tif,True,1,1024x1024,uint8,5,1219550,2026-09-16T09:09:53+00:00,BitsPerSample;Compression;FillOrder;ImageLength;ImageWidth;NewSubfileType;Orientation;PhotometricInterpretation;PlanarConfiguration;Predictor;ResolutionUnit;RowsPerStrip;SampleFormat;SamplesPerPixel;StripByteCounts;StripOffsets;XResolution;YResolution,False,False,
SNU_80,gabor,data/in_line_gabor_hologram/SNU_80_gabor.tif,True,1,1024x1024,uint8,5,542524,2026-09-16T09:08:14+00:00,BitsPerSample;Compression;FillOrder;ImageLength;ImageWidth;NewSubfileType;Orientation;PhotometricInterpretation;PlanarConfiguration;Predictor;ResolutionUnit;RowsPerStrip;SampleFormat;SamplesPerPixel;StripByteCounts;StripOffsets;XResolution;YResolution,False,False,
SNU_80,phase,data/phase/SNU_80_phase.bin,True,,900x900,float32,,3240023,,,,,0.2848713904768374/0.21199439004249143
SNU_81,off_axis,data/off_axis_hologram/SNU_81_holo.tif,True,1,1024x1024,uint8,5,1214084,2026-09-16T09:09:53+00:00,BitsPerSample;Compression;FillOrder;ImageLength;ImageWidth;NewSubfileType;Orientation;PhotometricInterpretation;PlanarConfiguration;Predictor;ResolutionUnit;RowsPerStrip;SampleFormat;SamplesPerPixel;StripByteCounts;StripOffsets;XResolution;YResolution,False,False,
SNU_81,gabor,data/in_line_gabor_hologram/SNU_81_gabor.tif,True,1,1024x1024,uint8,5,536292,2026-09-16T09:08:14+00:00,BitsPerSample;Compression;FillOrder;ImageLength;ImageWidth;NewSubfileType;Orientation;PhotometricInterpretation;PlanarConfiguration;Predictor;ResolutionUnit;RowsPerStrip;SampleFormat;SamplesPerPixel;StripByteCounts;StripOffsets;XResolution;YResolution,False,False,
SNU_81,phase,data/phase/SNU_81_phase.bin,True,,900x900,float32,,3240023,,,,,0.2848713904768374/0.21199439004249143
SNU_82,off_axis,data/off_axis_hologram/SNU_82_holo.tif,True,1,1024x1024,uint8,5,1205188,2026-09-16T09:09:53+00:00,BitsPerSample;Compression;FillOrder;ImageLength;ImageWidth;NewSubfileType;Orientation;PhotometricInterpretation;PlanarConfiguration;Predictor;ResolutionUnit;RowsPerStrip;SampleFormat;SamplesPerPixel;StripByteCounts;StripOffsets;XResolution;YResolution,False,False,
SNU_82,gabor,data/in_line_gabor_hologram/SNU_82_gabor.tif,True,1,1024x1024,uint8,5,523480,2026-09-16T09:08:14+00:00,BitsPerSample;Compression;FillOrder;ImageLength;ImageWidth;NewSubfileType;Orientation;PhotometricInterpretation;PlanarConfiguration;Predictor;ResolutionUnit;RowsPerStrip;SampleFormat;SamplesPerPixel;StripByteCounts;StripOffsets;XResolution;YResolution,False,False,
SNU_82,phase,data/phase/SNU_82_phase.bin,True,,900x900,float32,,3240023,,,,,0.2848713904768374/0.21199439004249143
SNU_83,off_axis,data/off_axis_hologram/SNU_83_holo.tif,True,1,1024x1024,uint8,5,1218416,2026-09-16T09:09:53+00:00,BitsPerSample;Compression;FillOrder;ImageLength;ImageWidth;NewSubfileType;Orientation;PhotometricInterpretation;PlanarConfiguration;Predictor;ResolutionUnit;RowsPerStrip;SampleFormat;SamplesPerPixel;StripByteCounts;StripOffsets;XResolution;YResolution,False,False,
SNU_83,gabor,data/in_line_gabor_hologram/SNU_83_gabor.tif,True,1,1024x1024,uint8,5,540032,2026-09-16T09:08:14+00:00,BitsPerSample;Compression;FillOrder;ImageLength;ImageWidth;NewSubfileType;Orientation;PhotometricInterpretation;PlanarConfiguration;Predictor;ResolutionUnit;RowsPerStrip;SampleFormat;SamplesPerPixel;StripByteCounts;StripOffsets;XResolution;YResolution,False,False,
SNU_83,phase,data/phase/SNU_83_phase.bin,True,,900x900,float32,,3240023,,,,,0.2848713904768374/0.21199439004249143
SNU_84,off_axis,data/off_axis_hologram/SNU_84_holo.tif,True,1,1024x1024,uint8,5,1213688,2026-09-16T09:09:53+00:00,BitsPerSample;Compression;FillOrder;ImageLength;ImageWidth;NewSubfileType;Orientation;PhotometricInterpretation;PlanarConfiguration;Predictor;ResolutionUnit;RowsPerStrip;SampleFormat;SamplesPerPixel;StripByteCounts;StripOffsets;XResolution;YResolution,False,False,
SNU_84,gabor,data/in_line_gabor_hologram/SNU_84_gabor.tif,True,1,1024x1024,uint8,5,517884,2026-09-16T09:08:14+00:00,BitsPerSample;Compression;FillOrder;ImageLength;ImageWidth;NewSubfileType;Orientation;PhotometricInterpretation;PlanarConfiguration;Predictor;ResolutionUnit;RowsPerStrip;SampleFormat;SamplesPerPixel;StripByteCounts;StripOffsets;XResolution;YResolution,False,False,
SNU_84,phase,data/phase/SNU_84_phase.bin,True,,900x900,float32,,3240023,,,,,0.2848713904768374/0.21199439004249143
SNU_85,off_axis,data/off_axis_hologram/SNU_85_holo.tif,True,1,1024x1024,uint8,5,1213066,2026-09-16T09:09:53+00:00,BitsPerSample;Compression;FillOrder;ImageLength;ImageWidth;NewSubfileType;Orientation;PhotometricInterpretation;PlanarConfiguration;Predictor;ResolutionUnit;RowsPerStrip;SampleFormat;SamplesPerPixel;StripByteCounts;StripOffsets;XResolution;YResolution,False,False,
SNU_85,gabor,data/in_line_gabor_hologram/SNU_85_gabor.tif,True,1,1024x1024,uint8,5,513770,2026-09-16T09:08:14+00:00,BitsPerSample;Compression;FillOrder;ImageLength;ImageWidth;NewSubfileType;Orientation;PhotometricInterpretation;PlanarConfiguration;Predictor;ResolutionUnit;RowsPerStrip;SampleFormat;SamplesPerPixel;StripByteCounts;StripOffsets;XResolution;YResolution,False,False,
SNU_85,phase,data/phase/SNU_85_phase.bin,True,,900x900,float32,,3240023,,,,,0.2848713904768374/0.21199439004249143
SNU_86,off_axis,data/off_axis_hologram/SNU_86_holo.tif,True,1,1024x1024,uint8,5,1211800,2026-09-16T09:09:53+00:00,BitsPerSample;Compression;FillOrder;ImageLength;ImageWidth;NewSubfileType;Orientation;PhotometricInterpretation;PlanarConfiguration;Predictor;ResolutionUnit;RowsPerStrip;SampleFormat;SamplesPerPixel;StripByteCounts;StripOffsets;XResolution;YResolution,False,False,
SNU_86,gabor,data/in_line_gabor_hologram/SNU_86_gabor.tif,True,1,1024x1024,uint8,5,506976,2026-09-16T09:08:14+00:00,BitsPerSample;Compression;FillOrder;ImageLength;ImageWidth;NewSubfileType;Orientation;PhotometricInterpretation;PlanarConfiguration;Predictor;ResolutionUnit;RowsPerStrip;SampleFormat;SamplesPerPixel;StripByteCounts;StripOffsets;XResolution;YResolution,False,False,
SNU_86,phase,data/phase/SNU_86_phase.bin,True,,900x900,float32,,3240023,,,,,0.2848713904768374/0.21199439004249143
SNU_87,off_axis,data/off_axis_hologram/SNU_87_holo.tif,True,1,1024x1024,uint8,5,1211534,2026-09-16T09:09:53+00:00,BitsPerSample;Compression;FillOrder;ImageLength;ImageWidth;NewSubfileType;Orientation;PhotometricInterpretation;PlanarConfiguration;Predictor;ResolutionUnit;RowsPerStrip;SampleFormat;SamplesPerPixel;StripByteCounts;StripOffsets;XResolution;YResolution,False,False,
SNU_87,gabor,data/in_line_gabor_hologram/SNU_87_gabor.tif,True,1,1024x1024,uint8,5,510826,2026-09-16T09:08:14+00:00,BitsPerSample;Compression;FillOrder;ImageLength;ImageWidth;NewSubfileType;Orientation;PhotometricInterpretation;PlanarConfiguration;Predictor;ResolutionUnit;RowsPerStrip;SampleFormat;SamplesPerPixel;StripByteCounts;StripOffsets;XResolution;YResolution,False,False,
SNU_87,phase,data/phase/SNU_87_phase.bin,True,,900x900,float32,,3240023,,,,,0.2848713904768374/0.21199439004249143
SNU_88,off_axis,data/off_axis_hologram/SNU_88_holo.tif,True,1,1024x1024,uint8,5,1211802,2026-09-16T09:09:53+00:00,BitsPerSample;Compression;FillOrder;ImageLength;ImageWidth;NewSubfileType;Orientation;PhotometricInterpretation;PlanarConfiguration;Predictor;ResolutionUnit;RowsPerStrip;SampleFormat;SamplesPerPixel;StripByteCounts;StripOffsets;XResolution;YResolution,False,False,
SNU_88,gabor,data/in_line_gabor_hologram/SNU_88_gabor.tif,True,1,1024x1024,uint8,5,505514,2026-09-16T09:08:14+00:00,BitsPerSample;Compression;FillOrder;ImageLength;ImageWidth;NewSubfileType;Orientation;PhotometricInterpretation;PlanarConfiguration;Predictor;ResolutionUnit;RowsPerStrip;SampleFormat;SamplesPerPixel;StripByteCounts;StripOffsets;XResolution;YResolution,False,False,
SNU_88,phase,data/phase/SNU_88_phase.bin,True,,900x900,float32,,3240023,,,,,0.2848713904768374/0.21199439004249143
SNU_89,off_axis,data/off_axis_hologram/SNU_89_holo.tif,True,1,1024x1024,uint8,5,1211018,2026-09-16T09:09:53+00:00,BitsPerSample;Compression;FillOrder;ImageLength;ImageWidth;NewSubfileType;Orientation;PhotometricInterpretation;PlanarConfiguration;Predictor;ResolutionUnit;RowsPerStrip;SampleFormat;SamplesPerPixel;StripByteCounts;StripOffsets;XResolution;YResolution,False,False,
SNU_89,gabor,data/in_line_gabor_hologram/SNU_89_gabor.tif,True,1,1024x1024,uint8,5,544888,2026-09-16T09:08:14+00:00,BitsPerSample;Compression;FillOrder;ImageLength;ImageWidth;NewSubfileType;Orientation;PhotometricInterpretation;PlanarConfiguration;Predictor;ResolutionUnit;RowsPerStrip;SampleFormat;SamplesPerPixel;StripByteCounts;StripOffsets;XResolution;YResolution,False,False,
SNU_89,phase,data/phase/SNU_89_phase.bin,True,,900x900,float32,,3240023,,,,,0.2848713904768374/0.21199439004249143
SNU_90,off_axis,data/off_axis_hologram/SNU_90_holo.tif,True,1,1024x1024,uint8,5,1209916,2026-09-16T09:09:53+00:00,BitsPerSample;Compression;FillOrder;ImageLength;ImageWidth;NewSubfileType;Orientation;PhotometricInterpretation;PlanarConfiguration;Predictor;ResolutionUnit;RowsPerStrip;SampleFormat;SamplesPerPixel;StripByteCounts;StripOffsets;XResolution;YResolution,False,False,
SNU_90,gabor,data/in_line_gabor_hologram/SNU_90_gabor.tif,True,1,1024x1024,uint8,5,506122,2026-09-16T09:08:14+00:00,BitsPerSample;Compression;FillOrder;ImageLength;ImageWidth;NewSubfileType;Orientation;PhotometricInterpretation;PlanarConfiguration;Predictor;ResolutionUnit;RowsPerStrip;SampleFormat;SamplesPerPixel;StripByteCounts;StripOffsets;XResolution;YResolution,False,False,
SNU_90,phase,data/phase/SNU_90_phase.bin,True,,900x900,float32,,3240023,,,,,0.2848713904768374/0.21199439004249143
SNU_91,off_axis,data/off_axis_hologram/SNU_91_holo.tif,True,1,1024x1024,uint8,5,1207532,2026-09-16T09:09:53+00:00,BitsPerSample;Compression;FillOrder;ImageLength;ImageWidth;NewSubfileType;Orientation;PhotometricInterpretation;PlanarConfiguration;Predictor;ResolutionUnit;RowsPerStrip;SampleFormat;SamplesPerPixel;StripByteCounts;StripOffsets;XResolution;YResolution,False,False,
SNU_91,gabor,data/in_line_gabor_hologram/SNU_91_gabor.tif,True,1,1024x1024,uint8,5,502240,2026-09-16T09:08:14+00:00,BitsPerSample;Compression;FillOrder;ImageLength;ImageWidth;NewSubfileType;Orientation;PhotometricInterpretation;PlanarConfiguration;Predictor;ResolutionUnit;RowsPerStrip;SampleFormat;SamplesPerPixel;StripByteCounts;StripOffsets;XResolution;YResolution,False,False,
SNU_91,phase,data/phase/SNU_91_phase.bin,True,,900x900,float32,,3240023,,,,,0.2848713904768374/0.21199439004249143
SNU_92,off_axis,data/off_axis_hologram/SNU_92_holo.tif,True,1,1024x1024,uint8,5,1212364,2026-09-16T09:09:53+00:00,BitsPerSample;Compression;FillOrder;ImageLength;ImageWidth;NewSubfileType;Orientation;PhotometricInterpretation;PlanarConfiguration;Predictor;ResolutionUnit;RowsPerStrip;SampleFormat;SamplesPerPixel;StripByteCounts;StripOffsets;XResolution;YResolution,False,False,
SNU_92,gabor,data/in_line_gabor_hologram/SNU_92_gabor.tif,True,1,1024x1024,uint8,5,514056,2026-09-16T09:08:14+00:00,BitsPerSample;Compression;FillOrder;ImageLength;ImageWidth;NewSubfileType;Orientation;PhotometricInterpretation;PlanarConfiguration;Predictor;ResolutionUnit;RowsPerStrip;SampleFormat;SamplesPerPixel;StripByteCounts;StripOffsets;XResolution;YResolution,False,False,
SNU_92,phase,data/phase/SNU_92_phase.bin,True,,900x900,float32,,3240023,,,,,0.2848713904768374/0.21199439004249143
SNU_93,off_axis,data/off_axis_hologram/SNU_93_holo.tif,True,1,1024x1024,uint8,5,1210522,2026-09-16T09:09:53+00:00,BitsPerSample;Compression;FillOrder;ImageLength;ImageWidth;NewSubfileType;Orientation;PhotometricInterpretation;PlanarConfiguration;Predictor;ResolutionUnit;RowsPerStrip;SampleFormat;SamplesPerPixel;StripByteCounts;StripOffsets;XResolution;YResolution,False,False,
SNU_93,gabor,data/in_line_gabor_hologram/SNU_93_gabor.tif,True,1,1024x1024,uint8,5,513262,2026-09-16T09:08:14+00:00,BitsPerSample;Compression;FillOrder;ImageLength;ImageWidth;NewSubfileType;Orientation;PhotometricInterpretation;PlanarConfiguration;Predictor;ResolutionUnit;RowsPerStrip;SampleFormat;SamplesPerPixel;StripByteCounts;StripOffsets;XResolution;YResolution,False,False,
SNU_93,phase,data/phase/SNU_93_phase.bin,True,,900x900,float32,,3240023,,,,,0.2848713904768374/0.21199439004249143
SNU_94,off_axis,data/off_axis_hologram/SNU_94_holo.tif,True,1,1024x1024,uint8,5,1210472,2026-09-16T09:09:53+00:00,BitsPerSample;Compression;FillOrder;ImageLength;ImageWidth;NewSubfileType;Orientation;PhotometricInterpretation;PlanarConfiguration;Predictor;ResolutionUnit;RowsPerStrip;SampleFormat;SamplesPerPixel;StripByteCounts;StripOffsets;XResolution;YResolution,False,False,
SNU_94,gabor,data/in_line_gabor_hologram/SNU_94_gabor.tif,True,1,1024x1024,uint8,5,508282,2026-09-16T09:08:14+00:00,BitsPerSample;Compression;FillOrder;ImageLength;ImageWidth;NewSubfileType;Orientation;PhotometricInterpretation;PlanarConfiguration;Predictor;ResolutionUnit;RowsPerStrip;SampleFormat;SamplesPerPixel;StripByteCounts;StripOffsets;XResolution;YResolution,False,False,
SNU_94,phase,data/phase/SNU_94_phase.bin,True,,900x900,float32,,3240023,,,,,0.2848713904768374/0.21199439004249143
SNU_95,off_axis,data/off_axis_hologram/SNU_95_holo.tif,True,1,1024x1024,uint8,5,1212754,2026-09-16T09:09:53+00:00,BitsPerSample;Compression;FillOrder;ImageLength;ImageWidth;NewSubfileType;Orientation;PhotometricInterpretation;PlanarConfiguration;Predictor;ResolutionUnit;RowsPerStrip;SampleFormat;SamplesPerPixel;StripByteCounts;StripOffsets;XResolution;YResolution,False,False,
SNU_95,gabor,data/in_line_gabor_hologram/SNU_95_gabor.tif,True,1,1024x1024,uint8,5,515240,2026-09-16T09:08:14+00:00,BitsPerSample;Compression;FillOrder;ImageLength;ImageWidth;NewSubfileType;Orientation;PhotometricInterpretation;PlanarConfiguration;Predictor;ResolutionUnit;RowsPerStrip;SampleFormat;SamplesPerPixel;StripByteCounts;StripOffsets;XResolution;YResolution,False,False,
SNU_95,phase,data/phase/SNU_95_phase.bin,True,,900x900,float32,,3240023,,,,,0.2848713904768374/0.21199439004249143
SNU_96,off_axis,data/off_axis_hologram/SNU_96_holo.tif,True,1,1024x1024,uint8,5,1209014,2026-09-16T09:09:53+00:00,BitsPerSample;Compression;FillOrder;ImageLength;ImageWidth;NewSubfileType;Orientation;PhotometricInterpretation;PlanarConfiguration;Predictor;ResolutionUnit;RowsPerStrip;SampleFormat;SamplesPerPixel;StripByteCounts;StripOffsets;XResolution;YResolution,False,False,
SNU_96,gabor,data/in_line_gabor_hologram/SNU_96_gabor.tif,True,1,1024x1024,uint8,5,511178,2026-09-16T09:08:14+00:00,BitsPerSample;Compression;FillOrder;ImageLength;ImageWidth;NewSubfileType;Orientation;PhotometricInterpretation;PlanarConfiguration;Predictor;ResolutionUnit;RowsPerStrip;SampleFormat;SamplesPerPixel;StripByteCounts;StripOffsets;XResolution;YResolution,False,False,
SNU_96,phase,data/phase/SNU_96_phase.bin,True,,900x900,float32,,3240023,,,,,0.2848713904768374/0.21199439004249143
SNU_97,off_axis,data/off_axis_hologram/SNU_97_holo.tif,True,1,1024x1024,uint8,5,1216816,2026-09-16T09:09:53+00:00,BitsPerSample;Compression;FillOrder;ImageLength;ImageWidth;NewSubfileType;Orientation;PhotometricInterpretation;PlanarConfiguration;Predictor;ResolutionUnit;RowsPerStrip;SampleFormat;SamplesPerPixel;StripByteCounts;StripOffsets;XResolution;YResolution,False,False,
SNU_97,gabor,data/in_line_gabor_hologram/SNU_97_gabor.tif,True,1,1024x1024,uint8,5,517868,2026-09-16T09:08:15+00:00,BitsPerSample;Compression;FillOrder;ImageLength;ImageWidth;NewSubfileType;Orientation;PhotometricInterpretation;PlanarConfiguration;Predictor;ResolutionUnit;RowsPerStrip;SampleFormat;SamplesPerPixel;StripByteCounts;StripOffsets;XResolution;YResolution,False,False,
SNU_97,phase,data/phase/SNU_97_phase.bin,True,,900x900,float32,,3240023,,,,,0.2848713904768374/0.21199439004249143
SNU_98,off_axis,data/off_axis_hologram/SNU_98_holo.tif,True,1,1024x1024,uint8,5,1209008,2026-09-16T09:09:53+00:00,BitsPerSample;Compression;FillOrder;ImageLength;ImageWidth;NewSubfileType;Orientation;PhotometricInterpretation;PlanarConfiguration;Predictor;ResolutionUnit;RowsPerStrip;SampleFormat;SamplesPerPixel;StripByteCounts;StripOffsets;XResolution;YResolution,False,False,
SNU_98,gabor,data/in_line_gabor_hologram/SNU_98_gabor.tif,True,1,1024x1024,uint8,5,508156,2026-09-16T09:08:15+00:00,BitsPerSample;Compression;FillOrder;ImageLength;ImageWidth;NewSubfileType;Orientation;PhotometricInterpretation;PlanarConfiguration;Predictor;ResolutionUnit;RowsPerStrip;SampleFormat;SamplesPerPixel;StripByteCounts;StripOffsets;XResolution;YResolution,False,False,
SNU_98,phase,data/phase/SNU_98_phase.bin,True,,900x900,float32,,3240023,,,,,0.2848713904768374/0.21199439004249143
SNU_99,off_axis,data/off_axis_hologram/SNU_99_holo.tif,True,1,1024x1024,uint8,5,1211916,2026-09-16T09:09:53+00:00,BitsPerSample;Compression;FillOrder;ImageLength;ImageWidth;NewSubfileType;Orientation;PhotometricInterpretation;PlanarConfiguration;Predictor;ResolutionUnit;RowsPerStrip;SampleFormat;SamplesPerPixel;StripByteCounts;StripOffsets;XResolution;YResolution,False,False,
SNU_99,gabor,data/in_line_gabor_hologram/SNU_99_gabor.tif,True,1,1024x1024,uint8,5,504708,2026-09-16T09:08:15+00:00,BitsPerSample;Compression;FillOrder;ImageLength;ImageWidth;NewSubfileType;Orientation;PhotometricInterpretation;PlanarConfiguration;Predictor;ResolutionUnit;RowsPerStrip;SampleFormat;SamplesPerPixel;StripByteCounts;StripOffsets;XResolution;YResolution,False,False,
SNU_99,phase,data/phase/SNU_99_phase.bin,True,,900x900,float32,,3240023,,,,,0.2848713904768374/0.21199439004249143
SNU_FCCP_10uM_01,off_axis,data/off_axis_hologram/SNU_FCCP_10uM_01_holo.tif,True,1,1024x1024,uint8,5,1221294,2026-09-16T09:09:53+00:00,BitsPerSample;Compression;FillOrder;ImageLength;ImageWidth;NewSubfileType;Orientation;PhotometricInterpretation;PlanarConfiguration;Predictor;ResolutionUnit;RowsPerStrip;SampleFormat;SamplesPerPixel;StripByteCounts;StripOffsets;XResolution;YResolution,False,False,
SNU_FCCP_10uM_01,gabor,data/in_line_gabor_hologram/SNU_FCCP_10uM_01_gabor.tif,True,1,1024x1024,uint8,5,512324,2026-09-16T09:08:15+00:00,BitsPerSample;Compression;FillOrder;ImageLength;ImageWidth;NewSubfileType;Orientation;PhotometricInterpretation;PlanarConfiguration;Predictor;ResolutionUnit;RowsPerStrip;SampleFormat;SamplesPerPixel;StripByteCounts;StripOffsets;XResolution;YResolution,False,False,
SNU_FCCP_10uM_01,phase,data/phase/SNU_FCCP_10uM_01_phase.bin,True,,900x900,float32,,3240023,,,,,0.2848713904768374/0.21199439004249143
SNU_FCCP_10uM_02,off_axis,data/off_axis_hologram/SNU_FCCP_10uM_02_holo.tif,True,1,1024x1024,uint8,5,1221074,2026-09-16T09:09:53+00:00,BitsPerSample;Compression;FillOrder;ImageLength;ImageWidth;NewSubfileType;Orientation;PhotometricInterpretation;PlanarConfiguration;Predictor;ResolutionUnit;RowsPerStrip;SampleFormat;SamplesPerPixel;StripByteCounts;StripOffsets;XResolution;YResolution,False,False,
SNU_FCCP_10uM_02,gabor,data/in_line_gabor_hologram/SNU_FCCP_10uM_02_gabor.tif,True,1,1024x1024,uint8,5,515454,2026-09-16T09:08:15+00:00,BitsPerSample;Compression;FillOrder;ImageLength;ImageWidth;NewSubfileType;Orientation;PhotometricInterpretation;PlanarConfiguration;Predictor;ResolutionUnit;RowsPerStrip;SampleFormat;SamplesPerPixel;StripByteCounts;StripOffsets;XResolution;YResolution,False,False,
SNU_FCCP_10uM_02,phase,data/phase/SNU_FCCP_10uM_02_phase.bin,True,,900x900,float32,,3240023,,,,,0.2848713904768374/0.21199439004249143
SNU_FCCP_10uM_03,off_axis,data/off_axis_hologram/SNU_FCCP_10uM_03_holo.tif,True,1,1024x1024,uint8,5,1219254,2026-09-16T09:09:53+00:00,BitsPerSample;Compression;FillOrder;ImageLength;ImageWidth;NewSubfileType;Orientation;PhotometricInterpretation;PlanarConfiguration;Predictor;ResolutionUnit;RowsPerStrip;SampleFormat;SamplesPerPixel;StripByteCounts;StripOffsets;XResolution;YResolution,False,False,
SNU_FCCP_10uM_03,gabor,data/in_line_gabor_hologram/SNU_FCCP_10uM_03_gabor.tif,True,1,1024x1024,uint8,5,516570,2026-09-16T09:08:15+00:00,BitsPerSample;Compression;FillOrder;ImageLength;ImageWidth;NewSubfileType;Orientation;PhotometricInterpretation;PlanarConfiguration;Predictor;ResolutionUnit;RowsPerStrip;SampleFormat;SamplesPerPixel;StripByteCounts;StripOffsets;XResolution;YResolution,False,False,
SNU_FCCP_10uM_03,phase,data/phase/SNU_FCCP_10uM_03_phase.bin,True,,900x900,float32,,3240023,,,,,0.2848713904768374/0.21199439004249143
SNU_FCCP_10uM_04,off_axis,data/off_axis_hologram/SNU_FCCP_10uM_04_holo.tif,True,1,1024x1024,uint8,5,1216954,2026-09-16T09:09:53+00:00,BitsPerSample;Compression;FillOrder;ImageLength;ImageWidth;NewSubfileType;Orientation;PhotometricInterpretation;PlanarConfiguration;Predictor;ResolutionUnit;RowsPerStrip;SampleFormat;SamplesPerPixel;StripByteCounts;StripOffsets;XResolution;YResolution,False,False,
SNU_FCCP_10uM_04,gabor,data/in_line_gabor_hologram/SNU_FCCP_10uM_04_gabor.tif,True,1,1024x1024,uint8,5,506872,2026-09-16T09:08:15+00:00,BitsPerSample;Compression;FillOrder;ImageLength;ImageWidth;NewSubfileType;Orientation;PhotometricInterpretation;PlanarConfiguration;Predictor;ResolutionUnit;RowsPerStrip;SampleFormat;SamplesPerPixel;StripByteCounts;StripOffsets;XResolution;YResolution,False,False,
SNU_FCCP_10uM_04,phase,data/phase/SNU_FCCP_10uM_04_phase.bin,True,,900x900,float32,,3240023,,,,,0.2848713904768374/0.21199439004249143
SNU_FCCP_10uM_05,off_axis,data/off_axis_hologram/SNU_FCCP_10uM_05_holo.tif,True,1,1024x1024,uint8,5,1219584,2026-09-16T09:09:53+00:00,BitsPerSample;Compression;FillOrder;ImageLength;ImageWidth;NewSubfileType;Orientation;PhotometricInterpretation;PlanarConfiguration;Predictor;ResolutionUnit;RowsPerStrip;SampleFormat;SamplesPerPixel;StripByteCounts;StripOffsets;XResolution;YResolution,False,False,
SNU_FCCP_10uM_05,gabor,data/in_line_gabor_hologram/SNU_FCCP_10uM_05_gabor.tif,True,1,1024x1024,uint8,5,525216,2026-09-16T09:08:15+00:00,BitsPerSample;Compression;FillOrder;ImageLength;ImageWidth;NewSubfileType;Orientation;PhotometricInterpretation;PlanarConfiguration;Predictor;ResolutionUnit;RowsPerStrip;SampleFormat;SamplesPerPixel;StripByteCounts;StripOffsets;XResolution;YResolution,False,False,
SNU_FCCP_10uM_05,phase,data/phase/SNU_FCCP_10uM_05_phase.bin,True,,900x900,float32,,3240023,,,,,0.2848713904768374/0.21199439004249143
SNU_FCCP_10uM_06,off_axis,data/off_axis_hologram/SNU_FCCP_10uM_06_holo.tif,True,1,1024x1024,uint8,5,1213258,2026-09-16T09:09:53+00:00,BitsPerSample;Compression;FillOrder;ImageLength;ImageWidth;NewSubfileType;Orientation;PhotometricInterpretation;PlanarConfiguration;Predictor;ResolutionUnit;RowsPerStrip;SampleFormat;SamplesPerPixel;StripByteCounts;StripOffsets;XResolution;YResolution,False,False,
SNU_FCCP_10uM_06,gabor,data/in_line_gabor_hologram/SNU_FCCP_10uM_06_gabor.tif,True,1,1024x1024,uint8,5,519636,2026-09-16T09:08:15+00:00,BitsPerSample;Compression;FillOrder;ImageLength;ImageWidth;NewSubfileType;Orientation;PhotometricInterpretation;PlanarConfiguration;Predictor;ResolutionUnit;RowsPerStrip;SampleFormat;SamplesPerPixel;StripByteCounts;StripOffsets;XResolution;YResolution,False,False,
SNU_FCCP_10uM_06,phase,data/phase/SNU_FCCP_10uM_06_phase.bin,True,,900x900,float32,,3240023,,,,,0.2848713904768374/0.21199439004249143
SNU_FCCP_10uM_07,off_axis,data/off_axis_hologram/SNU_FCCP_10uM_07_holo.tif,True,1,1024x1024,uint8,5,1214300,2026-09-16T09:09:53+00:00,BitsPerSample;Compression;FillOrder;ImageLength;ImageWidth;NewSubfileType;Orientation;PhotometricInterpretation;PlanarConfiguration;Predictor;ResolutionUnit;RowsPerStrip;SampleFormat;SamplesPerPixel;StripByteCounts;StripOffsets;XResolution;YResolution,False,False,
SNU_FCCP_10uM_07,gabor,data/in_line_gabor_hologram/SNU_FCCP_10uM_07_gabor.tif,True,1,1024x1024,uint8,5,506646,2026-09-16T09:08:15+00:00,BitsPerSample;Compression;FillOrder;ImageLength;ImageWidth;NewSubfileType;Orientation;PhotometricInterpretation;PlanarConfiguration;Predictor;ResolutionUnit;RowsPerStrip;SampleFormat;SamplesPerPixel;StripByteCounts;StripOffsets;XResolution;YResolution,False,False,
SNU_FCCP_10uM_07,phase,data/phase/SNU_FCCP_10uM_07_phase.bin,True,,900x900,float32,,3240023,,,,,0.2848713904768374/0.21199439004249143
SNU_FCCP_10uM_08,off_axis,data/off_axis_hologram/SNU_FCCP_10uM_08_holo.tif,True,1,1024x1024,uint8,5,1215184,2026-09-16T09:09:53+00:00,BitsPerSample;Compression;FillOrder;ImageLength;ImageWidth;NewSubfileType;Orientation;PhotometricInterpretation;PlanarConfiguration;Predictor;ResolutionUnit;RowsPerStrip;SampleFormat;SamplesPerPixel;StripByteCounts;StripOffsets;XResolution;YResolution,False,False,
SNU_FCCP_10uM_08,gabor,data/in_line_gabor_hologram/SNU_FCCP_10uM_08_gabor.tif,True,1,1024x1024,uint8,5,514352,2026-09-16T09:08:15+00:00,BitsPerSample;Compression;FillOrder;ImageLength;ImageWidth;NewSubfileType;Orientation;PhotometricInterpretation;PlanarConfiguration;Predictor;ResolutionUnit;RowsPerStrip;SampleFormat;SamplesPerPixel;StripByteCounts;StripOffsets;XResolution;YResolution,False,False,
SNU_FCCP_10uM_08,phase,data/phase/SNU_FCCP_10uM_08_phase.bin,True,,900x900,float32,,3240023,,,,,0.2848713904768374/0.21199439004249143
SNU_FCCP_10uM_09,off_axis,data/off_axis_hologram/SNU_FCCP_10uM_09_holo.tif,True,1,1024x1024,uint8,5,1223310,2026-09-16T09:09:53+00:00,BitsPerSample;Compression;FillOrder;ImageLength;ImageWidth;NewSubfileType;Orientation;PhotometricInterpretation;PlanarConfiguration;Predictor;ResolutionUnit;RowsPerStrip;SampleFormat;SamplesPerPixel;StripByteCounts;StripOffsets;XResolution;YResolution,False,False,
SNU_FCCP_10uM_09,gabor,data/in_line_gabor_hologram/SNU_FCCP_10uM_09_gabor.tif,True,1,1024x1024,uint8,5,519258,2026-09-16T09:08:15+00:00,BitsPerSample;Compression;FillOrder;ImageLength;ImageWidth;NewSubfileType;Orientation;PhotometricInterpretation;PlanarConfiguration;Predictor;ResolutionUnit;RowsPerStrip;SampleFormat;SamplesPerPixel;StripByteCounts;StripOffsets;XResolution;YResolution,False,False,
SNU_FCCP_10uM_09,phase,data/phase/SNU_FCCP_10uM_09_phase.bin,True,,900x900,float32,,3240023,,,,,0.2848713904768374/0.21199439004249143
SNU_FCCP_10uM_10,off_axis,data/off_axis_hologram/SNU_FCCP_10uM_10_holo.tif,True,1,1024x1024,uint8,5,1211866,2026-09-16T09:09:53+00:00,BitsPerSample;Compression;FillOrder;ImageLength;ImageWidth;NewSubfileType;Orientation;PhotometricInterpretation;PlanarConfiguration;Predictor;ResolutionUnit;RowsPerStrip;SampleFormat;SamplesPerPixel;StripByteCounts;StripOffsets;XResolution;YResolution,False,False,
SNU_FCCP_10uM_10,gabor,data/in_line_gabor_hologram/SNU_FCCP_10uM_10_gabor.tif,True,1,1024x1024,uint8,5,503846,2026-09-16T09:08:15+00:00,BitsPerSample;Compression;FillOrder;ImageLength;ImageWidth;NewSubfileType;Orientation;PhotometricInterpretation;PlanarConfiguration;Predictor;ResolutionUnit;RowsPerStrip;SampleFormat;SamplesPerPixel;StripByteCounts;StripOffsets;XResolution;YResolution,False,False,
SNU_FCCP_10uM_10,phase,data/phase/SNU_FCCP_10uM_10_phase.bin,True,,900x900,float32,,3240023,,,,,0.2848713904768374/0.21199439004249143
SNU_FCCP_10uM_11,off_axis,data/off_axis_hologram/SNU_FCCP_10uM_11_holo.tif,True,1,1024x1024,uint8,5,1215798,2026-09-16T09:09:53+00:00,BitsPerSample;Compression;FillOrder;ImageLength;ImageWidth;NewSubfileType;Orientation;PhotometricInterpretation;PlanarConfiguration;Predictor;ResolutionUnit;RowsPerStrip;SampleFormat;SamplesPerPixel;StripByteCounts;StripOffsets;XResolution;YResolution,False,False,
SNU_FCCP_10uM_11,gabor,data/in_line_gabor_hologram/SNU_FCCP_10uM_11_gabor.tif,True,1,1024x1024,uint8,5,512386,2026-09-16T09:08:15+00:00,BitsPerSample;Compression;FillOrder;ImageLength;ImageWidth;NewSubfileType;Orientation;PhotometricInterpretation;PlanarConfiguration;Predictor;ResolutionUnit;RowsPerStrip;SampleFormat;SamplesPerPixel;StripByteCounts;StripOffsets;XResolution;YResolution,False,False,
SNU_FCCP_10uM_11,phase,data/phase/SNU_FCCP_10uM_11_phase.bin,True,,900x900,float32,,3240023,,,,,0.2848713904768374/0.21199439004249143
SNU_FCCP_10uM_12,off_axis,data/off_axis_hologram/SNU_FCCP_10uM_12_holo.tif,True,1,1024x1024,uint8,5,1212868,2026-09-16T09:09:53+00:00,BitsPerSample;Compression;FillOrder;ImageLength;ImageWidth;NewSubfileType;Orientation;PhotometricInterpretation;PlanarConfiguration;Predictor;ResolutionUnit;RowsPerStrip;SampleFormat;SamplesPerPixel;StripByteCounts;StripOffsets;XResolution;YResolution,False,False,
SNU_FCCP_10uM_12,gabor,data/in_line_gabor_hologram/SNU_FCCP_10uM_12_gabor.tif,True,1,1024x1024,uint8,5,505366,2026-09-16T09:08:15+00:00,BitsPerSample;Compression;FillOrder;ImageLength;ImageWidth;NewSubfileType;Orientation;PhotometricInterpretation;PlanarConfiguration;Predictor;ResolutionUnit;RowsPerStrip;SampleFormat;SamplesPerPixel;StripByteCounts;StripOffsets;XResolution;YResolution,False,False,
SNU_FCCP_10uM_12,phase,data/phase/SNU_FCCP_10uM_12_phase.bin,True,,900x900,float32,,3240023,,,,,0.2848713904768374/0.21199439004249143
SNU_FCCP_10uM_13,off_axis,data/off_axis_hologram/SNU_FCCP_10uM_13_holo.tif,True,1,1024x1024,uint8,5,1214330,2026-09-16T09:09:53+00:00,BitsPerSample;Compression;FillOrder;ImageLength;ImageWidth;NewSubfileType;Orientation;PhotometricInterpretation;PlanarConfiguration;Predictor;ResolutionUnit;RowsPerStrip;SampleFormat;SamplesPerPixel;StripByteCounts;StripOffsets;XResolution;YResolution,False,False,
SNU_FCCP_10uM_13,gabor,data/in_line_gabor_hologram/SNU_FCCP_10uM_13_gabor.tif,True,1,1024x1024,uint8,5,507274,2026-09-16T09:08:15+00:00,BitsPerSample;Compression;FillOrder;ImageLength;ImageWidth;NewSubfileType;Orientation;PhotometricInterpretation;PlanarConfiguration;Predictor;ResolutionUnit;RowsPerStrip;SampleFormat;SamplesPerPixel;StripByteCounts;StripOffsets;XResolution;YResolution,False,False,
SNU_FCCP_10uM_13,phase,data/phase/SNU_FCCP_10uM_13_phase.bin,True,,900x900,float32,,3240023,,,,,0.2848713904768374/0.21199439004249143
SNU_FCCP_10uM_14,off_axis,data/off_axis_hologram/SNU_FCCP_10uM_14_holo.tif,True,1,1024x1024,uint8,5,1212494,2026-09-16T09:09:54+00:00,BitsPerSample;Compression;FillOrder;ImageLength;ImageWidth;NewSubfileType;Orientation;PhotometricInterpretation;PlanarConfiguration;Predictor;ResolutionUnit;RowsPerStrip;SampleFormat;SamplesPerPixel;StripByteCounts;StripOffsets;XResolution;YResolution,False,False,
SNU_FCCP_10uM_14,gabor,data/in_line_gabor_hologram/SNU_FCCP_10uM_14_gabor.tif,True,1,1024x1024,uint8,5,505716,2026-09-16T09:08:15+00:00,BitsPerSample;Compression;FillOrder;ImageLength;ImageWidth;NewSubfileType;Orientation;PhotometricInterpretation;PlanarConfiguration;Predictor;ResolutionUnit;RowsPerStrip;SampleFormat;SamplesPerPixel;StripByteCounts;StripOffsets;XResolution;YResolution,False,False,
SNU_FCCP_10uM_14,phase,data/phase/SNU_FCCP_10uM_14_phase.bin,True,,900x900,float32,,3240023,,,,,0.2848713904768374/0.21199439004249143
SNU_FCCP_10uM_15,off_axis,data/off_axis_hologram/SNU_FCCP_10uM_15_holo.tif,True,1,1024x1024,uint8,5,1212704,2026-09-16T09:09:54+00:00,BitsPerSample;Compression;FillOrder;ImageLength;ImageWidth;NewSubfileType;Orientation;PhotometricInterpretation;PlanarConfiguration;Predictor;ResolutionUnit;RowsPerStrip;SampleFormat;SamplesPerPixel;StripByteCounts;StripOffsets;XResolution;YResolution,False,False,
SNU_FCCP_10uM_15,gabor,data/in_line_gabor_hologram/SNU_FCCP_10uM_15_gabor.tif,True,1,1024x1024,uint8,5,518514,2026-09-16T09:08:15+00:00,BitsPerSample;Compression;FillOrder;ImageLength;ImageWidth;NewSubfileType;Orientation;PhotometricInterpretation;PlanarConfiguration;Predictor;ResolutionUnit;RowsPerStrip;SampleFormat;SamplesPerPixel;StripByteCounts;StripOffsets;XResolution;YResolution,False,False,
SNU_FCCP_10uM_15,phase,data/phase/SNU_FCCP_10uM_15_phase.bin,True,,900x900,float32,,3240023,,,,,0.2848713904768374/0.21199439004249143
SNU_FCCP_10uM_16,off_axis,data/off_axis_hologram/SNU_FCCP_10uM_16_holo.tif,True,1,1024x1024,uint8,5,1213300,2026-09-16T09:09:54+00:00,BitsPerSample;Compression;FillOrder;ImageLength;ImageWidth;NewSubfileType;Orientation;PhotometricInterpretation;PlanarConfiguration;Predictor;ResolutionUnit;RowsPerStrip;SampleFormat;SamplesPerPixel;StripByteCounts;StripOffsets;XResolution;YResolution,False,False,
SNU_FCCP_10uM_16,gabor,data/in_line_gabor_hologram/SNU_FCCP_10uM_16_gabor.tif,True,1,1024x1024,uint8,5,512062,2026-09-16T09:08:15+00:00,BitsPerSample;Compression;FillOrder;ImageLength;ImageWidth;NewSubfileType;Orientation;PhotometricInterpretation;PlanarConfiguration;Predictor;ResolutionUnit;RowsPerStrip;SampleFormat;SamplesPerPixel;StripByteCounts;StripOffsets;XResolution;YResolution,False,False,
SNU_FCCP_10uM_16,phase,data/phase/SNU_FCCP_10uM_16_phase.bin,True,,900x900,float32,,3240023,,,,,0.2848713904768374/0.21199439004249143
SNU_FCCP_10uM_17,off_axis,data/off_axis_hologram/SNU_FCCP_10uM_17_holo.tif,True,1,1024x1024,uint8,5,1212158,2026-09-16T09:09:54+00:00,BitsPerSample;Compression;FillOrder;ImageLength;ImageWidth;NewSubfileType;Orientation;PhotometricInterpretation;PlanarConfiguration;Predictor;ResolutionUnit;RowsPerStrip;SampleFormat;SamplesPerPixel;StripByteCounts;StripOffsets;XResolution;YResolution,False,False,
SNU_FCCP_10uM_17,gabor,data/in_line_gabor_hologram/SNU_FCCP_10uM_17_gabor.tif,True,1,1024x1024,uint8,5,510364,2026-09-16T09:08:15+00:00,BitsPerSample;Compression;FillOrder;ImageLength;ImageWidth;NewSubfileType;Orientation;PhotometricInterpretation;PlanarConfiguration;Predictor;ResolutionUnit;RowsPerStrip;SampleFormat;SamplesPerPixel;StripByteCounts;StripOffsets;XResolution;YResolution,False,False,
SNU_FCCP_10uM_17,phase,data/phase/SNU_FCCP_10uM_17_phase.bin,True,,900x900,float32,,3240023,,,,,0.2848713904768374/0.21199439004249143
SNU_FCCP_10uM_18,off_axis,data/off_axis_hologram/SNU_FCCP_10uM_18_holo.tif,True,1,1024x1024,uint8,5,1213092,2026-09-16T09:09:54+00:00,BitsPerSample;Compression;FillOrder;ImageLength;ImageWidth;NewSubfileType;Orientation;PhotometricInterpretation;PlanarConfiguration;Predictor;ResolutionUnit;RowsPerStrip;SampleFormat;SamplesPerPixel;StripByteCounts;StripOffsets;XResolution;YResolution,False,False,
SNU_FCCP_10uM_18,gabor,data/in_line_gabor_hologram/SNU_FCCP_10uM_18_gabor.tif,True,1,1024x1024,uint8,5,498548,2026-09-16T09:08:15+00:00,BitsPerSample;Compression;FillOrder;ImageLength;ImageWidth;NewSubfileType;Orientation;PhotometricInterpretation;PlanarConfiguration;Predictor;ResolutionUnit;RowsPerStrip;SampleFormat;SamplesPerPixel;StripByteCounts;StripOffsets;XResolution;YResolution,False,False,
SNU_FCCP_10uM_18,phase,data/phase/SNU_FCCP_10uM_18_phase.bin,True,,900x900,float32,,3240023,,,,,0.2848713904768374/0.21199439004249143
SNU_FCCP_10uM_19,off_axis,data/off_axis_hologram/SNU_FCCP_10uM_19_holo.tif,True,1,1024x1024,uint8,5,1211544,2026-09-16T09:09:54+00:00,BitsPerSample;Compression;FillOrder;ImageLength;ImageWidth;NewSubfileType;Orientation;PhotometricInterpretation;PlanarConfiguration;Predictor;ResolutionUnit;RowsPerStrip;SampleFormat;SamplesPerPixel;StripByteCounts;StripOffsets;XResolution;YResolution,False,False,
SNU_FCCP_10uM_19,gabor,data/in_line_gabor_hologram/SNU_FCCP_10uM_19_gabor.tif,True,1,1024x1024,uint8,5,503516,2026-09-16T09:08:15+00:00,BitsPerSample;Compression;FillOrder;ImageLength;ImageWidth;NewSubfileType;Orientation;PhotometricInterpretation;PlanarConfiguration;Predictor;ResolutionUnit;RowsPerStrip;SampleFormat;SamplesPerPixel;StripByteCounts;StripOffsets;XResolution;YResolution,False,False,
SNU_FCCP_10uM_19,phase,data/phase/SNU_FCCP_10uM_19_phase.bin,True,,900x900,float32,,3240023,,,,,0.2848713904768374/0.21199439004249143
SNU_FCCP_10uM_20,off_axis,data/off_axis_hologram/SNU_FCCP_10uM_20_holo.tif,True,1,1024x1024,uint8,5,1213474,2026-09-16T09:09:54+00:00,BitsPerSample;Compression;FillOrder;ImageLength;ImageWidth;NewSubfileType;Orientation;PhotometricInterpretation;PlanarConfiguration;Predictor;ResolutionUnit;RowsPerStrip;SampleFormat;SamplesPerPixel;StripByteCounts;StripOffsets;XResolution;YResolution,False,False,
SNU_FCCP_10uM_20,gabor,data/in_line_gabor_hologram/SNU_FCCP_10uM_20_gabor.tif,True,1,1024x1024,uint8,5,514960,2026-09-16T09:08:15+00:00,BitsPerSample;Compression;FillOrder;ImageLength;ImageWidth;NewSubfileType;Orientation;PhotometricInterpretation;PlanarConfiguration;Predictor;ResolutionUnit;RowsPerStrip;SampleFormat;SamplesPerPixel;StripByteCounts;StripOffsets;XResolution;YResolution,False,False,
SNU_FCCP_10uM_20,phase,data/phase/SNU_FCCP_10uM_20_phase.bin,True,,900x900,float32,,3240023,,,,,0.2848713904768374/0.21199439004249143
SNU_FCCP_10uM_21,off_axis,data/off_axis_hologram/SNU_FCCP_10uM_21_holo.tif,True,1,1024x1024,uint8,5,1210088,2026-09-16T09:09:54+00:00,BitsPerSample;Compression;FillOrder;ImageLength;ImageWidth;NewSubfileType;Orientation;PhotometricInterpretation;PlanarConfiguration;Predictor;ResolutionUnit;RowsPerStrip;SampleFormat;SamplesPerPixel;StripByteCounts;StripOffsets;XResolution;YResolution,False,False,
SNU_FCCP_10uM_21,gabor,data/in_line_gabor_hologram/SNU_FCCP_10uM_21_gabor.tif,True,1,1024x1024,uint8,5,503674,2026-09-16T09:08:15+00:00,BitsPerSample;Compression;FillOrder;ImageLength;ImageWidth;NewSubfileType;Orientation;PhotometricInterpretation;PlanarConfiguration;Predictor;ResolutionUnit;RowsPerStrip;SampleFormat;SamplesPerPixel;StripByteCounts;StripOffsets;XResolution;YResolution,False,False,
SNU_FCCP_10uM_21,phase,data/phase/SNU_FCCP_10uM_21_phase.bin,True,,900x900,float32,,3240023,,,,,0.2848713904768374/0.21199439004249143
SNU_FCCP_10uM_22,off_axis,data/off_axis_hologram/SNU_FCCP_10uM_22_holo.tif,True,1,1024x1024,uint8,5,1210470,2026-09-16T09:09:54+00:00,BitsPerSample;Compression;FillOrder;ImageLength;ImageWidth;NewSubfileType;Orientation;PhotometricInterpretation;PlanarConfiguration;Predictor;ResolutionUnit;RowsPerStrip;SampleFormat;SamplesPerPixel;StripByteCounts;StripOffsets;XResolution;YResolution,False,False,
SNU_FCCP_10uM_22,gabor,data/in_line_gabor_hologram/SNU_FCCP_10uM_22_gabor.tif,True,1,1024x1024,uint8,5,499910,2026-09-16T09:08:15+00:00,BitsPerSample;Compression;FillOrder;ImageLength;ImageWidth;NewSubfileType;Orientation;PhotometricInterpretation;PlanarConfiguration;Predictor;ResolutionUnit;RowsPerStrip;SampleFormat;SamplesPerPixel;StripByteCounts;StripOffsets;XResolution;YResolution,False,False,
SNU_FCCP_10uM_22,phase,data/phase/SNU_FCCP_10uM_22_phase.bin,True,,900x900,float32,,3240023,,,,,0.2848713904768374/0.21199439004249143
SNU_FCCP_10uM_23,off_axis,data/off_axis_hologram/SNU_FCCP_10uM_23_holo.tif,True,1,1024x1024,uint8,5,1211896,2026-09-16T09:09:54+00:00,BitsPerSample;Compression;FillOrder;ImageLength;ImageWidth;NewSubfileType;Orientation;PhotometricInterpretation;PlanarConfiguration;Predictor;ResolutionUnit;RowsPerStrip;SampleFormat;SamplesPerPixel;StripByteCounts;StripOffsets;XResolution;YResolution,False,False,
SNU_FCCP_10uM_23,gabor,data/in_line_gabor_hologram/SNU_FCCP_10uM_23_gabor.tif,True,1,1024x1024,uint8,5,519484,2026-09-16T09:08:15+00:00,BitsPerSample;Compression;FillOrder;ImageLength;ImageWidth;NewSubfileType;Orientation;PhotometricInterpretation;PlanarConfiguration;Predictor;ResolutionUnit;RowsPerStrip;SampleFormat;SamplesPerPixel;StripByteCounts;StripOffsets;XResolution;YResolution,False,False,
SNU_FCCP_10uM_23,phase,data/phase/SNU_FCCP_10uM_23_phase.bin,True,,900x900,float32,,3240023,,,,,0.2848713904768374/0.21199439004249143
SNU_FCCP_10uM_24,off_axis,data/off_axis_hologram/SNU_FCCP_10uM_24_holo.tif,True,1,1024x1024,uint8,5,1207020,2026-09-16T09:09:54+00:00,BitsPerSample;Compression;FillOrder;ImageLength;ImageWidth;NewSubfileType;Orientation;PhotometricInterpretation;PlanarConfiguration;Predictor;ResolutionUnit;RowsPerStrip;SampleFormat;SamplesPerPixel;StripByteCounts;StripOffsets;XResolution;YResolution,False,False,
SNU_FCCP_10uM_24,gabor,data/in_line_gabor_hologram/SNU_FCCP_10uM_24_gabor.tif,True,1,1024x1024,uint8,5,504228,2026-09-16T09:08:15+00:00,BitsPerSample;Compression;FillOrder;ImageLength;ImageWidth;NewSubfileType;Orientation;PhotometricInterpretation;PlanarConfiguration;Predictor;ResolutionUnit;RowsPerStrip;SampleFormat;SamplesPerPixel;StripByteCounts;StripOffsets;XResolution;YResolution,False,False,
SNU_FCCP_10uM_24,phase,data/phase/SNU_FCCP_10uM_24_phase.bin,True,,900x900,float32,,3240023,,,,,0.2848713904768374/0.21199439004249143
SNU_FCCP_10uM_25,off_axis,data/off_axis_hologram/SNU_FCCP_10uM_25_holo.tif,True,1,1024x1024,uint8,5,1206436,2026-09-16T09:09:54+00:00,BitsPerSample;Compression;FillOrder;ImageLength;ImageWidth;NewSubfileType;Orientation;PhotometricInterpretation;PlanarConfiguration;Predictor;ResolutionUnit;RowsPerStrip;SampleFormat;SamplesPerPixel;StripByteCounts;StripOffsets;XResolution;YResolution,False,False,
SNU_FCCP_10uM_25,gabor,data/in_line_gabor_hologram/SNU_FCCP_10uM_25_gabor.tif,True,1,1024x1024,uint8,5,503212,2026-09-16T09:08:15+00:00,BitsPerSample;Compression;FillOrder;ImageLength;ImageWidth;NewSubfileType;Orientation;PhotometricInterpretation;PlanarConfiguration;Predictor;ResolutionUnit;RowsPerStrip;SampleFormat;SamplesPerPixel;StripByteCounts;StripOffsets;XResolution;YResolution,False,False,
SNU_FCCP_10uM_25,phase,data/phase/SNU_FCCP_10uM_25_phase.bin,True,,900x900,float32,,3240023,,,,,0.2848713904768374/0.21199439004249143
SNU_FCCP_10uM_26,off_axis,data/off_axis_hologram/SNU_FCCP_10uM_26_holo.tif,True,1,1024x1024,uint8,5,1207250,2026-09-16T09:09:54+00:00,BitsPerSample;Compression;FillOrder;ImageLength;ImageWidth;NewSubfileType;Orientation;PhotometricInterpretation;PlanarConfiguration;Predictor;ResolutionUnit;RowsPerStrip;SampleFormat;SamplesPerPixel;StripByteCounts;StripOffsets;XResolution;YResolution,False,False,
SNU_FCCP_10uM_26,gabor,data/in_line_gabor_hologram/SNU_FCCP_10uM_26_gabor.tif,True,1,1024x1024,uint8,5,498760,2026-09-16T09:08:15+00:00,BitsPerSample;Compression;FillOrder;ImageLength;ImageWidth;NewSubfileType;Orientation;PhotometricInterpretation;PlanarConfiguration;Predictor;ResolutionUnit;RowsPerStrip;SampleFormat;SamplesPerPixel;StripByteCounts;StripOffsets;XResolution;YResolution,False,False,
SNU_FCCP_10uM_26,phase,data/phase/SNU_FCCP_10uM_26_phase.bin,True,,900x900,float32,,3240023,,,,,0.2848713904768374/0.21199439004249143
SNU_FCCP_10uM_27,off_axis,data/off_axis_hologram/SNU_FCCP_10uM_27_holo.tif,True,1,1024x1024,uint8,5,1214004,2026-09-16T09:09:54+00:00,BitsPerSample;Compression;FillOrder;ImageLength;ImageWidth;NewSubfileType;Orientation;PhotometricInterpretation;PlanarConfiguration;Predictor;ResolutionUnit;RowsPerStrip;SampleFormat;SamplesPerPixel;StripByteCounts;StripOffsets;XResolution;YResolution,False,False,
SNU_FCCP_10uM_27,gabor,data/in_line_gabor_hologram/SNU_FCCP_10uM_27_gabor.tif,True,1,1024x1024,uint8,5,560942,2026-09-16T09:08:15+00:00,BitsPerSample;Compression;FillOrder;ImageLength;ImageWidth;NewSubfileType;Orientation;PhotometricInterpretation;PlanarConfiguration;Predictor;ResolutionUnit;RowsPerStrip;SampleFormat;SamplesPerPixel;StripByteCounts;StripOffsets;XResolution;YResolution,False,False,
SNU_FCCP_10uM_27,phase,data/phase/SNU_FCCP_10uM_27_phase.bin,True,,900x900,float32,,3240023,,,,,0.2848713904768374/0.21199439004249143
SNU_FCCP_10uM_28,off_axis,data/off_axis_hologram/SNU_FCCP_10uM_28_holo.tif,True,1,1024x1024,uint8,5,1211004,2026-09-16T09:09:54+00:00,BitsPerSample;Compression;FillOrder;ImageLength;ImageWidth;NewSubfileType;Orientation;PhotometricInterpretation;PlanarConfiguration;Predictor;ResolutionUnit;RowsPerStrip;SampleFormat;SamplesPerPixel;StripByteCounts;StripOffsets;XResolution;YResolution,False,False,
SNU_FCCP_10uM_28,gabor,data/in_line_gabor_hologram/SNU_FCCP_10uM_28_gabor.tif,True,1,1024x1024,uint8,5,510948,2026-09-16T09:08:15+00:00,BitsPerSample;Compression;FillOrder;ImageLength;ImageWidth;NewSubfileType;Orientation;PhotometricInterpretation;PlanarConfiguration;Predictor;ResolutionUnit;RowsPerStrip;SampleFormat;SamplesPerPixel;StripByteCounts;StripOffsets;XResolution;YResolution,False,False,
SNU_FCCP_10uM_28,phase,data/phase/SNU_FCCP_10uM_28_phase.bin,True,,900x900,float32,,3240023,,,,,0.2848713904768374/0.21199439004249143
SNU_FCCP_10uM_29,off_axis,data/off_axis_hologram/SNU_FCCP_10uM_29_holo.tif,True,1,1024x1024,uint8,5,1211418,2026-09-16T09:09:54+00:00,BitsPerSample;Compression;FillOrder;ImageLength;ImageWidth;NewSubfileType;Orientation;PhotometricInterpretation;PlanarConfiguration;Predictor;ResolutionUnit;RowsPerStrip;SampleFormat;SamplesPerPixel;StripByteCounts;StripOffsets;XResolution;YResolution,False,False,
SNU_FCCP_10uM_29,gabor,data/in_line_gabor_hologram/SNU_FCCP_10uM_29_gabor.tif,True,1,1024x1024,uint8,5,506330,2026-09-16T09:08:15+00:00,BitsPerSample;Compression;FillOrder;ImageLength;ImageWidth;NewSubfileType;Orientation;PhotometricInterpretation;PlanarConfiguration;Predictor;ResolutionUnit;RowsPerStrip;SampleFormat;SamplesPerPixel;StripByteCounts;StripOffsets;XResolution;YResolution,False,False,
SNU_FCCP_10uM_29,phase,data/phase/SNU_FCCP_10uM_29_phase.bin,True,,900x900,float32,,3240023,,,,,0.2848713904768374/0.21199439004249143
SNU_FCCP_10uM_30,off_axis,data/off_axis_hologram/SNU_FCCP_10uM_30_holo.tif,True,1,1024x1024,uint8,5,1212064,2026-09-16T09:09:54+00:00,BitsPerSample;Compression;FillOrder;ImageLength;ImageWidth;NewSubfileType;Orientation;PhotometricInterpretation;PlanarConfiguration;Predictor;ResolutionUnit;RowsPerStrip;SampleFormat;SamplesPerPixel;StripByteCounts;StripOffsets;XResolution;YResolution,False,False,
SNU_FCCP_10uM_30,gabor,data/in_line_gabor_hologram/SNU_FCCP_10uM_30_gabor.tif,True,1,1024x1024,uint8,5,509568,2026-09-16T09:08:15+00:00,BitsPerSample;Compression;FillOrder;ImageLength;ImageWidth;NewSubfileType;Orientation;PhotometricInterpretation;PlanarConfiguration;Predictor;ResolutionUnit;RowsPerStrip;SampleFormat;SamplesPerPixel;StripByteCounts;StripOffsets;XResolution;YResolution,False,False,
SNU_FCCP_10uM_30,phase,data/phase/SNU_FCCP_10uM_30_phase.bin,True,,900x900,float32,,3240023,,,,,0.2848713904768374/0.21199439004249143
SNU_FCCP_10uM_31,off_axis,data/off_axis_hologram/SNU_FCCP_10uM_31_holo.tif,True,1,1024x1024,uint8,5,1214648,2026-09-16T09:09:54+00:00,BitsPerSample;Compression;FillOrder;ImageLength;ImageWidth;NewSubfileType;Orientation;PhotometricInterpretation;PlanarConfiguration;Predictor;ResolutionUnit;RowsPerStrip;SampleFormat;SamplesPerPixel;StripByteCounts;StripOffsets;XResolution;YResolution,False,False,
SNU_FCCP_10uM_31,gabor,data/in_line_gabor_hologram/SNU_FCCP_10uM_31_gabor.tif,True,1,1024x1024,uint8,5,505328,2026-09-16T09:08:15+00:00,BitsPerSample;Compression;FillOrder;ImageLength;ImageWidth;NewSubfileType;Orientation;PhotometricInterpretation;PlanarConfiguration;Predictor;ResolutionUnit;RowsPerStrip;SampleFormat;SamplesPerPixel;StripByteCounts;StripOffsets;XResolution;YResolution,False,False,
SNU_FCCP_10uM_31,phase,data/phase/SNU_FCCP_10uM_31_phase.bin,True,,900x900,float32,,3240023,,,,,0.2848713904768374/0.21199439004249143
SNU_FCCP_10uM_32,off_axis,data/off_axis_hologram/SNU_FCCP_10uM_32_holo.tif,True,1,1024x1024,uint8,5,1208564,2026-09-16T09:09:54+00:00,BitsPerSample;Compression;FillOrder;ImageLength;ImageWidth;NewSubfileType;Orientation;PhotometricInterpretation;PlanarConfiguration;Predictor;ResolutionUnit;RowsPerStrip;SampleFormat;SamplesPerPixel;StripByteCounts;StripOffsets;XResolution;YResolution,False,False,
SNU_FCCP_10uM_32,gabor,data/in_line_gabor_hologram/SNU_FCCP_10uM_32_gabor.tif,True,1,1024x1024,uint8,5,495932,2026-09-16T09:08:15+00:00,BitsPerSample;Compression;FillOrder;ImageLength;ImageWidth;NewSubfileType;Orientation;PhotometricInterpretation;PlanarConfiguration;Predictor;ResolutionUnit;RowsPerStrip;SampleFormat;SamplesPerPixel;StripByteCounts;StripOffsets;XResolution;YResolution,False,False,
SNU_FCCP_10uM_32,phase,data/phase/SNU_FCCP_10uM_32_phase.bin,True,,900x900,float32,,3240023,,,,,0.2848713904768374/0.21199439004249143
SNU_FCCP_10uM_33,off_axis,data/off_axis_hologram/SNU_FCCP_10uM_33_holo.tif,True,1,1024x1024,uint8,5,1210392,2026-09-16T09:09:54+00:00,BitsPerSample;Compression;FillOrder;ImageLength;ImageWidth;NewSubfileType;Orientation;PhotometricInterpretation;PlanarConfiguration;Predictor;ResolutionUnit;RowsPerStrip;SampleFormat;SamplesPerPixel;StripByteCounts;StripOffsets;XResolution;YResolution,False,False,
SNU_FCCP_10uM_33,gabor,data/in_line_gabor_hologram/SNU_FCCP_10uM_33_gabor.tif,True,1,1024x1024,uint8,5,499800,2026-09-16T09:08:15+00:00,BitsPerSample;Compression;FillOrder;ImageLength;ImageWidth;NewSubfileType;Orientation;PhotometricInterpretation;PlanarConfiguration;Predictor;ResolutionUnit;RowsPerStrip;SampleFormat;SamplesPerPixel;StripByteCounts;StripOffsets;XResolution;YResolution,False,False,
SNU_FCCP_10uM_33,phase,data/phase/SNU_FCCP_10uM_33_phase.bin,True,,900x900,float32,,3240023,,,,,0.2848713904768374/0.21199439004249143
SNU_FCCP_10uM_34,off_axis,data/off_axis_hologram/SNU_FCCP_10uM_34_holo.tif,True,1,1024x1024,uint8,5,1218770,2026-09-16T09:09:54+00:00,BitsPerSample;Compression;FillOrder;ImageLength;ImageWidth;NewSubfileType;Orientation;PhotometricInterpretation;PlanarConfiguration;Predictor;ResolutionUnit;RowsPerStrip;SampleFormat;SamplesPerPixel;StripByteCounts;StripOffsets;XResolution;YResolution,False,False,
SNU_FCCP_10uM_34,gabor,data/in_line_gabor_hologram/SNU_FCCP_10uM_34_gabor.tif,True,1,1024x1024,uint8,5,513432,2026-09-16T09:08:15+00:00,BitsPerSample;Compression;FillOrder;ImageLength;ImageWidth;NewSubfileType;Orientation;PhotometricInterpretation;PlanarConfiguration;Predictor;ResolutionUnit;RowsPerStrip;SampleFormat;SamplesPerPixel;StripByteCounts;StripOffsets;XResolution;YResolution,False,False,
SNU_FCCP_10uM_34,phase,data/phase/SNU_FCCP_10uM_34_phase.bin,True,,900x900,float32,,3240023,,,,,0.2848713904768374/0.21199439004249143
SNU_FCCP_10uM_35,off_axis,data/off_axis_hologram/SNU_FCCP_10uM_35_holo.tif,True,1,1024x1024,uint8,5,1211012,2026-09-16T09:09:54+00:00,BitsPerSample;Compression;FillOrder;ImageLength;ImageWidth;NewSubfileType;Orientation;PhotometricInterpretation;PlanarConfiguration;Predictor;ResolutionUnit;RowsPerStrip;SampleFormat;SamplesPerPixel;StripByteCounts;StripOffsets;XResolution;YResolution,False,False,
SNU_FCCP_10uM_35,gabor,data/in_line_gabor_hologram/SNU_FCCP_10uM_35_gabor.tif,True,1,1024x1024,uint8,5,518662,2026-09-16T09:08:15+00:00,BitsPerSample;Compression;FillOrder;ImageLength;ImageWidth;NewSubfileType;Orientation;PhotometricInterpretation;PlanarConfiguration;Predictor;ResolutionUnit;RowsPerStrip;SampleFormat;SamplesPerPixel;StripByteCounts;StripOffsets;XResolution;YResolution,False,False,
SNU_FCCP_10uM_35,phase,data/phase/SNU_FCCP_10uM_35_phase.bin,True,,900x900,float32,,3240023,,,,,0.2848713904768374/0.21199439004249143
SNU_FCCP_10uM_36,off_axis,data/off_axis_hologram/SNU_FCCP_10uM_36_holo.tif,True,1,1024x1024,uint8,5,1218826,2026-09-16T09:09:54+00:00,BitsPerSample;Compression;FillOrder;ImageLength;ImageWidth;NewSubfileType;Orientation;PhotometricInterpretation;PlanarConfiguration;Predictor;ResolutionUnit;RowsPerStrip;SampleFormat;SamplesPerPixel;StripByteCounts;StripOffsets;XResolution;YResolution,False,False,
SNU_FCCP_10uM_36,gabor,data/in_line_gabor_hologram/SNU_FCCP_10uM_36_gabor.tif,True,1,1024x1024,uint8,5,521576,2026-09-16T09:08:15+00:00,BitsPerSample;Compression;FillOrder;ImageLength;ImageWidth;NewSubfileType;Orientation;PhotometricInterpretation;PlanarConfiguration;Predictor;ResolutionUnit;RowsPerStrip;SampleFormat;SamplesPerPixel;StripByteCounts;StripOffsets;XResolution;YResolution,False,False,
SNU_FCCP_10uM_36,phase,data/phase/SNU_FCCP_10uM_36_phase.bin,True,,900x900,float32,,3240023,,,,,0.2848713904768374/0.21199439004249143
SNU_FCCP_10uM_37,off_axis,data/off_axis_hologram/SNU_FCCP_10uM_37_holo.tif,True,1,1024x1024,uint8,5,1215160,2026-09-16T09:09:54+00:00,BitsPerSample;Compression;FillOrder;ImageLength;ImageWidth;NewSubfileType;Orientation;PhotometricInterpretation;PlanarConfiguration;Predictor;ResolutionUnit;RowsPerStrip;SampleFormat;SamplesPerPixel;StripByteCounts;StripOffsets;XResolution;YResolution,False,False,
SNU_FCCP_10uM_37,gabor,data/in_line_gabor_hologram/SNU_FCCP_10uM_37_gabor.tif,True,1,1024x1024,uint8,5,523506,2026-09-16T09:08:15+00:00,BitsPerSample;Compression;FillOrder;ImageLength;ImageWidth;NewSubfileType;Orientation;PhotometricInterpretation;PlanarConfiguration;Predictor;ResolutionUnit;RowsPerStrip;SampleFormat;SamplesPerPixel;StripByteCounts;StripOffsets;XResolution;YResolution,False,False,
SNU_FCCP_10uM_37,phase,data/phase/SNU_FCCP_10uM_37_phase.bin,True,,900x900,float32,,3240023,,,,,0.2848713904768374/0.21199439004249143
SNU_FCCP_10uM_38,off_axis,data/off_axis_hologram/SNU_FCCP_10uM_38_holo.tif,True,1,1024x1024,uint8,5,1206730,2026-09-16T09:09:54+00:00,BitsPerSample;Compression;FillOrder;ImageLength;ImageWidth;NewSubfileType;Orientation;PhotometricInterpretation;PlanarConfiguration;Predictor;ResolutionUnit;RowsPerStrip;SampleFormat;SamplesPerPixel;StripByteCounts;StripOffsets;XResolution;YResolution,False,False,
SNU_FCCP_10uM_38,gabor,data/in_line_gabor_hologram/SNU_FCCP_10uM_38_gabor.tif,True,1,1024x1024,uint8,5,520610,2026-09-16T09:08:15+00:00,BitsPerSample;Compression;FillOrder;ImageLength;ImageWidth;NewSubfileType;Orientation;PhotometricInterpretation;PlanarConfiguration;Predictor;ResolutionUnit;RowsPerStrip;SampleFormat;SamplesPerPixel;StripByteCounts;StripOffsets;XResolution;YResolution,False,False,
SNU_FCCP_10uM_38,phase,data/phase/SNU_FCCP_10uM_38_phase.bin,True,,900x900,float32,,3240023,,,,,0.2848713904768374/0.21199439004249143
SNU_FCCP_10uM_39,off_axis,data/off_axis_hologram/SNU_FCCP_10uM_39_holo.tif,True,1,1024x1024,uint8,5,1210814,2026-09-16T09:09:54+00:00,BitsPerSample;Compression;FillOrder;ImageLength;ImageWidth;NewSubfileType;Orientation;PhotometricInterpretation;PlanarConfiguration;Predictor;ResolutionUnit;RowsPerStrip;SampleFormat;SamplesPerPixel;StripByteCounts;StripOffsets;XResolution;YResolution,False,False,
SNU_FCCP_10uM_39,gabor,data/in_line_gabor_hologram/SNU_FCCP_10uM_39_gabor.tif,True,1,1024x1024,uint8,5,513802,2026-09-16T09:08:15+00:00,BitsPerSample;Compression;FillOrder;ImageLength;ImageWidth;NewSubfileType;Orientation;PhotometricInterpretation;PlanarConfiguration;Predictor;ResolutionUnit;RowsPerStrip;SampleFormat;SamplesPerPixel;StripByteCounts;StripOffsets;XResolution;YResolution,False,False,
SNU_FCCP_10uM_39,phase,data/phase/SNU_FCCP_10uM_39_phase.bin,True,,900x900,float32,,3240023,,,,,0.2848713904768374/0.21199439004249143
SNU_FCCP_10uM_40,off_axis,data/off_axis_hologram/SNU_FCCP_10uM_40_holo.tif,True,1,1024x1024,uint8,5,1215508,2026-09-16T09:09:54+00:00,BitsPerSample;Compression;FillOrder;ImageLength;ImageWidth;NewSubfileType;Orientation;PhotometricInterpretation;PlanarConfiguration;Predictor;ResolutionUnit;RowsPerStrip;SampleFormat;SamplesPerPixel;StripByteCounts;StripOffsets;XResolution;YResolution,False,False,
SNU_FCCP_10uM_40,gabor,data/in_line_gabor_hologram/SNU_FCCP_10uM_40_gabor.tif,True,1,1024x1024,uint8,5,519876,2026-09-16T09:08:15+00:00,BitsPerSample;Compression;FillOrder;ImageLength;ImageWidth;NewSubfileType;Orientation;PhotometricInterpretation;PlanarConfiguration;Predictor;ResolutionUnit;RowsPerStrip;SampleFormat;SamplesPerPixel;StripByteCounts;StripOffsets;XResolution;YResolution,False,False,
SNU_FCCP_10uM_40,phase,data/phase/SNU_FCCP_10uM_40_phase.bin,True,,900x900,float32,,3240023,,,,,0.2848713904768374/0.21199439004249143
SNU_FCCP_10uM_41,off_axis,data/off_axis_hologram/SNU_FCCP_10uM_41_holo.tif,True,1,1024x1024,uint8,5,1207184,2026-09-16T09:09:54+00:00,BitsPerSample;Compression;FillOrder;ImageLength;ImageWidth;NewSubfileType;Orientation;PhotometricInterpretation;PlanarConfiguration;Predictor;ResolutionUnit;RowsPerStrip;SampleFormat;SamplesPerPixel;StripByteCounts;StripOffsets;XResolution;YResolution,False,False,
SNU_FCCP_10uM_41,gabor,data/in_line_gabor_hologram/SNU_FCCP_10uM_41_gabor.tif,True,1,1024x1024,uint8,5,498578,2026-09-16T09:08:15+00:00,BitsPerSample;Compression;FillOrder;ImageLength;ImageWidth;NewSubfileType;Orientation;PhotometricInterpretation;PlanarConfiguration;Predictor;ResolutionUnit;RowsPerStrip;SampleFormat;SamplesPerPixel;StripByteCounts;StripOffsets;XResolution;YResolution,False,False,
SNU_FCCP_10uM_41,phase,data/phase/SNU_FCCP_10uM_41_phase.bin,True,,900x900,float32,,3240023,,,,,0.2848713904768374/0.21199439004249143
SNU_FCCP_10uM_42,off_axis,data/off_axis_hologram/SNU_FCCP_10uM_42_holo.tif,True,1,1024x1024,uint8,5,1206482,2026-09-16T09:09:54+00:00,BitsPerSample;Compression;FillOrder;ImageLength;ImageWidth;NewSubfileType;Orientation;PhotometricInterpretation;PlanarConfiguration;Predictor;ResolutionUnit;RowsPerStrip;SampleFormat;SamplesPerPixel;StripByteCounts;StripOffsets;XResolution;YResolution,False,False,
SNU_FCCP_10uM_42,gabor,data/in_line_gabor_hologram/SNU_FCCP_10uM_42_gabor.tif,True,1,1024x1024,uint8,5,500920,2026-09-16T09:08:15+00:00,BitsPerSample;Compression;FillOrder;ImageLength;ImageWidth;NewSubfileType;Orientation;PhotometricInterpretation;PlanarConfiguration;Predictor;ResolutionUnit;RowsPerStrip;SampleFormat;SamplesPerPixel;StripByteCounts;StripOffsets;XResolution;YResolution,False,False,
SNU_FCCP_10uM_42,phase,data/phase/SNU_FCCP_10uM_42_phase.bin,True,,900x900,float32,,3240023,,,,,0.2848713904768374/0.21199439004249143
SNU_FCCP_10uM_43,off_axis,data/off_axis_hologram/SNU_FCCP_10uM_43_holo.tif,True,1,1024x1024,uint8,5,1214374,2026-09-16T09:09:54+00:00,BitsPerSample;Compression;FillOrder;ImageLength;ImageWidth;NewSubfileType;Orientation;PhotometricInterpretation;PlanarConfiguration;Predictor;ResolutionUnit;RowsPerStrip;SampleFormat;SamplesPerPixel;StripByteCounts;StripOffsets;XResolution;YResolution,False,False,
SNU_FCCP_10uM_43,gabor,data/in_line_gabor_hologram/SNU_FCCP_10uM_43_gabor.tif,True,1,1024x1024,uint8,5,517832,2026-09-16T09:08:15+00:00,BitsPerSample;Compression;FillOrder;ImageLength;ImageWidth;NewSubfileType;Orientation;PhotometricInterpretation;PlanarConfiguration;Predictor;ResolutionUnit;RowsPerStrip;SampleFormat;SamplesPerPixel;StripByteCounts;StripOffsets;XResolution;YResolution,False,False,
SNU_FCCP_10uM_43,phase,data/phase/SNU_FCCP_10uM_43_phase.bin,True,,900x900,float32,,3240023,,,,,0.2848713904768374/0.21199439004249143
SNU_FCCP_10uM_44,off_axis,data/off_axis_hologram/SNU_FCCP_10uM_44_holo.tif,True,1,1024x1024,uint8,5,1205252,2026-09-16T09:09:54+00:00,BitsPerSample;Compression;FillOrder;ImageLength;ImageWidth;NewSubfileType;Orientation;PhotometricInterpretation;PlanarConfiguration;Predictor;ResolutionUnit;RowsPerStrip;SampleFormat;SamplesPerPixel;StripByteCounts;StripOffsets;XResolution;YResolution,False,False,
SNU_FCCP_10uM_44,gabor,data/in_line_gabor_hologram/SNU_FCCP_10uM_44_gabor.tif,True,1,1024x1024,uint8,5,526436,2026-09-16T09:08:15+00:00,BitsPerSample;Compression;FillOrder;ImageLength;ImageWidth;NewSubfileType;Orientation;PhotometricInterpretation;PlanarConfiguration;Predictor;ResolutionUnit;RowsPerStrip;SampleFormat;SamplesPerPixel;StripByteCounts;StripOffsets;XResolution;YResolution,False,False,
SNU_FCCP_10uM_44,phase,data/phase/SNU_FCCP_10uM_44_phase.bin,True,,900x900,float32,,3240023,,,,,0.2848713904768374/0.21199439004249143
SNU_FCCP_10uM_45,off_axis,data/off_axis_hologram/SNU_FCCP_10uM_45_holo.tif,True,1,1024x1024,uint8,5,1208060,2026-09-16T09:09:54+00:00,BitsPerSample;Compression;FillOrder;ImageLength;ImageWidth;NewSubfileType;Orientation;PhotometricInterpretation;PlanarConfiguration;Predictor;ResolutionUnit;RowsPerStrip;SampleFormat;SamplesPerPixel;StripByteCounts;StripOffsets;XResolution;YResolution,False,False,
SNU_FCCP_10uM_45,gabor,data/in_line_gabor_hologram/SNU_FCCP_10uM_45_gabor.tif,True,1,1024x1024,uint8,5,515234,2026-09-16T09:08:15+00:00,BitsPerSample;Compression;FillOrder;ImageLength;ImageWidth;NewSubfileType;Orientation;PhotometricInterpretation;PlanarConfiguration;Predictor;ResolutionUnit;RowsPerStrip;SampleFormat;SamplesPerPixel;StripByteCounts;StripOffsets;XResolution;YResolution,False,False,
SNU_FCCP_10uM_45,phase,data/phase/SNU_FCCP_10uM_45_phase.bin,True,,900x900,float32,,3240023,,,,,0.2848713904768374/0.21199439004249143
SNU_FCCP_10uM_46,off_axis,data/off_axis_hologram/SNU_FCCP_10uM_46_holo.tif,True,1,1024x1024,uint8,5,1202834,2026-09-16T09:09:54+00:00,BitsPerSample;Compression;FillOrder;ImageLength;ImageWidth;NewSubfileType;Orientation;PhotometricInterpretation;PlanarConfiguration;Predictor;ResolutionUnit;RowsPerStrip;SampleFormat;SamplesPerPixel;StripByteCounts;StripOffsets;XResolution;YResolution,False,False,
SNU_FCCP_10uM_46,gabor,data/in_line_gabor_hologram/SNU_FCCP_10uM_46_gabor.tif,True,1,1024x1024,uint8,5,508840,2026-09-16T09:08:15+00:00,BitsPerSample;Compression;FillOrder;ImageLength;ImageWidth;NewSubfileType;Orientation;PhotometricInterpretation;PlanarConfiguration;Predictor;ResolutionUnit;RowsPerStrip;SampleFormat;SamplesPerPixel;StripByteCounts;StripOffsets;XResolution;YResolution,False,False,
SNU_FCCP_10uM_46,phase,data/phase/SNU_FCCP_10uM_46_phase.bin,True,,900x900,float32,,3240023,,,,,0.2848713904768374/0.21199439004249143
SNU_FCCP_10uM_47,off_axis,data/off_axis_hologram/SNU_FCCP_10uM_47_holo.tif,True,1,1024x1024,uint8,5,1200602,2026-09-16T09:09:54+00:00,BitsPerSample;Compression;FillOrder;ImageLength;ImageWidth;NewSubfileType;Orientation;PhotometricInterpretation;PlanarConfiguration;Predictor;ResolutionUnit;RowsPerStrip;SampleFormat;SamplesPerPixel;StripByteCounts;StripOffsets;XResolution;YResolution,False,False,
SNU_FCCP_10uM_47,gabor,data/in_line_gabor_hologram/SNU_FCCP_10uM_47_gabor.tif,True,1,1024x1024,uint8,5,500628,2026-09-16T09:08:15+00:00,BitsPerSample;Compression;FillOrder;ImageLength;ImageWidth;NewSubfileType;Orientation;PhotometricInterpretation;PlanarConfiguration;Predictor;ResolutionUnit;RowsPerStrip;SampleFormat;SamplesPerPixel;StripByteCounts;StripOffsets;XResolution;YResolution,False,False,
SNU_FCCP_10uM_47,phase,data/phase/SNU_FCCP_10uM_47_phase.bin,True,,900x900,float32,,3240023,,,,,0.2848713904768374/0.21199439004249143
SNU_FCCP_10uM_48,off_axis,data/off_axis_hologram/SNU_FCCP_10uM_48_holo.tif,True,1,1024x1024,uint8,5,1200254,2026-09-16T09:09:54+00:00,BitsPerSample;Compression;FillOrder;ImageLength;ImageWidth;NewSubfileType;Orientation;PhotometricInterpretation;PlanarConfiguration;Predictor;ResolutionUnit;RowsPerStrip;SampleFormat;SamplesPerPixel;StripByteCounts;StripOffsets;XResolution;YResolution,False,False,
SNU_FCCP_10uM_48,gabor,data/in_line_gabor_hologram/SNU_FCCP_10uM_48_gabor.tif,True,1,1024x1024,uint8,5,500872,2026-09-16T09:08:15+00:00,BitsPerSample;Compression;FillOrder;ImageLength;ImageWidth;NewSubfileType;Orientation;PhotometricInterpretation;PlanarConfiguration;Predictor;ResolutionUnit;RowsPerStrip;SampleFormat;SamplesPerPixel;StripByteCounts;StripOffsets;XResolution;YResolution,False,False,
SNU_FCCP_10uM_48,phase,data/phase/SNU_FCCP_10uM_48_phase.bin,True,,900x900,float32,,3240023,,,,,0.2848713904768374/0.21199439004249143
SNU_FCCP_10uM_49,off_axis,data/off_axis_hologram/SNU_FCCP_10uM_49_holo.tif,True,1,1024x1024,uint8,5,1200606,2026-09-16T09:09:54+00:00,BitsPerSample;Compression;FillOrder;ImageLength;ImageWidth;NewSubfileType;Orientation;PhotometricInterpretation;PlanarConfiguration;Predictor;ResolutionUnit;RowsPerStrip;SampleFormat;SamplesPerPixel;StripByteCounts;StripOffsets;XResolution;YResolution,False,False,
SNU_FCCP_10uM_49,gabor,data/in_line_gabor_hologram/SNU_FCCP_10uM_49_gabor.tif,True,1,1024x1024,uint8,5,496044,2026-09-16T09:08:15+00:00,BitsPerSample;Compression;FillOrder;ImageLength;ImageWidth;NewSubfileType;Orientation;PhotometricInterpretation;PlanarConfiguration;Predictor;ResolutionUnit;RowsPerStrip;SampleFormat;SamplesPerPixel;StripByteCounts;StripOffsets;XResolution;YResolution,False,False,
SNU_FCCP_10uM_49,phase,data/phase/SNU_FCCP_10uM_49_phase.bin,True,,900x900,float32,,3240023,,,,,0.2848713904768374/0.21199439004249143
SNU_FCCP_10uM_50,off_axis,data/off_axis_hologram/SNU_FCCP_10uM_50_holo.tif,True,1,1024x1024,uint8,5,1202070,2026-09-16T09:09:54+00:00,BitsPerSample;Compression;FillOrder;ImageLength;ImageWidth;NewSubfileType;Orientation;PhotometricInterpretation;PlanarConfiguration;Predictor;ResolutionUnit;RowsPerStrip;SampleFormat;SamplesPerPixel;StripByteCounts;StripOffsets;XResolution;YResolution,False,False,
SNU_FCCP_10uM_50,gabor,data/in_line_gabor_hologram/SNU_FCCP_10uM_50_gabor.tif,True,1,1024x1024,uint8,5,498348,2026-09-16T09:08:15+00:00,BitsPerSample;Compression;FillOrder;ImageLength;ImageWidth;NewSubfileType;Orientation;PhotometricInterpretation;PlanarConfiguration;Predictor;ResolutionUnit;RowsPerStrip;SampleFormat;SamplesPerPixel;StripByteCounts;StripOffsets;XResolution;YResolution,False,False,
SNU_FCCP_10uM_50,phase,data/phase/SNU_FCCP_10uM_50_phase.bin,True,,900x900,float32,,3240023,,,,,0.2848713904768374/0.21199439004249143
SNU_Rotenone_500nM_01,off_axis,data/off_axis_hologram/SNU_Rotenone_500nM_01_holo.tif,True,1,1024x1024,uint8,5,1211634,2026-09-16T09:09:54+00:00,BitsPerSample;Compression;FillOrder;ImageLength;ImageWidth;NewSubfileType;Orientation;PhotometricInterpretation;PlanarConfiguration;Predictor;ResolutionUnit;RowsPerStrip;SampleFormat;SamplesPerPixel;StripByteCounts;StripOffsets;XResolution;YResolution,False,False,
SNU_Rotenone_500nM_01,gabor,data/in_line_gabor_hologram/SNU_Rotenone_500nM_01_gabor.tif,True,1,1024x1024,uint8,5,513718,2026-09-16T09:08:15+00:00,BitsPerSample;Compression;FillOrder;ImageLength;ImageWidth;NewSubfileType;Orientation;PhotometricInterpretation;PlanarConfiguration;Predictor;ResolutionUnit;RowsPerStrip;SampleFormat;SamplesPerPixel;StripByteCounts;StripOffsets;XResolution;YResolution,False,False,
SNU_Rotenone_500nM_01,phase,data/phase/SNU_Rotenone_500nM_01_phase.bin,True,,900x900,float32,,3240023,,,,,0.2848713904768374/0.21199439004249143
SNU_Rotenone_500nM_02,off_axis,data/off_axis_hologram/SNU_Rotenone_500nM_02_holo.tif,True,1,1024x1024,uint8,5,1208678,2026-09-16T09:09:54+00:00,BitsPerSample;Compression;FillOrder;ImageLength;ImageWidth;NewSubfileType;Orientation;PhotometricInterpretation;PlanarConfiguration;Predictor;ResolutionUnit;RowsPerStrip;SampleFormat;SamplesPerPixel;StripByteCounts;StripOffsets;XResolution;YResolution,False,False,
SNU_Rotenone_500nM_02,gabor,data/in_line_gabor_hologram/SNU_Rotenone_500nM_02_gabor.tif,True,1,1024x1024,uint8,5,508860,2026-09-16T09:08:15+00:00,BitsPerSample;Compression;FillOrder;ImageLength;ImageWidth;NewSubfileType;Orientation;PhotometricInterpretation;PlanarConfiguration;Predictor;ResolutionUnit;RowsPerStrip;SampleFormat;SamplesPerPixel;StripByteCounts;StripOffsets;XResolution;YResolution,False,False,
SNU_Rotenone_500nM_02,phase,data/phase/SNU_Rotenone_500nM_02_phase.bin,True,,900x900,float32,,3240023,,,,,0.2848713904768374/0.21199439004249143
SNU_Rotenone_500nM_03,off_axis,data/off_axis_hologram/SNU_Rotenone_500nM_03_holo.tif,True,1,1024x1024,uint8,5,1210630,2026-09-16T09:09:54+00:00,BitsPerSample;Compression;FillOrder;ImageLength;ImageWidth;NewSubfileType;Orientation;PhotometricInterpretation;PlanarConfiguration;Predictor;ResolutionUnit;RowsPerStrip;SampleFormat;SamplesPerPixel;StripByteCounts;StripOffsets;XResolution;YResolution,False,False,
SNU_Rotenone_500nM_03,gabor,data/in_line_gabor_hologram/SNU_Rotenone_500nM_03_gabor.tif,True,1,1024x1024,uint8,5,507948,2026-09-16T09:08:15+00:00,BitsPerSample;Compression;FillOrder;ImageLength;ImageWidth;NewSubfileType;Orientation;PhotometricInterpretation;PlanarConfiguration;Predictor;ResolutionUnit;RowsPerStrip;SampleFormat;SamplesPerPixel;StripByteCounts;StripOffsets;XResolution;YResolution,False,False,
SNU_Rotenone_500nM_03,phase,data/phase/SNU_Rotenone_500nM_03_phase.bin,True,,900x900,float32,,3240023,,,,,0.2848713904768374/0.21199439004249143
SNU_Rotenone_500nM_04,off_axis,data/off_axis_hologram/SNU_Rotenone_500nM_04_holo.tif,True,1,1024x1024,uint8,5,1206514,2026-09-16T09:09:54+00:00,BitsPerSample;Compression;FillOrder;ImageLength;ImageWidth;NewSubfileType;Orientation;PhotometricInterpretation;PlanarConfiguration;Predictor;ResolutionUnit;RowsPerStrip;SampleFormat;SamplesPerPixel;StripByteCounts;StripOffsets;XResolution;YResolution,False,False,
SNU_Rotenone_500nM_04,gabor,data/in_line_gabor_hologram/SNU_Rotenone_500nM_04_gabor.tif,True,1,1024x1024,uint8,5,514178,2026-09-16T09:08:15+00:00,BitsPerSample;Compression;FillOrder;ImageLength;ImageWidth;NewSubfileType;Orientation;PhotometricInterpretation;PlanarConfiguration;Predictor;ResolutionUnit;RowsPerStrip;SampleFormat;SamplesPerPixel;StripByteCounts;StripOffsets;XResolution;YResolution,False,False,
SNU_Rotenone_500nM_04,phase,data/phase/SNU_Rotenone_500nM_04_phase.bin,True,,900x900,float32,,3240023,,,,,0.2848713904768374/0.21199439004249143
SNU_Rotenone_500nM_05,off_axis,data/off_axis_hologram/SNU_Rotenone_500nM_05_holo.tif,True,1,1024x1024,uint8,5,1205434,2026-09-16T09:09:54+00:00,BitsPerSample;Compression;FillOrder;ImageLength;ImageWidth;NewSubfileType;Orientation;PhotometricInterpretation;PlanarConfiguration;Predictor;ResolutionUnit;RowsPerStrip;SampleFormat;SamplesPerPixel;StripByteCounts;StripOffsets;XResolution;YResolution,False,False,
SNU_Rotenone_500nM_05,gabor,data/in_line_gabor_hologram/SNU_Rotenone_500nM_05_gabor.tif,True,1,1024x1024,uint8,5,507326,2026-09-16T09:08:15+00:00,BitsPerSample;Compression;FillOrder;ImageLength;ImageWidth;NewSubfileType;Orientation;PhotometricInterpretation;PlanarConfiguration;Predictor;ResolutionUnit;RowsPerStrip;SampleFormat;SamplesPerPixel;StripByteCounts;StripOffsets;XResolution;YResolution,False,False,
SNU_Rotenone_500nM_05,phase,data/phase/SNU_Rotenone_500nM_05_phase.bin,True,,900x900,float32,,3240023,,,,,0.2848713904768374/0.21199439004249143
SNU_Rotenone_500nM_06,off_axis,data/off_axis_hologram/SNU_Rotenone_500nM_06_holo.tif,True,1,1024x1024,uint8,5,1203810,2026-09-16T09:09:54+00:00,BitsPerSample;Compression;FillOrder;ImageLength;ImageWidth;NewSubfileType;Orientation;PhotometricInterpretation;PlanarConfiguration;Predictor;ResolutionUnit;RowsPerStrip;SampleFormat;SamplesPerPixel;StripByteCounts;StripOffsets;XResolution;YResolution,False,False,
SNU_Rotenone_500nM_06,gabor,data/in_line_gabor_hologram/SNU_Rotenone_500nM_06_gabor.tif,True,1,1024x1024,uint8,5,500416,2026-09-16T09:08:15+00:00,BitsPerSample;Compression;FillOrder;ImageLength;ImageWidth;NewSubfileType;Orientation;PhotometricInterpretation;PlanarConfiguration;Predictor;ResolutionUnit;RowsPerStrip;SampleFormat;SamplesPerPixel;StripByteCounts;StripOffsets;XResolution;YResolution,False,False,
SNU_Rotenone_500nM_06,phase,data/phase/SNU_Rotenone_500nM_06_phase.bin,True,,900x900,float32,,3240023,,,,,0.2848713904768374/0.21199439004249143
SNU_Rotenone_500nM_07,off_axis,data/off_axis_hologram/SNU_Rotenone_500nM_07_holo.tif,True,1,1024x1024,uint8,5,1203664,2026-09-16T09:09:54+00:00,BitsPerSample;Compression;FillOrder;ImageLength;ImageWidth;NewSubfileType;Orientation;PhotometricInterpretation;PlanarConfiguration;Predictor;ResolutionUnit;RowsPerStrip;SampleFormat;SamplesPerPixel;StripByteCounts;StripOffsets;XResolution;YResolution,False,False,
SNU_Rotenone_500nM_07,gabor,data/in_line_gabor_hologram/SNU_Rotenone_500nM_07_gabor.tif,True,1,1024x1024,uint8,5,510804,2026-09-16T09:08:15+00:00,BitsPerSample;Compression;FillOrder;ImageLength;ImageWidth;NewSubfileType;Orientation;PhotometricInterpretation;PlanarConfiguration;Predictor;ResolutionUnit;RowsPerStrip;SampleFormat;SamplesPerPixel;StripByteCounts;StripOffsets;XResolution;YResolution,False,False,
SNU_Rotenone_500nM_07,phase,data/phase/SNU_Rotenone_500nM_07_phase.bin,True,,900x900,float32,,3240023,,,,,0.2848713904768374/0.21199439004249143
SNU_Rotenone_500nM_08,off_axis,data/off_axis_hologram/SNU_Rotenone_500nM_08_holo.tif,True,1,1024x1024,uint8,5,1198796,2026-09-16T09:09:54+00:00,BitsPerSample;Compression;FillOrder;ImageLength;ImageWidth;NewSubfileType;Orientation;PhotometricInterpretation;PlanarConfiguration;Predictor;ResolutionUnit;RowsPerStrip;SampleFormat;SamplesPerPixel;StripByteCounts;StripOffsets;XResolution;YResolution,False,False,
SNU_Rotenone_500nM_08,gabor,data/in_line_gabor_hologram/SNU_Rotenone_500nM_08_gabor.tif,True,1,1024x1024,uint8,5,495550,2026-09-16T09:08:15+00:00,BitsPerSample;Compression;FillOrder;ImageLength;ImageWidth;NewSubfileType;Orientation;PhotometricInterpretation;PlanarConfiguration;Predictor;ResolutionUnit;RowsPerStrip;SampleFormat;SamplesPerPixel;StripByteCounts;StripOffsets;XResolution;YResolution,False,False,
SNU_Rotenone_500nM_08,phase,data/phase/SNU_Rotenone_500nM_08_phase.bin,True,,900x900,float32,,3240023,,,,,0.2848713904768374/0.21199439004249143
SNU_Rotenone_500nM_09,off_axis,data/off_axis_hologram/SNU_Rotenone_500nM_09_holo.tif,True,1,1024x1024,uint8,5,1211496,2026-09-16T09:09:54+00:00,BitsPerSample;Compression;FillOrder;ImageLength;ImageWidth;NewSubfileType;Orientation;PhotometricInterpretation;PlanarConfiguration;Predictor;ResolutionUnit;RowsPerStrip;SampleFormat;SamplesPerPixel;StripByteCounts;StripOffsets;XResolution;YResolution,False,False,
SNU_Rotenone_500nM_09,gabor,data/in_line_gabor_hologram/SNU_Rotenone_500nM_09_gabor.tif,True,1,1024x1024,uint8,5,522084,2026-09-16T09:08:15+00:00,BitsPerSample;Compression;FillOrder;ImageLength;ImageWidth;NewSubfileType;Orientation;PhotometricInterpretation;PlanarConfiguration;Predictor;ResolutionUnit;RowsPerStrip;SampleFormat;SamplesPerPixel;StripByteCounts;StripOffsets;XResolution;YResolution,False,False,
SNU_Rotenone_500nM_09,phase,data/phase/SNU_Rotenone_500nM_09_phase.bin,True,,900x900,float32,,3240023,,,,,0.2848713904768374/0.21199439004249143
SNU_Rotenone_500nM_10,off_axis,data/off_axis_hologram/SNU_Rotenone_500nM_10_holo.tif,True,1,1024x1024,uint8,5,1200208,2026-09-16T09:09:54+00:00,BitsPerSample;Compression;FillOrder;ImageLength;ImageWidth;NewSubfileType;Orientation;PhotometricInterpretation;PlanarConfiguration;Predictor;ResolutionUnit;RowsPerStrip;SampleFormat;SamplesPerPixel;StripByteCounts;StripOffsets;XResolution;YResolution,False,False,
SNU_Rotenone_500nM_10,gabor,data/in_line_gabor_hologram/SNU_Rotenone_500nM_10_gabor.tif,True,1,1024x1024,uint8,5,509926,2026-09-16T09:08:15+00:00,BitsPerSample;Compression;FillOrder;ImageLength;ImageWidth;NewSubfileType;Orientation;PhotometricInterpretation;PlanarConfiguration;Predictor;ResolutionUnit;RowsPerStrip;SampleFormat;SamplesPerPixel;StripByteCounts;StripOffsets;XResolution;YResolution,False,False,
SNU_Rotenone_500nM_10,phase,data/phase/SNU_Rotenone_500nM_10_phase.bin,True,,900x900,float32,,3240023,,,,,0.2848713904768374/0.21199439004249143
SNU_Rotenone_500nM_11,off_axis,data/off_axis_hologram/SNU_Rotenone_500nM_11_holo.tif,True,1,1024x1024,uint8,5,1208852,2026-09-16T09:09:54+00:00,BitsPerSample;Compression;FillOrder;ImageLength;ImageWidth;NewSubfileType;Orientation;PhotometricInterpretation;PlanarConfiguration;Predictor;ResolutionUnit;RowsPerStrip;SampleFormat;SamplesPerPixel;StripByteCounts;StripOffsets;XResolution;YResolution,False,False,
SNU_Rotenone_500nM_11,gabor,data/in_line_gabor_hologram/SNU_Rotenone_500nM_11_gabor.tif,True,1,1024x1024,uint8,5,522528,2026-09-16T09:08:15+00:00,BitsPerSample;Compression;FillOrder;ImageLength;ImageWidth;NewSubfileType;Orientation;PhotometricInterpretation;PlanarConfiguration;Predictor;ResolutionUnit;RowsPerStrip;SampleFormat;SamplesPerPixel;StripByteCounts;StripOffsets;XResolution;YResolution,False,False,
SNU_Rotenone_500nM_11,phase,data/phase/SNU_Rotenone_500nM_11_phase.bin,True,,900x900,float32,,3240023,,,,,0.2848713904768374/0.21199439004249143
SNU_Rotenone_500nM_12,off_axis,data/off_axis_hologram/SNU_Rotenone_500nM_12_holo.tif,True,1,1024x1024,uint8,5,1214310,2026-09-16T09:09:54+00:00,BitsPerSample;Compression;FillOrder;ImageLength;ImageWidth;NewSubfileType;Orientation;PhotometricInterpretation;PlanarConfiguration;Predictor;ResolutionUnit;RowsPerStrip;SampleFormat;SamplesPerPixel;StripByteCounts;StripOffsets;XResolution;YResolution,False,False,
SNU_Rotenone_500nM_12,gabor,data/in_line_gabor_hologram/SNU_Rotenone_500nM_12_gabor.tif,True,1,1024x1024,uint8,5,527948,2026-09-16T09:08:15+00:00,BitsPerSample;Compression;FillOrder;ImageLength;ImageWidth;NewSubfileType;Orientation;PhotometricInterpretation;PlanarConfiguration;Predictor;ResolutionUnit;RowsPerStrip;SampleFormat;SamplesPerPixel;StripByteCounts;StripOffsets;XResolution;YResolution,False,False,
SNU_Rotenone_500nM_12,phase,data/phase/SNU_Rotenone_500nM_12_phase.bin,True,,900x900,float32,,3240023,,,,,0.2848713904768374/0.21199439004249143
SNU_Rotenone_500nM_13,off_axis,data/off_axis_hologram/SNU_Rotenone_500nM_13_holo.tif,True,1,1024x1024,uint8,5,1206136,2026-09-16T09:09:54+00:00,BitsPerSample;Compression;FillOrder;ImageLength;ImageWidth;NewSubfileType;Orientation;PhotometricInterpretation;PlanarConfiguration;Predictor;ResolutionUnit;RowsPerStrip;SampleFormat;SamplesPerPixel;StripByteCounts;StripOffsets;XResolution;YResolution,False,False,
SNU_Rotenone_500nM_13,gabor,data/in_line_gabor_hologram/SNU_Rotenone_500nM_13_gabor.tif,True,1,1024x1024,uint8,5,540140,2026-09-16T09:08:15+00:00,BitsPerSample;Compression;FillOrder;ImageLength;ImageWidth;NewSubfileType;Orientation;PhotometricInterpretation;PlanarConfiguration;Predictor;ResolutionUnit;RowsPerStrip;SampleFormat;SamplesPerPixel;StripByteCounts;StripOffsets;XResolution;YResolution,False,False,
SNU_Rotenone_500nM_13,phase,data/phase/SNU_Rotenone_500nM_13_phase.bin,True,,900x900,float32,,3240023,,,,,0.2848713904768374/0.21199439004249143
SNU_Rotenone_500nM_14,off_axis,data/off_axis_hologram/SNU_Rotenone_500nM_14_holo.tif,True,1,1024x1024,uint8,5,1185910,2026-09-16T09:09:54+00:00,BitsPerSample;Compression;FillOrder;ImageLength;ImageWidth;NewSubfileType;Orientation;PhotometricInterpretation;PlanarConfiguration;Predictor;ResolutionUnit;RowsPerStrip;SampleFormat;SamplesPerPixel;StripByteCounts;StripOffsets;XResolution;YResolution,False,False,
SNU_Rotenone_500nM_14,gabor,data/in_line_gabor_hologram/SNU_Rotenone_500nM_14_gabor.tif,True,1,1024x1024,uint8,5,492660,2026-09-16T09:08:15+00:00,BitsPerSample;Compression;FillOrder;ImageLength;ImageWidth;NewSubfileType;Orientation;PhotometricInterpretation;PlanarConfiguration;Predictor;ResolutionUnit;RowsPerStrip;SampleFormat;SamplesPerPixel;StripByteCounts;StripOffsets;XResolution;YResolution,False,False,
SNU_Rotenone_500nM_14,phase,data/phase/SNU_Rotenone_500nM_14_phase.bin,True,,900x900,float32,,3240023,,,,,0.2848713904768374/0.21199439004249143
SNU_Rotenone_500nM_15,off_axis,data/off_axis_hologram/SNU_Rotenone_500nM_15_holo.tif,True,1,1024x1024,uint8,5,1189758,2026-09-16T09:09:54+00:00,BitsPerSample;Compression;FillOrder;ImageLength;ImageWidth;NewSubfileType;Orientation;PhotometricInterpretation;PlanarConfiguration;Predictor;ResolutionUnit;RowsPerStrip;SampleFormat;SamplesPerPixel;StripByteCounts;StripOffsets;XResolution;YResolution,False,False,
SNU_Rotenone_500nM_15,gabor,data/in_line_gabor_hologram/SNU_Rotenone_500nM_15_gabor.tif,True,1,1024x1024,uint8,5,488852,2026-09-16T09:08:15+00:00,BitsPerSample;Compression;FillOrder;ImageLength;ImageWidth;NewSubfileType;Orientation;PhotometricInterpretation;PlanarConfiguration;Predictor;ResolutionUnit;RowsPerStrip;SampleFormat;SamplesPerPixel;StripByteCounts;StripOffsets;XResolution;YResolution,False,False,
SNU_Rotenone_500nM_15,phase,data/phase/SNU_Rotenone_500nM_15_phase.bin,True,,900x900,float32,,3240023,,,,,0.2848713904768374/0.21199439004249143
SNU_Rotenone_500nM_16,off_axis,data/off_axis_hologram/SNU_Rotenone_500nM_16_holo.tif,True,1,1024x1024,uint8,5,1190422,2026-09-16T09:09:54+00:00,BitsPerSample;Compression;FillOrder;ImageLength;ImageWidth;NewSubfileType;Orientation;PhotometricInterpretation;PlanarConfiguration;Predictor;ResolutionUnit;RowsPerStrip;SampleFormat;SamplesPerPixel;StripByteCounts;StripOffsets;XResolution;YResolution,False,False,
SNU_Rotenone_500nM_16,gabor,data/in_line_gabor_hologram/SNU_Rotenone_500nM_16_gabor.tif,True,1,1024x1024,uint8,5,493346,2026-09-16T09:08:15+00:00,BitsPerSample;Compression;FillOrder;ImageLength;ImageWidth;NewSubfileType;Orientation;PhotometricInterpretation;PlanarConfiguration;Predictor;ResolutionUnit;RowsPerStrip;SampleFormat;SamplesPerPixel;StripByteCounts;StripOffsets;XResolution;YResolution,False,False,
SNU_Rotenone_500nM_16,phase,data/phase/SNU_Rotenone_500nM_16_phase.bin,True,,900x900,float32,,3240023,,,,,0.2848713904768374/0.21199439004249143
SNU_Rotenone_500nM_17,off_axis,data/off_axis_hologram/SNU_Rotenone_500nM_17_holo.tif,True,1,1024x1024,uint8,5,1193374,2026-09-16T09:09:54+00:00,BitsPerSample;Compression;FillOrder;ImageLength;ImageWidth;NewSubfileType;Orientation;PhotometricInterpretation;PlanarConfiguration;Predictor;ResolutionUnit;RowsPerStrip;SampleFormat;SamplesPerPixel;StripByteCounts;StripOffsets;XResolution;YResolution,False,False,
SNU_Rotenone_500nM_17,gabor,data/in_line_gabor_hologram/SNU_Rotenone_500nM_17_gabor.tif,True,1,1024x1024,uint8,5,487598,2026-09-16T09:08:15+00:00,BitsPerSample;Compression;FillOrder;ImageLength;ImageWidth;NewSubfileType;Orientation;PhotometricInterpretation;PlanarConfiguration;Predictor;ResolutionUnit;RowsPerStrip;SampleFormat;SamplesPerPixel;StripByteCounts;StripOffsets;XResolution;YResolution,False,False,
SNU_Rotenone_500nM_17,phase,data/phase/SNU_Rotenone_500nM_17_phase.bin,True,,900x900,float32,,3240023,,,,,0.2848713904768374/0.21199439004249143
SNU_Rotenone_500nM_18,off_axis,data/off_axis_hologram/SNU_Rotenone_500nM_18_holo.tif,True,1,1024x1024,uint8,5,1202524,2026-09-16T09:09:54+00:00,BitsPerSample;Compression;FillOrder;ImageLength;ImageWidth;NewSubfileType;Orientation;PhotometricInterpretation;PlanarConfiguration;Predictor;ResolutionUnit;RowsPerStrip;SampleFormat;SamplesPerPixel;StripByteCounts;StripOffsets;XResolution;YResolution,False,False,
SNU_Rotenone_500nM_18,gabor,data/in_line_gabor_hologram/SNU_Rotenone_500nM_18_gabor.tif,True,1,1024x1024,uint8,5,497364,2026-09-16T09:08:15+00:00,BitsPerSample;Compression;FillOrder;ImageLength;ImageWidth;NewSubfileType;Orientation;PhotometricInterpretation;PlanarConfiguration;Predictor;ResolutionUnit;RowsPerStrip;SampleFormat;SamplesPerPixel;StripByteCounts;StripOffsets;XResolution;YResolution,False,False,
SNU_Rotenone_500nM_18,phase,data/phase/SNU_Rotenone_500nM_18_phase.bin,True,,900x900,float32,,3240023,,,,,0.2848713904768374/0.21199439004249143
SNU_Rotenone_500nM_19,off_axis,data/off_axis_hologram/SNU_Rotenone_500nM_19_holo.tif,True,1,1024x1024,uint8,5,1197436,2026-09-16T09:09:54+00:00,BitsPerSample;Compression;FillOrder;ImageLength;ImageWidth;NewSubfileType;Orientation;PhotometricInterpretation;PlanarConfiguration;Predictor;ResolutionUnit;RowsPerStrip;SampleFormat;SamplesPerPixel;StripByteCounts;StripOffsets;XResolution;YResolution,False,False,
SNU_Rotenone_500nM_19,gabor,data/in_line_gabor_hologram/SNU_Rotenone_500nM_19_gabor.tif,True,1,1024x1024,uint8,5,493744,2026-09-16T09:08:15+00:00,BitsPerSample;Compression;FillOrder;ImageLength;ImageWidth;NewSubfileType;Orientation;PhotometricInterpretation;PlanarConfiguration;Predictor;ResolutionUnit;RowsPerStrip;SampleFormat;SamplesPerPixel;StripByteCounts;StripOffsets;XResolution;YResolution,False,False,
SNU_Rotenone_500nM_19,phase,data/phase/SNU_Rotenone_500nM_19_phase.bin,True,,900x900,float32,,3240023,,,,,0.2848713904768374/0.21199439004249143
SNU_Rotenone_500nM_20,off_axis,data/off_axis_hologram/SNU_Rotenone_500nM_20_holo.tif,True,1,1024x1024,uint8,5,1202020,2026-09-16T09:09:54+00:00,BitsPerSample;Compression;FillOrder;ImageLength;ImageWidth;NewSubfileType;Orientation;PhotometricInterpretation;PlanarConfiguration;Predictor;ResolutionUnit;RowsPerStrip;SampleFormat;SamplesPerPixel;StripByteCounts;StripOffsets;XResolution;YResolution,False,False,
SNU_Rotenone_500nM_20,gabor,data/in_line_gabor_hologram/SNU_Rotenone_500nM_20_gabor.tif,True,1,1024x1024,uint8,5,512292,2026-09-16T09:08:15+00:00,BitsPerSample;Compression;FillOrder;ImageLength;ImageWidth;NewSubfileType;Orientation;PhotometricInterpretation;PlanarConfiguration;Predictor;ResolutionUnit;RowsPerStrip;SampleFormat;SamplesPerPixel;StripByteCounts;StripOffsets;XResolution;YResolution,False,False,
SNU_Rotenone_500nM_20,phase,data/phase/SNU_Rotenone_500nM_20_phase.bin,True,,900x900,float32,,3240023,,,,,0.2848713904768374/0.21199439004249143
SNU_Rotenone_500nM_21,off_axis,data/off_axis_hologram/SNU_Rotenone_500nM_21_holo.tif,True,1,1024x1024,uint8,5,1200276,2026-09-16T09:09:54+00:00,BitsPerSample;Compression;FillOrder;ImageLength;ImageWidth;NewSubfileType;Orientation;PhotometricInterpretation;PlanarConfiguration;Predictor;ResolutionUnit;RowsPerStrip;SampleFormat;SamplesPerPixel;StripByteCounts;StripOffsets;XResolution;YResolution,False,False,
SNU_Rotenone_500nM_21,gabor,data/in_line_gabor_hologram/SNU_Rotenone_500nM_21_gabor.tif,True,1,1024x1024,uint8,5,516538,2026-09-16T09:08:15+00:00,BitsPerSample;Compression;FillOrder;ImageLength;ImageWidth;NewSubfileType;Orientation;PhotometricInterpretation;PlanarConfiguration;Predictor;ResolutionUnit;RowsPerStrip;SampleFormat;SamplesPerPixel;StripByteCounts;StripOffsets;XResolution;YResolution,False,False,
SNU_Rotenone_500nM_21,phase,data/phase/SNU_Rotenone_500nM_21_phase.bin,True,,900x900,float32,,3240023,,,,,0.2848713904768374/0.21199439004249143
SNU_Rotenone_500nM_22,off_axis,data/off_axis_hologram/SNU_Rotenone_500nM_22_holo.tif,True,1,1024x1024,uint8,5,1206080,2026-09-16T09:09:54+00:00,BitsPerSample;Compression;FillOrder;ImageLength;ImageWidth;NewSubfileType;Orientation;PhotometricInterpretation;PlanarConfiguration;Predictor;ResolutionUnit;RowsPerStrip;SampleFormat;SamplesPerPixel;StripByteCounts;StripOffsets;XResolution;YResolution,False,False,
SNU_Rotenone_500nM_22,gabor,data/in_line_gabor_hologram/SNU_Rotenone_500nM_22_gabor.tif,True,1,1024x1024,uint8,5,507086,2026-09-16T09:08:15+00:00,BitsPerSample;Compression;FillOrder;ImageLength;ImageWidth;NewSubfileType;Orientation;PhotometricInterpretation;PlanarConfiguration;Predictor;ResolutionUnit;RowsPerStrip;SampleFormat;SamplesPerPixel;StripByteCounts;StripOffsets;XResolution;YResolution,False,False,
SNU_Rotenone_500nM_22,phase,data/phase/SNU_Rotenone_500nM_22_phase.bin,True,,900x900,float32,,3240023,,,,,0.2848713904768374/0.21199439004249143
SNU_Rotenone_500nM_23,off_axis,data/off_axis_hologram/SNU_Rotenone_500nM_23_holo.tif,True,1,1024x1024,uint8,5,1199234,2026-09-16T09:09:54+00:00,BitsPerSample;Compression;FillOrder;ImageLength;ImageWidth;NewSubfileType;Orientation;PhotometricInterpretation;PlanarConfiguration;Predictor;ResolutionUnit;RowsPerStrip;SampleFormat;SamplesPerPixel;StripByteCounts;StripOffsets;XResolution;YResolution,False,False,
SNU_Rotenone_500nM_23,gabor,data/in_line_gabor_hologram/SNU_Rotenone_500nM_23_gabor.tif,True,1,1024x1024,uint8,5,495606,2026-09-16T09:08:15+00:00,BitsPerSample;Compression;FillOrder;ImageLength;ImageWidth;NewSubfileType;Orientation;PhotometricInterpretation;PlanarConfiguration;Predictor;ResolutionUnit;RowsPerStrip;SampleFormat;SamplesPerPixel;StripByteCounts;StripOffsets;XResolution;YResolution,False,False,
SNU_Rotenone_500nM_23,phase,data/phase/SNU_Rotenone_500nM_23_phase.bin,True,,900x900,float32,,3240023,,,,,0.2848713904768374/0.21199439004249143
SNU_Rotenone_500nM_24,off_axis,data/off_axis_hologram/SNU_Rotenone_500nM_24_holo.tif,True,1,1024x1024,uint8,5,1197120,2026-09-16T09:09:54+00:00,BitsPerSample;Compression;FillOrder;ImageLength;ImageWidth;NewSubfileType;Orientation;PhotometricInterpretation;PlanarConfiguration;Predictor;ResolutionUnit;RowsPerStrip;SampleFormat;SamplesPerPixel;StripByteCounts;StripOffsets;XResolution;YResolution,False,False,
SNU_Rotenone_500nM_24,gabor,data/in_line_gabor_hologram/SNU_Rotenone_500nM_24_gabor.tif,True,1,1024x1024,uint8,5,491234,2026-09-16T09:08:15+00:00,BitsPerSample;Compression;FillOrder;ImageLength;ImageWidth;NewSubfileType;Orientation;PhotometricInterpretation;PlanarConfiguration;Predictor;ResolutionUnit;RowsPerStrip;SampleFormat;SamplesPerPixel;StripByteCounts;StripOffsets;XResolution;YResolution,False,False,
SNU_Rotenone_500nM_24,phase,data/phase/SNU_Rotenone_500nM_24_phase.bin,True,,900x900,float32,,3240023,,,,,0.2848713904768374/0.21199439004249143
SNU_Rotenone_500nM_25,off_axis,data/off_axis_hologram/SNU_Rotenone_500nM_25_holo.tif,True,1,1024x1024,uint8,5,1199482,2026-09-16T09:09:54+00:00,BitsPerSample;Compression;FillOrder;ImageLength;ImageWidth;NewSubfileType;Orientation;PhotometricInterpretation;PlanarConfiguration;Predictor;ResolutionUnit;RowsPerStrip;SampleFormat;SamplesPerPixel;StripByteCounts;StripOffsets;XResolution;YResolution,False,False,
SNU_Rotenone_500nM_25,gabor,data/in_line_gabor_hologram/SNU_Rotenone_500nM_25_gabor.tif,True,1,1024x1024,uint8,5,496396,2026-09-16T09:08:15+00:00,BitsPerSample;Compression;FillOrder;ImageLength;ImageWidth;NewSubfileType;Orientation;PhotometricInterpretation;PlanarConfiguration;Predictor;ResolutionUnit;RowsPerStrip;SampleFormat;SamplesPerPixel;StripByteCounts;StripOffsets;XResolution;YResolution,False,False,
SNU_Rotenone_500nM_25,phase,data/phase/SNU_Rotenone_500nM_25_phase.bin,True,,900x900,float32,,3240023,,,,,0.2848713904768374/0.21199439004249143
SNU_Rotenone_500nM_26,off_axis,data/off_axis_hologram/SNU_Rotenone_500nM_26_holo.tif,True,1,1024x1024,uint8,5,1199952,2026-09-16T09:09:54+00:00,BitsPerSample;Compression;FillOrder;ImageLength;ImageWidth;NewSubfileType;Orientation;PhotometricInterpretation;PlanarConfiguration;Predictor;ResolutionUnit;RowsPerStrip;SampleFormat;SamplesPerPixel;StripByteCounts;StripOffsets;XResolution;YResolution,False,False,
SNU_Rotenone_500nM_26,gabor,data/in_line_gabor_hologram/SNU_Rotenone_500nM_26_gabor.tif,True,1,1024x1024,uint8,5,496084,2026-09-16T09:08:15+00:00,BitsPerSample;Compression;FillOrder;ImageLength;ImageWidth;NewSubfileType;Orientation;PhotometricInterpretation;PlanarConfiguration;Predictor;ResolutionUnit;RowsPerStrip;SampleFormat;SamplesPerPixel;StripByteCounts;StripOffsets;XResolution;YResolution,False,False,
SNU_Rotenone_500nM_26,phase,data/phase/SNU_Rotenone_500nM_26_phase.bin,True,,900x900,float32,,3240023,,,,,0.2848713904768374/0.21199439004249143
SNU_Rotenone_500nM_27,off_axis,data/off_axis_hologram/SNU_Rotenone_500nM_27_holo.tif,True,1,1024x1024,uint8,5,1209612,2026-09-16T09:09:54+00:00,BitsPerSample;Compression;FillOrder;ImageLength;ImageWidth;NewSubfileType;Orientation;PhotometricInterpretation;PlanarConfiguration;Predictor;ResolutionUnit;RowsPerStrip;SampleFormat;SamplesPerPixel;StripByteCounts;StripOffsets;XResolution;YResolution,False,False,
SNU_Rotenone_500nM_27,gabor,data/in_line_gabor_hologram/SNU_Rotenone_500nM_27_gabor.tif,True,1,1024x1024,uint8,5,515738,2026-09-16T09:08:15+00:00,BitsPerSample;Compression;FillOrder;ImageLength;ImageWidth;NewSubfileType;Orientation;PhotometricInterpretation;PlanarConfiguration;Predictor;ResolutionUnit;RowsPerStrip;SampleFormat;SamplesPerPixel;StripByteCounts;StripOffsets;XResolution;YResolution,False,False,
SNU_Rotenone_500nM_27,phase,data/phase/SNU_Rotenone_500nM_27_phase.bin,True,,900x900,float32,,3240023,,,,,0.2848713904768374/0.21199439004249143
SNU_Rotenone_500nM_28,off_axis,data/off_axis_hologram/SNU_Rotenone_500nM_28_holo.tif,True,1,1024x1024,uint8,5,1199832,2026-09-16T09:09:54+00:00,BitsPerSample;Compression;FillOrder;ImageLength;ImageWidth;NewSubfileType;Orientation;PhotometricInterpretation;PlanarConfiguration;Predictor;ResolutionUnit;RowsPerStrip;SampleFormat;SamplesPerPixel;StripByteCounts;StripOffsets;XResolution;YResolution,False,False,
SNU_Rotenone_500nM_28,gabor,data/in_line_gabor_hologram/SNU_Rotenone_500nM_28_gabor.tif,True,1,1024x1024,uint8,5,508220,2026-09-16T09:08:15+00:00,BitsPerSample;Compression;FillOrder;ImageLength;ImageWidth;NewSubfileType;Orientation;PhotometricInterpretation;PlanarConfiguration;Predictor;ResolutionUnit;RowsPerStrip;SampleFormat;SamplesPerPixel;StripByteCounts;StripOffsets;XResolution;YResolution,False,False,
SNU_Rotenone_500nM_28,phase,data/phase/SNU_Rotenone_500nM_28_phase.bin,True,,900x900,float32,,3240023,,,,,0.2848713904768374/0.21199439004249143
SNU_Rotenone_500nM_29,off_axis,data/off_axis_hologram/SNU_Rotenone_500nM_29_holo.tif,True,1,1024x1024,uint8,5,1204372,2026-09-16T09:09:54+00:00,BitsPerSample;Compression;FillOrder;ImageLength;ImageWidth;NewSubfileType;Orientation;PhotometricInterpretation;PlanarConfiguration;Predictor;ResolutionUnit;RowsPerStrip;SampleFormat;SamplesPerPixel;StripByteCounts;StripOffsets;XResolution;YResolution,False,False,
SNU_Rotenone_500nM_29,gabor,data/in_line_gabor_hologram/SNU_Rotenone_500nM_29_gabor.tif,True,1,1024x1024,uint8,5,522250,2026-09-16T09:08:15+00:00,BitsPerSample;Compression;FillOrder;ImageLength;ImageWidth;NewSubfileType;Orientation;PhotometricInterpretation;PlanarConfiguration;Predictor;ResolutionUnit;RowsPerStrip;SampleFormat;SamplesPerPixel;StripByteCounts;StripOffsets;XResolution;YResolution,False,False,
SNU_Rotenone_500nM_29,phase,data/phase/SNU_Rotenone_500nM_29_phase.bin,True,,900x900,float32,,3240023,,,,,0.2848713904768374/0.21199439004249143
SNU_Rotenone_500nM_30,off_axis,data/off_axis_hologram/SNU_Rotenone_500nM_30_holo.tif,True,1,1024x1024,uint8,5,1201784,2026-09-16T09:09:54+00:00,BitsPerSample;Compression;FillOrder;ImageLength;ImageWidth;NewSubfileType;Orientation;PhotometricInterpretation;PlanarConfiguration;Predictor;ResolutionUnit;RowsPerStrip;SampleFormat;SamplesPerPixel;StripByteCounts;StripOffsets;XResolution;YResolution,False,False,
SNU_Rotenone_500nM_30,gabor,data/in_line_gabor_hologram/SNU_Rotenone_500nM_30_gabor.tif,True,1,1024x1024,uint8,5,510246,2026-09-16T09:08:15+00:00,BitsPerSample;Compression;FillOrder;ImageLength;ImageWidth;NewSubfileType;Orientation;PhotometricInterpretation;PlanarConfiguration;Predictor;ResolutionUnit;RowsPerStrip;SampleFormat;SamplesPerPixel;StripByteCounts;StripOffsets;XResolution;YResolution,False,False,
SNU_Rotenone_500nM_30,phase,data/phase/SNU_Rotenone_500nM_30_phase.bin,True,,900x900,float32,,3240023,,,,,0.2848713904768374/0.21199439004249143
SNU_Rotenone_500nM_31,off_axis,data/off_axis_hologram/SNU_Rotenone_500nM_31_holo.tif,True,1,1024x1024,uint8,5,1205434,2026-09-16T09:09:54+00:00,BitsPerSample;Compression;FillOrder;ImageLength;ImageWidth;NewSubfileType;Orientation;PhotometricInterpretation;PlanarConfiguration;Predictor;ResolutionUnit;RowsPerStrip;SampleFormat;SamplesPerPixel;StripByteCounts;StripOffsets;XResolution;YResolution,False,False,
SNU_Rotenone_500nM_31,gabor,data/in_line_gabor_hologram/SNU_Rotenone_500nM_31_gabor.tif,True,1,1024x1024,uint8,5,514568,2026-09-16T09:08:15+00:00,BitsPerSample;Compression;FillOrder;ImageLength;ImageWidth;NewSubfileType;Orientation;PhotometricInterpretation;PlanarConfiguration;Predictor;ResolutionUnit;RowsPerStrip;SampleFormat;SamplesPerPixel;StripByteCounts;StripOffsets;XResolution;YResolution,False,False,
SNU_Rotenone_500nM_31,phase,data/phase/SNU_Rotenone_500nM_31_phase.bin,True,,900x900,float32,,3240023,,,,,0.2848713904768374/0.21199439004249143
SNU_Rotenone_500nM_32,off_axis,data/off_axis_hologram/SNU_Rotenone_500nM_32_holo.tif,True,1,1024x1024,uint8,5,1207412,2026-09-16T09:09:54+00:00,BitsPerSample;Compression;FillOrder;ImageLength;ImageWidth;NewSubfileType;Orientation;PhotometricInterpretation;PlanarConfiguration;Predictor;ResolutionUnit;RowsPerStrip;SampleFormat;SamplesPerPixel;StripByteCounts;StripOffsets;XResolution;YResolution,False,False,
SNU_Rotenone_500nM_32,gabor,data/in_line_gabor_hologram/SNU_Rotenone_500nM_32_gabor.tif,True,1,1024x1024,uint8,5,523500,2026-09-16T09:08:15+00:00,BitsPerSample;Compression;FillOrder;ImageLength;ImageWidth;NewSubfileType;Orientation;PhotometricInterpretation;PlanarConfiguration;Predictor;ResolutionUnit;RowsPerStrip;SampleFormat;SamplesPerPixel;StripByteCounts;StripOffsets;XResolution;YResolution,False,False,
SNU_Rotenone_500nM_32,phase,data/phase/SNU_Rotenone_500nM_32_phase.bin,True,,900x900,float32,,3240023,,,,,0.2848713904768374/0.21199439004249143
SNU_Rotenone_500nM_33,off_axis,data/off_axis_hologram/SNU_Rotenone_500nM_33_holo.tif,True,1,1024x1024,uint8,5,1198778,2026-09-16T09:09:54+00:00,BitsPerSample;Compression;FillOrder;ImageLength;ImageWidth;NewSubfileType;Orientation;PhotometricInterpretation;PlanarConfiguration;Predictor;ResolutionUnit;RowsPerStrip;SampleFormat;SamplesPerPixel;StripByteCounts;StripOffsets;XResolution;YResolution,False,False,
SNU_Rotenone_500nM_33,gabor,data/in_line_gabor_hologram/SNU_Rotenone_500nM_33_gabor.tif,True,1,1024x1024,uint8,5,500936,2026-09-16T09:08:15+00:00,BitsPerSample;Compression;FillOrder;ImageLength;ImageWidth;NewSubfileType;Orientation;PhotometricInterpretation;PlanarConfiguration;Predictor;ResolutionUnit;RowsPerStrip;SampleFormat;SamplesPerPixel;StripByteCounts;StripOffsets;XResolution;YResolution,False,False,
SNU_Rotenone_500nM_33,phase,data/phase/SNU_Rotenone_500nM_33_phase.bin,True,,900x900,float32,,3240023,,,,,0.2848713904768374/0.21199439004249143
SNU_Rotenone_500nM_34,off_axis,data/off_axis_hologram/SNU_Rotenone_500nM_34_holo.tif,True,1,1024x1024,uint8,5,1200292,2026-09-16T09:09:54+00:00,BitsPerSample;Compression;FillOrder;ImageLength;ImageWidth;NewSubfileType;Orientation;PhotometricInterpretation;PlanarConfiguration;Predictor;ResolutionUnit;RowsPerStrip;SampleFormat;SamplesPerPixel;StripByteCounts;StripOffsets;XResolution;YResolution,False,False,
SNU_Rotenone_500nM_34,gabor,data/in_line_gabor_hologram/SNU_Rotenone_500nM_34_gabor.tif,True,1,1024x1024,uint8,5,504884,2026-09-16T09:08:15+00:00,BitsPerSample;Compression;FillOrder;ImageLength;ImageWidth;NewSubfileType;Orientation;PhotometricInterpretation;PlanarConfiguration;Predictor;ResolutionUnit;RowsPerStrip;SampleFormat;SamplesPerPixel;StripByteCounts;StripOffsets;XResolution;YResolution,False,False,
SNU_Rotenone_500nM_34,phase,data/phase/SNU_Rotenone_500nM_34_phase.bin,True,,900x900,float32,,3240023,,,,,0.2848713904768374/0.21199439004249143
SNU_Rotenone_500nM_35,off_axis,data/off_axis_hologram/SNU_Rotenone_500nM_35_holo.tif,True,1,1024x1024,uint8,5,1190808,2026-09-16T09:09:54+00:00,BitsPerSample;Compression;FillOrder;ImageLength;ImageWidth;NewSubfileType;Orientation;PhotometricInterpretation;PlanarConfiguration;Predictor;ResolutionUnit;RowsPerStrip;SampleFormat;SamplesPerPixel;StripByteCounts;StripOffsets;XResolution;YResolution,False,False,
SNU_Rotenone_500nM_35,gabor,data/in_line_gabor_hologram/SNU_Rotenone_500nM_35_gabor.tif,True,1,1024x1024,uint8,5,503468,2026-09-16T09:08:15+00:00,BitsPerSample;Compression;FillOrder;ImageLength;ImageWidth;NewSubfileType;Orientation;PhotometricInterpretation;PlanarConfiguration;Predictor;ResolutionUnit;RowsPerStrip;SampleFormat;SamplesPerPixel;StripByteCounts;StripOffsets;XResolution;YResolution,False,False,
SNU_Rotenone_500nM_35,phase,data/phase/SNU_Rotenone_500nM_35_phase.bin,True,,900x900,float32,,3240023,,,,,0.2848713904768374/0.21199439004249143
SNU_Rotenone_500nM_36,off_axis,data/off_axis_hologram/SNU_Rotenone_500nM_36_holo.tif,True,1,1024x1024,uint8,5,1191848,2026-09-16T09:09:54+00:00,BitsPerSample;Compression;FillOrder;ImageLength;ImageWidth;NewSubfileType;Orientation;PhotometricInterpretation;PlanarConfiguration;Predictor;ResolutionUnit;RowsPerStrip;SampleFormat;SamplesPerPixel;StripByteCounts;StripOffsets;XResolution;YResolution,False,False,
SNU_Rotenone_500nM_36,gabor,data/in_line_gabor_hologram/SNU_Rotenone_500nM_36_gabor.tif,True,1,1024x1024,uint8,5,496272,2026-09-16T09:08:15+00:00,BitsPerSample;Compression;FillOrder;ImageLength;ImageWidth;NewSubfileType;Orientation;PhotometricInterpretation;PlanarConfiguration;Predictor;ResolutionUnit;RowsPerStrip;SampleFormat;SamplesPerPixel;StripByteCounts;StripOffsets;XResolution;YResolution,False,False,
SNU_Rotenone_500nM_36,phase,data/phase/SNU_Rotenone_500nM_36_phase.bin,True,,900x900,float32,,3240023,,,,,0.2848713904768374/0.21199439004249143
SNU_Rotenone_500nM_37,off_axis,data/off_axis_hologram/SNU_Rotenone_500nM_37_holo.tif,True,1,1024x1024,uint8,5,1196606,2026-09-16T09:09:54+00:00,BitsPerSample;Compression;FillOrder;ImageLength;ImageWidth;NewSubfileType;Orientation;PhotometricInterpretation;PlanarConfiguration;Predictor;ResolutionUnit;RowsPerStrip;SampleFormat;SamplesPerPixel;StripByteCounts;StripOffsets;XResolution;YResolution,False,False,
SNU_Rotenone_500nM_37,gabor,data/in_line_gabor_hologram/SNU_Rotenone_500nM_37_gabor.tif,True,1,1024x1024,uint8,5,505796,2026-09-16T09:08:15+00:00,BitsPerSample;Compression;FillOrder;ImageLength;ImageWidth;NewSubfileType;Orientation;PhotometricInterpretation;PlanarConfiguration;Predictor;ResolutionUnit;RowsPerStrip;SampleFormat;SamplesPerPixel;StripByteCounts;StripOffsets;XResolution;YResolution,False,False,
SNU_Rotenone_500nM_37,phase,data/phase/SNU_Rotenone_500nM_37_phase.bin,True,,900x900,float32,,3240023,,,,,0.2848713904768374/0.21199439004249143
SNU_Rotenone_500nM_38,off_axis,data/off_axis_hologram/SNU_Rotenone_500nM_38_holo.tif,True,1,1024x1024,uint8,5,1189126,2026-09-16T09:09:54+00:00,BitsPerSample;Compression;FillOrder;ImageLength;ImageWidth;NewSubfileType;Orientation;PhotometricInterpretation;PlanarConfiguration;Predictor;ResolutionUnit;RowsPerStrip;SampleFormat;SamplesPerPixel;StripByteCounts;StripOffsets;XResolution;YResolution,False,False,
SNU_Rotenone_500nM_38,gabor,data/in_line_gabor_hologram/SNU_Rotenone_500nM_38_gabor.tif,True,1,1024x1024,uint8,5,488284,2026-09-16T09:08:15+00:00,BitsPerSample;Compression;FillOrder;ImageLength;ImageWidth;NewSubfileType;Orientation;PhotometricInterpretation;PlanarConfiguration;Predictor;ResolutionUnit;RowsPerStrip;SampleFormat;SamplesPerPixel;StripByteCounts;StripOffsets;XResolution;YResolution,False,False,
SNU_Rotenone_500nM_38,phase,data/phase/SNU_Rotenone_500nM_38_phase.bin,True,,900x900,float32,,3240023,,,,,0.2848713904768374/0.21199439004249143
SNU_Rotenone_500nM_39,off_axis,data/off_axis_hologram/SNU_Rotenone_500nM_39_holo.tif,True,1,1024x1024,uint8,5,1187948,2026-09-16T09:09:54+00:00,BitsPerSample;Compression;FillOrder;ImageLength;ImageWidth;NewSubfileType;Orientation;PhotometricInterpretation;PlanarConfiguration;Predictor;ResolutionUnit;RowsPerStrip;SampleFormat;SamplesPerPixel;StripByteCounts;StripOffsets;XResolution;YResolution,False,False,
SNU_Rotenone_500nM_39,gabor,data/in_line_gabor_hologram/SNU_Rotenone_500nM_39_gabor.tif,True,1,1024x1024,uint8,5,492096,2026-09-16T09:08:15+00:00,BitsPerSample;Compression;FillOrder;ImageLength;ImageWidth;NewSubfileType;Orientation;PhotometricInterpretation;PlanarConfiguration;Predictor;ResolutionUnit;RowsPerStrip;SampleFormat;SamplesPerPixel;StripByteCounts;StripOffsets;XResolution;YResolution,False,False,
SNU_Rotenone_500nM_39,phase,data/phase/SNU_Rotenone_500nM_39_phase.bin,True,,900x900,float32,,3240023,,,,,0.2848713904768374/0.21199439004249143
SNU_Rotenone_500nM_40,off_axis,data/off_axis_hologram/SNU_Rotenone_500nM_40_holo.tif,True,1,1024x1024,uint8,5,1190988,2026-09-16T09:09:54+00:00,BitsPerSample;Compression;FillOrder;ImageLength;ImageWidth;NewSubfileType;Orientation;PhotometricInterpretation;PlanarConfiguration;Predictor;ResolutionUnit;RowsPerStrip;SampleFormat;SamplesPerPixel;StripByteCounts;StripOffsets;XResolution;YResolution,False,False,
SNU_Rotenone_500nM_40,gabor,data/in_line_gabor_hologram/SNU_Rotenone_500nM_40_gabor.tif,True,1,1024x1024,uint8,5,499278,2026-09-16T09:08:15+00:00,BitsPerSample;Compression;FillOrder;ImageLength;ImageWidth;NewSubfileType;Orientation;PhotometricInterpretation;PlanarConfiguration;Predictor;ResolutionUnit;RowsPerStrip;SampleFormat;SamplesPerPixel;StripByteCounts;StripOffsets;XResolution;YResolution,False,False,
SNU_Rotenone_500nM_40,phase,data/phase/SNU_Rotenone_500nM_40_phase.bin,True,,900x900,float32,,3240023,,,,,0.2848713904768374/0.21199439004249143
SNU_Rotenone_500nM_41,off_axis,data/off_axis_hologram/SNU_Rotenone_500nM_41_holo.tif,True,1,1024x1024,uint8,5,1193348,2026-09-16T09:09:54+00:00,BitsPerSample;Compression;FillOrder;ImageLength;ImageWidth;NewSubfileType;Orientation;PhotometricInterpretation;PlanarConfiguration;Predictor;ResolutionUnit;RowsPerStrip;SampleFormat;SamplesPerPixel;StripByteCounts;StripOffsets;XResolution;YResolution,False,False,
SNU_Rotenone_500nM_41,gabor,data/in_line_gabor_hologram/SNU_Rotenone_500nM_41_gabor.tif,True,1,1024x1024,uint8,5,492184,2026-09-16T09:08:15+00:00,BitsPerSample;Compression;FillOrder;ImageLength;ImageWidth;NewSubfileType;Orientation;PhotometricInterpretation;PlanarConfiguration;Predictor;ResolutionUnit;RowsPerStrip;SampleFormat;SamplesPerPixel;StripByteCounts;StripOffsets;XResolution;YResolution,False,False,
SNU_Rotenone_500nM_41,phase,data/phase/SNU_Rotenone_500nM_41_phase.bin,True,,900x900,float32,,3240023,,,,,0.2848713904768374/0.21199439004249143
SNU_Rotenone_500nM_42,off_axis,data/off_axis_hologram/SNU_Rotenone_500nM_42_holo.tif,True,1,1024x1024,uint8,5,1193080,2026-09-16T09:09:54+00:00,BitsPerSample;Compression;FillOrder;ImageLength;ImageWidth;NewSubfileType;Orientation;PhotometricInterpretation;PlanarConfiguration;Predictor;ResolutionUnit;RowsPerStrip;SampleFormat;SamplesPerPixel;StripByteCounts;StripOffsets;XResolution;YResolution,False,False,
SNU_Rotenone_500nM_42,gabor,data/in_line_gabor_hologram/SNU_Rotenone_500nM_42_gabor.tif,True,1,1024x1024,uint8,5,491746,2026-09-16T09:08:15+00:00,BitsPerSample;Compression;FillOrder;ImageLength;ImageWidth;NewSubfileType;Orientation;PhotometricInterpretation;PlanarConfiguration;Predictor;ResolutionUnit;RowsPerStrip;SampleFormat;SamplesPerPixel;StripByteCounts;StripOffsets;XResolution;YResolution,False,False,
SNU_Rotenone_500nM_42,phase,data/phase/SNU_Rotenone_500nM_42_phase.bin,True,,900x900,float32,,3240023,,,,,0.2848713904768374/0.21199439004249143
SNU_Rotenone_500nM_43,off_axis,data/off_axis_hologram/SNU_Rotenone_500nM_43_holo.tif,True,1,1024x1024,uint8,5,1196640,2026-09-16T09:09:54+00:00,BitsPerSample;Compression;FillOrder;ImageLength;ImageWidth;NewSubfileType;Orientation;PhotometricInterpretation;PlanarConfiguration;Predictor;ResolutionUnit;RowsPerStrip;SampleFormat;SamplesPerPixel;StripByteCounts;StripOffsets;XResolution;YResolution,False,False,
SNU_Rotenone_500nM_43,gabor,data/in_line_gabor_hologram/SNU_Rotenone_500nM_43_gabor.tif,True,1,1024x1024,uint8,5,493334,2026-09-16T09:08:15+00:00,BitsPerSample;Compression;FillOrder;ImageLength;ImageWidth;NewSubfileType;Orientation;PhotometricInterpretation;PlanarConfiguration;Predictor;ResolutionUnit;RowsPerStrip;SampleFormat;SamplesPerPixel;StripByteCounts;StripOffsets;XResolution;YResolution,False,False,
SNU_Rotenone_500nM_43,phase,data/phase/SNU_Rotenone_500nM_43_phase.bin,True,,900x900,float32,,3240023,,,,,0.2848713904768374/0.21199439004249143
SNU_Rotenone_500nM_44,off_axis,data/off_axis_hologram/SNU_Rotenone_500nM_44_holo.tif,True,1,1024x1024,uint8,5,1196248,2026-09-16T09:09:54+00:00,BitsPerSample;Compression;FillOrder;ImageLength;ImageWidth;NewSubfileType;Orientation;PhotometricInterpretation;PlanarConfiguration;Predictor;ResolutionUnit;RowsPerStrip;SampleFormat;SamplesPerPixel;StripByteCounts;StripOffsets;XResolution;YResolution,False,False,
SNU_Rotenone_500nM_44,gabor,data/in_line_gabor_hologram/SNU_Rotenone_500nM_44_gabor.tif,True,1,1024x1024,uint8,5,492606,2026-09-16T09:08:15+00:00,BitsPerSample;Compression;FillOrder;ImageLength;ImageWidth;NewSubfileType;Orientation;PhotometricInterpretation;PlanarConfiguration;Predictor;ResolutionUnit;RowsPerStrip;SampleFormat;SamplesPerPixel;StripByteCounts;StripOffsets;XResolution;YResolution,False,False,
SNU_Rotenone_500nM_44,phase,data/phase/SNU_Rotenone_500nM_44_phase.bin,True,,900x900,float32,,3240023,,,,,0.2848713904768374/0.21199439004249143
SNU_Rotenone_500nM_45,off_axis,data/off_axis_hologram/SNU_Rotenone_500nM_45_holo.tif,True,1,1024x1024,uint8,5,1196804,2026-09-16T09:09:54+00:00,BitsPerSample;Compression;FillOrder;ImageLength;ImageWidth;NewSubfileType;Orientation;PhotometricInterpretation;PlanarConfiguration;Predictor;ResolutionUnit;RowsPerStrip;SampleFormat;SamplesPerPixel;StripByteCounts;StripOffsets;XResolution;YResolution,False,False,
SNU_Rotenone_500nM_45,gabor,data/in_line_gabor_hologram/SNU_Rotenone_500nM_45_gabor.tif,True,1,1024x1024,uint8,5,496896,2026-09-16T09:08:15+00:00,BitsPerSample;Compression;FillOrder;ImageLength;ImageWidth;NewSubfileType;Orientation;PhotometricInterpretation;PlanarConfiguration;Predictor;ResolutionUnit;RowsPerStrip;SampleFormat;SamplesPerPixel;StripByteCounts;StripOffsets;XResolution;YResolution,False,False,
SNU_Rotenone_500nM_45,phase,data/phase/SNU_Rotenone_500nM_45_phase.bin,True,,900x900,float32,,3240023,,,,,0.2848713904768374/0.21199439004249143
SNU_Rotenone_500nM_46,off_axis,data/off_axis_hologram/SNU_Rotenone_500nM_46_holo.tif,True,1,1024x1024,uint8,5,1191682,2026-09-16T09:09:54+00:00,BitsPerSample;Compression;FillOrder;ImageLength;ImageWidth;NewSubfileType;Orientation;PhotometricInterpretation;PlanarConfiguration;Predictor;ResolutionUnit;RowsPerStrip;SampleFormat;SamplesPerPixel;StripByteCounts;StripOffsets;XResolution;YResolution,False,False,
SNU_Rotenone_500nM_46,gabor,data/in_line_gabor_hologram/SNU_Rotenone_500nM_46_gabor.tif,True,1,1024x1024,uint8,5,491368,2026-09-16T09:08:15+00:00,BitsPerSample;Compression;FillOrder;ImageLength;ImageWidth;NewSubfileType;Orientation;PhotometricInterpretation;PlanarConfiguration;Predictor;ResolutionUnit;RowsPerStrip;SampleFormat;SamplesPerPixel;StripByteCounts;StripOffsets;XResolution;YResolution,False,False,
SNU_Rotenone_500nM_46,phase,data/phase/SNU_Rotenone_500nM_46_phase.bin,True,,900x900,float32,,3240023,,,,,0.2848713904768374/0.21199439004249143
SNU_Rotenone_500nM_47,off_axis,data/off_axis_hologram/SNU_Rotenone_500nM_47_holo.tif,True,1,1024x1024,uint8,5,1192724,2026-09-16T09:09:54+00:00,BitsPerSample;Compression;FillOrder;ImageLength;ImageWidth;NewSubfileType;Orientation;PhotometricInterpretation;PlanarConfiguration;Predictor;ResolutionUnit;RowsPerStrip;SampleFormat;SamplesPerPixel;StripByteCounts;StripOffsets;XResolution;YResolution,False,False,
SNU_Rotenone_500nM_47,gabor,data/in_line_gabor_hologram/SNU_Rotenone_500nM_47_gabor.tif,True,1,1024x1024,uint8,5,499112,2026-09-16T09:08:15+00:00,BitsPerSample;Compression;FillOrder;ImageLength;ImageWidth;NewSubfileType;Orientation;PhotometricInterpretation;PlanarConfiguration;Predictor;ResolutionUnit;RowsPerStrip;SampleFormat;SamplesPerPixel;StripByteCounts;StripOffsets;XResolution;YResolution,False,False,
SNU_Rotenone_500nM_47,phase,data/phase/SNU_Rotenone_500nM_47_phase.bin,True,,900x900,float32,,3240023,,,,,0.2848713904768374/0.21199439004249143
SNU_Rotenone_500nM_48,off_axis,data/off_axis_hologram/SNU_Rotenone_500nM_48_holo.tif,True,1,1024x1024,uint8,5,1195648,2026-09-16T09:09:54+00:00,BitsPerSample;Compression;FillOrder;ImageLength;ImageWidth;NewSubfileType;Orientation;PhotometricInterpretation;PlanarConfiguration;Predictor;ResolutionUnit;RowsPerStrip;SampleFormat;SamplesPerPixel;StripByteCounts;StripOffsets;XResolution;YResolution,False,False,
SNU_Rotenone_500nM_48,gabor,data/in_line_gabor_hologram/SNU_Rotenone_500nM_48_gabor.tif,True,1,1024x1024,uint8,5,498182,2026-09-16T09:08:15+00:00,BitsPerSample;Compression;FillOrder;ImageLength;ImageWidth;NewSubfileType;Orientation;PhotometricInterpretation;PlanarConfiguration;Predictor;ResolutionUnit;RowsPerStrip;SampleFormat;SamplesPerPixel;StripByteCounts;StripOffsets;XResolution;YResolution,False,False,
SNU_Rotenone_500nM_48,phase,data/phase/SNU_Rotenone_500nM_48_phase.bin,True,,900x900,float32,,3240023,,,,,0.2848713904768374/0.21199439004249143
SNU_Rotenone_500nM_49,off_axis,data/off_axis_hologram/SNU_Rotenone_500nM_49_holo.tif,True,1,1024x1024,uint8,5,1195586,2026-09-16T09:09:54+00:00,BitsPerSample;Compression;FillOrder;ImageLength;ImageWidth;NewSubfileType;Orientation;PhotometricInterpretation;PlanarConfiguration;Predictor;ResolutionUnit;RowsPerStrip;SampleFormat;SamplesPerPixel;StripByteCounts;StripOffsets;XResolution;YResolution,False,False,
SNU_Rotenone_500nM_49,gabor,data/in_line_gabor_hologram/SNU_Rotenone_500nM_49_gabor.tif,True,1,1024x1024,uint8,5,491938,2026-09-16T09:08:15+00:00,BitsPerSample;Compression;FillOrder;ImageLength;ImageWidth;NewSubfileType;Orientation;PhotometricInterpretation;PlanarConfiguration;Predictor;ResolutionUnit;RowsPerStrip;SampleFormat;SamplesPerPixel;StripByteCounts;StripOffsets;XResolution;YResolution,False,False,
SNU_Rotenone_500nM_49,phase,data/phase/SNU_Rotenone_500nM_49_phase.bin,True,,900x900,float32,,3240023,,,,,0.2848713904768374/0.21199439004249143
SNU_Rotenone_500nM_50,off_axis,data/off_axis_hologram/SNU_Rotenone_500nM_50_holo.tif,True,1,1024x1024,uint8,5,1197252,2026-09-16T09:09:54+00:00,BitsPerSample;Compression;FillOrder;ImageLength;ImageWidth;NewSubfileType;Orientation;PhotometricInterpretation;PlanarConfiguration;Predictor;ResolutionUnit;RowsPerStrip;SampleFormat;SamplesPerPixel;StripByteCounts;StripOffsets;XResolution;YResolution,False,False,
SNU_Rotenone_500nM_50,gabor,data/in_line_gabor_hologram/SNU_Rotenone_500nM_50_gabor.tif,True,1,1024x1024,uint8,5,502292,2026-09-16T09:08:15+00:00,BitsPerSample;Compression;FillOrder;ImageLength;ImageWidth;NewSubfileType;Orientation;PhotometricInterpretation;PlanarConfiguration;Predictor;ResolutionUnit;RowsPerStrip;SampleFormat;SamplesPerPixel;StripByteCounts;StripOffsets;XResolution;YResolution,False,False,
SNU_Rotenone_500nM_50,phase,data/phase/SNU_Rotenone_500nM_50_phase.bin,True,,900x900,float32,,3240023,,,,,0.2848713904768374/0.21199439004249143
SNU_blebbistatin_01,off_axis,data/off_axis_hologram/SNU_blebbistatin_01_holo.tif,True,1,1024x1024,uint8,5,1230634,2026-09-16T09:09:53+00:00,BitsPerSample;Compression;FillOrder;ImageLength;ImageWidth;NewSubfileType;Orientation;PhotometricInterpretation;PlanarConfiguration;Predictor;ResolutionUnit;RowsPerStrip;SampleFormat;SamplesPerPixel;StripByteCounts;StripOffsets;XResolution;YResolution,False,False,
SNU_blebbistatin_01,gabor,data/in_line_gabor_hologram/SNU_blebbistatin_01_gabor.tif,True,1,1024x1024,uint8,5,531862,2026-09-16T09:08:15+00:00,BitsPerSample;Compression;FillOrder;ImageLength;ImageWidth;NewSubfileType;Orientation;PhotometricInterpretation;PlanarConfiguration;Predictor;ResolutionUnit;RowsPerStrip;SampleFormat;SamplesPerPixel;StripByteCounts;StripOffsets;XResolution;YResolution,False,False,
SNU_blebbistatin_01,phase,data/phase/SNU_blebbistatin_01_phase.bin,True,,900x900,float32,,3240023,,,,,0.2848713904768374/0.21199439004249143
SNU_blebbistatin_02,off_axis,data/off_axis_hologram/SNU_blebbistatin_02_holo.tif,True,1,1024x1024,uint8,5,1234704,2026-09-16T09:09:53+00:00,BitsPerSample;Compression;FillOrder;ImageLength;ImageWidth;NewSubfileType;Orientation;PhotometricInterpretation;PlanarConfiguration;Predictor;ResolutionUnit;RowsPerStrip;SampleFormat;SamplesPerPixel;StripByteCounts;StripOffsets;XResolution;YResolution,False,False,
SNU_blebbistatin_02,gabor,data/in_line_gabor_hologram/SNU_blebbistatin_02_gabor.tif,True,1,1024x1024,uint8,5,549708,2026-09-16T09:08:15+00:00,BitsPerSample;Compression;FillOrder;ImageLength;ImageWidth;NewSubfileType;Orientation;PhotometricInterpretation;PlanarConfiguration;Predictor;ResolutionUnit;RowsPerStrip;SampleFormat;SamplesPerPixel;StripByteCounts;StripOffsets;XResolution;YResolution,False,False,
SNU_blebbistatin_02,phase,data/phase/SNU_blebbistatin_02_phase.bin,True,,900x900,float32,,3240023,,,,,0.2848713904768374/0.21199439004249143
SNU_blebbistatin_03,off_axis,data/off_axis_hologram/SNU_blebbistatin_03_holo.tif,True,1,1024x1024,uint8,5,1231760,2026-09-16T09:09:53+00:00,BitsPerSample;Compression;FillOrder;ImageLength;ImageWidth;NewSubfileType;Orientation;PhotometricInterpretation;PlanarConfiguration;Predictor;ResolutionUnit;RowsPerStrip;SampleFormat;SamplesPerPixel;StripByteCounts;StripOffsets;XResolution;YResolution,False,False,
SNU_blebbistatin_03,gabor,data/in_line_gabor_hologram/SNU_blebbistatin_03_gabor.tif,True,1,1024x1024,uint8,5,539150,2026-09-16T09:08:15+00:00,BitsPerSample;Compression;FillOrder;ImageLength;ImageWidth;NewSubfileType;Orientation;PhotometricInterpretation;PlanarConfiguration;Predictor;ResolutionUnit;RowsPerStrip;SampleFormat;SamplesPerPixel;StripByteCounts;StripOffsets;XResolution;YResolution,False,False,
SNU_blebbistatin_03,phase,data/phase/SNU_blebbistatin_03_phase.bin,True,,900x900,float32,,3240023,,,,,0.2848713904768374/0.21199439004249143
SNU_blebbistatin_04,off_axis,data/off_axis_hologram/SNU_blebbistatin_04_holo.tif,True,1,1024x1024,uint8,5,1229578,2026-09-16T09:09:53+00:00,BitsPerSample;Compression;FillOrder;ImageLength;ImageWidth;NewSubfileType;Orientation;PhotometricInterpretation;PlanarConfiguration;Predictor;ResolutionUnit;RowsPerStrip;SampleFormat;SamplesPerPixel;StripByteCounts;StripOffsets;XResolution;YResolution,False,False,
SNU_blebbistatin_04,gabor,data/in_line_gabor_hologram/SNU_blebbistatin_04_gabor.tif,True,1,1024x1024,uint8,5,550240,2026-09-16T09:08:15+00:00,BitsPerSample;Compression;FillOrder;ImageLength;ImageWidth;NewSubfileType;Orientation;PhotometricInterpretation;PlanarConfiguration;Predictor;ResolutionUnit;RowsPerStrip;SampleFormat;SamplesPerPixel;StripByteCounts;StripOffsets;XResolution;YResolution,False,False,
SNU_blebbistatin_04,phase,data/phase/SNU_blebbistatin_04_phase.bin,True,,900x900,float32,,3240023,,,,,0.2848713904768374/0.21199439004249143
SNU_blebbistatin_05,off_axis,data/off_axis_hologram/SNU_blebbistatin_05_holo.tif,True,1,1024x1024,uint8,5,1226926,2026-09-16T09:09:53+00:00,BitsPerSample;Compression;FillOrder;ImageLength;ImageWidth;NewSubfileType;Orientation;PhotometricInterpretation;PlanarConfiguration;Predictor;ResolutionUnit;RowsPerStrip;SampleFormat;SamplesPerPixel;StripByteCounts;StripOffsets;XResolution;YResolution,False,False,
SNU_blebbistatin_05,gabor,data/in_line_gabor_hologram/SNU_blebbistatin_05_gabor.tif,True,1,1024x1024,uint8,5,538134,2026-09-16T09:08:15+00:00,BitsPerSample;Compression;FillOrder;ImageLength;ImageWidth;NewSubfileType;Orientation;PhotometricInterpretation;PlanarConfiguration;Predictor;ResolutionUnit;RowsPerStrip;SampleFormat;SamplesPerPixel;StripByteCounts;StripOffsets;XResolution;YResolution,False,False,
SNU_blebbistatin_05,phase,data/phase/SNU_blebbistatin_05_phase.bin,True,,900x900,float32,,3240023,,,,,0.2848713904768374/0.21199439004249143
SNU_blebbistatin_06,off_axis,data/off_axis_hologram/SNU_blebbistatin_06_holo.tif,True,1,1024x1024,uint8,5,1223636,2026-09-16T09:09:53+00:00,BitsPerSample;Compression;FillOrder;ImageLength;ImageWidth;NewSubfileType;Orientation;PhotometricInterpretation;PlanarConfiguration;Predictor;ResolutionUnit;RowsPerStrip;SampleFormat;SamplesPerPixel;StripByteCounts;StripOffsets;XResolution;YResolution,False,False,
SNU_blebbistatin_06,gabor,data/in_line_gabor_hologram/SNU_blebbistatin_06_gabor.tif,True,1,1024x1024,uint8,5,533550,2026-09-16T09:08:15+00:00,BitsPerSample;Compression;FillOrder;ImageLength;ImageWidth;NewSubfileType;Orientation;PhotometricInterpretation;PlanarConfiguration;Predictor;ResolutionUnit;RowsPerStrip;SampleFormat;SamplesPerPixel;StripByteCounts;StripOffsets;XResolution;YResolution,False,False,
SNU_blebbistatin_06,phase,data/phase/SNU_blebbistatin_06_phase.bin,True,,900x900,float32,,3240023,,,,,0.2848713904768374/0.21199439004249143
SNU_blebbistatin_07,off_axis,data/off_axis_hologram/SNU_blebbistatin_07_holo.tif,True,1,1024x1024,uint8,5,1223620,2026-09-16T09:09:53+00:00,BitsPerSample;Compression;FillOrder;ImageLength;ImageWidth;NewSubfileType;Orientation;PhotometricInterpretation;PlanarConfiguration;Predictor;ResolutionUnit;RowsPerStrip;SampleFormat;SamplesPerPixel;StripByteCounts;StripOffsets;XResolution;YResolution,False,False,
SNU_blebbistatin_07,gabor,data/in_line_gabor_hologram/SNU_blebbistatin_07_gabor.tif,True,1,1024x1024,uint8,5,536778,2026-09-16T09:08:15+00:00,BitsPerSample;Compression;FillOrder;ImageLength;ImageWidth;NewSubfileType;Orientation;PhotometricInterpretation;PlanarConfiguration;Predictor;ResolutionUnit;RowsPerStrip;SampleFormat;SamplesPerPixel;StripByteCounts;StripOffsets;XResolution;YResolution,False,False,
SNU_blebbistatin_07,phase,data/phase/SNU_blebbistatin_07_phase.bin,True,,900x900,float32,,3240023,,,,,0.2848713904768374/0.21199439004249143
SNU_blebbistatin_08,off_axis,data/off_axis_hologram/SNU_blebbistatin_08_holo.tif,True,1,1024x1024,uint8,5,1223658,2026-09-16T09:09:53+00:00,BitsPerSample;Compression;FillOrder;ImageLength;ImageWidth;NewSubfileType;Orientation;PhotometricInterpretation;PlanarConfiguration;Predictor;ResolutionUnit;RowsPerStrip;SampleFormat;SamplesPerPixel;StripByteCounts;StripOffsets;XResolution;YResolution,False,False,
SNU_blebbistatin_08,gabor,data/in_line_gabor_hologram/SNU_blebbistatin_08_gabor.tif,True,1,1024x1024,uint8,5,529928,2026-09-16T09:08:15+00:00,BitsPerSample;Compression;FillOrder;ImageLength;ImageWidth;NewSubfileType;Orientation;PhotometricInterpretation;PlanarConfiguration;Predictor;ResolutionUnit;RowsPerStrip;SampleFormat;SamplesPerPixel;StripByteCounts;StripOffsets;XResolution;YResolution,False,False,
SNU_blebbistatin_08,phase,data/phase/SNU_blebbistatin_08_phase.bin,True,,900x900,float32,,3240023,,,,,0.2848713904768374/0.21199439004249143
SNU_blebbistatin_09,off_axis,data/off_axis_hologram/SNU_blebbistatin_09_holo.tif,True,1,1024x1024,uint8,5,1225192,2026-09-16T09:09:53+00:00,BitsPerSample;Compression;FillOrder;ImageLength;ImageWidth;NewSubfileType;Orientation;PhotometricInterpretation;PlanarConfiguration;Predictor;ResolutionUnit;RowsPerStrip;SampleFormat;SamplesPerPixel;StripByteCounts;StripOffsets;XResolution;YResolution,False,False,
SNU_blebbistatin_09,gabor,data/in_line_gabor_hologram/SNU_blebbistatin_09_gabor.tif,True,1,1024x1024,uint8,5,531512,2026-09-16T09:08:15+00:00,BitsPerSample;Compression;FillOrder;ImageLength;ImageWidth;NewSubfileType;Orientation;PhotometricInterpretation;PlanarConfiguration;Predictor;ResolutionUnit;RowsPerStrip;SampleFormat;SamplesPerPixel;StripByteCounts;StripOffsets;XResolution;YResolution,False,False,
SNU_blebbistatin_09,phase,data/phase/SNU_blebbistatin_09_phase.bin,True,,900x900,float32,,3240023,,,,,0.2848713904768374/0.21199439004249143
SNU_blebbistatin_10,off_axis,data/off_axis_hologram/SNU_blebbistatin_10_holo.tif,True,1,1024x1024,uint8,5,1222744,2026-09-16T09:09:53+00:00,BitsPerSample;Compression;FillOrder;ImageLength;ImageWidth;NewSubfileType;Orientation;PhotometricInterpretation;PlanarConfiguration;Predictor;ResolutionUnit;RowsPerStrip;SampleFormat;SamplesPerPixel;StripByteCounts;StripOffsets;XResolution;YResolution,False,False,
SNU_blebbistatin_10,gabor,data/in_line_gabor_hologram/SNU_blebbistatin_10_gabor.tif,True,1,1024x1024,uint8,5,532060,2026-09-16T09:08:15+00:00,BitsPerSample;Compression;FillOrder;ImageLength;ImageWidth;NewSubfileType;Orientation;PhotometricInterpretation;PlanarConfiguration;Predictor;ResolutionUnit;RowsPerStrip;SampleFormat;SamplesPerPixel;StripByteCounts;StripOffsets;XResolution;YResolution,False,False,
SNU_blebbistatin_10,phase,data/phase/SNU_blebbistatin_10_phase.bin,True,,900x900,float32,,3240023,,,,,0.2848713904768374/0.21199439004249143
SNU_blebbistatin_11,off_axis,data/off_axis_hologram/SNU_blebbistatin_11_holo.tif,True,1,1024x1024,uint8,5,1224974,2026-09-16T09:09:53+00:00,BitsPerSample;Compression;FillOrder;ImageLength;ImageWidth;NewSubfileType;Orientation;PhotometricInterpretation;PlanarConfiguration;Predictor;ResolutionUnit;RowsPerStrip;SampleFormat;SamplesPerPixel;StripByteCounts;StripOffsets;XResolution;YResolution,False,False,
SNU_blebbistatin_11,gabor,data/in_line_gabor_hologram/SNU_blebbistatin_11_gabor.tif,True,1,1024x1024,uint8,5,529592,2026-09-16T09:08:15+00:00,BitsPerSample;Compression;FillOrder;ImageLength;ImageWidth;NewSubfileType;Orientation;PhotometricInterpretation;PlanarConfiguration;Predictor;ResolutionUnit;RowsPerStrip;SampleFormat;SamplesPerPixel;StripByteCounts;StripOffsets;XResolution;YResolution,False,False,
SNU_blebbistatin_11,phase,data/phase/SNU_blebbistatin_11_phase.bin,True,,900x900,float32,,3240023,,,,,0.2848713904768374/0.21199439004249143
SNU_blebbistatin_12,off_axis,data/off_axis_hologram/SNU_blebbistatin_12_holo.tif,True,1,1024x1024,uint8,5,1230688,2026-09-16T09:09:53+00:00,BitsPerSample;Compression;FillOrder;ImageLength;ImageWidth;NewSubfileType;Orientation;PhotometricInterpretation;PlanarConfiguration;Predictor;ResolutionUnit;RowsPerStrip;SampleFormat;SamplesPerPixel;StripByteCounts;StripOffsets;XResolution;YResolution,False,False,
SNU_blebbistatin_12,gabor,data/in_line_gabor_hologram/SNU_blebbistatin_12_gabor.tif,True,1,1024x1024,uint8,5,547848,2026-09-16T09:08:15+00:00,BitsPerSample;Compression;FillOrder;ImageLength;ImageWidth;NewSubfileType;Orientation;PhotometricInterpretation;PlanarConfiguration;Predictor;ResolutionUnit;RowsPerStrip;SampleFormat;SamplesPerPixel;StripByteCounts;StripOffsets;XResolution;YResolution,False,False,
SNU_blebbistatin_12,phase,data/phase/SNU_blebbistatin_12_phase.bin,True,,900x900,float32,,3240023,,,,,0.2848713904768374/0.21199439004249143
SNU_blebbistatin_13,off_axis,data/off_axis_hologram/SNU_blebbistatin_13_holo.tif,True,1,1024x1024,uint8,5,1226162,2026-09-16T09:09:53+00:00,BitsPerSample;Compression;FillOrder;ImageLength;ImageWidth;NewSubfileType;Orientation;PhotometricInterpretation;PlanarConfiguration;Predictor;ResolutionUnit;RowsPerStrip;SampleFormat;SamplesPerPixel;StripByteCounts;StripOffsets;XResolution;YResolution,False,False,
SNU_blebbistatin_13,gabor,data/in_line_gabor_hologram/SNU_blebbistatin_13_gabor.tif,True,1,1024x1024,uint8,5,546762,2026-09-16T09:08:15+00:00,BitsPerSample;Compression;FillOrder;ImageLength;ImageWidth;NewSubfileType;Orientation;PhotometricInterpretation;PlanarConfiguration;Predictor;ResolutionUnit;RowsPerStrip;SampleFormat;SamplesPerPixel;StripByteCounts;StripOffsets;XResolution;YResolution,False,False,
SNU_blebbistatin_13,phase,data/phase/SNU_blebbistatin_13_phase.bin,True,,900x900,float32,,3240023,,,,,0.2848713904768374/0.21199439004249143
SNU_blebbistatin_14,off_axis,data/off_axis_hologram/SNU_blebbistatin_14_holo.tif,True,1,1024x1024,uint8,5,1230578,2026-09-16T09:09:53+00:00,BitsPerSample;Compression;FillOrder;ImageLength;ImageWidth;NewSubfileType;Orientation;PhotometricInterpretation;PlanarConfiguration;Predictor;ResolutionUnit;RowsPerStrip;SampleFormat;SamplesPerPixel;StripByteCounts;StripOffsets;XResolution;YResolution,False,False,
SNU_blebbistatin_14,gabor,data/in_line_gabor_hologram/SNU_blebbistatin_14_gabor.tif,True,1,1024x1024,uint8,5,544816,2026-09-16T09:08:15+00:00,BitsPerSample;Compression;FillOrder;ImageLength;ImageWidth;NewSubfileType;Orientation;PhotometricInterpretation;PlanarConfiguration;Predictor;ResolutionUnit;RowsPerStrip;SampleFormat;SamplesPerPixel;StripByteCounts;StripOffsets;XResolution;YResolution,False,False,
SNU_blebbistatin_14,phase,data/phase/SNU_blebbistatin_14_phase.bin,True,,900x900,float32,,3240023,,,,,0.2848713904768374/0.21199439004249143
SNU_blebbistatin_15,off_axis,data/off_axis_hologram/SNU_blebbistatin_15_holo.tif,True,1,1024x1024,uint8,5,1222768,2026-09-16T09:09:53+00:00,BitsPerSample;Compression;FillOrder;ImageLength;ImageWidth;NewSubfileType;Orientation;PhotometricInterpretation;PlanarConfiguration;Predictor;ResolutionUnit;RowsPerStrip;SampleFormat;SamplesPerPixel;StripByteCounts;StripOffsets;XResolution;YResolution,False,False,
SNU_blebbistatin_15,gabor,data/in_line_gabor_hologram/SNU_blebbistatin_15_gabor.tif,True,1,1024x1024,uint8,5,535446,2026-09-16T09:08:15+00:00,BitsPerSample;Compression;FillOrder;ImageLength;ImageWidth;NewSubfileType;Orientation;PhotometricInterpretation;PlanarConfiguration;Predictor;ResolutionUnit;RowsPerStrip;SampleFormat;SamplesPerPixel;StripByteCounts;StripOffsets;XResolution;YResolution,False,False,
SNU_blebbistatin_15,phase,data/phase/SNU_blebbistatin_15_phase.bin,True,,900x900,float32,,3240023,,,,,0.2848713904768374/0.21199439004249143
SNU_blebbistatin_16,off_axis,data/off_axis_hologram/SNU_blebbistatin_16_holo.tif,True,1,1024x1024,uint8,5,1226018,2026-09-16T09:09:53+00:00,BitsPerSample;Compression;FillOrder;ImageLength;ImageWidth;NewSubfileType;Orientation;PhotometricInterpretation;PlanarConfiguration;Predictor;ResolutionUnit;RowsPerStrip;SampleFormat;SamplesPerPixel;StripByteCounts;StripOffsets;XResolution;YResolution,False,False,
SNU_blebbistatin_16,gabor,data/in_line_gabor_hologram/SNU_blebbistatin_16_gabor.tif,True,1,1024x1024,uint8,5,535824,2026-09-16T09:08:15+00:00,BitsPerSample;Compression;FillOrder;ImageLength;ImageWidth;NewSubfileType;Orientation;PhotometricInterpretation;PlanarConfiguration;Predictor;ResolutionUnit;RowsPerStrip;SampleFormat;SamplesPerPixel;StripByteCounts;StripOffsets;XResolution;YResolution,False,False,
SNU_blebbistatin_16,phase,data/phase/SNU_blebbistatin_16_phase.bin,True,,900x900,float32,,3240023,,,,,0.2848713904768374/0.21199439004249143
SNU_blebbistatin_17,off_axis,data/off_axis_hologram/SNU_blebbistatin_17_holo.tif,True,1,1024x1024,uint8,5,1224722,2026-09-16T09:09:53+00:00,BitsPerSample;Compression;FillOrder;ImageLength;ImageWidth;NewSubfileType;Orientation;PhotometricInterpretation;PlanarConfiguration;Predictor;ResolutionUnit;RowsPerStrip;SampleFormat;SamplesPerPixel;StripByteCounts;StripOffsets;XResolution;YResolution,False,False,
SNU_blebbistatin_17,gabor,data/in_line_gabor_hologram/SNU_blebbistatin_17_gabor.tif,True,1,1024x1024,uint8,5,534104,2026-09-16T09:08:15+00:00,BitsPerSample;Compression;FillOrder;ImageLength;ImageWidth;NewSubfileType;Orientation;PhotometricInterpretation;PlanarConfiguration;Predictor;ResolutionUnit;RowsPerStrip;SampleFormat;SamplesPerPixel;StripByteCounts;StripOffsets;XResolution;YResolution,False,False,
SNU_blebbistatin_17,phase,data/phase/SNU_blebbistatin_17_phase.bin,True,,900x900,float32,,3240023,,,,,0.2848713904768374/0.21199439004249143
SNU_blebbistatin_18,off_axis,data/off_axis_hologram/SNU_blebbistatin_18_holo.tif,True,1,1024x1024,uint8,5,1222158,2026-09-16T09:09:53+00:00,BitsPerSample;Compression;FillOrder;ImageLength;ImageWidth;NewSubfileType;Orientation;PhotometricInterpretation;PlanarConfiguration;Predictor;ResolutionUnit;RowsPerStrip;SampleFormat;SamplesPerPixel;StripByteCounts;StripOffsets;XResolution;YResolution,False,False,
SNU_blebbistatin_18,gabor,data/in_line_gabor_hologram/SNU_blebbistatin_18_gabor.tif,True,1,1024x1024,uint8,5,523426,2026-09-16T09:08:15+00:00,BitsPerSample;Compression;FillOrder;ImageLength;ImageWidth;NewSubfileType;Orientation;PhotometricInterpretation;PlanarConfiguration;Predictor;ResolutionUnit;RowsPerStrip;SampleFormat;SamplesPerPixel;StripByteCounts;StripOffsets;XResolution;YResolution,False,False,
SNU_blebbistatin_18,phase,data/phase/SNU_blebbistatin_18_phase.bin,True,,900x900,float32,,3240023,,,,,0.2848713904768374/0.21199439004249143
SNU_blebbistatin_19,off_axis,data/off_axis_hologram/SNU_blebbistatin_19_holo.tif,True,1,1024x1024,uint8,5,1058502,2026-09-16T09:09:53+00:00,BitsPerSample;Compression;FillOrder;ImageLength;ImageWidth;NewSubfileType;Orientation;PhotometricInterpretation;PlanarConfiguration;Predictor;ResolutionUnit;RowsPerStrip;SampleFormat;SamplesPerPixel;StripByteCounts;StripOffsets;XResolution;YResolution,False,False,
SNU_blebbistatin_19,gabor,data/in_line_gabor_hologram/SNU_blebbistatin_19_gabor.tif,True,1,1024x1024,uint8,5,523290,2026-09-16T09:08:15+00:00,BitsPerSample;Compression;FillOrder;ImageLength;ImageWidth;NewSubfileType;Orientation;PhotometricInterpretation;PlanarConfiguration;Predictor;ResolutionUnit;RowsPerStrip;SampleFormat;SamplesPerPixel;StripByteCounts;StripOffsets;XResolution;YResolution,False,False,
SNU_blebbistatin_19,phase,data/phase/SNU_blebbistatin_19_phase.bin,True,,900x900,float32,,3240023,,,,,0.2848713904768374/0.21199439004249143
SNU_blebbistatin_20,off_axis,data/off_axis_hologram/SNU_blebbistatin_20_holo.tif,True,1,1024x1024,uint8,5,1220810,2026-09-16T09:09:53+00:00,BitsPerSample;Compression;FillOrder;ImageLength;ImageWidth;NewSubfileType;Orientation;PhotometricInterpretation;PlanarConfiguration;Predictor;ResolutionUnit;RowsPerStrip;SampleFormat;SamplesPerPixel;StripByteCounts;StripOffsets;XResolution;YResolution,False,False,
SNU_blebbistatin_20,gabor,data/in_line_gabor_hologram/SNU_blebbistatin_20_gabor.tif,True,1,1024x1024,uint8,5,535096,2026-09-16T09:08:15+00:00,BitsPerSample;Compression;FillOrder;ImageLength;ImageWidth;NewSubfileType;Orientation;PhotometricInterpretation;PlanarConfiguration;Predictor;ResolutionUnit;RowsPerStrip;SampleFormat;SamplesPerPixel;StripByteCounts;StripOffsets;XResolution;YResolution,False,False,
SNU_blebbistatin_20,phase,data/phase/SNU_blebbistatin_20_phase.bin,True,,900x900,float32,,3240023,,,,,0.2848713904768374/0.21199439004249143
SNU_blebbistatin_21,off_axis,data/off_axis_hologram/SNU_blebbistatin_21_holo.tif,True,1,1024x1024,uint8,5,1217834,2026-09-16T09:09:53+00:00,BitsPerSample;Compression;FillOrder;ImageLength;ImageWidth;NewSubfileType;Orientation;PhotometricInterpretation;PlanarConfiguration;Predictor;ResolutionUnit;RowsPerStrip;SampleFormat;SamplesPerPixel;StripByteCounts;StripOffsets;XResolution;YResolution,False,False,
SNU_blebbistatin_21,gabor,data/in_line_gabor_hologram/SNU_blebbistatin_21_gabor.tif,True,1,1024x1024,uint8,5,526544,2026-09-16T09:08:15+00:00,BitsPerSample;Compression;FillOrder;ImageLength;ImageWidth;NewSubfileType;Orientation;PhotometricInterpretation;PlanarConfiguration;Predictor;ResolutionUnit;RowsPerStrip;SampleFormat;SamplesPerPixel;StripByteCounts;StripOffsets;XResolution;YResolution,False,False,
SNU_blebbistatin_21,phase,data/phase/SNU_blebbistatin_21_phase.bin,True,,900x900,float32,,3240023,,,,,0.2848713904768374/0.21199439004249143
SNU_blebbistatin_22,off_axis,data/off_axis_hologram/SNU_blebbistatin_22_holo.tif,True,1,1024x1024,uint8,5,1218436,2026-09-16T09:09:53+00:00,BitsPerSample;Compression;FillOrder;ImageLength;ImageWidth;NewSubfileType;Orientation;PhotometricInterpretation;PlanarConfiguration;Predictor;ResolutionUnit;RowsPerStrip;SampleFormat;SamplesPerPixel;StripByteCounts;StripOffsets;XResolution;YResolution,False,False,
SNU_blebbistatin_22,gabor,data/in_line_gabor_hologram/SNU_blebbistatin_22_gabor.tif,True,1,1024x1024,uint8,5,515138,2026-09-16T09:08:15+00:00,BitsPerSample;Compression;FillOrder;ImageLength;ImageWidth;NewSubfileType;Orientation;PhotometricInterpretation;PlanarConfiguration;Predictor;ResolutionUnit;RowsPerStrip;SampleFormat;SamplesPerPixel;StripByteCounts;StripOffsets;XResolution;YResolution,False,False,
SNU_blebbistatin_22,phase,data/phase/SNU_blebbistatin_22_phase.bin,True,,900x900,float32,,3240023,,,,,0.2848713904768374/0.21199439004249143
SNU_blebbistatin_23,off_axis,data/off_axis_hologram/SNU_blebbistatin_23_holo.tif,True,1,1024x1024,uint8,5,1221152,2026-09-16T09:09:53+00:00,BitsPerSample;Compression;FillOrder;ImageLength;ImageWidth;NewSubfileType;Orientation;PhotometricInterpretation;PlanarConfiguration;Predictor;ResolutionUnit;RowsPerStrip;SampleFormat;SamplesPerPixel;StripByteCounts;StripOffsets;XResolution;YResolution,False,False,
SNU_blebbistatin_23,gabor,data/in_line_gabor_hologram/SNU_blebbistatin_23_gabor.tif,True,1,1024x1024,uint8,5,525948,2026-09-16T09:08:15+00:00,BitsPerSample;Compression;FillOrder;ImageLength;ImageWidth;NewSubfileType;Orientation;PhotometricInterpretation;PlanarConfiguration;Predictor;ResolutionUnit;RowsPerStrip;SampleFormat;SamplesPerPixel;StripByteCounts;StripOffsets;XResolution;YResolution,False,False,
SNU_blebbistatin_23,phase,data/phase/SNU_blebbistatin_23_phase.bin,True,,900x900,float32,,3240023,,,,,0.2848713904768374/0.21199439004249143
SNU_blebbistatin_24,off_axis,data/off_axis_hologram/SNU_blebbistatin_24_holo.tif,True,1,1024x1024,uint8,5,1219606,2026-09-16T09:09:53+00:00,BitsPerSample;Compression;FillOrder;ImageLength;ImageWidth;NewSubfileType;Orientation;PhotometricInterpretation;PlanarConfiguration;Predictor;ResolutionUnit;RowsPerStrip;SampleFormat;SamplesPerPixel;StripByteCounts;StripOffsets;XResolution;YResolution,False,False,
SNU_blebbistatin_24,gabor,data/in_line_gabor_hologram/SNU_blebbistatin_24_gabor.tif,True,1,1024x1024,uint8,5,535142,2026-09-16T09:08:15+00:00,BitsPerSample;Compression;FillOrder;ImageLength;ImageWidth;NewSubfileType;Orientation;PhotometricInterpretation;PlanarConfiguration;Predictor;ResolutionUnit;RowsPerStrip;SampleFormat;SamplesPerPixel;StripByteCounts;StripOffsets;XResolution;YResolution,False,False,
SNU_blebbistatin_24,phase,data/phase/SNU_blebbistatin_24_phase.bin,True,,900x900,float32,,3240023,,,,,0.2848713904768374/0.21199439004249143
SNU_blebbistatin_25,off_axis,data/off_axis_hologram/SNU_blebbistatin_25_holo.tif,True,1,1024x1024,uint8,5,1220870,2026-09-16T09:09:53+00:00,BitsPerSample;Compression;FillOrder;ImageLength;ImageWidth;NewSubfileType;Orientation;PhotometricInterpretation;PlanarConfiguration;Predictor;ResolutionUnit;RowsPerStrip;SampleFormat;SamplesPerPixel;StripByteCounts;StripOffsets;XResolution;YResolution,False,False,
SNU_blebbistatin_25,gabor,data/in_line_gabor_hologram/SNU_blebbistatin_25_gabor.tif,True,1,1024x1024,uint8,5,521018,2026-09-16T09:08:15+00:00,BitsPerSample;Compression;FillOrder;ImageLength;ImageWidth;NewSubfileType;Orientation;PhotometricInterpretation;PlanarConfiguration;Predictor;ResolutionUnit;RowsPerStrip;SampleFormat;SamplesPerPixel;StripByteCounts;StripOffsets;XResolution;YResolution,False,False,
SNU_blebbistatin_25,phase,data/phase/SNU_blebbistatin_25_phase.bin,True,,900x900,float32,,3240023,,,,,0.2848713904768374/0.21199439004249143
SNU_blebbistatin_26,off_axis,data/off_axis_hologram/SNU_blebbistatin_26_holo.tif,True,1,1024x1024,uint8,5,1219302,2026-09-16T09:09:53+00:00,BitsPerSample;Compression;FillOrder;ImageLength;ImageWidth;NewSubfileType;Orientation;PhotometricInterpretation;PlanarConfiguration;Predictor;ResolutionUnit;RowsPerStrip;SampleFormat;SamplesPerPixel;StripByteCounts;StripOffsets;XResolution;YResolution,False,False,
SNU_blebbistatin_26,gabor,data/in_line_gabor_hologram/SNU_blebbistatin_26_gabor.tif,True,1,1024x1024,uint8,5,520830,2026-09-16T09:08:15+00:00,BitsPerSample;Compression;FillOrder;ImageLength;ImageWidth;NewSubfileType;Orientation;PhotometricInterpretation;PlanarConfiguration;Predictor;ResolutionUnit;RowsPerStrip;SampleFormat;SamplesPerPixel;StripByteCounts;StripOffsets;XResolution;YResolution,False,False,
SNU_blebbistatin_26,phase,data/phase/SNU_blebbistatin_26_phase.bin,True,,900x900,float32,,3240023,,,,,0.2848713904768374/0.21199439004249143
SNU_blebbistatin_27,off_axis,data/off_axis_hologram/SNU_blebbistatin_27_holo.tif,True,1,1024x1024,uint8,5,1218596,2026-09-16T09:09:53+00:00,BitsPerSample;Compression;FillOrder;ImageLength;ImageWidth;NewSubfileType;Orientation;PhotometricInterpretation;PlanarConfiguration;Predictor;ResolutionUnit;RowsPerStrip;SampleFormat;SamplesPerPixel;StripByteCounts;StripOffsets;XResolution;YResolution,False,False,
SNU_blebbistatin_27,gabor,data/in_line_gabor_hologram/SNU_blebbistatin_27_gabor.tif,True,1,1024x1024,uint8,5,519196,2026-09-16T09:08:15+00:00,BitsPerSample;Compression;FillOrder;ImageLength;ImageWidth;NewSubfileType;Orientation;PhotometricInterpretation;PlanarConfiguration;Predictor;ResolutionUnit;RowsPerStrip;SampleFormat;SamplesPerPixel;StripByteCounts;StripOffsets;XResolution;YResolution,False,False,
SNU_blebbistatin_27,phase,data/phase/SNU_blebbistatin_27_phase.bin,True,,900x900,float32,,3240023,,,,,0.2848713904768374/0.21199439004249143
SNU_blebbistatin_28,off_axis,data/off_axis_hologram/SNU_blebbistatin_28_holo.tif,True,1,1024x1024,uint8,5,1215390,2026-09-16T09:09:53+00:00,BitsPerSample;Compression;FillOrder;ImageLength;ImageWidth;NewSubfileType;Orientation;PhotometricInterpretation;PlanarConfiguration;Predictor;ResolutionUnit;RowsPerStrip;SampleFormat;SamplesPerPixel;StripByteCounts;StripOffsets;XResolution;YResolution,False,False,
SNU_blebbistatin_28,gabor,data/in_line_gabor_hologram/SNU_blebbistatin_28_gabor.tif,True,1,1024x1024,uint8,5,524124,2026-09-16T09:08:15+00:00,BitsPerSample;Compression;FillOrder;ImageLength;ImageWidth;NewSubfileType;Orientation;PhotometricInterpretation;PlanarConfiguration;Predictor;ResolutionUnit;RowsPerStrip;SampleFormat;SamplesPerPixel;StripByteCounts;StripOffsets;XResolution;YResolution,False,False,
SNU_blebbistatin_28,phase,data/phase/SNU_blebbistatin_28_phase.bin,True,,900x900,float32,,3240023,,,,,0.2848713904768374/0.21199439004249143
SNU_blebbistatin_29,off_axis,data/off_axis_hologram/SNU_blebbistatin_29_holo.tif,True,1,1024x1024,uint8,5,1217132,2026-09-16T09:09:53+00:00,BitsPerSample;Compression;FillOrder;ImageLength;ImageWidth;NewSubfileType;Orientation;PhotometricInterpretation;PlanarConfiguration;Predictor;ResolutionUnit;RowsPerStrip;SampleFormat;SamplesPerPixel;StripByteCounts;StripOffsets;XResolution;YResolution,False,False,
SNU_blebbistatin_29,gabor,data/in_line_gabor_hologram/SNU_blebbistatin_29_gabor.tif,True,1,1024x1024,uint8,5,513010,2026-09-16T09:08:15+00:00,BitsPerSample;Compression;FillOrder;ImageLength;ImageWidth;NewSubfileType;Orientation;PhotometricInterpretation;PlanarConfiguration;Predictor;ResolutionUnit;RowsPerStrip;SampleFormat;SamplesPerPixel;StripByteCounts;StripOffsets;XResolution;YResolution,False,False,
SNU_blebbistatin_29,phase,data/phase/SNU_blebbistatin_29_phase.bin,True,,900x900,float32,,3240023,,,,,0.2848713904768374/0.21199439004249143
SNU_blebbistatin_30,off_axis,data/off_axis_hologram/SNU_blebbistatin_30_holo.tif,True,1,1024x1024,uint8,5,1219608,2026-09-16T09:09:53+00:00,BitsPerSample;Compression;FillOrder;ImageLength;ImageWidth;NewSubfileType;Orientation;PhotometricInterpretation;PlanarConfiguration;Predictor;ResolutionUnit;RowsPerStrip;SampleFormat;SamplesPerPixel;StripByteCounts;StripOffsets;XResolution;YResolution,False,False,
SNU_blebbistatin_30,gabor,data/in_line_gabor_hologram/SNU_blebbistatin_30_gabor.tif,True,1,1024x1024,uint8,5,526358,2026-09-16T09:08:15+00:00,BitsPerSample;Compression;FillOrder;ImageLength;ImageWidth;NewSubfileType;Orientation;PhotometricInterpretation;PlanarConfiguration;Predictor;ResolutionUnit;RowsPerStrip;SampleFormat;SamplesPerPixel;StripByteCounts;StripOffsets;XResolution;YResolution,False,False,
SNU_blebbistatin_30,phase,data/phase/SNU_blebbistatin_30_phase.bin,True,,900x900,float32,,3240023,,,,,0.2848713904768374/0.21199439004249143
SNU_blebbistatin_31,off_axis,data/off_axis_hologram/SNU_blebbistatin_31_holo.tif,True,1,1024x1024,uint8,5,1219926,2026-09-16T09:09:53+00:00,BitsPerSample;Compression;FillOrder;ImageLength;ImageWidth;NewSubfileType;Orientation;PhotometricInterpretation;PlanarConfiguration;Predictor;ResolutionUnit;RowsPerStrip;SampleFormat;SamplesPerPixel;StripByteCounts;StripOffsets;XResolution;YResolution,False,False,
SNU_blebbistatin_31,gabor,data/in_line_gabor_hologram/SNU_blebbistatin_31_gabor.tif,True,1,1024x1024,uint8,5,522514,2026-09-16T09:08:15+00:00,BitsPerSample;Compression;FillOrder;ImageLength;ImageWidth;NewSubfileType;Orientation;PhotometricInterpretation;PlanarConfiguration;Predictor;ResolutionUnit;RowsPerStrip;SampleFormat;SamplesPerPixel;StripByteCounts;StripOffsets;XResolution;YResolution,False,False,
SNU_blebbistatin_31,phase,data/phase/SNU_blebbistatin_31_phase.bin,True,,900x900,float32,,3240023,,,,,0.2848713904768374/0.21199439004249143
SNU_blebbistatin_32,off_axis,data/off_axis_hologram/SNU_blebbistatin_32_holo.tif,True,1,1024x1024,uint8,5,1215388,2026-09-16T09:09:53+00:00,BitsPerSample;Compression;FillOrder;ImageLength;ImageWidth;NewSubfileType;Orientation;PhotometricInterpretation;PlanarConfiguration;Predictor;ResolutionUnit;RowsPerStrip;SampleFormat;SamplesPerPixel;StripByteCounts;StripOffsets;XResolution;YResolution,False,False,
SNU_blebbistatin_32,gabor,data/in_line_gabor_hologram/SNU_blebbistatin_32_gabor.tif,True,1,1024x1024,uint8,5,518010,2026-09-16T09:08:15+00:00,BitsPerSample;Compression;FillOrder;ImageLength;ImageWidth;NewSubfileType;Orientation;PhotometricInterpretation;PlanarConfiguration;Predictor;ResolutionUnit;RowsPerStrip;SampleFormat;SamplesPerPixel;StripByteCounts;StripOffsets;XResolution;YResolution,False,False,
SNU_blebbistatin_32,phase,data/phase/SNU_blebbistatin_32_phase.bin,True,,900x900,float32,,3240023,,,,,0.2848713904768374/0.21199439004249143
SNU_blebbistatin_33,off_axis,data/off_axis_hologram/SNU_blebbistatin_33_holo.tif,True,1,1024x1024,uint8,5,1219140,2026-09-16T09:09:53+00:00,BitsPerSample;Compression;FillOrder;ImageLength;ImageWidth;NewSubfileType;Orientation;PhotometricInterpretation;PlanarConfiguration;Predictor;ResolutionUnit;RowsPerStrip;SampleFormat;SamplesPerPixel;StripByteCounts;StripOffsets;XResolution;YResolution,False,False,
SNU_blebbistatin_33,gabor,data/in_line_gabor_hologram/SNU_blebbistatin_33_gabor.tif,True,1,1024x1024,uint8,5,528916,2026-09-16T09:08:15+00:00,BitsPerSample;Compression;FillOrder;ImageLength;ImageWidth;NewSubfileType;Orientation;PhotometricInterpretation;PlanarConfiguration;Predictor;ResolutionUnit;RowsPerStrip;SampleFormat;SamplesPerPixel;StripByteCounts;StripOffsets;XResolution;YResolution,False,False,
SNU_blebbistatin_33,phase,data/phase/SNU_blebbistatin_33_phase.bin,True,,900x900,float32,,3240023,,,,,0.2848713904768374/0.21199439004249143
SNU_blebbistatin_34,off_axis,data/off_axis_hologram/SNU_blebbistatin_34_holo.tif,True,1,1024x1024,uint8,5,1206226,2026-09-16T09:09:53+00:00,BitsPerSample;Compression;FillOrder;ImageLength;ImageWidth;NewSubfileType;Orientation;PhotometricInterpretation;PlanarConfiguration;Predictor;ResolutionUnit;RowsPerStrip;SampleFormat;SamplesPerPixel;StripByteCounts;StripOffsets;XResolution;YResolution,False,False,
SNU_blebbistatin_34,gabor,data/in_line_gabor_hologram/SNU_blebbistatin_34_gabor.tif,True,1,1024x1024,uint8,5,521712,2026-09-16T09:08:15+00:00,BitsPerSample;Compression;FillOrder;ImageLength;ImageWidth;NewSubfileType;Orientation;PhotometricInterpretation;PlanarConfiguration;Predictor;ResolutionUnit;RowsPerStrip;SampleFormat;SamplesPerPixel;StripByteCounts;StripOffsets;XResolution;YResolution,False,False,
SNU_blebbistatin_34,phase,data/phase/SNU_blebbistatin_34_phase.bin,True,,900x900,float32,,3240023,,,,,0.2848713904768374/0.21199439004249143
SNU_blebbistatin_35,off_axis,data/off_axis_hologram/SNU_blebbistatin_35_holo.tif,True,1,1024x1024,uint8,5,1213160,2026-09-16T09:09:53+00:00,BitsPerSample;Compression;FillOrder;ImageLength;ImageWidth;NewSubfileType;Orientation;PhotometricInterpretation;PlanarConfiguration;Predictor;ResolutionUnit;RowsPerStrip;SampleFormat;SamplesPerPixel;StripByteCounts;StripOffsets;XResolution;YResolution,False,False,
SNU_blebbistatin_35,gabor,data/in_line_gabor_hologram/SNU_blebbistatin_35_gabor.tif,True,1,1024x1024,uint8,5,521832,2026-09-16T09:08:15+00:00,BitsPerSample;Compression;FillOrder;ImageLength;ImageWidth;NewSubfileType;Orientation;PhotometricInterpretation;PlanarConfiguration;Predictor;ResolutionUnit;RowsPerStrip;SampleFormat;SamplesPerPixel;StripByteCounts;StripOffsets;XResolution;YResolution,False,False,
SNU_blebbistatin_35,phase,data/phase/SNU_blebbistatin_35_phase.bin,True,,900x900,float32,,3240023,,,,,0.2848713904768374/0.21199439004249143
SNU_blebbistatin_36,off_axis,data/off_axis_hologram/SNU_blebbistatin_36_holo.tif,True,1,1024x1024,uint8,5,1211224,2026-09-16T09:09:53+00:00,BitsPerSample;Compression;FillOrder;ImageLength;ImageWidth;NewSubfileType;Orientation;PhotometricInterpretation;PlanarConfiguration;Predictor;ResolutionUnit;RowsPerStrip;SampleFormat;SamplesPerPixel;StripByteCounts;StripOffsets;XResolution;YResolution,False,False,
SNU_blebbistatin_36,gabor,data/in_line_gabor_hologram/SNU_blebbistatin_36_gabor.tif,True,1,1024x1024,uint8,5,510356,2026-09-16T09:08:15+00:00,BitsPerSample;Compression;FillOrder;ImageLength;ImageWidth;NewSubfileType;Orientation;PhotometricInterpretation;PlanarConfiguration;Predictor;ResolutionUnit;RowsPerStrip;SampleFormat;SamplesPerPixel;StripByteCounts;StripOffsets;XResolution;YResolution,False,False,
SNU_blebbistatin_36,phase,data/phase/SNU_blebbistatin_36_phase.bin,True,,900x900,float32,,3240023,,,,,0.2848713904768374/0.21199439004249143
SNU_blebbistatin_37,off_axis,data/off_axis_hologram/SNU_blebbistatin_37_holo.tif,True,1,1024x1024,uint8,5,1211194,2026-09-16T09:09:53+00:00,BitsPerSample;Compression;FillOrder;ImageLength;ImageWidth;NewSubfileType;Orientation;PhotometricInterpretation;PlanarConfiguration;Predictor;ResolutionUnit;RowsPerStrip;SampleFormat;SamplesPerPixel;StripByteCounts;StripOffsets;XResolution;YResolution,False,False,
SNU_blebbistatin_37,gabor,data/in_line_gabor_hologram/SNU_blebbistatin_37_gabor.tif,True,1,1024x1024,uint8,5,507876,2026-09-16T09:08:15+00:00,BitsPerSample;Compression;FillOrder;ImageLength;ImageWidth;NewSubfileType;Orientation;PhotometricInterpretation;PlanarConfiguration;Predictor;ResolutionUnit;RowsPerStrip;SampleFormat;SamplesPerPixel;StripByteCounts;StripOffsets;XResolution;YResolution,False,False,
SNU_blebbistatin_37,phase,data/phase/SNU_blebbistatin_37_phase.bin,True,,900x900,float32,,3240023,,,,,0.2848713904768374/0.21199439004249143
SNU_blebbistatin_38,off_axis,data/off_axis_hologram/SNU_blebbistatin_38_holo.tif,True,1,1024x1024,uint8,5,1217710,2026-09-16T09:09:53+00:00,BitsPerSample;Compression;FillOrder;ImageLength;ImageWidth;NewSubfileType;Orientation;PhotometricInterpretation;PlanarConfiguration;Predictor;ResolutionUnit;RowsPerStrip;SampleFormat;SamplesPerPixel;StripByteCounts;StripOffsets;XResolution;YResolution,False,False,
SNU_blebbistatin_38,gabor,data/in_line_gabor_hologram/SNU_blebbistatin_38_gabor.tif,True,1,1024x1024,uint8,5,522324,2026-09-16T09:08:15+00:00,BitsPerSample;Compression;FillOrder;ImageLength;ImageWidth;NewSubfileType;Orientation;PhotometricInterpretation;PlanarConfiguration;Predictor;ResolutionUnit;RowsPerStrip;SampleFormat;SamplesPerPixel;StripByteCounts;StripOffsets;XResolution;YResolution,False,False,
SNU_blebbistatin_38,phase,data/phase/SNU_blebbistatin_38_phase.bin,True,,900x900,float32,,3240023,,,,,0.2848713904768374/0.21199439004249143
SNU_blebbistatin_39,off_axis,data/off_axis_hologram/SNU_blebbistatin_39_holo.tif,True,1,1024x1024,uint8,5,1215258,2026-09-16T09:09:53+00:00,BitsPerSample;Compression;FillOrder;ImageLength;ImageWidth;NewSubfileType;Orientation;PhotometricInterpretation;PlanarConfiguration;Predictor;ResolutionUnit;RowsPerStrip;SampleFormat;SamplesPerPixel;StripByteCounts;StripOffsets;XResolution;YResolution,False,False,
SNU_blebbistatin_39,gabor,data/in_line_gabor_hologram/SNU_blebbistatin_39_gabor.tif,True,1,1024x1024,uint8,5,529510,2026-09-16T09:08:15+00:00,BitsPerSample;Compression;FillOrder;ImageLength;ImageWidth;NewSubfileType;Orientation;PhotometricInterpretation;PlanarConfiguration;Predictor;ResolutionUnit;RowsPerStrip;SampleFormat;SamplesPerPixel;StripByteCounts;StripOffsets;XResolution;YResolution,False,False,
SNU_blebbistatin_39,phase,data/phase/SNU_blebbistatin_39_phase.bin,True,,900x900,float32,,3240023,,,,,0.2848713904768374/0.21199439004249143
SNU_blebbistatin_40,off_axis,data/off_axis_hologram/SNU_blebbistatin_40_holo.tif,True,1,1024x1024,uint8,5,1211536,2026-09-16T09:09:53+00:00,BitsPerSample;Compression;FillOrder;ImageLength;ImageWidth;NewSubfileType;Orientation;PhotometricInterpretation;PlanarConfiguration;Predictor;ResolutionUnit;RowsPerStrip;SampleFormat;SamplesPerPixel;StripByteCounts;StripOffsets;XResolution;YResolution,False,False,
SNU_blebbistatin_40,gabor,data/in_line_gabor_hologram/SNU_blebbistatin_40_gabor.tif,True,1,1024x1024,uint8,5,511772,2026-09-16T09:08:15+00:00,BitsPerSample;Compression;FillOrder;ImageLength;ImageWidth;NewSubfileType;Orientation;PhotometricInterpretation;PlanarConfiguration;Predictor;ResolutionUnit;RowsPerStrip;SampleFormat;SamplesPerPixel;StripByteCounts;StripOffsets;XResolution;YResolution,False,False,
SNU_blebbistatin_40,phase,data/phase/SNU_blebbistatin_40_phase.bin,True,,900x900,float32,,3240023,,,,,0.2848713904768374/0.21199439004249143
SNU_blebbistatin_41,off_axis,data/off_axis_hologram/SNU_blebbistatin_41_holo.tif,True,1,1024x1024,uint8,5,1213134,2026-09-16T09:09:53+00:00,BitsPerSample;Compression;FillOrder;ImageLength;ImageWidth;NewSubfileType;Orientation;PhotometricInterpretation;PlanarConfiguration;Predictor;ResolutionUnit;RowsPerStrip;SampleFormat;SamplesPerPixel;StripByteCounts;StripOffsets;XResolution;YResolution,False,False,
SNU_blebbistatin_41,gabor,data/in_line_gabor_hologram/SNU_blebbistatin_41_gabor.tif,True,1,1024x1024,uint8,5,516552,2026-09-16T09:08:15+00:00,BitsPerSample;Compression;FillOrder;ImageLength;ImageWidth;NewSubfileType;Orientation;PhotometricInterpretation;PlanarConfiguration;Predictor;ResolutionUnit;RowsPerStrip;SampleFormat;SamplesPerPixel;StripByteCounts;StripOffsets;XResolution;YResolution,False,False,
SNU_blebbistatin_41,phase,data/phase/SNU_blebbistatin_41_phase.bin,True,,900x900,float32,,3240023,,,,,0.2848713904768374/0.21199439004249143
SNU_blebbistatin_42,off_axis,data/off_axis_hologram/SNU_blebbistatin_42_holo.tif,True,1,1024x1024,uint8,5,1199928,2026-09-16T09:09:53+00:00,BitsPerSample;Compression;FillOrder;ImageLength;ImageWidth;NewSubfileType;Orientation;PhotometricInterpretation;PlanarConfiguration;Predictor;ResolutionUnit;RowsPerStrip;SampleFormat;SamplesPerPixel;StripByteCounts;StripOffsets;XResolution;YResolution,False,False,
SNU_blebbistatin_42,gabor,data/in_line_gabor_hologram/SNU_blebbistatin_42_gabor.tif,True,1,1024x1024,uint8,5,506590,2026-09-16T09:08:15+00:00,BitsPerSample;Compression;FillOrder;ImageLength;ImageWidth;NewSubfileType;Orientation;PhotometricInterpretation;PlanarConfiguration;Predictor;ResolutionUnit;RowsPerStrip;SampleFormat;SamplesPerPixel;StripByteCounts;StripOffsets;XResolution;YResolution,False,False,
SNU_blebbistatin_42,phase,data/phase/SNU_blebbistatin_42_phase.bin,True,,900x900,float32,,3240023,,,,,0.2848713904768374/0.21199439004249143
SNU_blebbistatin_43,off_axis,data/off_axis_hologram/SNU_blebbistatin_43_holo.tif,True,1,1024x1024,uint8,5,1210266,2026-09-16T09:09:53+00:00,BitsPerSample;Compression;FillOrder;ImageLength;ImageWidth;NewSubfileType;Orientation;PhotometricInterpretation;PlanarConfiguration;Predictor;ResolutionUnit;RowsPerStrip;SampleFormat;SamplesPerPixel;StripByteCounts;StripOffsets;XResolution;YResolution,False,False,
SNU_blebbistatin_43,gabor,data/in_line_gabor_hologram/SNU_blebbistatin_43_gabor.tif,True,1,1024x1024,uint8,5,516562,2026-09-16T09:08:15+00:00,BitsPerSample;Compression;FillOrder;ImageLength;ImageWidth;NewSubfileType;Orientation;PhotometricInterpretation;PlanarConfiguration;Predictor;ResolutionUnit;RowsPerStrip;SampleFormat;SamplesPerPixel;StripByteCounts;StripOffsets;XResolution;YResolution,False,False,
SNU_blebbistatin_43,phase,data/phase/SNU_blebbistatin_43_phase.bin,True,,900x900,float32,,3240023,,,,,0.2848713904768374/0.21199439004249143
SNU_blebbistatin_44,off_axis,data/off_axis_hologram/SNU_blebbistatin_44_holo.tif,True,1,1024x1024,uint8,5,1210646,2026-09-16T09:09:53+00:00,BitsPerSample;Compression;FillOrder;ImageLength;ImageWidth;NewSubfileType;Orientation;PhotometricInterpretation;PlanarConfiguration;Predictor;ResolutionUnit;RowsPerStrip;SampleFormat;SamplesPerPixel;StripByteCounts;StripOffsets;XResolution;YResolution,False,False,
SNU_blebbistatin_44,gabor,data/in_line_gabor_hologram/SNU_blebbistatin_44_gabor.tif,True,1,1024x1024,uint8,5,515820,2026-09-16T09:08:15+00:00,BitsPerSample;Compression;FillOrder;ImageLength;ImageWidth;NewSubfileType;Orientation;PhotometricInterpretation;PlanarConfiguration;Predictor;ResolutionUnit;RowsPerStrip;SampleFormat;SamplesPerPixel;StripByteCounts;StripOffsets;XResolution;YResolution,False,False,
SNU_blebbistatin_44,phase,data/phase/SNU_blebbistatin_44_phase.bin,True,,900x900,float32,,3240023,,,,,0.2848713904768374/0.21199439004249143
SNU_blebbistatin_45,off_axis,data/off_axis_hologram/SNU_blebbistatin_45_holo.tif,True,1,1024x1024,uint8,5,1208088,2026-09-16T09:09:53+00:00,BitsPerSample;Compression;FillOrder;ImageLength;ImageWidth;NewSubfileType;Orientation;PhotometricInterpretation;PlanarConfiguration;Predictor;ResolutionUnit;RowsPerStrip;SampleFormat;SamplesPerPixel;StripByteCounts;StripOffsets;XResolution;YResolution,False,False,
SNU_blebbistatin_45,gabor,data/in_line_gabor_hologram/SNU_blebbistatin_45_gabor.tif,True,1,1024x1024,uint8,5,512006,2026-09-16T09:08:15+00:00,BitsPerSample;Compression;FillOrder;ImageLength;ImageWidth;NewSubfileType;Orientation;PhotometricInterpretation;PlanarConfiguration;Predictor;ResolutionUnit;RowsPerStrip;SampleFormat;SamplesPerPixel;StripByteCounts;StripOffsets;XResolution;YResolution,False,False,
SNU_blebbistatin_45,phase,data/phase/SNU_blebbistatin_45_phase.bin,True,,900x900,float32,,3240023,,,,,0.2848713904768374/0.21199439004249143
SNU_blebbistatin_46,off_axis,data/off_axis_hologram/SNU_blebbistatin_46_holo.tif,True,1,1024x1024,uint8,5,1211736,2026-09-16T09:09:53+00:00,BitsPerSample;Compression;FillOrder;ImageLength;ImageWidth;NewSubfileType;Orientation;PhotometricInterpretation;PlanarConfiguration;Predictor;ResolutionUnit;RowsPerStrip;SampleFormat;SamplesPerPixel;StripByteCounts;StripOffsets;XResolution;YResolution,False,False,
SNU_blebbistatin_46,gabor,data/in_line_gabor_hologram/SNU_blebbistatin_46_gabor.tif,True,1,1024x1024,uint8,5,518432,2026-09-16T09:08:15+00:00,BitsPerSample;Compression;FillOrder;ImageLength;ImageWidth;NewSubfileType;Orientation;PhotometricInterpretation;PlanarConfiguration;Predictor;ResolutionUnit;RowsPerStrip;SampleFormat;SamplesPerPixel;StripByteCounts;StripOffsets;XResolution;YResolution,False,False,
SNU_blebbistatin_46,phase,data/phase/SNU_blebbistatin_46_phase.bin,True,,900x900,float32,,3240023,,,,,0.2848713904768374/0.21199439004249143
SNU_blebbistatin_47,off_axis,data/off_axis_hologram/SNU_blebbistatin_47_holo.tif,True,1,1024x1024,uint8,5,1210426,2026-09-16T09:09:53+00:00,BitsPerSample;Compression;FillOrder;ImageLength;ImageWidth;NewSubfileType;Orientation;PhotometricInterpretation;PlanarConfiguration;Predictor;ResolutionUnit;RowsPerStrip;SampleFormat;SamplesPerPixel;StripByteCounts;StripOffsets;XResolution;YResolution,False,False,
SNU_blebbistatin_47,gabor,data/in_line_gabor_hologram/SNU_blebbistatin_47_gabor.tif,True,1,1024x1024,uint8,5,509406,2026-09-16T09:08:15+00:00,BitsPerSample;Compression;FillOrder;ImageLength;ImageWidth;NewSubfileType;Orientation;PhotometricInterpretation;PlanarConfiguration;Predictor;ResolutionUnit;RowsPerStrip;SampleFormat;SamplesPerPixel;StripByteCounts;StripOffsets;XResolution;YResolution,False,False,
SNU_blebbistatin_47,phase,data/phase/SNU_blebbistatin_47_phase.bin,True,,900x900,float32,,3240023,,,,,0.2848713904768374/0.21199439004249143
SNU_blebbistatin_48,off_axis,data/off_axis_hologram/SNU_blebbistatin_48_holo.tif,True,1,1024x1024,uint8,5,1207492,2026-09-16T09:09:53+00:00,BitsPerSample;Compression;FillOrder;ImageLength;ImageWidth;NewSubfileType;Orientation;PhotometricInterpretation;PlanarConfiguration;Predictor;ResolutionUnit;RowsPerStrip;SampleFormat;SamplesPerPixel;StripByteCounts;StripOffsets;XResolution;YResolution,False,False,
SNU_blebbistatin_48,gabor,data/in_line_gabor_hologram/SNU_blebbistatin_48_gabor.tif,True,1,1024x1024,uint8,5,501304,2026-09-16T09:08:15+00:00,BitsPerSample;Compression;FillOrder;ImageLength;ImageWidth;NewSubfileType;Orientation;PhotometricInterpretation;PlanarConfiguration;Predictor;ResolutionUnit;RowsPerStrip;SampleFormat;SamplesPerPixel;StripByteCounts;StripOffsets;XResolution;YResolution,False,False,
SNU_blebbistatin_48,phase,data/phase/SNU_blebbistatin_48_phase.bin,True,,900x900,float32,,3240023,,,,,0.2848713904768374/0.21199439004249143
SNU_blebbistatin_49,off_axis,data/off_axis_hologram/SNU_blebbistatin_49_holo.tif,True,1,1024x1024,uint8,5,282470,2026-09-16T09:09:53+00:00,BitsPerSample;Compression;FillOrder;ImageLength;ImageWidth;NewSubfileType;Orientation;PhotometricInterpretation;PlanarConfiguration;Predictor;ResolutionUnit;RowsPerStrip;SampleFormat;SamplesPerPixel;StripByteCounts;StripOffsets;XResolution;YResolution,False,False,
SNU_blebbistatin_49,gabor,data/in_line_gabor_hologram/SNU_blebbistatin_49_gabor.tif,True,1,1024x1024,uint8,5,514188,2026-09-16T09:08:15+00:00,BitsPerSample;Compression;FillOrder;ImageLength;ImageWidth;NewSubfileType;Orientation;PhotometricInterpretation;PlanarConfiguration;Predictor;ResolutionUnit;RowsPerStrip;SampleFormat;SamplesPerPixel;StripByteCounts;StripOffsets;XResolution;YResolution,False,False,
SNU_blebbistatin_49,phase,data/phase/SNU_blebbistatin_49_phase.bin,True,,900x900,float32,,3240023,,,,,0.2848713904768374/0.21199439004249143
SNU_blebbistatin_50,off_axis,data/off_axis_hologram/SNU_blebbistatin_50_holo.tif,True,1,1024x1024,uint8,5,1199358,2026-09-16T09:09:53+00:00,BitsPerSample;Compression;FillOrder;ImageLength;ImageWidth;NewSubfileType;Orientation;PhotometricInterpretation;PlanarConfiguration;Predictor;ResolutionUnit;RowsPerStrip;SampleFormat;SamplesPerPixel;StripByteCounts;StripOffsets;XResolution;YResolution,False,False,
SNU_blebbistatin_50,gabor,data/in_line_gabor_hologram/SNU_blebbistatin_50_gabor.tif,True,1,1024x1024,uint8,5,506310,2026-09-16T09:08:15+00:00,BitsPerSample;Compression;FillOrder;ImageLength;ImageWidth;NewSubfileType;Orientation;PhotometricInterpretation;PlanarConfiguration;Predictor;ResolutionUnit;RowsPerStrip;SampleFormat;SamplesPerPixel;StripByteCounts;StripOffsets;XResolution;YResolution,False,False,
SNU_blebbistatin_50,phase,data/phase/SNU_blebbistatin_50_phase.bin,True,,900x900,float32,,3240023,,,,,0.2848713904768374/0.21199439004249143
SNU_staurosporine_01,off_axis,data/off_axis_hologram/SNU_staurosporine_01_holo.tif,True,1,1024x1024,uint8,5,1240496,2026-09-16T09:09:54+00:00,BitsPerSample;Compression;FillOrder;ImageLength;ImageWidth;NewSubfileType;Orientation;PhotometricInterpretation;PlanarConfiguration;Predictor;ResolutionUnit;RowsPerStrip;SampleFormat;SamplesPerPixel;StripByteCounts;StripOffsets;XResolution;YResolution,False,False,
SNU_staurosporine_01,gabor,data/in_line_gabor_hologram/SNU_staurosporine_01_gabor.tif,True,1,1024x1024,uint8,5,550350,2026-09-16T09:08:15+00:00,BitsPerSample;Compression;FillOrder;ImageLength;ImageWidth;NewSubfileType;Orientation;PhotometricInterpretation;PlanarConfiguration;Predictor;ResolutionUnit;RowsPerStrip;SampleFormat;SamplesPerPixel;StripByteCounts;StripOffsets;XResolution;YResolution,False,False,
SNU_staurosporine_01,phase,data/phase/SNU_staurosporine_01_phase.bin,True,,900x900,float32,,3240023,,,,,0.2848713904768374/0.21199439004249143
SNU_staurosporine_02,off_axis,data/off_axis_hologram/SNU_staurosporine_02_holo.tif,True,1,1024x1024,uint8,5,1250412,2026-09-16T09:09:54+00:00,BitsPerSample;Compression;FillOrder;ImageLength;ImageWidth;NewSubfileType;Orientation;PhotometricInterpretation;PlanarConfiguration;Predictor;ResolutionUnit;RowsPerStrip;SampleFormat;SamplesPerPixel;StripByteCounts;StripOffsets;XResolution;YResolution,False,False,
SNU_staurosporine_02,gabor,data/in_line_gabor_hologram/SNU_staurosporine_02_gabor.tif,True,1,1024x1024,uint8,5,574354,2026-09-16T09:08:15+00:00,BitsPerSample;Compression;FillOrder;ImageLength;ImageWidth;NewSubfileType;Orientation;PhotometricInterpretation;PlanarConfiguration;Predictor;ResolutionUnit;RowsPerStrip;SampleFormat;SamplesPerPixel;StripByteCounts;StripOffsets;XResolution;YResolution,False,False,
SNU_staurosporine_02,phase,data/phase/SNU_staurosporine_02_phase.bin,True,,900x900,float32,,3240023,,,,,0.2848713904768374/0.21199439004249143
SNU_staurosporine_03,off_axis,data/off_axis_hologram/SNU_staurosporine_03_holo.tif,True,1,1024x1024,uint8,5,1261144,2026-09-16T09:09:54+00:00,BitsPerSample;Compression;FillOrder;ImageLength;ImageWidth;NewSubfileType;Orientation;PhotometricInterpretation;PlanarConfiguration;Predictor;ResolutionUnit;RowsPerStrip;SampleFormat;SamplesPerPixel;StripByteCounts;StripOffsets;XResolution;YResolution,False,False,
SNU_staurosporine_03,gabor,data/in_line_gabor_hologram/SNU_staurosporine_03_gabor.tif,True,1,1024x1024,uint8,5,589506,2026-09-16T09:08:15+00:00,BitsPerSample;Compression;FillOrder;ImageLength;ImageWidth;NewSubfileType;Orientation;PhotometricInterpretation;PlanarConfiguration;Predictor;ResolutionUnit;RowsPerStrip;SampleFormat;SamplesPerPixel;StripByteCounts;StripOffsets;XResolution;YResolution,False,False,
SNU_staurosporine_03,phase,data/phase/SNU_staurosporine_03_phase.bin,True,,900x900,float32,,3240023,,,,,0.2848713904768374/0.21199439004249143
SNU_staurosporine_04,off_axis,data/off_axis_hologram/SNU_staurosporine_04_holo.tif,True,1,1024x1024,uint8,5,1248004,2026-09-16T09:09:54+00:00,BitsPerSample;Compression;FillOrder;ImageLength;ImageWidth;NewSubfileType;Orientation;PhotometricInterpretation;PlanarConfiguration;Predictor;ResolutionUnit;RowsPerStrip;SampleFormat;SamplesPerPixel;StripByteCounts;StripOffsets;XResolution;YResolution,False,False,
SNU_staurosporine_04,gabor,data/in_line_gabor_hologram/SNU_staurosporine_04_gabor.tif,True,1,1024x1024,uint8,5,577868,2026-09-16T09:08:15+00:00,BitsPerSample;Compression;FillOrder;ImageLength;ImageWidth;NewSubfileType;Orientation;PhotometricInterpretation;PlanarConfiguration;Predictor;ResolutionUnit;RowsPerStrip;SampleFormat;SamplesPerPixel;StripByteCounts;StripOffsets;XResolution;YResolution,False,False,
SNU_staurosporine_04,phase,data/phase/SNU_staurosporine_04_phase.bin,True,,900x900,float32,,3240023,,,,,0.2848713904768374/0.21199439004249143
SNU_staurosporine_05,off_axis,data/off_axis_hologram/SNU_staurosporine_05_holo.tif,True,1,1024x1024,uint8,5,1248576,2026-09-16T09:09:55+00:00,BitsPerSample;Compression;FillOrder;ImageLength;ImageWidth;NewSubfileType;Orientation;PhotometricInterpretation;PlanarConfiguration;Predictor;ResolutionUnit;RowsPerStrip;SampleFormat;SamplesPerPixel;StripByteCounts;StripOffsets;XResolution;YResolution,False,False,
SNU_staurosporine_05,gabor,data/in_line_gabor_hologram/SNU_staurosporine_05_gabor.tif,True,1,1024x1024,uint8,5,581612,2026-09-16T09:08:15+00:00,BitsPerSample;Compression;FillOrder;ImageLength;ImageWidth;NewSubfileType;Orientation;PhotometricInterpretation;PlanarConfiguration;Predictor;ResolutionUnit;RowsPerStrip;SampleFormat;SamplesPerPixel;StripByteCounts;StripOffsets;XResolution;YResolution,False,False,
SNU_staurosporine_05,phase,data/phase/SNU_staurosporine_05_phase.bin,True,,900x900,float32,,3240023,,,,,0.2848713904768374/0.21199439004249143
SNU_staurosporine_06,off_axis,data/off_axis_hologram/SNU_staurosporine_06_holo.tif,True,1,1024x1024,uint8,5,1245808,2026-09-16T09:09:55+00:00,BitsPerSample;Compression;FillOrder;ImageLength;ImageWidth;NewSubfileType;Orientation;PhotometricInterpretation;PlanarConfiguration;Predictor;ResolutionUnit;RowsPerStrip;SampleFormat;SamplesPerPixel;StripByteCounts;StripOffsets;XResolution;YResolution,False,False,
SNU_staurosporine_06,gabor,data/in_line_gabor_hologram/SNU_staurosporine_06_gabor.tif,True,1,1024x1024,uint8,5,578132,2026-09-16T09:08:15+00:00,BitsPerSample;Compression;FillOrder;ImageLength;ImageWidth;NewSubfileType;Orientation;PhotometricInterpretation;PlanarConfiguration;Predictor;ResolutionUnit;RowsPerStrip;SampleFormat;SamplesPerPixel;StripByteCounts;StripOffsets;XResolution;YResolution,False,False,
SNU_staurosporine_06,phase,data/phase/SNU_staurosporine_06_phase.bin,True,,900x900,float32,,3240023,,,,,0.2848713904768374/0.21199439004249143
SNU_staurosporine_07,off_axis,data/off_axis_hologram/SNU_staurosporine_07_holo.tif,True,1,1024x1024,uint8,5,1240872,2026-09-16T09:09:55+00:00,BitsPerSample;Compression;FillOrder;ImageLength;ImageWidth;NewSubfileType;Orientation;PhotometricInterpretation;PlanarConfiguration;Predictor;ResolutionUnit;RowsPerStrip;SampleFormat;SamplesPerPixel;StripByteCounts;StripOffsets;XResolution;YResolution,False,False,
SNU_staurosporine_07,gabor,data/in_line_gabor_hologram/SNU_staurosporine_07_gabor.tif,True,1,1024x1024,uint8,5,554288,2026-09-16T09:08:15+00:00,BitsPerSample;Compression;FillOrder;ImageLength;ImageWidth;NewSubfileType;Orientation;PhotometricInterpretation;PlanarConfiguration;Predictor;ResolutionUnit;RowsPerStrip;SampleFormat;SamplesPerPixel;StripByteCounts;StripOffsets;XResolution;YResolution,False,False,
SNU_staurosporine_07,phase,data/phase/SNU_staurosporine_07_phase.bin,True,,900x900,float32,,3240023,,,,,0.2848713904768374/0.21199439004249143
SNU_staurosporine_08,off_axis,data/off_axis_hologram/SNU_staurosporine_08_holo.tif,True,1,1024x1024,uint8,5,1236158,2026-09-16T09:09:55+00:00,BitsPerSample;Compression;FillOrder;ImageLength;ImageWidth;NewSubfileType;Orientation;PhotometricInterpretation;PlanarConfiguration;Predictor;ResolutionUnit;RowsPerStrip;SampleFormat;SamplesPerPixel;StripByteCounts;StripOffsets;XResolution;YResolution,False,False,
SNU_staurosporine_08,gabor,data/in_line_gabor_hologram/SNU_staurosporine_08_gabor.tif,True,1,1024x1024,uint8,5,549146,2026-09-16T09:08:15+00:00,BitsPerSample;Compression;FillOrder;ImageLength;ImageWidth;NewSubfileType;Orientation;PhotometricInterpretation;PlanarConfiguration;Predictor;ResolutionUnit;RowsPerStrip;SampleFormat;SamplesPerPixel;StripByteCounts;StripOffsets;XResolution;YResolution,False,False,
SNU_staurosporine_08,phase,data/phase/SNU_staurosporine_08_phase.bin,True,,900x900,float32,,3240023,,,,,0.2848713904768374/0.21199439004249143
SNU_staurosporine_09,off_axis,data/off_axis_hologram/SNU_staurosporine_09_holo.tif,True,1,1024x1024,uint8,5,1229996,2026-09-16T09:09:55+00:00,BitsPerSample;Compression;FillOrder;ImageLength;ImageWidth;NewSubfileType;Orientation;PhotometricInterpretation;PlanarConfiguration;Predictor;ResolutionUnit;RowsPerStrip;SampleFormat;SamplesPerPixel;StripByteCounts;StripOffsets;XResolution;YResolution,False,False,
SNU_staurosporine_09,gabor,data/in_line_gabor_hologram/SNU_staurosporine_09_gabor.tif,True,1,1024x1024,uint8,5,546766,2026-09-16T09:08:15+00:00,BitsPerSample;Compression;FillOrder;ImageLength;ImageWidth;NewSubfileType;Orientation;PhotometricInterpretation;PlanarConfiguration;Predictor;ResolutionUnit;RowsPerStrip;SampleFormat;SamplesPerPixel;StripByteCounts;StripOffsets;XResolution;YResolution,False,False,
SNU_staurosporine_09,phase,data/phase/SNU_staurosporine_09_phase.bin,True,,900x900,float32,,3240023,,,,,0.2848713904768374/0.21199439004249143
SNU_staurosporine_10,off_axis,data/off_axis_hologram/SNU_staurosporine_10_holo.tif,True,1,1024x1024,uint8,5,1241852,2026-09-16T09:09:55+00:00,BitsPerSample;Compression;FillOrder;ImageLength;ImageWidth;NewSubfileType;Orientation;PhotometricInterpretation;PlanarConfiguration;Predictor;ResolutionUnit;RowsPerStrip;SampleFormat;SamplesPerPixel;StripByteCounts;StripOffsets;XResolution;YResolution,False,False,
SNU_staurosporine_10,gabor,data/in_line_gabor_hologram/SNU_staurosporine_10_gabor.tif,True,1,1024x1024,uint8,5,553192,2026-09-16T09:08:15+00:00,BitsPerSample;Compression;FillOrder;ImageLength;ImageWidth;NewSubfileType;Orientation;PhotometricInterpretation;PlanarConfiguration;Predictor;ResolutionUnit;RowsPerStrip;SampleFormat;SamplesPerPixel;StripByteCounts;StripOffsets;XResolution;YResolution,False,False,
SNU_staurosporine_10,phase,data/phase/SNU_staurosporine_10_phase.bin,True,,900x900,float32,,3240023,,,,,0.2848713904768374/0.21199439004249143
SNU_staurosporine_11,off_axis,data/off_axis_hologram/SNU_staurosporine_11_holo.tif,True,1,1024x1024,uint8,5,1240482,2026-09-16T09:09:55+00:00,BitsPerSample;Compression;FillOrder;ImageLength;ImageWidth;NewSubfileType;Orientation;PhotometricInterpretation;PlanarConfiguration;Predictor;ResolutionUnit;RowsPerStrip;SampleFormat;SamplesPerPixel;StripByteCounts;StripOffsets;XResolution;YResolution,False,False,
SNU_staurosporine_11,gabor,data/in_line_gabor_hologram/SNU_staurosporine_11_gabor.tif,True,1,1024x1024,uint8,5,546736,2026-09-16T09:08:15+00:00,BitsPerSample;Compression;FillOrder;ImageLength;ImageWidth;NewSubfileType;Orientation;PhotometricInterpretation;PlanarConfiguration;Predictor;ResolutionUnit;RowsPerStrip;SampleFormat;SamplesPerPixel;StripByteCounts;StripOffsets;XResolution;YResolution,False,False,
SNU_staurosporine_11,phase,data/phase/SNU_staurosporine_11_phase.bin,True,,900x900,float32,,3240023,,,,,0.2848713904768374/0.21199439004249143
SNU_staurosporine_12,off_axis,data/off_axis_hologram/SNU_staurosporine_12_holo.tif,True,1,1024x1024,uint8,5,1241008,2026-09-16T09:09:55+00:00,BitsPerSample;Compression;FillOrder;ImageLength;ImageWidth;NewSubfileType;Orientation;PhotometricInterpretation;PlanarConfiguration;Predictor;ResolutionUnit;RowsPerStrip;SampleFormat;SamplesPerPixel;StripByteCounts;StripOffsets;XResolution;YResolution,False,False,
SNU_staurosporine_12,gabor,data/in_line_gabor_hologram/SNU_staurosporine_12_gabor.tif,True,1,1024x1024,uint8,5,558792,2026-09-16T09:08:15+00:00,BitsPerSample;Compression;FillOrder;ImageLength;ImageWidth;NewSubfileType;Orientation;PhotometricInterpretation;PlanarConfiguration;Predictor;ResolutionUnit;RowsPerStrip;SampleFormat;SamplesPerPixel;StripByteCounts;StripOffsets;XResolution;YResolution,False,False,
SNU_staurosporine_12,phase,data/phase/SNU_staurosporine_12_phase.bin,True,,900x900,float32,,3240023,,,,,0.2848713904768374/0.21199439004249143
SNU_staurosporine_13,off_axis,data/off_axis_hologram/SNU_staurosporine_13_holo.tif,True,1,1024x1024,uint8,5,311820,2026-09-16T09:09:55+00:00,BitsPerSample;Compression;FillOrder;ImageLength;ImageWidth;NewSubfileType;Orientation;PhotometricInterpretation;PlanarConfiguration;Predictor;ResolutionUnit;RowsPerStrip;SampleFormat;SamplesPerPixel;StripByteCounts;StripOffsets;XResolution;YResolution,False,False,
SNU_staurosporine_13,gabor,data/in_line_gabor_hologram/SNU_staurosporine_13_gabor.tif,True,1,1024x1024,uint8,5,548244,2026-09-16T09:08:15+00:00,BitsPerSample;Compression;FillOrder;ImageLength;ImageWidth;NewSubfileType;Orientation;PhotometricInterpretation;PlanarConfiguration;Predictor;ResolutionUnit;RowsPerStrip;SampleFormat;SamplesPerPixel;StripByteCounts;StripOffsets;XResolution;YResolution,False,False,
SNU_staurosporine_13,phase,data/phase/SNU_staurosporine_13_phase.bin,True,,900x900,float32,,3240023,,,,,0.2848713904768374/0.21199439004249143
SNU_staurosporine_14,off_axis,data/off_axis_hologram/SNU_staurosporine_14_holo.tif,True,1,1024x1024,uint8,5,1240690,2026-09-16T09:09:55+00:00,BitsPerSample;Compression;FillOrder;ImageLength;ImageWidth;NewSubfileType;Orientation;PhotometricInterpretation;PlanarConfiguration;Predictor;ResolutionUnit;RowsPerStrip;SampleFormat;SamplesPerPixel;StripByteCounts;StripOffsets;XResolution;YResolution,False,False,
SNU_staurosporine_14,gabor,data/in_line_gabor_hologram/SNU_staurosporine_14_gabor.tif,True,1,1024x1024,uint8,5,551838,2026-09-16T09:08:15+00:00,BitsPerSample;Compression;FillOrder;ImageLength;ImageWidth;NewSubfileType;Orientation;PhotometricInterpretation;PlanarConfiguration;Predictor;ResolutionUnit;RowsPerStrip;SampleFormat;SamplesPerPixel;StripByteCounts;StripOffsets;XResolution;YResolution,False,False,
SNU_staurosporine_14,phase,data/phase/SNU_staurosporine_14_phase.bin,True,,900x900,float32,,3240023,,,,,0.2848713904768374/0.21199439004249143
SNU_staurosporine_15,off_axis,data/off_axis_hologram/SNU_staurosporine_15_holo.tif,True,1,1024x1024,uint8,5,1224616,2026-09-16T09:09:55+00:00,BitsPerSample;Compression;FillOrder;ImageLength;ImageWidth;NewSubfileType;Orientation;PhotometricInterpretation;PlanarConfiguration;Predictor;ResolutionUnit;RowsPerStrip;SampleFormat;SamplesPerPixel;StripByteCounts;StripOffsets;XResolution;YResolution,False,False,
SNU_staurosporine_15,gabor,data/in_line_gabor_hologram/SNU_staurosporine_15_gabor.tif,True,1,1024x1024,uint8,5,557054,2026-09-16T09:08:15+00:00,BitsPerSample;Compression;FillOrder;ImageLength;ImageWidth;NewSubfileType;Orientation;PhotometricInterpretation;PlanarConfiguration;Predictor;ResolutionUnit;RowsPerStrip;SampleFormat;SamplesPerPixel;StripByteCounts;StripOffsets;XResolution;YResolution,False,False,
SNU_staurosporine_15,phase,data/phase/SNU_staurosporine_15_phase.bin,True,,900x900,float32,,3240023,,,,,0.2848713904768374/0.21199439004249143
SNU_staurosporine_16,off_axis,data/off_axis_hologram/SNU_staurosporine_16_holo.tif,True,1,1024x1024,uint8,5,1230844,2026-09-16T09:09:55+00:00,BitsPerSample;Compression;FillOrder;ImageLength;ImageWidth;NewSubfileType;Orientation;PhotometricInterpretation;PlanarConfiguration;Predictor;ResolutionUnit;RowsPerStrip;SampleFormat;SamplesPerPixel;StripByteCounts;StripOffsets;XResolution;YResolution,False,False,
SNU_staurosporine_16,gabor,data/in_line_gabor_hologram/SNU_staurosporine_16_gabor.tif,True,1,1024x1024,uint8,5,535740,2026-09-16T09:08:15+00:00,BitsPerSample;Compression;FillOrder;ImageLength;ImageWidth;NewSubfileType;Orientation;PhotometricInterpretation;PlanarConfiguration;Predictor;ResolutionUnit;RowsPerStrip;SampleFormat;SamplesPerPixel;StripByteCounts;StripOffsets;XResolution;YResolution,False,False,
SNU_staurosporine_16,phase,data/phase/SNU_staurosporine_16_phase.bin,True,,900x900,float32,,3240023,,,,,0.2848713904768374/0.21199439004249143
SNU_staurosporine_17,off_axis,data/off_axis_hologram/SNU_staurosporine_17_holo.tif,True,1,1024x1024,uint8,5,1228524,2026-09-16T09:09:55+00:00,BitsPerSample;Compression;FillOrder;ImageLength;ImageWidth;NewSubfileType;Orientation;PhotometricInterpretation;PlanarConfiguration;Predictor;ResolutionUnit;RowsPerStrip;SampleFormat;SamplesPerPixel;StripByteCounts;StripOffsets;XResolution;YResolution,False,False,
SNU_staurosporine_17,gabor,data/in_line_gabor_hologram/SNU_staurosporine_17_gabor.tif,True,1,1024x1024,uint8,5,544644,2026-09-16T09:08:15+00:00,BitsPerSample;Compression;FillOrder;ImageLength;ImageWidth;NewSubfileType;Orientation;PhotometricInterpretation;PlanarConfiguration;Predictor;ResolutionUnit;RowsPerStrip;SampleFormat;SamplesPerPixel;StripByteCounts;StripOffsets;XResolution;YResolution,False,False,
SNU_staurosporine_17,phase,data/phase/SNU_staurosporine_17_phase.bin,True,,900x900,float32,,3240023,,,,,0.2848713904768374/0.21199439004249143
SNU_staurosporine_18,off_axis,data/off_axis_hologram/SNU_staurosporine_18_holo.tif,True,1,1024x1024,uint8,5,1230592,2026-09-16T09:09:55+00:00,BitsPerSample;Compression;FillOrder;ImageLength;ImageWidth;NewSubfileType;Orientation;PhotometricInterpretation;PlanarConfiguration;Predictor;ResolutionUnit;RowsPerStrip;SampleFormat;SamplesPerPixel;StripByteCounts;StripOffsets;XResolution;YResolution,False,False,
SNU_staurosporine_18,gabor,data/in_line_gabor_hologram/SNU_staurosporine_18_gabor.tif,True,1,1024x1024,uint8,5,546544,2026-09-16T09:08:15+00:00,BitsPerSample;Compression;FillOrder;ImageLength;ImageWidth;NewSubfileType;Orientation;PhotometricInterpretation;PlanarConfiguration;Predictor;ResolutionUnit;RowsPerStrip;SampleFormat;SamplesPerPixel;StripByteCounts;StripOffsets;XResolution;YResolution,False,False,
SNU_staurosporine_18,phase,data/phase/SNU_staurosporine_18_phase.bin,True,,900x900,float32,,3240023,,,,,0.2848713904768374/0.21199439004249143
SNU_staurosporine_19,off_axis,data/off_axis_hologram/SNU_staurosporine_19_holo.tif,True,1,1024x1024,uint8,5,1227804,2026-09-16T09:09:55+00:00,BitsPerSample;Compression;FillOrder;ImageLength;ImageWidth;NewSubfileType;Orientation;PhotometricInterpretation;PlanarConfiguration;Predictor;ResolutionUnit;RowsPerStrip;SampleFormat;SamplesPerPixel;StripByteCounts;StripOffsets;XResolution;YResolution,False,False,
SNU_staurosporine_19,gabor,data/in_line_gabor_hologram/SNU_staurosporine_19_gabor.tif,True,1,1024x1024,uint8,5,531658,2026-09-16T09:08:15+00:00,BitsPerSample;Compression;FillOrder;ImageLength;ImageWidth;NewSubfileType;Orientation;PhotometricInterpretation;PlanarConfiguration;Predictor;ResolutionUnit;RowsPerStrip;SampleFormat;SamplesPerPixel;StripByteCounts;StripOffsets;XResolution;YResolution,False,False,
SNU_staurosporine_19,phase,data/phase/SNU_staurosporine_19_phase.bin,True,,900x900,float32,,3240023,,,,,0.2848713904768374/0.21199439004249143
SNU_staurosporine_20,off_axis,data/off_axis_hologram/SNU_staurosporine_20_holo.tif,True,1,1024x1024,uint8,5,1232908,2026-09-16T09:09:55+00:00,BitsPerSample;Compression;FillOrder;ImageLength;ImageWidth;NewSubfileType;Orientation;PhotometricInterpretation;PlanarConfiguration;Predictor;ResolutionUnit;RowsPerStrip;SampleFormat;SamplesPerPixel;StripByteCounts;StripOffsets;XResolution;YResolution,False,False,
SNU_staurosporine_20,gabor,data/in_line_gabor_hologram/SNU_staurosporine_20_gabor.tif,True,1,1024x1024,uint8,5,548466,2026-09-16T09:08:15+00:00,BitsPerSample;Compression;FillOrder;ImageLength;ImageWidth;NewSubfileType;Orientation;PhotometricInterpretation;PlanarConfiguration;Predictor;ResolutionUnit;RowsPerStrip;SampleFormat;SamplesPerPixel;StripByteCounts;StripOffsets;XResolution;YResolution,False,False,
SNU_staurosporine_20,phase,data/phase/SNU_staurosporine_20_phase.bin,True,,900x900,float32,,3240023,,,,,0.2848713904768374/0.21199439004249143
SNU_staurosporine_21,off_axis,data/off_axis_hologram/SNU_staurosporine_21_holo.tif,True,1,1024x1024,uint8,5,1230954,2026-09-16T09:09:55+00:00,BitsPerSample;Compression;FillOrder;ImageLength;ImageWidth;NewSubfileType;Orientation;PhotometricInterpretation;PlanarConfiguration;Predictor;ResolutionUnit;RowsPerStrip;SampleFormat;SamplesPerPixel;StripByteCounts;StripOffsets;XResolution;YResolution,False,False,
SNU_staurosporine_21,gabor,data/in_line_gabor_hologram/SNU_staurosporine_21_gabor.tif,True,1,1024x1024,uint8,5,542446,2026-09-16T09:08:15+00:00,BitsPerSample;Compression;FillOrder;ImageLength;ImageWidth;NewSubfileType;Orientation;PhotometricInterpretation;PlanarConfiguration;Predictor;ResolutionUnit;RowsPerStrip;SampleFormat;SamplesPerPixel;StripByteCounts;StripOffsets;XResolution;YResolution,False,False,
SNU_staurosporine_21,phase,data/phase/SNU_staurosporine_21_phase.bin,True,,900x900,float32,,3240023,,,,,0.2848713904768374/0.21199439004249143
SNU_staurosporine_22,off_axis,data/off_axis_hologram/SNU_staurosporine_22_holo.tif,True,1,1024x1024,uint8,5,1222598,2026-09-16T09:09:55+00:00,BitsPerSample;Compression;FillOrder;ImageLength;ImageWidth;NewSubfileType;Orientation;PhotometricInterpretation;PlanarConfiguration;Predictor;ResolutionUnit;RowsPerStrip;SampleFormat;SamplesPerPixel;StripByteCounts;StripOffsets;XResolution;YResolution,False,False,
SNU_staurosporine_22,gabor,data/in_line_gabor_hologram/SNU_staurosporine_22_gabor.tif,True,1,1024x1024,uint8,5,528764,2026-09-16T09:08:15+00:00,BitsPerSample;Compression;FillOrder;ImageLength;ImageWidth;NewSubfileType;Orientation;PhotometricInterpretation;PlanarConfiguration;Predictor;ResolutionUnit;RowsPerStrip;SampleFormat;SamplesPerPixel;StripByteCounts;StripOffsets;XResolution;YResolution,False,False,
SNU_staurosporine_22,phase,data/phase/SNU_staurosporine_22_phase.bin,True,,900x900,float32,,3240023,,,,,0.2848713904768374/0.21199439004249143
SNU_staurosporine_23,off_axis,data/off_axis_hologram/SNU_staurosporine_23_holo.tif,True,1,1024x1024,uint8,5,1226284,2026-09-16T09:09:55+00:00,BitsPerSample;Compression;FillOrder;ImageLength;ImageWidth;NewSubfileType;Orientation;PhotometricInterpretation;PlanarConfiguration;Predictor;ResolutionUnit;RowsPerStrip;SampleFormat;SamplesPerPixel;StripByteCounts;StripOffsets;XResolution;YResolution,False,False,
SNU_staurosporine_23,gabor,data/in_line_gabor_hologram/SNU_staurosporine_23_gabor.tif,True,1,1024x1024,uint8,5,533604,2026-09-16T09:08:15+00:00,BitsPerSample;Compression;FillOrder;ImageLength;ImageWidth;NewSubfileType;Orientation;PhotometricInterpretation;PlanarConfiguration;Predictor;ResolutionUnit;RowsPerStrip;SampleFormat;SamplesPerPixel;StripByteCounts;StripOffsets;XResolution;YResolution,False,False,
SNU_staurosporine_23,phase,data/phase/SNU_staurosporine_23_phase.bin,True,,900x900,float32,,3240023,,,,,0.2848713904768374/0.21199439004249143
SNU_staurosporine_24,off_axis,data/off_axis_hologram/SNU_staurosporine_24_holo.tif,True,1,1024x1024,uint8,5,1225984,2026-09-16T09:09:55+00:00,BitsPerSample;Compression;FillOrder;ImageLength;ImageWidth;NewSubfileType;Orientation;PhotometricInterpretation;PlanarConfiguration;Predictor;ResolutionUnit;RowsPerStrip;SampleFormat;SamplesPerPixel;StripByteCounts;StripOffsets;XResolution;YResolution,False,False,
SNU_staurosporine_24,gabor,data/in_line_gabor_hologram/SNU_staurosporine_24_gabor.tif,True,1,1024x1024,uint8,5,525576,2026-09-16T09:08:15+00:00,BitsPerSample;Compression;FillOrder;ImageLength;ImageWidth;NewSubfileType;Orientation;PhotometricInterpretation;PlanarConfiguration;Predictor;ResolutionUnit;RowsPerStrip;SampleFormat;SamplesPerPixel;StripByteCounts;StripOffsets;XResolution;YResolution,False,False,
SNU_staurosporine_24,phase,data/phase/SNU_staurosporine_24_phase.bin,True,,900x900,float32,,3240023,,,,,0.2848713904768374/0.21199439004249143
SNU_staurosporine_25,off_axis,data/off_axis_hologram/SNU_staurosporine_25_holo.tif,True,1,1024x1024,uint8,5,1228288,2026-09-16T09:09:55+00:00,BitsPerSample;Compression;FillOrder;ImageLength;ImageWidth;NewSubfileType;Orientation;PhotometricInterpretation;PlanarConfiguration;Predictor;ResolutionUnit;RowsPerStrip;SampleFormat;SamplesPerPixel;StripByteCounts;StripOffsets;XResolution;YResolution,False,False,
SNU_staurosporine_25,gabor,data/in_line_gabor_hologram/SNU_staurosporine_25_gabor.tif,True,1,1024x1024,uint8,5,542628,2026-09-16T09:08:15+00:00,BitsPerSample;Compression;FillOrder;ImageLength;ImageWidth;NewSubfileType;Orientation;PhotometricInterpretation;PlanarConfiguration;Predictor;ResolutionUnit;RowsPerStrip;SampleFormat;SamplesPerPixel;StripByteCounts;StripOffsets;XResolution;YResolution,False,False,
SNU_staurosporine_25,phase,data/phase/SNU_staurosporine_25_phase.bin,True,,900x900,float32,,3240023,,,,,0.2848713904768374/0.21199439004249143
SNU_staurosporine_26,off_axis,data/off_axis_hologram/SNU_staurosporine_26_holo.tif,True,1,1024x1024,uint8,5,1226616,2026-09-16T09:09:55+00:00,BitsPerSample;Compression;FillOrder;ImageLength;ImageWidth;NewSubfileType;Orientation;PhotometricInterpretation;PlanarConfiguration;Predictor;ResolutionUnit;RowsPerStrip;SampleFormat;SamplesPerPixel;StripByteCounts;StripOffsets;XResolution;YResolution,False,False,
SNU_staurosporine_26,gabor,data/in_line_gabor_hologram/SNU_staurosporine_26_gabor.tif,True,1,1024x1024,uint8,5,539424,2026-09-16T09:08:15+00:00,BitsPerSample;Compression;FillOrder;ImageLength;ImageWidth;NewSubfileType;Orientation;PhotometricInterpretation;PlanarConfiguration;Predictor;ResolutionUnit;RowsPerStrip;SampleFormat;SamplesPerPixel;StripByteCounts;StripOffsets;XResolution;YResolution,False,False,
SNU_staurosporine_26,phase,data/phase/SNU_staurosporine_26_phase.bin,True,,900x900,float32,,3240023,,,,,0.2848713904768374/0.21199439004249143
SNU_staurosporine_27,off_axis,data/off_axis_hologram/SNU_staurosporine_27_holo.tif,True,1,1024x1024,uint8,5,1235178,2026-09-16T09:09:55+00:00,BitsPerSample;Compression;FillOrder;ImageLength;ImageWidth;NewSubfileType;Orientation;PhotometricInterpretation;PlanarConfiguration;Predictor;ResolutionUnit;RowsPerStrip;SampleFormat;SamplesPerPixel;StripByteCounts;StripOffsets;XResolution;YResolution,False,False,
SNU_staurosporine_27,gabor,data/in_line_gabor_hologram/SNU_staurosporine_27_gabor.tif,True,1,1024x1024,uint8,5,561532,2026-09-16T09:08:15+00:00,BitsPerSample;Compression;FillOrder;ImageLength;ImageWidth;NewSubfileType;Orientation;PhotometricInterpretation;PlanarConfiguration;Predictor;ResolutionUnit;RowsPerStrip;SampleFormat;SamplesPerPixel;StripByteCounts;StripOffsets;XResolution;YResolution,False,False,
SNU_staurosporine_27,phase,data/phase/SNU_staurosporine_27_phase.bin,True,,900x900,float32,,3240023,,,,,0.2848713904768374/0.21199439004249143
SNU_staurosporine_28,off_axis,data/off_axis_hologram/SNU_staurosporine_28_holo.tif,True,1,1024x1024,uint8,5,1225554,2026-09-16T09:09:55+00:00,BitsPerSample;Compression;FillOrder;ImageLength;ImageWidth;NewSubfileType;Orientation;PhotometricInterpretation;PlanarConfiguration;Predictor;ResolutionUnit;RowsPerStrip;SampleFormat;SamplesPerPixel;StripByteCounts;StripOffsets;XResolution;YResolution,False,False,
SNU_staurosporine_28,gabor,data/in_line_gabor_hologram/SNU_staurosporine_28_gabor.tif,True,1,1024x1024,uint8,5,546280,2026-09-16T09:08:15+00:00,BitsPerSample;Compression;FillOrder;ImageLength;ImageWidth;NewSubfileType;Orientation;PhotometricInterpretation;PlanarConfiguration;Predictor;ResolutionUnit;RowsPerStrip;SampleFormat;SamplesPerPixel;StripByteCounts;StripOffsets;XResolution;YResolution,False,False,
SNU_staurosporine_28,phase,data/phase/SNU_staurosporine_28_phase.bin,True,,900x900,float32,,3240023,,,,,0.2848713904768374/0.21199439004249143
SNU_staurosporine_29,off_axis,data/off_axis_hologram/SNU_staurosporine_29_holo.tif,True,1,1024x1024,uint8,5,1227062,2026-09-16T09:09:55+00:00,BitsPerSample;Compression;FillOrder;ImageLength;ImageWidth;NewSubfileType;Orientation;PhotometricInterpretation;PlanarConfiguration;Predictor;ResolutionUnit;RowsPerStrip;SampleFormat;SamplesPerPixel;StripByteCounts;StripOffsets;XResolution;YResolution,False,False,
SNU_staurosporine_29,gabor,data/in_line_gabor_hologram/SNU_staurosporine_29_gabor.tif,True,1,1024x1024,uint8,5,534914,2026-09-16T09:08:15+00:00,BitsPerSample;Compression;FillOrder;ImageLength;ImageWidth;NewSubfileType;Orientation;PhotometricInterpretation;PlanarConfiguration;Predictor;ResolutionUnit;RowsPerStrip;SampleFormat;SamplesPerPixel;StripByteCounts;StripOffsets;XResolution;YResolution,False,False,
SNU_staurosporine_29,phase,data/phase/SNU_staurosporine_29_phase.bin,True,,900x900,float32,,3240023,,,,,0.2848713904768374/0.21199439004249143
SNU_staurosporine_30,off_axis,data/off_axis_hologram/SNU_staurosporine_30_holo.tif,True,1,1024x1024,uint8,5,1227114,2026-09-16T09:09:55+00:00,BitsPerSample;Compression;FillOrder;ImageLength;ImageWidth;NewSubfileType;Orientation;PhotometricInterpretation;PlanarConfiguration;Predictor;ResolutionUnit;RowsPerStrip;SampleFormat;SamplesPerPixel;StripByteCounts;StripOffsets;XResolution;YResolution,False,False,
SNU_staurosporine_30,gabor,data/in_line_gabor_hologram/SNU_staurosporine_30_gabor.tif,True,1,1024x1024,uint8,5,539506,2026-09-16T09:08:15+00:00,BitsPerSample;Compression;FillOrder;ImageLength;ImageWidth;NewSubfileType;Orientation;PhotometricInterpretation;PlanarConfiguration;Predictor;ResolutionUnit;RowsPerStrip;SampleFormat;SamplesPerPixel;StripByteCounts;StripOffsets;XResolution;YResolution,False,False,
SNU_staurosporine_30,phase,data/phase/SNU_staurosporine_30_phase.bin,True,,900x900,float32,,3240023,,,,,0.2848713904768374/0.21199439004249143
SNU_staurosporine_31,off_axis,data/off_axis_hologram/SNU_staurosporine_31_holo.tif,True,1,1024x1024,uint8,5,1217324,2026-09-16T09:09:55+00:00,BitsPerSample;Compression;FillOrder;ImageLength;ImageWidth;NewSubfileType;Orientation;PhotometricInterpretation;PlanarConfiguration;Predictor;ResolutionUnit;RowsPerStrip;SampleFormat;SamplesPerPixel;StripByteCounts;StripOffsets;XResolution;YResolution,False,False,
SNU_staurosporine_31,gabor,data/in_line_gabor_hologram/SNU_staurosporine_31_gabor.tif,True,1,1024x1024,uint8,5,534428,2026-09-16T09:08:15+00:00,BitsPerSample;Compression;FillOrder;ImageLength;ImageWidth;NewSubfileType;Orientation;PhotometricInterpretation;PlanarConfiguration;Predictor;ResolutionUnit;RowsPerStrip;SampleFormat;SamplesPerPixel;StripByteCounts;StripOffsets;XResolution;YResolution,False,False,
SNU_staurosporine_31,phase,data/phase/SNU_staurosporine_31_phase.bin,True,,900x900,float32,,3240023,,,,,0.2848713904768374/0.21199439004249143
SNU_staurosporine_32,off_axis,data/off_axis_hologram/SNU_staurosporine_32_holo.tif,True,1,1024x1024,uint8,5,1225858,2026-09-16T09:09:55+00:00,BitsPerSample;Compression;FillOrder;ImageLength;ImageWidth;NewSubfileType;Orientation;PhotometricInterpretation;PlanarConfiguration;Predictor;ResolutionUnit;RowsPerStrip;SampleFormat;SamplesPerPixel;StripByteCounts;StripOffsets;XResolution;YResolution,False,False,
SNU_staurosporine_32,gabor,data/in_line_gabor_hologram/SNU_staurosporine_32_gabor.tif,True,1,1024x1024,uint8,5,534220,2026-09-16T09:08:15+00:00,BitsPerSample;Compression;FillOrder;ImageLength;ImageWidth;NewSubfileType;Orientation;PhotometricInterpretation;PlanarConfiguration;Predictor;ResolutionUnit;RowsPerStrip;SampleFormat;SamplesPerPixel;StripByteCounts;StripOffsets;XResolution;YResolution,False,False,
SNU_staurosporine_32,phase,data/phase/SNU_staurosporine_32_phase.bin,True,,900x900,float32,,3240023,,,,,0.2848713904768374/0.21199439004249143
SNU_staurosporine_33,off_axis,data/off_axis_hologram/SNU_staurosporine_33_holo.tif,True,1,1024x1024,uint8,5,299532,2026-09-16T09:09:55+00:00,BitsPerSample;Compression;FillOrder;ImageLength;ImageWidth;NewSubfileType;Orientation;PhotometricInterpretation;PlanarConfiguration;Predictor;ResolutionUnit;RowsPerStrip;SampleFormat;SamplesPerPixel;StripByteCounts;StripOffsets;XResolution;YResolution,False,False,
SNU_staurosporine_33,gabor,data/in_line_gabor_hologram/SNU_staurosporine_33_gabor.tif,True,1,1024x1024,uint8,5,536182,2026-09-16T09:08:15+00:00,BitsPerSample;Compression;FillOrder;ImageLength;ImageWidth;NewSubfileType;Orientation;PhotometricInterpretation;PlanarConfiguration;Predictor;ResolutionUnit;RowsPerStrip;SampleFormat;SamplesPerPixel;StripByteCounts;StripOffsets;XResolution;YResolution,False,False,
SNU_staurosporine_33,phase,data/phase/SNU_staurosporine_33_phase.bin,True,,900x900,float32,,3240023,,,,,0.2848713904768374/0.21199439004249143
SNU_staurosporine_34,off_axis,data/off_axis_hologram/SNU_staurosporine_34_holo.tif,True,1,1024x1024,uint8,5,1225432,2026-09-16T09:09:55+00:00,BitsPerSample;Compression;FillOrder;ImageLength;ImageWidth;NewSubfileType;Orientation;PhotometricInterpretation;PlanarConfiguration;Predictor;ResolutionUnit;RowsPerStrip;SampleFormat;SamplesPerPixel;StripByteCounts;StripOffsets;XResolution;YResolution,False,False,
SNU_staurosporine_34,gabor,data/in_line_gabor_hologram/SNU_staurosporine_34_gabor.tif,True,1,1024x1024,uint8,5,527050,2026-09-16T09:08:15+00:00,BitsPerSample;Compression;FillOrder;ImageLength;ImageWidth;NewSubfileType;Orientation;PhotometricInterpretation;PlanarConfiguration;Predictor;ResolutionUnit;RowsPerStrip;SampleFormat;SamplesPerPixel;StripByteCounts;StripOffsets;XResolution;YResolution,False,False,
SNU_staurosporine_34,phase,data/phase/SNU_staurosporine_34_phase.bin,True,,900x900,float32,,3240023,,,,,0.2848713904768374/0.21199439004249143
SNU_staurosporine_35,off_axis,data/off_axis_hologram/SNU_staurosporine_35_holo.tif,True,1,1024x1024,uint8,5,1224232,2026-09-16T09:09:55+00:00,BitsPerSample;Compression;FillOrder;ImageLength;ImageWidth;NewSubfileType;Orientation;PhotometricInterpretation;PlanarConfiguration;Predictor;ResolutionUnit;RowsPerStrip;SampleFormat;SamplesPerPixel;StripByteCounts;StripOffsets;XResolution;YResolution,False,False,
SNU_staurosporine_35,gabor,data/in_line_gabor_hologram/SNU_staurosporine_35_gabor.tif,True,1,1024x1024,uint8,5,522302,2026-09-16T09:08:16+00:00,BitsPerSample;Compression;FillOrder;ImageLength;ImageWidth;NewSubfileType;Orientation;PhotometricInterpretation;PlanarConfiguration;Predictor;ResolutionUnit;RowsPerStrip;SampleFormat;SamplesPerPixel;StripByteCounts;StripOffsets;XResolution;YResolution,False,False,
SNU_staurosporine_35,phase,data/phase/SNU_staurosporine_35_phase.bin,True,,900x900,float32,,3240023,,,,,0.2848713904768374/0.21199439004249143
SNU_staurosporine_36,off_axis,data/off_axis_hologram/SNU_staurosporine_36_holo.tif,True,1,1024x1024,uint8,5,1223260,2026-09-16T09:09:55+00:00,BitsPerSample;Compression;FillOrder;ImageLength;ImageWidth;NewSubfileType;Orientation;PhotometricInterpretation;PlanarConfiguration;Predictor;ResolutionUnit;RowsPerStrip;SampleFormat;SamplesPerPixel;StripByteCounts;StripOffsets;XResolution;YResolution,False,False,
SNU_staurosporine_36,gabor,data/in_line_gabor_hologram/SNU_staurosporine_36_gabor.tif,True,1,1024x1024,uint8,5,518988,2026-09-16T09:08:16+00:00,BitsPerSample;Compression;FillOrder;ImageLength;ImageWidth;NewSubfileType;Orientation;PhotometricInterpretation;PlanarConfiguration;Predictor;ResolutionUnit;RowsPerStrip;SampleFormat;SamplesPerPixel;StripByteCounts;StripOffsets;XResolution;YResolution,False,False,
SNU_staurosporine_36,phase,data/phase/SNU_staurosporine_36_phase.bin,True,,900x900,float32,,3240023,,,,,0.2848713904768374/0.21199439004249143
SNU_staurosporine_37,off_axis,data/off_axis_hologram/SNU_staurosporine_37_holo.tif,True,1,1024x1024,uint8,5,1222802,2026-09-16T09:09:55+00:00,BitsPerSample;Compression;FillOrder;ImageLength;ImageWidth;NewSubfileType;Orientation;PhotometricInterpretation;PlanarConfiguration;Predictor;ResolutionUnit;RowsPerStrip;SampleFormat;SamplesPerPixel;StripByteCounts;StripOffsets;XResolution;YResolution,False,False,
SNU_staurosporine_37,gabor,data/in_line_gabor_hologram/SNU_staurosporine_37_gabor.tif,True,1,1024x1024,uint8,5,528572,2026-09-16T09:08:16+00:00,BitsPerSample;Compression;FillOrder;ImageLength;ImageWidth;NewSubfileType;Orientation;PhotometricInterpretation;PlanarConfiguration;Predictor;ResolutionUnit;RowsPerStrip;SampleFormat;SamplesPerPixel;StripByteCounts;StripOffsets;XResolution;YResolution,False,False,
SNU_staurosporine_37,phase,data/phase/SNU_staurosporine_37_phase.bin,True,,900x900,float32,,3240023,,,,,0.2848713904768374/0.21199439004249143
SNU_staurosporine_38,off_axis,data/off_axis_hologram/SNU_staurosporine_38_holo.tif,True,1,1024x1024,uint8,5,1220884,2026-09-16T09:09:55+00:00,BitsPerSample;Compression;FillOrder;ImageLength;ImageWidth;NewSubfileType;Orientation;PhotometricInterpretation;PlanarConfiguration;Predictor;ResolutionUnit;RowsPerStrip;SampleFormat;SamplesPerPixel;StripByteCounts;StripOffsets;XResolution;YResolution,False,False,
SNU_staurosporine_38,gabor,data/in_line_gabor_hologram/SNU_staurosporine_38_gabor.tif,True,1,1024x1024,uint8,5,528330,2026-09-16T09:08:16+00:00,BitsPerSample;Compression;FillOrder;ImageLength;ImageWidth;NewSubfileType;Orientation;PhotometricInterpretation;PlanarConfiguration;Predictor;ResolutionUnit;RowsPerStrip;SampleFormat;SamplesPerPixel;StripByteCounts;StripOffsets;XResolution;YResolution,False,False,
SNU_staurosporine_38,phase,data/phase/SNU_staurosporine_38_phase.bin,True,,900x900,float32,,3240023,,,,,0.2848713904768374/0.21199439004249143
SNU_staurosporine_39,off_axis,data/off_axis_hologram/SNU_staurosporine_39_holo.tif,True,1,1024x1024,uint8,5,1222298,2026-09-16T09:09:55+00:00,BitsPerSample;Compression;FillOrder;ImageLength;ImageWidth;NewSubfileType;Orientation;PhotometricInterpretation;PlanarConfiguration;Predictor;ResolutionUnit;RowsPerStrip;SampleFormat;SamplesPerPixel;StripByteCounts;StripOffsets;XResolution;YResolution,False,False,
SNU_staurosporine_39,gabor,data/in_line_gabor_hologram/SNU_staurosporine_39_gabor.tif,True,1,1024x1024,uint8,5,530516,2026-09-16T09:08:16+00:00,BitsPerSample;Compression;FillOrder;ImageLength;ImageWidth;NewSubfileType;Orientation;PhotometricInterpretation;PlanarConfiguration;Predictor;ResolutionUnit;RowsPerStrip;SampleFormat;SamplesPerPixel;StripByteCounts;StripOffsets;XResolution;YResolution,False,False,
SNU_staurosporine_39,phase,data/phase/SNU_staurosporine_39_phase.bin,True,,900x900,float32,,3240023,,,,,0.2848713904768374/0.21199439004249143
SNU_staurosporine_40,off_axis,data/off_axis_hologram/SNU_staurosporine_40_holo.tif,True,1,1024x1024,uint8,5,1226550,2026-09-16T09:09:55+00:00,BitsPerSample;Compression;FillOrder;ImageLength;ImageWidth;NewSubfileType;Orientation;PhotometricInterpretation;PlanarConfiguration;Predictor;ResolutionUnit;RowsPerStrip;SampleFormat;SamplesPerPixel;StripByteCounts;StripOffsets;XResolution;YResolution,False,False,
SNU_staurosporine_40,gabor,data/in_line_gabor_hologram/SNU_staurosporine_40_gabor.tif,True,1,1024x1024,uint8,5,534062,2026-09-16T09:08:16+00:00,BitsPerSample;Compression;FillOrder;ImageLength;ImageWidth;NewSubfileType;Orientation;PhotometricInterpretation;PlanarConfiguration;Predictor;ResolutionUnit;RowsPerStrip;SampleFormat;SamplesPerPixel;StripByteCounts;StripOffsets;XResolution;YResolution,False,False,
SNU_staurosporine_40,phase,data/phase/SNU_staurosporine_40_phase.bin,True,,900x900,float32,,3240023,,,,,0.2848713904768374/0.21199439004249143
SNU_staurosporine_41,off_axis,data/off_axis_hologram/SNU_staurosporine_41_holo.tif,True,1,1024x1024,uint8,5,1216560,2026-09-16T09:09:55+00:00,BitsPerSample;Compression;FillOrder;ImageLength;ImageWidth;NewSubfileType;Orientation;PhotometricInterpretation;PlanarConfiguration;Predictor;ResolutionUnit;RowsPerStrip;SampleFormat;SamplesPerPixel;StripByteCounts;StripOffsets;XResolution;YResolution,False,False,
SNU_staurosporine_41,gabor,data/in_line_gabor_hologram/SNU_staurosporine_41_gabor.tif,True,1,1024x1024,uint8,5,528488,2026-09-16T09:08:16+00:00,BitsPerSample;Compression;FillOrder;ImageLength;ImageWidth;NewSubfileType;Orientation;PhotometricInterpretation;PlanarConfiguration;Predictor;ResolutionUnit;RowsPerStrip;SampleFormat;SamplesPerPixel;StripByteCounts;StripOffsets;XResolution;YResolution,False,False,
SNU_staurosporine_41,phase,data/phase/SNU_staurosporine_41_phase.bin,True,,900x900,float32,,3240023,,,,,0.2848713904768374/0.21199439004249143
SNU_staurosporine_42,off_axis,data/off_axis_hologram/SNU_staurosporine_42_holo.tif,True,1,1024x1024,uint8,5,1221416,2026-09-16T09:09:55+00:00,BitsPerSample;Compression;FillOrder;ImageLength;ImageWidth;NewSubfileType;Orientation;PhotometricInterpretation;PlanarConfiguration;Predictor;ResolutionUnit;RowsPerStrip;SampleFormat;SamplesPerPixel;StripByteCounts;StripOffsets;XResolution;YResolution,False,False,
SNU_staurosporine_42,gabor,data/in_line_gabor_hologram/SNU_staurosporine_42_gabor.tif,True,1,1024x1024,uint8,5,529528,2026-09-16T09:08:16+00:00,BitsPerSample;Compression;FillOrder;ImageLength;ImageWidth;NewSubfileType;Orientation;PhotometricInterpretation;PlanarConfiguration;Predictor;ResolutionUnit;RowsPerStrip;SampleFormat;SamplesPerPixel;StripByteCounts;StripOffsets;XResolution;YResolution,False,False,
SNU_staurosporine_42,phase,data/phase/SNU_staurosporine_42_phase.bin,True,,900x900,float32,,3240023,,,,,0.2848713904768374/0.21199439004249143
SNU_staurosporine_43,off_axis,data/off_axis_hologram/SNU_staurosporine_43_holo.tif,True,1,1024x1024,uint8,5,1223608,2026-09-16T09:09:55+00:00,BitsPerSample;Compression;FillOrder;ImageLength;ImageWidth;NewSubfileType;Orientation;PhotometricInterpretation;PlanarConfiguration;Predictor;ResolutionUnit;RowsPerStrip;SampleFormat;SamplesPerPixel;StripByteCounts;StripOffsets;XResolution;YResolution,False,False,
SNU_staurosporine_43,gabor,data/in_line_gabor_hologram/SNU_staurosporine_43_gabor.tif,True,1,1024x1024,uint8,5,526018,2026-09-16T09:08:16+00:00,BitsPerSample;Compression;FillOrder;ImageLength;ImageWidth;NewSubfileType;Orientation;PhotometricInterpretation;PlanarConfiguration;Predictor;ResolutionUnit;RowsPerStrip;SampleFormat;SamplesPerPixel;StripByteCounts;StripOffsets;XResolution;YResolution,False,False,
SNU_staurosporine_43,phase,data/phase/SNU_staurosporine_43_phase.bin,True,,900x900,float32,,3240023,,,,,0.2848713904768374/0.21199439004249143
SNU_staurosporine_44,off_axis,data/off_axis_hologram/SNU_staurosporine_44_holo.tif,True,1,1024x1024,uint8,5,1218128,2026-09-16T09:09:55+00:00,BitsPerSample;Compression;FillOrder;ImageLength;ImageWidth;NewSubfileType;Orientation;PhotometricInterpretation;PlanarConfiguration;Predictor;ResolutionUnit;RowsPerStrip;SampleFormat;SamplesPerPixel;StripByteCounts;StripOffsets;XResolution;YResolution,False,False,
SNU_staurosporine_44,gabor,data/in_line_gabor_hologram/SNU_staurosporine_44_gabor.tif,True,1,1024x1024,uint8,5,512224,2026-09-16T09:08:16+00:00,BitsPerSample;Compression;FillOrder;ImageLength;ImageWidth;NewSubfileType;Orientation;PhotometricInterpretation;PlanarConfiguration;Predictor;ResolutionUnit;RowsPerStrip;SampleFormat;SamplesPerPixel;StripByteCounts;StripOffsets;XResolution;YResolution,False,False,
SNU_staurosporine_44,phase,data/phase/SNU_staurosporine_44_phase.bin,True,,900x900,float32,,3240023,,,,,0.2848713904768374/0.21199439004249143
SNU_staurosporine_45,off_axis,data/off_axis_hologram/SNU_staurosporine_45_holo.tif,True,1,1024x1024,uint8,5,1214752,2026-09-16T09:09:55+00:00,BitsPerSample;Compression;FillOrder;ImageLength;ImageWidth;NewSubfileType;Orientation;PhotometricInterpretation;PlanarConfiguration;Predictor;ResolutionUnit;RowsPerStrip;SampleFormat;SamplesPerPixel;StripByteCounts;StripOffsets;XResolution;YResolution,False,False,
SNU_staurosporine_45,gabor,data/in_line_gabor_hologram/SNU_staurosporine_45_gabor.tif,True,1,1024x1024,uint8,5,521034,2026-09-16T09:08:16+00:00,BitsPerSample;Compression;FillOrder;ImageLength;ImageWidth;NewSubfileType;Orientation;PhotometricInterpretation;PlanarConfiguration;Predictor;ResolutionUnit;RowsPerStrip;SampleFormat;SamplesPerPixel;StripByteCounts;StripOffsets;XResolution;YResolution,False,False,
SNU_staurosporine_45,phase,data/phase/SNU_staurosporine_45_phase.bin,True,,900x900,float32,,3240023,,,,,0.2848713904768374/0.21199439004249143
SNU_staurosporine_46,off_axis,data/off_axis_hologram/SNU_staurosporine_46_holo.tif,True,1,1024x1024,uint8,5,1221694,2026-09-16T09:09:55+00:00,BitsPerSample;Compression;FillOrder;ImageLength;ImageWidth;NewSubfileType;Orientation;PhotometricInterpretation;PlanarConfiguration;Predictor;ResolutionUnit;RowsPerStrip;SampleFormat;SamplesPerPixel;StripByteCounts;StripOffsets;XResolution;YResolution,False,False,
SNU_staurosporine_46,gabor,data/in_line_gabor_hologram/SNU_staurosporine_46_gabor.tif,True,1,1024x1024,uint8,5,525376,2026-09-16T09:08:16+00:00,BitsPerSample;Compression;FillOrder;ImageLength;ImageWidth;NewSubfileType;Orientation;PhotometricInterpretation;PlanarConfiguration;Predictor;ResolutionUnit;RowsPerStrip;SampleFormat;SamplesPerPixel;StripByteCounts;StripOffsets;XResolution;YResolution,False,False,
SNU_staurosporine_46,phase,data/phase/SNU_staurosporine_46_phase.bin,True,,900x900,float32,,3240023,,,,,0.2848713904768374/0.21199439004249143
SNU_staurosporine_47,off_axis,data/off_axis_hologram/SNU_staurosporine_47_holo.tif,True,1,1024x1024,uint8,5,1224598,2026-09-16T09:09:55+00:00,BitsPerSample;Compression;FillOrder;ImageLength;ImageWidth;NewSubfileType;Orientation;PhotometricInterpretation;PlanarConfiguration;Predictor;ResolutionUnit;RowsPerStrip;SampleFormat;SamplesPerPixel;StripByteCounts;StripOffsets;XResolution;YResolution,False,False,
SNU_staurosporine_47,gabor,data/in_line_gabor_hologram/SNU_staurosporine_47_gabor.tif,True,1,1024x1024,uint8,5,527220,2026-09-16T09:08:16+00:00,BitsPerSample;Compression;FillOrder;ImageLength;ImageWidth;NewSubfileType;Orientation;PhotometricInterpretation;PlanarConfiguration;Predictor;ResolutionUnit;RowsPerStrip;SampleFormat;SamplesPerPixel;StripByteCounts;StripOffsets;XResolution;YResolution,False,False,
SNU_staurosporine_47,phase,data/phase/SNU_staurosporine_47_phase.bin,True,,900x900,float32,,3240023,,,,,0.2848713904768374/0.21199439004249143
SNU_staurosporine_48,off_axis,data/off_axis_hologram/SNU_staurosporine_48_holo.tif,True,1,1024x1024,uint8,5,1215396,2026-09-16T09:09:55+00:00,BitsPerSample;Compression;FillOrder;ImageLength;ImageWidth;NewSubfileType;Orientation;PhotometricInterpretation;PlanarConfiguration;Predictor;ResolutionUnit;RowsPerStrip;SampleFormat;SamplesPerPixel;StripByteCounts;StripOffsets;XResolution;YResolution,False,False,
SNU_staurosporine_48,gabor,data/in_line_gabor_hologram/SNU_staurosporine_48_gabor.tif,True,1,1024x1024,uint8,5,505144,2026-09-16T09:08:16+00:00,BitsPerSample;Compression;FillOrder;ImageLength;ImageWidth;NewSubfileType;Orientation;PhotometricInterpretation;PlanarConfiguration;Predictor;ResolutionUnit;RowsPerStrip;SampleFormat;SamplesPerPixel;StripByteCounts;StripOffsets;XResolution;YResolution,False,False,
SNU_staurosporine_48,phase,data/phase/SNU_staurosporine_48_phase.bin,True,,900x900,float32,,3240023,,,,,0.2848713904768374/0.21199439004249143
SNU_staurosporine_49,off_axis,data/off_axis_hologram/SNU_staurosporine_49_holo.tif,True,1,1024x1024,uint8,5,1214922,2026-09-16T09:09:55+00:00,BitsPerSample;Compression;FillOrder;ImageLength;ImageWidth;NewSubfileType;Orientation;PhotometricInterpretation;PlanarConfiguration;Predictor;ResolutionUnit;RowsPerStrip;SampleFormat;SamplesPerPixel;StripByteCounts;StripOffsets;XResolution;YResolution,False,False,
SNU_staurosporine_49,gabor,data/in_line_gabor_hologram/SNU_staurosporine_49_gabor.tif,True,1,1024x1024,uint8,5,516762,2026-09-16T09:08:16+00:00,BitsPerSample;Compression;FillOrder;ImageLength;ImageWidth;NewSubfileType;Orientation;PhotometricInterpretation;PlanarConfiguration;Predictor;ResolutionUnit;RowsPerStrip;SampleFormat;SamplesPerPixel;StripByteCounts;StripOffsets;XResolution;YResolution,False,False,
SNU_staurosporine_49,phase,data/phase/SNU_staurosporine_49_phase.bin,True,,900x900,float32,,3240023,,,,,0.2848713904768374/0.21199439004249143
SNU_staurosporine_50,off_axis,data/off_axis_hologram/SNU_staurosporine_50_holo.tif,True,1,1024x1024,uint8,5,1222200,2026-09-16T09:09:55+00:00,BitsPerSample;Compression;FillOrder;ImageLength;ImageWidth;NewSubfileType;Orientation;PhotometricInterpretation;PlanarConfiguration;Predictor;ResolutionUnit;RowsPerStrip;SampleFormat;SamplesPerPixel;StripByteCounts;StripOffsets;XResolution;YResolution,False,False,
SNU_staurosporine_50,gabor,data/in_line_gabor_hologram/SNU_staurosporine_50_gabor.tif,True,1,1024x1024,uint8,5,531960,2026-09-16T09:08:16+00:00,BitsPerSample;Compression;FillOrder;ImageLength;ImageWidth;NewSubfileType;Orientation;PhotometricInterpretation;PlanarConfiguration;Predictor;ResolutionUnit;RowsPerStrip;SampleFormat;SamplesPerPixel;StripByteCounts;StripOffsets;XResolution;YResolution,False,False,
SNU_staurosporine_50,phase,data/phase/SNU_staurosporine_50_phase.bin,True,,900x900,float32,,3240023,,,,,0.2848713904768374/0.21199439004249143
T24_01,off_axis,data/off_axis_hologram/T24_01_holo.tif,True,1,1024x1024,uint8,5,1250184,2026-09-16T09:09:55+00:00,BitsPerSample;Compression;FillOrder;ImageLength;ImageWidth;NewSubfileType;Orientation;PhotometricInterpretation;PlanarConfiguration;Predictor;ResolutionUnit;RowsPerStrip;SampleFormat;SamplesPerPixel;StripByteCounts;StripOffsets;XResolution;YResolution,False,False,
T24_01,gabor,data/in_line_gabor_hologram/T24_01_gabor.tif,True,1,1024x1024,uint8,5,567930,2026-09-16T09:08:16+00:00,BitsPerSample;Compression;FillOrder;ImageLength;ImageWidth;NewSubfileType;Orientation;PhotometricInterpretation;PlanarConfiguration;Predictor;ResolutionUnit;RowsPerStrip;SampleFormat;SamplesPerPixel;StripByteCounts;StripOffsets;XResolution;YResolution,False,False,
T24_01,phase,data/phase/T24_01_phase.bin,True,,900x900,float32,,3240023,,,,,0.2848713904768374/0.21199439004249143
T24_02,off_axis,data/off_axis_hologram/T24_02_holo.tif,True,1,1024x1024,uint8,5,1246146,2026-09-16T09:09:55+00:00,BitsPerSample;Compression;FillOrder;ImageLength;ImageWidth;NewSubfileType;Orientation;PhotometricInterpretation;PlanarConfiguration;Predictor;ResolutionUnit;RowsPerStrip;SampleFormat;SamplesPerPixel;StripByteCounts;StripOffsets;XResolution;YResolution,False,False,
T24_02,gabor,data/in_line_gabor_hologram/T24_02_gabor.tif,True,1,1024x1024,uint8,5,562964,2026-09-16T09:08:16+00:00,BitsPerSample;Compression;FillOrder;ImageLength;ImageWidth;NewSubfileType;Orientation;PhotometricInterpretation;PlanarConfiguration;Predictor;ResolutionUnit;RowsPerStrip;SampleFormat;SamplesPerPixel;StripByteCounts;StripOffsets;XResolution;YResolution,False,False,
T24_02,phase,data/phase/T24_02_phase.bin,True,,900x900,float32,,3240023,,,,,0.2848713904768374/0.21199439004249143
T24_03,off_axis,data/off_axis_hologram/T24_03_holo.tif,True,1,1024x1024,uint8,5,1245494,2026-09-16T09:09:55+00:00,BitsPerSample;Compression;FillOrder;ImageLength;ImageWidth;NewSubfileType;Orientation;PhotometricInterpretation;PlanarConfiguration;Predictor;ResolutionUnit;RowsPerStrip;SampleFormat;SamplesPerPixel;StripByteCounts;StripOffsets;XResolution;YResolution,False,False,
T24_03,gabor,data/in_line_gabor_hologram/T24_03_gabor.tif,True,1,1024x1024,uint8,5,554820,2026-09-16T09:08:16+00:00,BitsPerSample;Compression;FillOrder;ImageLength;ImageWidth;NewSubfileType;Orientation;PhotometricInterpretation;PlanarConfiguration;Predictor;ResolutionUnit;RowsPerStrip;SampleFormat;SamplesPerPixel;StripByteCounts;StripOffsets;XResolution;YResolution,False,False,
T24_03,phase,data/phase/T24_03_phase.bin,True,,900x900,float32,,3240023,,,,,0.2848713904768374/0.21199439004249143
T24_04,off_axis,data/off_axis_hologram/T24_04_holo.tif,True,1,1024x1024,uint8,5,1240770,2026-09-16T09:09:55+00:00,BitsPerSample;Compression;FillOrder;ImageLength;ImageWidth;NewSubfileType;Orientation;PhotometricInterpretation;PlanarConfiguration;Predictor;ResolutionUnit;RowsPerStrip;SampleFormat;SamplesPerPixel;StripByteCounts;StripOffsets;XResolution;YResolution,False,False,
T24_04,gabor,data/in_line_gabor_hologram/T24_04_gabor.tif,True,1,1024x1024,uint8,5,554394,2026-09-16T09:08:16+00:00,BitsPerSample;Compression;FillOrder;ImageLength;ImageWidth;NewSubfileType;Orientation;PhotometricInterpretation;PlanarConfiguration;Predictor;ResolutionUnit;RowsPerStrip;SampleFormat;SamplesPerPixel;StripByteCounts;StripOffsets;XResolution;YResolution,False,False,
T24_04,phase,data/phase/T24_04_phase.bin,True,,900x900,float32,,3240023,,,,,0.2848713904768374/0.21199439004249143
T24_05,off_axis,data/off_axis_hologram/T24_05_holo.tif,True,1,1024x1024,uint8,5,1237520,2026-09-16T09:09:55+00:00,BitsPerSample;Compression;FillOrder;ImageLength;ImageWidth;NewSubfileType;Orientation;PhotometricInterpretation;PlanarConfiguration;Predictor;ResolutionUnit;RowsPerStrip;SampleFormat;SamplesPerPixel;StripByteCounts;StripOffsets;XResolution;YResolution,False,False,
T24_05,gabor,data/in_line_gabor_hologram/T24_05_gabor.tif,True,1,1024x1024,uint8,5,551282,2026-09-16T09:08:16+00:00,BitsPerSample;Compression;FillOrder;ImageLength;ImageWidth;NewSubfileType;Orientation;PhotometricInterpretation;PlanarConfiguration;Predictor;ResolutionUnit;RowsPerStrip;SampleFormat;SamplesPerPixel;StripByteCounts;StripOffsets;XResolution;YResolution,False,False,
T24_05,phase,data/phase/T24_05_phase.bin,True,,900x900,float32,,3240023,,,,,0.2848713904768374/0.21199439004249143
T24_06,off_axis,data/off_axis_hologram/T24_06_holo.tif,True,1,1024x1024,uint8,5,1236644,2026-09-16T09:09:55+00:00,BitsPerSample;Compression;FillOrder;ImageLength;ImageWidth;NewSubfileType;Orientation;PhotometricInterpretation;PlanarConfiguration;Predictor;ResolutionUnit;RowsPerStrip;SampleFormat;SamplesPerPixel;StripByteCounts;StripOffsets;XResolution;YResolution,False,False,
T24_06,gabor,data/in_line_gabor_hologram/T24_06_gabor.tif,True,1,1024x1024,uint8,5,542826,2026-09-16T09:08:16+00:00,BitsPerSample;Compression;FillOrder;ImageLength;ImageWidth;NewSubfileType;Orientation;PhotometricInterpretation;PlanarConfiguration;Predictor;ResolutionUnit;RowsPerStrip;SampleFormat;SamplesPerPixel;StripByteCounts;StripOffsets;XResolution;YResolution,False,False,
T24_06,phase,data/phase/T24_06_phase.bin,True,,900x900,float32,,3240023,,,,,0.2848713904768374/0.21199439004249143
T24_07,off_axis,data/off_axis_hologram/T24_07_holo.tif,True,1,1024x1024,uint8,5,1226082,2026-09-16T09:09:55+00:00,BitsPerSample;Compression;FillOrder;ImageLength;ImageWidth;NewSubfileType;Orientation;PhotometricInterpretation;PlanarConfiguration;Predictor;ResolutionUnit;RowsPerStrip;SampleFormat;SamplesPerPixel;StripByteCounts;StripOffsets;XResolution;YResolution,False,False,
T24_07,gabor,data/in_line_gabor_hologram/T24_07_gabor.tif,True,1,1024x1024,uint8,5,526104,2026-09-16T09:08:16+00:00,BitsPerSample;Compression;FillOrder;ImageLength;ImageWidth;NewSubfileType;Orientation;PhotometricInterpretation;PlanarConfiguration;Predictor;ResolutionUnit;RowsPerStrip;SampleFormat;SamplesPerPixel;StripByteCounts;StripOffsets;XResolution;YResolution,False,False,
T24_07,phase,data/phase/T24_07_phase.bin,True,,900x900,float32,,3240023,,,,,0.2848713904768374/0.21199439004249143
T24_08,off_axis,data/off_axis_hologram/T24_08_holo.tif,True,1,1024x1024,uint8,5,1230856,2026-09-16T09:09:55+00:00,BitsPerSample;Compression;FillOrder;ImageLength;ImageWidth;NewSubfileType;Orientation;PhotometricInterpretation;PlanarConfiguration;Predictor;ResolutionUnit;RowsPerStrip;SampleFormat;SamplesPerPixel;StripByteCounts;StripOffsets;XResolution;YResolution,False,False,
T24_08,gabor,data/in_line_gabor_hologram/T24_08_gabor.tif,True,1,1024x1024,uint8,5,535732,2026-09-16T09:08:16+00:00,BitsPerSample;Compression;FillOrder;ImageLength;ImageWidth;NewSubfileType;Orientation;PhotometricInterpretation;PlanarConfiguration;Predictor;ResolutionUnit;RowsPerStrip;SampleFormat;SamplesPerPixel;StripByteCounts;StripOffsets;XResolution;YResolution,False,False,
T24_08,phase,data/phase/T24_08_phase.bin,True,,900x900,float32,,3240023,,,,,0.2848713904768374/0.21199439004249143
T24_09,off_axis,data/off_axis_hologram/T24_09_holo.tif,True,1,1024x1024,uint8,5,1223714,2026-09-16T09:09:55+00:00,BitsPerSample;Compression;FillOrder;ImageLength;ImageWidth;NewSubfileType;Orientation;PhotometricInterpretation;PlanarConfiguration;Predictor;ResolutionUnit;RowsPerStrip;SampleFormat;SamplesPerPixel;StripByteCounts;StripOffsets;XResolution;YResolution,False,False,
T24_09,gabor,data/in_line_gabor_hologram/T24_09_gabor.tif,True,1,1024x1024,uint8,5,517980,2026-09-16T09:08:16+00:00,BitsPerSample;Compression;FillOrder;ImageLength;ImageWidth;NewSubfileType;Orientation;PhotometricInterpretation;PlanarConfiguration;Predictor;ResolutionUnit;RowsPerStrip;SampleFormat;SamplesPerPixel;StripByteCounts;StripOffsets;XResolution;YResolution,False,False,
T24_09,phase,data/phase/T24_09_phase.bin,True,,900x900,float32,,3240023,,,,,0.2848713904768374/0.21199439004249143
T24_10,off_axis,data/off_axis_hologram/T24_10_holo.tif,True,1,1024x1024,uint8,5,1214840,2026-09-16T09:09:55+00:00,BitsPerSample;Compression;FillOrder;ImageLength;ImageWidth;NewSubfileType;Orientation;PhotometricInterpretation;PlanarConfiguration;Predictor;ResolutionUnit;RowsPerStrip;SampleFormat;SamplesPerPixel;StripByteCounts;StripOffsets;XResolution;YResolution,False,False,
T24_10,gabor,data/in_line_gabor_hologram/T24_10_gabor.tif,True,1,1024x1024,uint8,5,510852,2026-09-16T09:08:16+00:00,BitsPerSample;Compression;FillOrder;ImageLength;ImageWidth;NewSubfileType;Orientation;PhotometricInterpretation;PlanarConfiguration;Predictor;ResolutionUnit;RowsPerStrip;SampleFormat;SamplesPerPixel;StripByteCounts;StripOffsets;XResolution;YResolution,False,False,
T24_10,phase,data/phase/T24_10_phase.bin,True,,900x900,float32,,3240023,,,,,0.2848713904768374/0.21199439004249143
T24_11,off_axis,data/off_axis_hologram/T24_11_holo.tif,True,1,1024x1024,uint8,5,1229074,2026-09-16T09:09:55+00:00,BitsPerSample;Compression;FillOrder;ImageLength;ImageWidth;NewSubfileType;Orientation;PhotometricInterpretation;PlanarConfiguration;Predictor;ResolutionUnit;RowsPerStrip;SampleFormat;SamplesPerPixel;StripByteCounts;StripOffsets;XResolution;YResolution,False,False,
T24_11,gabor,data/in_line_gabor_hologram/T24_11_gabor.tif,True,1,1024x1024,uint8,5,527718,2026-09-16T09:08:16+00:00,BitsPerSample;Compression;FillOrder;ImageLength;ImageWidth;NewSubfileType;Orientation;PhotometricInterpretation;PlanarConfiguration;Predictor;ResolutionUnit;RowsPerStrip;SampleFormat;SamplesPerPixel;StripByteCounts;StripOffsets;XResolution;YResolution,False,False,
T24_11,phase,data/phase/T24_11_phase.bin,True,,900x900,float32,,3240023,,,,,0.2848713904768374/0.21199439004249143
T24_12,off_axis,data/off_axis_hologram/T24_12_holo.tif,True,1,1024x1024,uint8,5,1230920,2026-09-16T09:09:55+00:00,BitsPerSample;Compression;FillOrder;ImageLength;ImageWidth;NewSubfileType;Orientation;PhotometricInterpretation;PlanarConfiguration;Predictor;ResolutionUnit;RowsPerStrip;SampleFormat;SamplesPerPixel;StripByteCounts;StripOffsets;XResolution;YResolution,False,False,
T24_12,gabor,data/in_line_gabor_hologram/T24_12_gabor.tif,True,1,1024x1024,uint8,5,536068,2026-09-16T09:08:16+00:00,BitsPerSample;Compression;FillOrder;ImageLength;ImageWidth;NewSubfileType;Orientation;PhotometricInterpretation;PlanarConfiguration;Predictor;ResolutionUnit;RowsPerStrip;SampleFormat;SamplesPerPixel;StripByteCounts;StripOffsets;XResolution;YResolution,False,False,
T24_12,phase,data/phase/T24_12_phase.bin,True,,900x900,float32,,3240023,,,,,0.2848713904768374/0.21199439004249143
T24_13,off_axis,data/off_axis_hologram/T24_13_holo.tif,True,1,1024x1024,uint8,5,1224858,2026-09-16T09:09:55+00:00,BitsPerSample;Compression;FillOrder;ImageLength;ImageWidth;NewSubfileType;Orientation;PhotometricInterpretation;PlanarConfiguration;Predictor;ResolutionUnit;RowsPerStrip;SampleFormat;SamplesPerPixel;StripByteCounts;StripOffsets;XResolution;YResolution,False,False,
T24_13,gabor,data/in_line_gabor_hologram/T24_13_gabor.tif,True,1,1024x1024,uint8,5,524094,2026-09-16T09:08:16+00:00,BitsPerSample;Compression;FillOrder;ImageLength;ImageWidth;NewSubfileType;Orientation;PhotometricInterpretation;PlanarConfiguration;Predictor;ResolutionUnit;RowsPerStrip;SampleFormat;SamplesPerPixel;StripByteCounts;StripOffsets;XResolution;YResolution,False,False,
T24_13,phase,data/phase/T24_13_phase.bin,True,,900x900,float32,,3240023,,,,,0.2848713904768374/0.21199439004249143
T24_14,off_axis,data/off_axis_hologram/T24_14_holo.tif,True,1,1024x1024,uint8,5,1224776,2026-09-16T09:09:55+00:00,BitsPerSample;Compression;FillOrder;ImageLength;ImageWidth;NewSubfileType;Orientation;PhotometricInterpretation;PlanarConfiguration;Predictor;ResolutionUnit;RowsPerStrip;SampleFormat;SamplesPerPixel;StripByteCounts;StripOffsets;XResolution;YResolution,False,False,
T24_14,gabor,data/in_line_gabor_hologram/T24_14_gabor.tif,True,1,1024x1024,uint8,5,518378,2026-09-16T09:08:16+00:00,BitsPerSample;Compression;FillOrder;ImageLength;ImageWidth;NewSubfileType;Orientation;PhotometricInterpretation;PlanarConfiguration;Predictor;ResolutionUnit;RowsPerStrip;SampleFormat;SamplesPerPixel;StripByteCounts;StripOffsets;XResolution;YResolution,False,False,
T24_14,phase,data/phase/T24_14_phase.bin,True,,900x900,float32,,3240023,,,,,0.2848713904768374/0.21199439004249143
T24_15,off_axis,data/off_axis_hologram/T24_15_holo.tif,True,1,1024x1024,uint8,5,1223734,2026-09-16T09:09:55+00:00,BitsPerSample;Compression;FillOrder;ImageLength;ImageWidth;NewSubfileType;Orientation;PhotometricInterpretation;PlanarConfiguration;Predictor;ResolutionUnit;RowsPerStrip;SampleFormat;SamplesPerPixel;StripByteCounts;StripOffsets;XResolution;YResolution,False,False,
T24_15,gabor,data/in_line_gabor_hologram/T24_15_gabor.tif,True,1,1024x1024,uint8,5,525794,2026-09-16T09:08:16+00:00,BitsPerSample;Compression;FillOrder;ImageLength;ImageWidth;NewSubfileType;Orientation;PhotometricInterpretation;PlanarConfiguration;Predictor;ResolutionUnit;RowsPerStrip;SampleFormat;SamplesPerPixel;StripByteCounts;StripOffsets;XResolution;YResolution,False,False,
T24_15,phase,data/phase/T24_15_phase.bin,True,,900x900,float32,,3240023,,,,,0.2848713904768374/0.21199439004249143
T24_16,off_axis,data/off_axis_hologram/T24_16_holo.tif,True,1,1024x1024,uint8,5,1220284,2026-09-16T09:09:55+00:00,BitsPerSample;Compression;FillOrder;ImageLength;ImageWidth;NewSubfileType;Orientation;PhotometricInterpretation;PlanarConfiguration;Predictor;ResolutionUnit;RowsPerStrip;SampleFormat;SamplesPerPixel;StripByteCounts;StripOffsets;XResolution;YResolution,False,False,
T24_16,gabor,data/in_line_gabor_hologram/T24_16_gabor.tif,True,1,1024x1024,uint8,5,515814,2026-09-16T09:08:16+00:00,BitsPerSample;Compression;FillOrder;ImageLength;ImageWidth;NewSubfileType;Orientation;PhotometricInterpretation;PlanarConfiguration;Predictor;ResolutionUnit;RowsPerStrip;SampleFormat;SamplesPerPixel;StripByteCounts;StripOffsets;XResolution;YResolution,False,False,
T24_16,phase,data/phase/T24_16_phase.bin,True,,900x900,float32,,3240023,,,,,0.2848713904768374/0.21199439004249143
T24_17,off_axis,data/off_axis_hologram/T24_17_holo.tif,True,1,1024x1024,uint8,5,1217302,2026-09-16T09:09:55+00:00,BitsPerSample;Compression;FillOrder;ImageLength;ImageWidth;NewSubfileType;Orientation;PhotometricInterpretation;PlanarConfiguration;Predictor;ResolutionUnit;RowsPerStrip;SampleFormat;SamplesPerPixel;StripByteCounts;StripOffsets;XResolution;YResolution,False,False,
T24_17,gabor,data/in_line_gabor_hologram/T24_17_gabor.tif,True,1,1024x1024,uint8,5,507360,2026-09-16T09:08:16+00:00,BitsPerSample;Compression;FillOrder;ImageLength;ImageWidth;NewSubfileType;Orientation;PhotometricInterpretation;PlanarConfiguration;Predictor;ResolutionUnit;RowsPerStrip;SampleFormat;SamplesPerPixel;StripByteCounts;StripOffsets;XResolution;YResolution,False,False,
T24_17,phase,data/phase/T24_17_phase.bin,True,,900x900,float32,,3240023,,,,,0.2848713904768374/0.21199439004249143
T24_18,off_axis,data/off_axis_hologram/T24_18_holo.tif,True,1,1024x1024,uint8,5,1223718,2026-09-16T09:09:55+00:00,BitsPerSample;Compression;FillOrder;ImageLength;ImageWidth;NewSubfileType;Orientation;PhotometricInterpretation;PlanarConfiguration;Predictor;ResolutionUnit;RowsPerStrip;SampleFormat;SamplesPerPixel;StripByteCounts;StripOffsets;XResolution;YResolution,False,False,
T24_18,gabor,data/in_line_gabor_hologram/T24_18_gabor.tif,True,1,1024x1024,uint8,5,522060,2026-09-16T09:08:16+00:00,BitsPerSample;Compression;FillOrder;ImageLength;ImageWidth;NewSubfileType;Orientation;PhotometricInterpretation;PlanarConfiguration;Predictor;ResolutionUnit;RowsPerStrip;SampleFormat;SamplesPerPixel;StripByteCounts;StripOffsets;XResolution;YResolution,False,False,
T24_18,phase,data/phase/T24_18_phase.bin,True,,900x900,float32,,3240023,,,,,0.2848713904768374/0.21199439004249143
T24_19,off_axis,data/off_axis_hologram/T24_19_holo.tif,True,1,1024x1024,uint8,5,1223828,2026-09-16T09:09:55+00:00,BitsPerSample;Compression;FillOrder;ImageLength;ImageWidth;NewSubfileType;Orientation;PhotometricInterpretation;PlanarConfiguration;Predictor;ResolutionUnit;RowsPerStrip;SampleFormat;SamplesPerPixel;StripByteCounts;StripOffsets;XResolution;YResolution,False,False,
T24_19,gabor,data/in_line_gabor_hologram/T24_19_gabor.tif,True,1,1024x1024,uint8,5,520468,2026-09-16T09:08:16+00:00,BitsPerSample;Compression;FillOrder;ImageLength;ImageWidth;NewSubfileType;Orientation;PhotometricInterpretation;PlanarConfiguration;Predictor;ResolutionUnit;RowsPerStrip;SampleFormat;SamplesPerPixel;StripByteCounts;StripOffsets;XResolution;YResolution,False,False,
T24_19,phase,data/phase/T24_19_phase.bin,True,,900x900,float32,,3240023,,,,,0.2848713904768374/0.21199439004249143
T24_20,off_axis,data/off_axis_hologram/T24_20_holo.tif,True,1,1024x1024,uint8,5,1225906,2026-09-16T09:09:55+00:00,BitsPerSample;Compression;FillOrder;ImageLength;ImageWidth;NewSubfileType;Orientation;PhotometricInterpretation;PlanarConfiguration;Predictor;ResolutionUnit;RowsPerStrip;SampleFormat;SamplesPerPixel;StripByteCounts;StripOffsets;XResolution;YResolution,False,False,
T24_20,gabor,data/in_line_gabor_hologram/T24_20_gabor.tif,True,1,1024x1024,uint8,5,535756,2026-09-16T09:08:16+00:00,BitsPerSample;Compression;FillOrder;ImageLength;ImageWidth;NewSubfileType;Orientation;PhotometricInterpretation;PlanarConfiguration;Predictor;ResolutionUnit;RowsPerStrip;SampleFormat;SamplesPerPixel;StripByteCounts;StripOffsets;XResolution;YResolution,False,False,
T24_20,phase,data/phase/T24_20_phase.bin,True,,900x900,float32,,3240023,,,,,0.2848713904768374/0.21199439004249143
T24_21,off_axis,data/off_axis_hologram/T24_21_holo.tif,True,1,1024x1024,uint8,5,1218222,2026-09-16T09:09:55+00:00,BitsPerSample;Compression;FillOrder;ImageLength;ImageWidth;NewSubfileType;Orientation;PhotometricInterpretation;PlanarConfiguration;Predictor;ResolutionUnit;RowsPerStrip;SampleFormat;SamplesPerPixel;StripByteCounts;StripOffsets;XResolution;YResolution,False,False,
T24_21,gabor,data/in_line_gabor_hologram/T24_21_gabor.tif,True,1,1024x1024,uint8,5,519382,2026-09-16T09:08:16+00:00,BitsPerSample;Compression;FillOrder;ImageLength;ImageWidth;NewSubfileType;Orientation;PhotometricInterpretation;PlanarConfiguration;Predictor;ResolutionUnit;RowsPerStrip;SampleFormat;SamplesPerPixel;StripByteCounts;StripOffsets;XResolution;YResolution,False,False,
T24_21,phase,data/phase/T24_21_phase.bin,True,,900x900,float32,,3240023,,,,,0.2848713904768374/0.21199439004249143
T24_22,off_axis,data/off_axis_hologram/T24_22_holo.tif,True,1,1024x1024,uint8,5,1224550,2026-09-16T09:09:55+00:00,BitsPerSample;Compression;FillOrder;ImageLength;ImageWidth;NewSubfileType;Orientation;PhotometricInterpretation;PlanarConfiguration;Predictor;ResolutionUnit;RowsPerStrip;SampleFormat;SamplesPerPixel;StripByteCounts;StripOffsets;XResolution;YResolution,False,False,
T24_22,gabor,data/in_line_gabor_hologram/T24_22_gabor.tif,True,1,1024x1024,uint8,5,526576,2026-09-16T09:08:16+00:00,BitsPerSample;Compression;FillOrder;ImageLength;ImageWidth;NewSubfileType;Orientation;PhotometricInterpretation;PlanarConfiguration;Predictor;ResolutionUnit;RowsPerStrip;SampleFormat;SamplesPerPixel;StripByteCounts;StripOffsets;XResolution;YResolution,False,False,
T24_22,phase,data/phase/T24_22_phase.bin,True,,900x900,float32,,3240023,,,,,0.2848713904768374/0.21199439004249143
T24_23,off_axis,data/off_axis_hologram/T24_23_holo.tif,True,1,1024x1024,uint8,5,1221170,2026-09-16T09:09:55+00:00,BitsPerSample;Compression;FillOrder;ImageLength;ImageWidth;NewSubfileType;Orientation;PhotometricInterpretation;PlanarConfiguration;Predictor;ResolutionUnit;RowsPerStrip;SampleFormat;SamplesPerPixel;StripByteCounts;StripOffsets;XResolution;YResolution,False,False,
T24_23,gabor,data/in_line_gabor_hologram/T24_23_gabor.tif,True,1,1024x1024,uint8,5,521768,2026-09-16T09:08:16+00:00,BitsPerSample;Compression;FillOrder;ImageLength;ImageWidth;NewSubfileType;Orientation;PhotometricInterpretation;PlanarConfiguration;Predictor;ResolutionUnit;RowsPerStrip;SampleFormat;SamplesPerPixel;StripByteCounts;StripOffsets;XResolution;YResolution,False,False,
T24_23,phase,data/phase/T24_23_phase.bin,True,,900x900,float32,,3240023,,,,,0.2848713904768374/0.21199439004249143
T24_24,off_axis,data/off_axis_hologram/T24_24_holo.tif,True,1,1024x1024,uint8,5,1214844,2026-09-16T09:09:55+00:00,BitsPerSample;Compression;FillOrder;ImageLength;ImageWidth;NewSubfileType;Orientation;PhotometricInterpretation;PlanarConfiguration;Predictor;ResolutionUnit;RowsPerStrip;SampleFormat;SamplesPerPixel;StripByteCounts;StripOffsets;XResolution;YResolution,False,False,
T24_24,gabor,data/in_line_gabor_hologram/T24_24_gabor.tif,True,1,1024x1024,uint8,5,506700,2026-09-16T09:08:16+00:00,BitsPerSample;Compression;FillOrder;ImageLength;ImageWidth;NewSubfileType;Orientation;PhotometricInterpretation;PlanarConfiguration;Predictor;ResolutionUnit;RowsPerStrip;SampleFormat;SamplesPerPixel;StripByteCounts;StripOffsets;XResolution;YResolution,False,False,
T24_24,phase,data/phase/T24_24_phase.bin,True,,900x900,float32,,3240023,,,,,0.2848713904768374/0.21199439004249143
T24_25,off_axis,data/off_axis_hologram/T24_25_holo.tif,True,1,1024x1024,uint8,5,1217120,2026-09-16T09:09:55+00:00,BitsPerSample;Compression;FillOrder;ImageLength;ImageWidth;NewSubfileType;Orientation;PhotometricInterpretation;PlanarConfiguration;Predictor;ResolutionUnit;RowsPerStrip;SampleFormat;SamplesPerPixel;StripByteCounts;StripOffsets;XResolution;YResolution,False,False,
T24_25,gabor,data/in_line_gabor_hologram/T24_25_gabor.tif,True,1,1024x1024,uint8,5,519496,2026-09-16T09:08:16+00:00,BitsPerSample;Compression;FillOrder;ImageLength;ImageWidth;NewSubfileType;Orientation;PhotometricInterpretation;PlanarConfiguration;Predictor;ResolutionUnit;RowsPerStrip;SampleFormat;SamplesPerPixel;StripByteCounts;StripOffsets;XResolution;YResolution,False,False,
T24_25,phase,data/phase/T24_25_phase.bin,True,,900x900,float32,,3240023,,,,,0.2848713904768374/0.21199439004249143
T24_26,off_axis,data/off_axis_hologram/T24_26_holo.tif,True,1,1024x1024,uint8,5,1210948,2026-09-16T09:09:55+00:00,BitsPerSample;Compression;FillOrder;ImageLength;ImageWidth;NewSubfileType;Orientation;PhotometricInterpretation;PlanarConfiguration;Predictor;ResolutionUnit;RowsPerStrip;SampleFormat;SamplesPerPixel;StripByteCounts;StripOffsets;XResolution;YResolution,False,False,
T24_26,gabor,data/in_line_gabor_hologram/T24_26_gabor.tif,True,1,1024x1024,uint8,5,512690,2026-09-16T09:08:16+00:00,BitsPerSample;Compression;FillOrder;ImageLength;ImageWidth;NewSubfileType;Orientation;PhotometricInterpretation;PlanarConfiguration;Predictor;ResolutionUnit;RowsPerStrip;SampleFormat;SamplesPerPixel;StripByteCounts;StripOffsets;XResolution;YResolution,False,False,
T24_26,phase,data/phase/T24_26_phase.bin,True,,900x900,float32,,3240023,,,,,0.2848713904768374/0.21199439004249143
T24_27,off_axis,data/off_axis_hologram/T24_27_holo.tif,True,1,1024x1024,uint8,5,1212010,2026-09-16T09:09:55+00:00,BitsPerSample;Compression;FillOrder;ImageLength;ImageWidth;NewSubfileType;Orientation;PhotometricInterpretation;PlanarConfiguration;Predictor;ResolutionUnit;RowsPerStrip;SampleFormat;SamplesPerPixel;StripByteCounts;StripOffsets;XResolution;YResolution,False,False,
T24_27,gabor,data/in_line_gabor_hologram/T24_27_gabor.tif,True,1,1024x1024,uint8,5,521666,2026-09-16T09:08:16+00:00,BitsPerSample;Compression;FillOrder;ImageLength;ImageWidth;NewSubfileType;Orientation;PhotometricInterpretation;PlanarConfiguration;Predictor;ResolutionUnit;RowsPerStrip;SampleFormat;SamplesPerPixel;StripByteCounts;StripOffsets;XResolution;YResolution,False,False,
T24_27,phase,data/phase/T24_27_phase.bin,True,,900x900,float32,,3240023,,,,,0.2848713904768374/0.21199439004249143
T24_28,off_axis,data/off_axis_hologram/T24_28_holo.tif,True,1,1024x1024,uint8,5,1218606,2026-09-16T09:09:55+00:00,BitsPerSample;Compression;FillOrder;ImageLength;ImageWidth;NewSubfileType;Orientation;PhotometricInterpretation;PlanarConfiguration;Predictor;ResolutionUnit;RowsPerStrip;SampleFormat;SamplesPerPixel;StripByteCounts;StripOffsets;XResolution;YResolution,False,False,
T24_28,gabor,data/in_line_gabor_hologram/T24_28_gabor.tif,True,1,1024x1024,uint8,5,516012,2026-09-16T09:08:16+00:00,BitsPerSample;Compression;FillOrder;ImageLength;ImageWidth;NewSubfileType;Orientation;PhotometricInterpretation;PlanarConfiguration;Predictor;ResolutionUnit;RowsPerStrip;SampleFormat;SamplesPerPixel;StripByteCounts;StripOffsets;XResolution;YResolution,False,False,
T24_28,phase,data/phase/T24_28_phase.bin,True,,900x900,float32,,3240023,,,,,0.2848713904768374/0.21199439004249143
T24_29,off_axis,data/off_axis_hologram/T24_29_holo.tif,True,1,1024x1024,uint8,5,1220652,2026-09-16T09:09:55+00:00,BitsPerSample;Compression;FillOrder;ImageLength;ImageWidth;NewSubfileType;Orientation;PhotometricInterpretation;PlanarConfiguration;Predictor;ResolutionUnit;RowsPerStrip;SampleFormat;SamplesPerPixel;StripByteCounts;StripOffsets;XResolution;YResolution,False,False,
T24_29,gabor,data/in_line_gabor_hologram/T24_29_gabor.tif,True,1,1024x1024,uint8,5,528764,2026-09-16T09:08:16+00:00,BitsPerSample;Compression;FillOrder;ImageLength;ImageWidth;NewSubfileType;Orientation;PhotometricInterpretation;PlanarConfiguration;Predictor;ResolutionUnit;RowsPerStrip;SampleFormat;SamplesPerPixel;StripByteCounts;StripOffsets;XResolution;YResolution,False,False,
T24_29,phase,data/phase/T24_29_phase.bin,True,,900x900,float32,,3240023,,,,,0.2848713904768374/0.21199439004249143
T24_30,off_axis,data/off_axis_hologram/T24_30_holo.tif,True,1,1024x1024,uint8,5,1213584,2026-09-16T09:09:55+00:00,BitsPerSample;Compression;FillOrder;ImageLength;ImageWidth;NewSubfileType;Orientation;PhotometricInterpretation;PlanarConfiguration;Predictor;ResolutionUnit;RowsPerStrip;SampleFormat;SamplesPerPixel;StripByteCounts;StripOffsets;XResolution;YResolution,False,False,
T24_30,gabor,data/in_line_gabor_hologram/T24_30_gabor.tif,True,1,1024x1024,uint8,5,511630,2026-09-16T09:08:16+00:00,BitsPerSample;Compression;FillOrder;ImageLength;ImageWidth;NewSubfileType;Orientation;PhotometricInterpretation;PlanarConfiguration;Predictor;ResolutionUnit;RowsPerStrip;SampleFormat;SamplesPerPixel;StripByteCounts;StripOffsets;XResolution;YResolution,False,False,
T24_30,phase,data/phase/T24_30_phase.bin,True,,900x900,float32,,3240023,,,,,0.2848713904768374/0.21199439004249143
T24_31,off_axis,data/off_axis_hologram/T24_31_holo.tif,True,1,1024x1024,uint8,5,1210292,2026-09-16T09:09:55+00:00,BitsPerSample;Compression;FillOrder;ImageLength;ImageWidth;NewSubfileType;Orientation;PhotometricInterpretation;PlanarConfiguration;Predictor;ResolutionUnit;RowsPerStrip;SampleFormat;SamplesPerPixel;StripByteCounts;StripOffsets;XResolution;YResolution,False,False,
T24_31,gabor,data/in_line_gabor_hologram/T24_31_gabor.tif,True,1,1024x1024,uint8,5,512272,2026-09-16T09:08:16+00:00,BitsPerSample;Compression;FillOrder;ImageLength;ImageWidth;NewSubfileType;Orientation;PhotometricInterpretation;PlanarConfiguration;Predictor;ResolutionUnit;RowsPerStrip;SampleFormat;SamplesPerPixel;StripByteCounts;StripOffsets;XResolution;YResolution,False,False,
T24_31,phase,data/phase/T24_31_phase.bin,True,,900x900,float32,,3240023,,,,,0.2848713904768374/0.21199439004249143
T24_32,off_axis,data/off_axis_hologram/T24_32_holo.tif,True,1,1024x1024,uint8,5,1204782,2026-09-16T09:09:55+00:00,BitsPerSample;Compression;FillOrder;ImageLength;ImageWidth;NewSubfileType;Orientation;PhotometricInterpretation;PlanarConfiguration;Predictor;ResolutionUnit;RowsPerStrip;SampleFormat;SamplesPerPixel;StripByteCounts;StripOffsets;XResolution;YResolution,False,False,
T24_32,gabor,data/in_line_gabor_hologram/T24_32_gabor.tif,True,1,1024x1024,uint8,5,500174,2026-09-16T09:08:16+00:00,BitsPerSample;Compression;FillOrder;ImageLength;ImageWidth;NewSubfileType;Orientation;PhotometricInterpretation;PlanarConfiguration;Predictor;ResolutionUnit;RowsPerStrip;SampleFormat;SamplesPerPixel;StripByteCounts;StripOffsets;XResolution;YResolution,False,False,
T24_32,phase,data/phase/T24_32_phase.bin,True,,900x900,float32,,3240023,,,,,0.2848713904768374/0.21199439004249143
T24_33,off_axis,data/off_axis_hologram/T24_33_holo.tif,True,1,1024x1024,uint8,5,1206188,2026-09-16T09:09:55+00:00,BitsPerSample;Compression;FillOrder;ImageLength;ImageWidth;NewSubfileType;Orientation;PhotometricInterpretation;PlanarConfiguration;Predictor;ResolutionUnit;RowsPerStrip;SampleFormat;SamplesPerPixel;StripByteCounts;StripOffsets;XResolution;YResolution,False,False,
T24_33,gabor,data/in_line_gabor_hologram/T24_33_gabor.tif,True,1,1024x1024,uint8,5,509286,2026-09-16T09:08:16+00:00,BitsPerSample;Compression;FillOrder;ImageLength;ImageWidth;NewSubfileType;Orientation;PhotometricInterpretation;PlanarConfiguration;Predictor;ResolutionUnit;RowsPerStrip;SampleFormat;SamplesPerPixel;StripByteCounts;StripOffsets;XResolution;YResolution,False,False,
T24_33,phase,data/phase/T24_33_phase.bin,True,,900x900,float32,,3240023,,,,,0.2848713904768374/0.21199439004249143
T24_34,off_axis,data/off_axis_hologram/T24_34_holo.tif,True,1,1024x1024,uint8,5,1206346,2026-09-16T09:09:55+00:00,BitsPerSample;Compression;FillOrder;ImageLength;ImageWidth;NewSubfileType;Orientation;PhotometricInterpretation;PlanarConfiguration;Predictor;ResolutionUnit;RowsPerStrip;SampleFormat;SamplesPerPixel;StripByteCounts;StripOffsets;XResolution;YResolution,False,False,
T24_34,gabor,data/in_line_gabor_hologram/T24_34_gabor.tif,True,1,1024x1024,uint8,5,511632,2026-09-16T09:08:16+00:00,BitsPerSample;Compression;FillOrder;ImageLength;ImageWidth;NewSubfileType;Orientation;PhotometricInterpretation;PlanarConfiguration;Predictor;ResolutionUnit;RowsPerStrip;SampleFormat;SamplesPerPixel;StripByteCounts;StripOffsets;XResolution;YResolution,False,False,
T24_34,phase,data/phase/T24_34_phase.bin,True,,900x900,float32,,3240023,,,,,0.2848713904768374/0.21199439004249143
T24_35,off_axis,data/off_axis_hologram/T24_35_holo.tif,True,1,1024x1024,uint8,5,1202070,2026-09-16T09:09:55+00:00,BitsPerSample;Compression;FillOrder;ImageLength;ImageWidth;NewSubfileType;Orientation;PhotometricInterpretation;PlanarConfiguration;Predictor;ResolutionUnit;RowsPerStrip;SampleFormat;SamplesPerPixel;StripByteCounts;StripOffsets;XResolution;YResolution,False,False,
T24_35,gabor,data/in_line_gabor_hologram/T24_35_gabor.tif,True,1,1024x1024,uint8,5,500930,2026-09-16T09:08:16+00:00,BitsPerSample;Compression;FillOrder;ImageLength;ImageWidth;NewSubfileType;Orientation;PhotometricInterpretation;PlanarConfiguration;Predictor;ResolutionUnit;RowsPerStrip;SampleFormat;SamplesPerPixel;StripByteCounts;StripOffsets;XResolution;YResolution,False,False,
T24_35,phase,data/phase/T24_35_phase.bin,True,,900x900,float32,,3240023,,,,,0.2848713904768374/0.21199439004249143
T24_36,off_axis,data/off_axis_hologram/T24_36_holo.tif,True,1,1024x1024,uint8,5,1202874,2026-09-16T09:09:55+00:00,BitsPerSample;Compression;FillOrder;ImageLength;ImageWidth;NewSubfileType;Orientation;PhotometricInterpretation;PlanarConfiguration;Predictor;ResolutionUnit;RowsPerStrip;SampleFormat;SamplesPerPixel;StripByteCounts;StripOffsets;XResolution;YResolution,False,False,
T24_36,gabor,data/in_line_gabor_hologram/T24_36_gabor.tif,True,1,1024x1024,uint8,5,504284,2026-09-16T09:08:16+00:00,BitsPerSample;Compression;FillOrder;ImageLength;ImageWidth;NewSubfileType;Orientation;PhotometricInterpretation;PlanarConfiguration;Predictor;ResolutionUnit;RowsPerStrip;SampleFormat;SamplesPerPixel;StripByteCounts;StripOffsets;XResolution;YResolution,False,False,
T24_36,phase,data/phase/T24_36_phase.bin,True,,900x900,float32,,3240023,,,,,0.2848713904768374/0.21199439004249143
T24_37,off_axis,data/off_axis_hologram/T24_37_holo.tif,True,1,1024x1024,uint8,5,1213030,2026-09-16T09:09:55+00:00,BitsPerSample;Compression;FillOrder;ImageLength;ImageWidth;NewSubfileType;Orientation;PhotometricInterpretation;PlanarConfiguration;Predictor;ResolutionUnit;RowsPerStrip;SampleFormat;SamplesPerPixel;StripByteCounts;StripOffsets;XResolution;YResolution,False,False,
T24_37,gabor,data/in_line_gabor_hologram/T24_37_gabor.tif,True,1,1024x1024,uint8,5,520824,2026-09-16T09:08:16+00:00,BitsPerSample;Compression;FillOrder;ImageLength;ImageWidth;NewSubfileType;Orientation;PhotometricInterpretation;PlanarConfiguration;Predictor;ResolutionUnit;RowsPerStrip;SampleFormat;SamplesPerPixel;StripByteCounts;StripOffsets;XResolution;YResolution,False,False,
T24_37,phase,data/phase/T24_37_phase.bin,True,,900x900,float32,,3240023,,,,,0.2848713904768374/0.21199439004249143
T24_38,off_axis,data/off_axis_hologram/T24_38_holo.tif,True,1,1024x1024,uint8,5,1216932,2026-09-16T09:09:55+00:00,BitsPerSample;Compression;FillOrder;ImageLength;ImageWidth;NewSubfileType;Orientation;PhotometricInterpretation;PlanarConfiguration;Predictor;ResolutionUnit;RowsPerStrip;SampleFormat;SamplesPerPixel;StripByteCounts;StripOffsets;XResolution;YResolution,False,False,
T24_38,gabor,data/in_line_gabor_hologram/T24_38_gabor.tif,True,1,1024x1024,uint8,5,521564,2026-09-16T09:08:16+00:00,BitsPerSample;Compression;FillOrder;ImageLength;ImageWidth;NewSubfileType;Orientation;PhotometricInterpretation;PlanarConfiguration;Predictor;ResolutionUnit;RowsPerStrip;SampleFormat;SamplesPerPixel;StripByteCounts;StripOffsets;XResolution;YResolution,False,False,
T24_38,phase,data/phase/T24_38_phase.bin,True,,900x900,float32,,3240023,,,,,0.2848713904768374/0.21199439004249143
T24_39,off_axis,data/off_axis_hologram/T24_39_holo.tif,True,1,1024x1024,uint8,5,1212310,2026-09-16T09:09:55+00:00,BitsPerSample;Compression;FillOrder;ImageLength;ImageWidth;NewSubfileType;Orientation;PhotometricInterpretation;PlanarConfiguration;Predictor;ResolutionUnit;RowsPerStrip;SampleFormat;SamplesPerPixel;StripByteCounts;StripOffsets;XResolution;YResolution,False,False,
T24_39,gabor,data/in_line_gabor_hologram/T24_39_gabor.tif,True,1,1024x1024,uint8,5,514690,2026-09-16T09:08:16+00:00,BitsPerSample;Compression;FillOrder;ImageLength;ImageWidth;NewSubfileType;Orientation;PhotometricInterpretation;PlanarConfiguration;Predictor;ResolutionUnit;RowsPerStrip;SampleFormat;SamplesPerPixel;StripByteCounts;StripOffsets;XResolution;YResolution,False,False,
T24_39,phase,data/phase/T24_39_phase.bin,True,,900x900,float32,,3240023,,,,,0.2848713904768374/0.21199439004249143
T24_40,off_axis,data/off_axis_hologram/T24_40_holo.tif,True,1,1024x1024,uint8,5,1219630,2026-09-16T09:09:55+00:00,BitsPerSample;Compression;FillOrder;ImageLength;ImageWidth;NewSubfileType;Orientation;PhotometricInterpretation;PlanarConfiguration;Predictor;ResolutionUnit;RowsPerStrip;SampleFormat;SamplesPerPixel;StripByteCounts;StripOffsets;XResolution;YResolution,False,False,
T24_40,gabor,data/in_line_gabor_hologram/T24_40_gabor.tif,True,1,1024x1024,uint8,5,535802,2026-09-16T09:08:16+00:00,BitsPerSample;Compression;FillOrder;ImageLength;ImageWidth;NewSubfileType;Orientation;PhotometricInterpretation;PlanarConfiguration;Predictor;ResolutionUnit;RowsPerStrip;SampleFormat;SamplesPerPixel;StripByteCounts;StripOffsets;XResolution;YResolution,False,False,
T24_40,phase,data/phase/T24_40_phase.bin,True,,900x900,float32,,3240023,,,,,0.2848713904768374/0.21199439004249143
T24_41,off_axis,data/off_axis_hologram/T24_41_holo.tif,True,1,1024x1024,uint8,5,1215984,2026-09-16T09:09:55+00:00,BitsPerSample;Compression;FillOrder;ImageLength;ImageWidth;NewSubfileType;Orientation;PhotometricInterpretation;PlanarConfiguration;Predictor;ResolutionUnit;RowsPerStrip;SampleFormat;SamplesPerPixel;StripByteCounts;StripOffsets;XResolution;YResolution,False,False,
T24_41,gabor,data/in_line_gabor_hologram/T24_41_gabor.tif,True,1,1024x1024,uint8,5,525144,2026-09-16T09:08:16+00:00,BitsPerSample;Compression;FillOrder;ImageLength;ImageWidth;NewSubfileType;Orientation;PhotometricInterpretation;PlanarConfiguration;Predictor;ResolutionUnit;RowsPerStrip;SampleFormat;SamplesPerPixel;StripByteCounts;StripOffsets;XResolution;YResolution,False,False,
T24_41,phase,data/phase/T24_41_phase.bin,True,,900x900,float32,,3240023,,,,,0.2848713904768374/0.21199439004249143
T24_42,off_axis,data/off_axis_hologram/T24_42_holo.tif,True,1,1024x1024,uint8,5,1212050,2026-09-16T09:09:55+00:00,BitsPerSample;Compression;FillOrder;ImageLength;ImageWidth;NewSubfileType;Orientation;PhotometricInterpretation;PlanarConfiguration;Predictor;ResolutionUnit;RowsPerStrip;SampleFormat;SamplesPerPixel;StripByteCounts;StripOffsets;XResolution;YResolution,False,False,
T24_42,gabor,data/in_line_gabor_hologram/T24_42_gabor.tif,True,1,1024x1024,uint8,5,521400,2026-09-16T09:08:16+00:00,BitsPerSample;Compression;FillOrder;ImageLength;ImageWidth;NewSubfileType;Orientation;PhotometricInterpretation;PlanarConfiguration;Predictor;ResolutionUnit;RowsPerStrip;SampleFormat;SamplesPerPixel;StripByteCounts;StripOffsets;XResolution;YResolution,False,False,
T24_42,phase,data/phase/T24_42_phase.bin,True,,900x900,float32,,3240023,,,,,0.2848713904768374/0.21199439004249143
T24_43,off_axis,data/off_axis_hologram/T24_43_holo.tif,True,1,1024x1024,uint8,5,1211088,2026-09-16T09:09:55+00:00,BitsPerSample;Compression;FillOrder;ImageLength;ImageWidth;NewSubfileType;Orientation;PhotometricInterpretation;PlanarConfiguration;Predictor;ResolutionUnit;RowsPerStrip;SampleFormat;SamplesPerPixel;StripByteCounts;StripOffsets;XResolution;YResolution,False,False,
T24_43,gabor,data/in_line_gabor_hologram/T24_43_gabor.tif,True,1,1024x1024,uint8,5,518914,2026-09-16T09:08:16+00:00,BitsPerSample;Compression;FillOrder;ImageLength;ImageWidth;NewSubfileType;Orientation;PhotometricInterpretation;PlanarConfiguration;Predictor;ResolutionUnit;RowsPerStrip;SampleFormat;SamplesPerPixel;StripByteCounts;StripOffsets;XResolution;YResolution,False,False,
T24_43,phase,data/phase/T24_43_phase.bin,True,,900x900,float32,,3240023,,,,,0.2848713904768374/0.21199439004249143
T24_44,off_axis,data/off_axis_hologram/T24_44_holo.tif,True,1,1024x1024,uint8,5,1207858,2026-09-16T09:09:55+00:00,BitsPerSample;Compression;FillOrder;ImageLength;ImageWidth;NewSubfileType;Orientation;PhotometricInterpretation;PlanarConfiguration;Predictor;ResolutionUnit;RowsPerStrip;SampleFormat;SamplesPerPixel;StripByteCounts;StripOffsets;XResolution;YResolution,False,False,
T24_44,gabor,data/in_line_gabor_hologram/T24_44_gabor.tif,True,1,1024x1024,uint8,5,517468,2026-09-16T09:08:16+00:00,BitsPerSample;Compression;FillOrder;ImageLength;ImageWidth;NewSubfileType;Orientation;PhotometricInterpretation;PlanarConfiguration;Predictor;ResolutionUnit;RowsPerStrip;SampleFormat;SamplesPerPixel;StripByteCounts;StripOffsets;XResolution;YResolution,False,False,
T24_44,phase,data/phase/T24_44_phase.bin,True,,900x900,float32,,3240023,,,,,0.2848713904768374/0.21199439004249143
T24_45,off_axis,data/off_axis_hologram/T24_45_holo.tif,True,1,1024x1024,uint8,5,1210548,2026-09-16T09:09:55+00:00,BitsPerSample;Compression;FillOrder;ImageLength;ImageWidth;NewSubfileType;Orientation;PhotometricInterpretation;PlanarConfiguration;Predictor;ResolutionUnit;RowsPerStrip;SampleFormat;SamplesPerPixel;StripByteCounts;StripOffsets;XResolution;YResolution,False,False,
T24_45,gabor,data/in_line_gabor_hologram/T24_45_gabor.tif,True,1,1024x1024,uint8,5,517320,2026-09-16T09:08:16+00:00,BitsPerSample;Compression;FillOrder;ImageLength;ImageWidth;NewSubfileType;Orientation;PhotometricInterpretation;PlanarConfiguration;Predictor;ResolutionUnit;RowsPerStrip;SampleFormat;SamplesPerPixel;StripByteCounts;StripOffsets;XResolution;YResolution,False,False,
T24_45,phase,data/phase/T24_45_phase.bin,True,,900x900,float32,,3240023,,,,,0.2848713904768374/0.21199439004249143
T24_46,off_axis,data/off_axis_hologram/T24_46_holo.tif,True,1,1024x1024,uint8,5,1213406,2026-09-16T09:09:55+00:00,BitsPerSample;Compression;FillOrder;ImageLength;ImageWidth;NewSubfileType;Orientation;PhotometricInterpretation;PlanarConfiguration;Predictor;ResolutionUnit;RowsPerStrip;SampleFormat;SamplesPerPixel;StripByteCounts;StripOffsets;XResolution;YResolution,False,False,
T24_46,gabor,data/in_line_gabor_hologram/T24_46_gabor.tif,True,1,1024x1024,uint8,5,519980,2026-09-16T09:08:16+00:00,BitsPerSample;Compression;FillOrder;ImageLength;ImageWidth;NewSubfileType;Orientation;PhotometricInterpretation;PlanarConfiguration;Predictor;ResolutionUnit;RowsPerStrip;SampleFormat;SamplesPerPixel;StripByteCounts;StripOffsets;XResolution;YResolution,False,False,
T24_46,phase,data/phase/T24_46_phase.bin,True,,900x900,float32,,3240023,,,,,0.2848713904768374/0.21199439004249143
T24_47,off_axis,data/off_axis_hologram/T24_47_holo.tif,True,1,1024x1024,uint8,5,1214386,2026-09-16T09:09:56+00:00,BitsPerSample;Compression;FillOrder;ImageLength;ImageWidth;NewSubfileType;Orientation;PhotometricInterpretation;PlanarConfiguration;Predictor;ResolutionUnit;RowsPerStrip;SampleFormat;SamplesPerPixel;StripByteCounts;StripOffsets;XResolution;YResolution,False,False,
T24_47,gabor,data/in_line_gabor_hologram/T24_47_gabor.tif,True,1,1024x1024,uint8,5,523210,2026-09-16T09:08:16+00:00,BitsPerSample;Compression;FillOrder;ImageLength;ImageWidth;NewSubfileType;Orientation;PhotometricInterpretation;PlanarConfiguration;Predictor;ResolutionUnit;RowsPerStrip;SampleFormat;SamplesPerPixel;StripByteCounts;StripOffsets;XResolution;YResolution,False,False,
T24_47,phase,data/phase/T24_47_phase.bin,True,,900x900,float32,,3240023,,,,,0.2848713904768374/0.21199439004249143
T24_48,off_axis,data/off_axis_hologram/T24_48_holo.tif,True,1,1024x1024,uint8,5,1215838,2026-09-16T09:09:56+00:00,BitsPerSample;Compression;FillOrder;ImageLength;ImageWidth;NewSubfileType;Orientation;PhotometricInterpretation;PlanarConfiguration;Predictor;ResolutionUnit;RowsPerStrip;SampleFormat;SamplesPerPixel;StripByteCounts;StripOffsets;XResolution;YResolution,False,False,
T24_48,gabor,data/in_line_gabor_hologram/T24_48_gabor.tif,True,1,1024x1024,uint8,5,518486,2026-09-16T09:08:16+00:00,BitsPerSample;Compression;FillOrder;ImageLength;ImageWidth;NewSubfileType;Orientation;PhotometricInterpretation;PlanarConfiguration;Predictor;ResolutionUnit;RowsPerStrip;SampleFormat;SamplesPerPixel;StripByteCounts;StripOffsets;XResolution;YResolution,False,False,
T24_48,phase,data/phase/T24_48_phase.bin,True,,900x900,float32,,3240023,,,,,0.2848713904768374/0.21199439004249143
T24_49,off_axis,data/off_axis_hologram/T24_49_holo.tif,True,1,1024x1024,uint8,5,1212106,2026-09-16T09:09:56+00:00,BitsPerSample;Compression;FillOrder;ImageLength;ImageWidth;NewSubfileType;Orientation;PhotometricInterpretation;PlanarConfiguration;Predictor;ResolutionUnit;RowsPerStrip;SampleFormat;SamplesPerPixel;StripByteCounts;StripOffsets;XResolution;YResolution,False,False,
T24_49,gabor,data/in_line_gabor_hologram/T24_49_gabor.tif,True,1,1024x1024,uint8,5,520374,2026-09-16T09:08:16+00:00,BitsPerSample;Compression;FillOrder;ImageLength;ImageWidth;NewSubfileType;Orientation;PhotometricInterpretation;PlanarConfiguration;Predictor;ResolutionUnit;RowsPerStrip;SampleFormat;SamplesPerPixel;StripByteCounts;StripOffsets;XResolution;YResolution,False,False,
T24_49,phase,data/phase/T24_49_phase.bin,True,,900x900,float32,,3240023,,,,,0.2848713904768374/0.21199439004249143
T24_50,off_axis,data/off_axis_hologram/T24_50_holo.tif,True,1,1024x1024,uint8,5,1211564,2026-09-16T09:09:56+00:00,BitsPerSample;Compression;FillOrder;ImageLength;ImageWidth;NewSubfileType;Orientation;PhotometricInterpretation;PlanarConfiguration;Predictor;ResolutionUnit;RowsPerStrip;SampleFormat;SamplesPerPixel;StripByteCounts;StripOffsets;XResolution;YResolution,False,False,
T24_50,gabor,data/in_line_gabor_hologram/T24_50_gabor.tif,True,1,1024x1024,uint8,5,518904,2026-09-16T09:08:16+00:00,BitsPerSample;Compression;FillOrder;ImageLength;ImageWidth;NewSubfileType;Orientation;PhotometricInterpretation;PlanarConfiguration;Predictor;ResolutionUnit;RowsPerStrip;SampleFormat;SamplesPerPixel;StripByteCounts;StripOffsets;XResolution;YResolution,False,False,
T24_50,phase,data/phase/T24_50_phase.bin,True,,900x900,float32,,3240023,,,,,0.2848713904768374/0.21199439004249143
T24_Blebbistatin_5uM_01,off_axis,data/off_axis_hologram/T24_Blebbistatin_5uM_01_holo.tif,True,1,1024x1024,uint8,5,1237912,2026-09-16T09:09:56+00:00,BitsPerSample;Compression;FillOrder;ImageLength;ImageWidth;NewSubfileType;Orientation;PhotometricInterpretation;PlanarConfiguration;Predictor;ResolutionUnit;RowsPerStrip;SampleFormat;SamplesPerPixel;StripByteCounts;StripOffsets;XResolution;YResolution,False,False,
T24_Blebbistatin_5uM_01,gabor,data/in_line_gabor_hologram/T24_Blebbistatin_5uM_01_gabor.tif,True,1,1024x1024,uint8,5,539632,2026-09-16T09:08:16+00:00,BitsPerSample;Compression;FillOrder;ImageLength;ImageWidth;NewSubfileType;Orientation;PhotometricInterpretation;PlanarConfiguration;Predictor;ResolutionUnit;RowsPerStrip;SampleFormat;SamplesPerPixel;StripByteCounts;StripOffsets;XResolution;YResolution,False,False,
T24_Blebbistatin_5uM_01,phase,data/phase/T24_Blebbistatin_5uM_01_phase.bin,True,,900x900,float32,,3240023,,,,,0.2848713904768374/0.21199439004249143
T24_Blebbistatin_5uM_02,off_axis,data/off_axis_hologram/T24_Blebbistatin_5uM_02_holo.tif,True,1,1024x1024,uint8,5,1239114,2026-09-16T09:09:56+00:00,BitsPerSample;Compression;FillOrder;ImageLength;ImageWidth;NewSubfileType;Orientation;PhotometricInterpretation;PlanarConfiguration;Predictor;ResolutionUnit;RowsPerStrip;SampleFormat;SamplesPerPixel;StripByteCounts;StripOffsets;XResolution;YResolution,False,False,
T24_Blebbistatin_5uM_02,gabor,data/in_line_gabor_hologram/T24_Blebbistatin_5uM_02_gabor.tif,True,1,1024x1024,uint8,5,550942,2026-09-16T09:08:16+00:00,BitsPerSample;Compression;FillOrder;ImageLength;ImageWidth;NewSubfileType;Orientation;PhotometricInterpretation;PlanarConfiguration;Predictor;ResolutionUnit;RowsPerStrip;SampleFormat;SamplesPerPixel;StripByteCounts;StripOffsets;XResolution;YResolution,False,False,
T24_Blebbistatin_5uM_02,phase,data/phase/T24_Blebbistatin_5uM_02_phase.bin,True,,900x900,float32,,3240023,,,,,0.2848713904768374/0.21199439004249143
T24_Blebbistatin_5uM_03,off_axis,data/off_axis_hologram/T24_Blebbistatin_5uM_03_holo.tif,True,1,1024x1024,uint8,5,1236500,2026-09-16T09:09:56+00:00,BitsPerSample;Compression;FillOrder;ImageLength;ImageWidth;NewSubfileType;Orientation;PhotometricInterpretation;PlanarConfiguration;Predictor;ResolutionUnit;RowsPerStrip;SampleFormat;SamplesPerPixel;StripByteCounts;StripOffsets;XResolution;YResolution,False,False,
T24_Blebbistatin_5uM_03,gabor,data/in_line_gabor_hologram/T24_Blebbistatin_5uM_03_gabor.tif,True,1,1024x1024,uint8,5,539404,2026-09-16T09:08:16+00:00,BitsPerSample;Compression;FillOrder;ImageLength;ImageWidth;NewSubfileType;Orientation;PhotometricInterpretation;PlanarConfiguration;Predictor;ResolutionUnit;RowsPerStrip;SampleFormat;SamplesPerPixel;StripByteCounts;StripOffsets;XResolution;YResolution,False,False,
T24_Blebbistatin_5uM_03,phase,data/phase/T24_Blebbistatin_5uM_03_phase.bin,True,,900x900,float32,,3240023,,,,,0.2848713904768374/0.21199439004249143
T24_Blebbistatin_5uM_04,off_axis,data/off_axis_hologram/T24_Blebbistatin_5uM_04_holo.tif,True,1,1024x1024,uint8,5,1237342,2026-09-16T09:09:56+00:00,BitsPerSample;Compression;FillOrder;ImageLength;ImageWidth;NewSubfileType;Orientation;PhotometricInterpretation;PlanarConfiguration;Predictor;ResolutionUnit;RowsPerStrip;SampleFormat;SamplesPerPixel;StripByteCounts;StripOffsets;XResolution;YResolution,False,False,
T24_Blebbistatin_5uM_04,gabor,data/in_line_gabor_hologram/T24_Blebbistatin_5uM_04_gabor.tif,True,1,1024x1024,uint8,5,553582,2026-09-16T09:08:16+00:00,BitsPerSample;Compression;FillOrder;ImageLength;ImageWidth;NewSubfileType;Orientation;PhotometricInterpretation;PlanarConfiguration;Predictor;ResolutionUnit;RowsPerStrip;SampleFormat;SamplesPerPixel;StripByteCounts;StripOffsets;XResolution;YResolution,False,False,
T24_Blebbistatin_5uM_04,phase,data/phase/T24_Blebbistatin_5uM_04_phase.bin,True,,900x900,float32,,3240023,,,,,0.2848713904768374/0.21199439004249143
T24_Blebbistatin_5uM_05,off_axis,data/off_axis_hologram/T24_Blebbistatin_5uM_05_holo.tif,True,1,1024x1024,uint8,5,315374,2026-09-16T09:09:56+00:00,BitsPerSample;Compression;FillOrder;ImageLength;ImageWidth;NewSubfileType;Orientation;PhotometricInterpretation;PlanarConfiguration;Predictor;ResolutionUnit;RowsPerStrip;SampleFormat;SamplesPerPixel;StripByteCounts;StripOffsets;XResolution;YResolution,False,False,
T24_Blebbistatin_5uM_05,gabor,data/in_line_gabor_hologram/T24_Blebbistatin_5uM_05_gabor.tif,True,1,1024x1024,uint8,5,556534,2026-09-16T09:08:16+00:00,BitsPerSample;Compression;FillOrder;ImageLength;ImageWidth;NewSubfileType;Orientation;PhotometricInterpretation;PlanarConfiguration;Predictor;ResolutionUnit;RowsPerStrip;SampleFormat;SamplesPerPixel;StripByteCounts;StripOffsets;XResolution;YResolution,False,False,
T24_Blebbistatin_5uM_05,phase,data/phase/T24_Blebbistatin_5uM_05_phase.bin,True,,900x900,float32,,3240023,,,,,0.2848713904768374/0.21199439004249143
T24_Blebbistatin_5uM_06,off_axis,data/off_axis_hologram/T24_Blebbistatin_5uM_06_holo.tif,True,1,1024x1024,uint8,5,1244806,2026-09-16T09:09:56+00:00,BitsPerSample;Compression;FillOrder;ImageLength;ImageWidth;NewSubfileType;Orientation;PhotometricInterpretation;PlanarConfiguration;Predictor;ResolutionUnit;RowsPerStrip;SampleFormat;SamplesPerPixel;StripByteCounts;StripOffsets;XResolution;YResolution,False,False,
T24_Blebbistatin_5uM_06,gabor,data/in_line_gabor_hologram/T24_Blebbistatin_5uM_06_gabor.tif,True,1,1024x1024,uint8,5,555046,2026-09-16T09:08:16+00:00,BitsPerSample;Compression;FillOrder;ImageLength;ImageWidth;NewSubfileType;Orientation;PhotometricInterpretation;PlanarConfiguration;Predictor;ResolutionUnit;RowsPerStrip;SampleFormat;SamplesPerPixel;StripByteCounts;StripOffsets;XResolution;YResolution,False,False,
T24_Blebbistatin_5uM_06,phase,data/phase/T24_Blebbistatin_5uM_06_phase.bin,True,,900x900,float32,,3240023,,,,,0.2848713904768374/0.21199439004249143
T24_Blebbistatin_5uM_07,off_axis,data/off_axis_hologram/T24_Blebbistatin_5uM_07_holo.tif,True,1,1024x1024,uint8,5,1243986,2026-09-16T09:09:56+00:00,BitsPerSample;Compression;FillOrder;ImageLength;ImageWidth;NewSubfileType;Orientation;PhotometricInterpretation;PlanarConfiguration;Predictor;ResolutionUnit;RowsPerStrip;SampleFormat;SamplesPerPixel;StripByteCounts;StripOffsets;XResolution;YResolution,False,False,
T24_Blebbistatin_5uM_07,gabor,data/in_line_gabor_hologram/T24_Blebbistatin_5uM_07_gabor.tif,True,1,1024x1024,uint8,5,549304,2026-09-16T09:08:16+00:00,BitsPerSample;Compression;FillOrder;ImageLength;ImageWidth;NewSubfileType;Orientation;PhotometricInterpretation;PlanarConfiguration;Predictor;ResolutionUnit;RowsPerStrip;SampleFormat;SamplesPerPixel;StripByteCounts;StripOffsets;XResolution;YResolution,False,False,
T24_Blebbistatin_5uM_07,phase,data/phase/T24_Blebbistatin_5uM_07_phase.bin,True,,900x900,float32,,3240023,,,,,0.2848713904768374/0.21199439004249143
T24_Blebbistatin_5uM_08,off_axis,data/off_axis_hologram/T24_Blebbistatin_5uM_08_holo.tif,True,1,1024x1024,uint8,5,1241078,2026-09-16T09:09:56+00:00,BitsPerSample;Compression;FillOrder;ImageLength;ImageWidth;NewSubfileType;Orientation;PhotometricInterpretation;PlanarConfiguration;Predictor;ResolutionUnit;RowsPerStrip;SampleFormat;SamplesPerPixel;StripByteCounts;StripOffsets;XResolution;YResolution,False,False,
T24_Blebbistatin_5uM_08,gabor,data/in_line_gabor_hologram/T24_Blebbistatin_5uM_08_gabor.tif,True,1,1024x1024,uint8,5,544358,2026-09-16T09:08:16+00:00,BitsPerSample;Compression;FillOrder;ImageLength;ImageWidth;NewSubfileType;Orientation;PhotometricInterpretation;PlanarConfiguration;Predictor;ResolutionUnit;RowsPerStrip;SampleFormat;SamplesPerPixel;StripByteCounts;StripOffsets;XResolution;YResolution,False,False,
T24_Blebbistatin_5uM_08,phase,data/phase/T24_Blebbistatin_5uM_08_phase.bin,True,,900x900,float32,,3240023,,,,,0.2848713904768374/0.21199439004249143
T24_Blebbistatin_5uM_09,off_axis,data/off_axis_hologram/T24_Blebbistatin_5uM_09_holo.tif,True,1,1024x1024,uint8,5,1240942,2026-09-16T09:09:56+00:00,BitsPerSample;Compression;FillOrder;ImageLength;ImageWidth;NewSubfileType;Orientation;PhotometricInterpretation;PlanarConfiguration;Predictor;ResolutionUnit;RowsPerStrip;SampleFormat;SamplesPerPixel;StripByteCounts;StripOffsets;XResolution;YResolution,False,False,
T24_Blebbistatin_5uM_09,gabor,data/in_line_gabor_hologram/T24_Blebbistatin_5uM_09_gabor.tif,True,1,1024x1024,uint8,5,536602,2026-09-16T09:08:16+00:00,BitsPerSample;Compression;FillOrder;ImageLength;ImageWidth;NewSubfileType;Orientation;PhotometricInterpretation;PlanarConfiguration;Predictor;ResolutionUnit;RowsPerStrip;SampleFormat;SamplesPerPixel;StripByteCounts;StripOffsets;XResolution;YResolution,False,False,
T24_Blebbistatin_5uM_09,phase,data/phase/T24_Blebbistatin_5uM_09_phase.bin,True,,900x900,float32,,3240023,,,,,0.2848713904768374/0.21199439004249143
T24_Blebbistatin_5uM_10,off_axis,data/off_axis_hologram/T24_Blebbistatin_5uM_10_holo.tif,True,1,1024x1024,uint8,5,1231072,2026-09-16T09:09:56+00:00,BitsPerSample;Compression;FillOrder;ImageLength;ImageWidth;NewSubfileType;Orientation;PhotometricInterpretation;PlanarConfiguration;Predictor;ResolutionUnit;RowsPerStrip;SampleFormat;SamplesPerPixel;StripByteCounts;StripOffsets;XResolution;YResolution,False,False,
T24_Blebbistatin_5uM_10,gabor,data/in_line_gabor_hologram/T24_Blebbistatin_5uM_10_gabor.tif,True,1,1024x1024,uint8,5,527922,2026-09-16T09:08:16+00:00,BitsPerSample;Compression;FillOrder;ImageLength;ImageWidth;NewSubfileType;Orientation;PhotometricInterpretation;PlanarConfiguration;Predictor;ResolutionUnit;RowsPerStrip;SampleFormat;SamplesPerPixel;StripByteCounts;StripOffsets;XResolution;YResolution,False,False,
T24_Blebbistatin_5uM_10,phase,data/phase/T24_Blebbistatin_5uM_10_phase.bin,True,,900x900,float32,,3240023,,,,,0.2848713904768374/0.21199439004249143
T24_Blebbistatin_5uM_11,off_axis,data/off_axis_hologram/T24_Blebbistatin_5uM_11_holo.tif,True,1,1024x1024,uint8,5,1242966,2026-09-16T09:09:56+00:00,BitsPerSample;Compression;FillOrder;ImageLength;ImageWidth;NewSubfileType;Orientation;PhotometricInterpretation;PlanarConfiguration;Predictor;ResolutionUnit;RowsPerStrip;SampleFormat;SamplesPerPixel;StripByteCounts;StripOffsets;XResolution;YResolution,False,False,
T24_Blebbistatin_5uM_11,gabor,data/in_line_gabor_hologram/T24_Blebbistatin_5uM_11_gabor.tif,True,1,1024x1024,uint8,5,563888,2026-09-16T09:08:16+00:00,BitsPerSample;Compression;FillOrder;ImageLength;ImageWidth;NewSubfileType;Orientation;PhotometricInterpretation;PlanarConfiguration;Predictor;ResolutionUnit;RowsPerStrip;SampleFormat;SamplesPerPixel;StripByteCounts;StripOffsets;XResolution;YResolution,False,False,
T24_Blebbistatin_5uM_11,phase,data/phase/T24_Blebbistatin_5uM_11_phase.bin,True,,900x900,float32,,3240023,,,,,0.2848713904768374/0.21199439004249143
T24_Blebbistatin_5uM_12,off_axis,data/off_axis_hologram/T24_Blebbistatin_5uM_12_holo.tif,True,1,1024x1024,uint8,5,1242404,2026-09-16T09:09:56+00:00,BitsPerSample;Compression;FillOrder;ImageLength;ImageWidth;NewSubfileType;Orientation;PhotometricInterpretation;PlanarConfiguration;Predictor;ResolutionUnit;RowsPerStrip;SampleFormat;SamplesPerPixel;StripByteCounts;StripOffsets;XResolution;YResolution,False,False,
T24_Blebbistatin_5uM_12,gabor,data/in_line_gabor_hologram/T24_Blebbistatin_5uM_12_gabor.tif,True,1,1024x1024,uint8,5,555116,2026-09-16T09:08:16+00:00,BitsPerSample;Compression;FillOrder;ImageLength;ImageWidth;NewSubfileType;Orientation;PhotometricInterpretation;PlanarConfiguration;Predictor;ResolutionUnit;RowsPerStrip;SampleFormat;SamplesPerPixel;StripByteCounts;StripOffsets;XResolution;YResolution,False,False,
T24_Blebbistatin_5uM_12,phase,data/phase/T24_Blebbistatin_5uM_12_phase.bin,True,,900x900,float32,,3240023,,,,,0.2848713904768374/0.21199439004249143
T24_Blebbistatin_5uM_13,off_axis,data/off_axis_hologram/T24_Blebbistatin_5uM_13_holo.tif,True,1,1024x1024,uint8,5,1232746,2026-09-16T09:09:56+00:00,BitsPerSample;Compression;FillOrder;ImageLength;ImageWidth;NewSubfileType;Orientation;PhotometricInterpretation;PlanarConfiguration;Predictor;ResolutionUnit;RowsPerStrip;SampleFormat;SamplesPerPixel;StripByteCounts;StripOffsets;XResolution;YResolution,False,False,
T24_Blebbistatin_5uM_13,gabor,data/in_line_gabor_hologram/T24_Blebbistatin_5uM_13_gabor.tif,True,1,1024x1024,uint8,5,541560,2026-09-16T09:08:16+00:00,BitsPerSample;Compression;FillOrder;ImageLength;ImageWidth;NewSubfileType;Orientation;PhotometricInterpretation;PlanarConfiguration;Predictor;ResolutionUnit;RowsPerStrip;SampleFormat;SamplesPerPixel;StripByteCounts;StripOffsets;XResolution;YResolution,False,False,
T24_Blebbistatin_5uM_13,phase,data/phase/T24_Blebbistatin_5uM_13_phase.bin,True,,900x900,float32,,3240023,,,,,0.2848713904768374/0.21199439004249143
T24_Blebbistatin_5uM_14,off_axis,data/off_axis_hologram/T24_Blebbistatin_5uM_14_holo.tif,True,1,1024x1024,uint8,5,1229098,2026-09-16T09:09:56+00:00,BitsPerSample;Compression;FillOrder;ImageLength;ImageWidth;NewSubfileType;Orientation;PhotometricInterpretation;PlanarConfiguration;Predictor;ResolutionUnit;RowsPerStrip;SampleFormat;SamplesPerPixel;StripByteCounts;StripOffsets;XResolution;YResolution,False,False,
T24_Blebbistatin_5uM_14,gabor,data/in_line_gabor_hologram/T24_Blebbistatin_5uM_14_gabor.tif,True,1,1024x1024,uint8,5,524482,2026-09-16T09:08:16+00:00,BitsPerSample;Compression;FillOrder;ImageLength;ImageWidth;NewSubfileType;Orientation;PhotometricInterpretation;PlanarConfiguration;Predictor;ResolutionUnit;RowsPerStrip;SampleFormat;SamplesPerPixel;StripByteCounts;StripOffsets;XResolution;YResolution,False,False,
T24_Blebbistatin_5uM_14,phase,data/phase/T24_Blebbistatin_5uM_14_phase.bin,True,,900x900,float32,,3240023,,,,,0.2848713904768374/0.21199439004249143
T24_Blebbistatin_5uM_15,off_axis,data/off_axis_hologram/T24_Blebbistatin_5uM_15_holo.tif,True,1,1024x1024,uint8,5,1199180,2026-09-16T09:09:56+00:00,BitsPerSample;Compression;FillOrder;ImageLength;ImageWidth;NewSubfileType;Orientation;PhotometricInterpretation;PlanarConfiguration;Predictor;ResolutionUnit;RowsPerStrip;SampleFormat;SamplesPerPixel;StripByteCounts;StripOffsets;XResolution;YResolution,False,False,
T24_Blebbistatin_5uM_15,gabor,data/in_line_gabor_hologram/T24_Blebbistatin_5uM_15_gabor.tif,True,1,1024x1024,uint8,5,532806,2026-09-16T09:08:16+00:00,BitsPerSample;Compression;FillOrder;ImageLength;ImageWidth;NewSubfileType;Orientation;PhotometricInterpretation;PlanarConfiguration;Predictor;ResolutionUnit;RowsPerStrip;SampleFormat;SamplesPerPixel;StripByteCounts;StripOffsets;XResolution;YResolution,False,False,
T24_Blebbistatin_5uM_15,phase,data/phase/T24_Blebbistatin_5uM_15_phase.bin,True,,900x900,float32,,3240023,,,,,0.2848713904768374/0.21199439004249143
T24_Blebbistatin_5uM_16,off_axis,data/off_axis_hologram/T24_Blebbistatin_5uM_16_holo.tif,True,1,1024x1024,uint8,5,1228960,2026-09-16T09:09:56+00:00,BitsPerSample;Compression;FillOrder;ImageLength;ImageWidth;NewSubfileType;Orientation;PhotometricInterpretation;PlanarConfiguration;Predictor;ResolutionUnit;RowsPerStrip;SampleFormat;SamplesPerPixel;StripByteCounts;StripOffsets;XResolution;YResolution,False,False,
T24_Blebbistatin_5uM_16,gabor,data/in_line_gabor_hologram/T24_Blebbistatin_5uM_16_gabor.tif,True,1,1024x1024,uint8,5,534506,2026-09-16T09:08:16+00:00,BitsPerSample;Compression;FillOrder;ImageLength;ImageWidth;NewSubfileType;Orientation;PhotometricInterpretation;PlanarConfiguration;Predictor;ResolutionUnit;RowsPerStrip;SampleFormat;SamplesPerPixel;StripByteCounts;StripOffsets;XResolution;YResolution,False,False,
T24_Blebbistatin_5uM_16,phase,data/phase/T24_Blebbistatin_5uM_16_phase.bin,True,,900x900,float32,,3240023,,,,,0.2848713904768374/0.21199439004249143
T24_Blebbistatin_5uM_17,off_axis,data/off_axis_hologram/T24_Blebbistatin_5uM_17_holo.tif,True,1,1024x1024,uint8,5,1234130,2026-09-16T09:09:56+00:00,BitsPerSample;Compression;FillOrder;ImageLength;ImageWidth;NewSubfileType;Orientation;PhotometricInterpretation;PlanarConfiguration;Predictor;ResolutionUnit;RowsPerStrip;SampleFormat;SamplesPerPixel;StripByteCounts;StripOffsets;XResolution;YResolution,False,False,
T24_Blebbistatin_5uM_17,gabor,data/in_line_gabor_hologram/T24_Blebbistatin_5uM_17_gabor.tif,True,1,1024x1024,uint8,5,546334,2026-09-16T09:08:16+00:00,BitsPerSample;Compression;FillOrder;ImageLength;ImageWidth;NewSubfileType;Orientation;PhotometricInterpretation;PlanarConfiguration;Predictor;ResolutionUnit;RowsPerStrip;SampleFormat;SamplesPerPixel;StripByteCounts;StripOffsets;XResolution;YResolution,False,False,
T24_Blebbistatin_5uM_17,phase,data/phase/T24_Blebbistatin_5uM_17_phase.bin,True,,900x900,float32,,3240023,,,,,0.2848713904768374/0.21199439004249143
T24_Blebbistatin_5uM_18,off_axis,data/off_axis_hologram/T24_Blebbistatin_5uM_18_holo.tif,True,1,1024x1024,uint8,5,1219788,2026-09-16T09:09:56+00:00,BitsPerSample;Compression;FillOrder;ImageLength;ImageWidth;NewSubfileType;Orientation;PhotometricInterpretation;PlanarConfiguration;Predictor;ResolutionUnit;RowsPerStrip;SampleFormat;SamplesPerPixel;StripByteCounts;StripOffsets;XResolution;YResolution,False,False,
T24_Blebbistatin_5uM_18,gabor,data/in_line_gabor_hologram/T24_Blebbistatin_5uM_18_gabor.tif,True,1,1024x1024,uint8,5,535568,2026-09-16T09:08:16+00:00,BitsPerSample;Compression;FillOrder;ImageLength;ImageWidth;NewSubfileType;Orientation;PhotometricInterpretation;PlanarConfiguration;Predictor;ResolutionUnit;RowsPerStrip;SampleFormat;SamplesPerPixel;StripByteCounts;StripOffsets;XResolution;YResolution,False,False,
T24_Blebbistatin_5uM_18,phase,data/phase/T24_Blebbistatin_5uM_18_phase.bin,True,,900x900,float32,,3240023,,,,,0.2848713904768374/0.21199439004249143
T24_Blebbistatin_5uM_19,off_axis,data/off_axis_hologram/T24_Blebbistatin_5uM_19_holo.tif,True,1,1024x1024,uint8,5,1238090,2026-09-16T09:09:56+00:00,BitsPerSample;Compression;FillOrder;ImageLength;ImageWidth;NewSubfileType;Orientation;PhotometricInterpretation;PlanarConfiguration;Predictor;ResolutionUnit;RowsPerStrip;SampleFormat;SamplesPerPixel;StripByteCounts;StripOffsets;XResolution;YResolution,False,False,
T24_Blebbistatin_5uM_19,gabor,data/in_line_gabor_hologram/T24_Blebbistatin_5uM_19_gabor.tif,True,1,1024x1024,uint8,5,541468,2026-09-16T09:08:16+00:00,BitsPerSample;Compression;FillOrder;ImageLength;ImageWidth;NewSubfileType;Orientation;PhotometricInterpretation;PlanarConfiguration;Predictor;ResolutionUnit;RowsPerStrip;SampleFormat;SamplesPerPixel;StripByteCounts;StripOffsets;XResolution;YResolution,False,False,
T24_Blebbistatin_5uM_19,phase,data/phase/T24_Blebbistatin_5uM_19_phase.bin,True,,900x900,float32,,3240023,,,,,0.2848713904768374/0.21199439004249143
T24_Blebbistatin_5uM_20,off_axis,data/off_axis_hologram/T24_Blebbistatin_5uM_20_holo.tif,True,1,1024x1024,uint8,5,1234808,2026-09-16T09:09:56+00:00,BitsPerSample;Compression;FillOrder;ImageLength;ImageWidth;NewSubfileType;Orientation;PhotometricInterpretation;PlanarConfiguration;Predictor;ResolutionUnit;RowsPerStrip;SampleFormat;SamplesPerPixel;StripByteCounts;StripOffsets;XResolution;YResolution,False,False,
T24_Blebbistatin_5uM_20,gabor,data/in_line_gabor_hologram/T24_Blebbistatin_5uM_20_gabor.tif,True,1,1024x1024,uint8,5,541434,2026-09-16T09:08:16+00:00,BitsPerSample;Compression;FillOrder;ImageLength;ImageWidth;NewSubfileType;Orientation;PhotometricInterpretation;PlanarConfiguration;Predictor;ResolutionUnit;RowsPerStrip;SampleFormat;SamplesPerPixel;StripByteCounts;StripOffsets;XResolution;YResolution,False,False,
T24_Blebbistatin_5uM_20,phase,data/phase/T24_Blebbistatin_5uM_20_phase.bin,True,,900x900,float32,,3240023,,,,,0.2848713904768374/0.21199439004249143
T24_Blebbistatin_5uM_21,off_axis,data/off_axis_hologram/T24_Blebbistatin_5uM_21_holo.tif,True,1,1024x1024,uint8,5,1237212,2026-09-16T09:09:56+00:00,BitsPerSample;Compression;FillOrder;ImageLength;ImageWidth;NewSubfileType;Orientation;PhotometricInterpretation;PlanarConfiguration;Predictor;ResolutionUnit;RowsPerStrip;SampleFormat;SamplesPerPixel;StripByteCounts;StripOffsets;XResolution;YResolution,False,False,
T24_Blebbistatin_5uM_21,gabor,data/in_line_gabor_hologram/T24_Blebbistatin_5uM_21_gabor.tif,True,1,1024x1024,uint8,5,552152,2026-09-16T09:08:16+00:00,BitsPerSample;Compression;FillOrder;ImageLength;ImageWidth;NewSubfileType;Orientation;PhotometricInterpretation;PlanarConfiguration;Predictor;ResolutionUnit;RowsPerStrip;SampleFormat;SamplesPerPixel;StripByteCounts;StripOffsets;XResolution;YResolution,False,False,
T24_Blebbistatin_5uM_21,phase,data/phase/T24_Blebbistatin_5uM_21_phase.bin,True,,900x900,float32,,3240023,,,,,0.2848713904768374/0.21199439004249143
T24_Blebbistatin_5uM_22,off_axis,data/off_axis_hologram/T24_Blebbistatin_5uM_22_holo.tif,True,1,1024x1024,uint8,5,312386,2026-09-16T09:09:56+00:00,BitsPerSample;Compression;FillOrder;ImageLength;ImageWidth;NewSubfileType;Orientation;PhotometricInterpretation;PlanarConfiguration;Predictor;ResolutionUnit;RowsPerStrip;SampleFormat;SamplesPerPixel;StripByteCounts;StripOffsets;XResolution;YResolution,False,False,
T24_Blebbistatin_5uM_22,gabor,data/in_line_gabor_hologram/T24_Blebbistatin_5uM_22_gabor.tif,True,1,1024x1024,uint8,5,555026,2026-09-16T09:08:16+00:00,BitsPerSample;Compression;FillOrder;ImageLength;ImageWidth;NewSubfileType;Orientation;PhotometricInterpretation;PlanarConfiguration;Predictor;ResolutionUnit;RowsPerStrip;SampleFormat;SamplesPerPixel;StripByteCounts;StripOffsets;XResolution;YResolution,False,False,
T24_Blebbistatin_5uM_22,phase,data/phase/T24_Blebbistatin_5uM_22_phase.bin,True,,900x900,float32,,3240023,,,,,0.2848713904768374/0.21199439004249143
T24_Blebbistatin_5uM_23,off_axis,data/off_axis_hologram/T24_Blebbistatin_5uM_23_holo.tif,True,1,1024x1024,uint8,5,1226574,2026-09-16T09:09:56+00:00,BitsPerSample;Compression;FillOrder;ImageLength;ImageWidth;NewSubfileType;Orientation;PhotometricInterpretation;PlanarConfiguration;Predictor;ResolutionUnit;RowsPerStrip;SampleFormat;SamplesPerPixel;StripByteCounts;StripOffsets;XResolution;YResolution,False,False,
T24_Blebbistatin_5uM_23,gabor,data/in_line_gabor_hologram/T24_Blebbistatin_5uM_23_gabor.tif,True,1,1024x1024,uint8,5,540692,2026-09-16T09:08:16+00:00,BitsPerSample;Compression;FillOrder;ImageLength;ImageWidth;NewSubfileType;Orientation;PhotometricInterpretation;PlanarConfiguration;Predictor;ResolutionUnit;RowsPerStrip;SampleFormat;SamplesPerPixel;StripByteCounts;StripOffsets;XResolution;YResolution,False,False,
T24_Blebbistatin_5uM_23,phase,data/phase/T24_Blebbistatin_5uM_23_phase.bin,True,,900x900,float32,,3240023,,,,,0.2848713904768374/0.21199439004249143
T24_Blebbistatin_5uM_24,off_axis,data/off_axis_hologram/T24_Blebbistatin_5uM_24_holo.tif,True,1,1024x1024,uint8,5,1233504,2026-09-16T09:09:56+00:00,BitsPerSample;Compression;FillOrder;ImageLength;ImageWidth;NewSubfileType;Orientation;PhotometricInterpretation;PlanarConfiguration;Predictor;ResolutionUnit;RowsPerStrip;SampleFormat;SamplesPerPixel;StripByteCounts;StripOffsets;XResolution;YResolution,False,False,
T24_Blebbistatin_5uM_24,gabor,data/in_line_gabor_hologram/T24_Blebbistatin_5uM_24_gabor.tif,True,1,1024x1024,uint8,5,542934,2026-09-16T09:08:16+00:00,BitsPerSample;Compression;FillOrder;ImageLength;ImageWidth;NewSubfileType;Orientation;PhotometricInterpretation;PlanarConfiguration;Predictor;ResolutionUnit;RowsPerStrip;SampleFormat;SamplesPerPixel;StripByteCounts;StripOffsets;XResolution;YResolution,False,False,
T24_Blebbistatin_5uM_24,phase,data/phase/T24_Blebbistatin_5uM_24_phase.bin,True,,900x900,float32,,3240023,,,,,0.2848713904768374/0.21199439004249143
T24_Blebbistatin_5uM_25,off_axis,data/off_axis_hologram/T24_Blebbistatin_5uM_25_holo.tif,True,1,1024x1024,uint8,5,1236496,2026-09-16T09:09:56+00:00,BitsPerSample;Compression;FillOrder;ImageLength;ImageWidth;NewSubfileType;Orientation;PhotometricInterpretation;PlanarConfiguration;Predictor;ResolutionUnit;RowsPerStrip;SampleFormat;SamplesPerPixel;StripByteCounts;StripOffsets;XResolution;YResolution,False,False,
T24_Blebbistatin_5uM_25,gabor,data/in_line_gabor_hologram/T24_Blebbistatin_5uM_25_gabor.tif,True,1,1024x1024,uint8,5,547996,2026-09-16T09:08:16+00:00,BitsPerSample;Compression;FillOrder;ImageLength;ImageWidth;NewSubfileType;Orientation;PhotometricInterpretation;PlanarConfiguration;Predictor;ResolutionUnit;RowsPerStrip;SampleFormat;SamplesPerPixel;StripByteCounts;StripOffsets;XResolution;YResolution,False,False,
T24_Blebbistatin_5uM_25,phase,data/phase/T24_Blebbistatin_5uM_25_phase.bin,True,,900x900,float32,,3240023,,,,,0.2848713904768374/0.21199439004249143
T24_Blebbistatin_5uM_26,off_axis,data/off_axis_hologram/T24_Blebbistatin_5uM_26_holo.tif,True,1,1024x1024,uint8,5,1238826,2026-09-16T09:09:56+00:00,BitsPerSample;Compression;FillOrder;ImageLength;ImageWidth;NewSubfileType;Orientation;PhotometricInterpretation;PlanarConfiguration;Predictor;ResolutionUnit;RowsPerStrip;SampleFormat;SamplesPerPixel;StripByteCounts;StripOffsets;XResolution;YResolution,False,False,
T24_Blebbistatin_5uM_26,gabor,data/in_line_gabor_hologram/T24_Blebbistatin_5uM_26_gabor.tif,True,1,1024x1024,uint8,5,555020,2026-09-16T09:08:16+00:00,BitsPerSample;Compression;FillOrder;ImageLength;ImageWidth;NewSubfileType;Orientation;PhotometricInterpretation;PlanarConfiguration;Predictor;ResolutionUnit;RowsPerStrip;SampleFormat;SamplesPerPixel;StripByteCounts;StripOffsets;XResolution;YResolution,False,False,
T24_Blebbistatin_5uM_26,phase,data/phase/T24_Blebbistatin_5uM_26_phase.bin,True,,900x900,float32,,3240023,,,,,0.2848713904768374/0.21199439004249143
T24_Blebbistatin_5uM_27,off_axis,data/off_axis_hologram/T24_Blebbistatin_5uM_27_holo.tif,True,1,1024x1024,uint8,5,1235308,2026-09-16T09:09:56+00:00,BitsPerSample;Compression;FillOrder;ImageLength;ImageWidth;NewSubfileType;Orientation;PhotometricInterpretation;PlanarConfiguration;Predictor;ResolutionUnit;RowsPerStrip;SampleFormat;SamplesPerPixel;StripByteCounts;StripOffsets;XResolution;YResolution,False,False,
T24_Blebbistatin_5uM_27,gabor,data/in_line_gabor_hologram/T24_Blebbistatin_5uM_27_gabor.tif,True,1,1024x1024,uint8,5,549124,2026-09-16T09:08:16+00:00,BitsPerSample;Compression;FillOrder;ImageLength;ImageWidth;NewSubfileType;Orientation;PhotometricInterpretation;PlanarConfiguration;Predictor;ResolutionUnit;RowsPerStrip;SampleFormat;SamplesPerPixel;StripByteCounts;StripOffsets;XResolution;YResolution,False,False,
T24_Blebbistatin_5uM_27,phase,data/phase/T24_Blebbistatin_5uM_27_phase.bin,True,,900x900,float32,,3240023,,,,,0.2848713904768374/0.21199439004249143
T24_Blebbistatin_5uM_28,off_axis,data/off_axis_hologram/T24_Blebbistatin_5uM_28_holo.tif,True,1,1024x1024,uint8,5,1234702,2026-09-16T09:09:56+00:00,BitsPerSample;Compression;FillOrder;ImageLength;ImageWidth;NewSubfileType;Orientation;PhotometricInterpretation;PlanarConfiguration;Predictor;ResolutionUnit;RowsPerStrip;SampleFormat;SamplesPerPixel;StripByteCounts;StripOffsets;XResolution;YResolution,False,False,
T24_Blebbistatin_5uM_28,gabor,data/in_line_gabor_hologram/T24_Blebbistatin_5uM_28_gabor.tif,True,1,1024x1024,uint8,5,546182,2026-09-16T09:08:16+00:00,BitsPerSample;Compression;FillOrder;ImageLength;ImageWidth;NewSubfileType;Orientation;PhotometricInterpretation;PlanarConfiguration;Predictor;ResolutionUnit;RowsPerStrip;SampleFormat;SamplesPerPixel;StripByteCounts;StripOffsets;XResolution;YResolution,False,False,
T24_Blebbistatin_5uM_28,phase,data/phase/T24_Blebbistatin_5uM_28_phase.bin,True,,900x900,float32,,3240023,,,,,0.2848713904768374/0.21199439004249143
T24_Blebbistatin_5uM_29,off_axis,data/off_axis_hologram/T24_Blebbistatin_5uM_29_holo.tif,True,1,1024x1024,uint8,5,1228100,2026-09-16T09:09:56+00:00,BitsPerSample;Compression;FillOrder;ImageLength;ImageWidth;NewSubfileType;Orientation;PhotometricInterpretation;PlanarConfiguration;Predictor;ResolutionUnit;RowsPerStrip;SampleFormat;SamplesPerPixel;StripByteCounts;StripOffsets;XResolution;YResolution,False,False,
T24_Blebbistatin_5uM_29,gabor,data/in_line_gabor_hologram/T24_Blebbistatin_5uM_29_gabor.tif,True,1,1024x1024,uint8,5,533736,2026-09-16T09:08:16+00:00,BitsPerSample;Compression;FillOrder;ImageLength;ImageWidth;NewSubfileType;Orientation;PhotometricInterpretation;PlanarConfiguration;Predictor;ResolutionUnit;RowsPerStrip;SampleFormat;SamplesPerPixel;StripByteCounts;StripOffsets;XResolution;YResolution,False,False,
T24_Blebbistatin_5uM_29,phase,data/phase/T24_Blebbistatin_5uM_29_phase.bin,True,,900x900,float32,,3240023,,,,,0.2848713904768374/0.21199439004249143
T24_Blebbistatin_5uM_30,off_axis,data/off_axis_hologram/T24_Blebbistatin_5uM_30_holo.tif,True,1,1024x1024,uint8,5,1232662,2026-09-16T09:09:56+00:00,BitsPerSample;Compression;FillOrder;ImageLength;ImageWidth;NewSubfileType;Orientation;PhotometricInterpretation;PlanarConfiguration;Predictor;ResolutionUnit;RowsPerStrip;SampleFormat;SamplesPerPixel;StripByteCounts;StripOffsets;XResolution;YResolution,False,False,
T24_Blebbistatin_5uM_30,gabor,data/in_line_gabor_hologram/T24_Blebbistatin_5uM_30_gabor.tif,True,1,1024x1024,uint8,5,544300,2026-09-16T09:08:16+00:00,BitsPerSample;Compression;FillOrder;ImageLength;ImageWidth;NewSubfileType;Orientation;PhotometricInterpretation;PlanarConfiguration;Predictor;ResolutionUnit;RowsPerStrip;SampleFormat;SamplesPerPixel;StripByteCounts;StripOffsets;XResolution;YResolution,False,False,
T24_Blebbistatin_5uM_30,phase,data/phase/T24_Blebbistatin_5uM_30_phase.bin,True,,900x900,float32,,3240023,,,,,0.2848713904768374/0.21199439004249143
T24_Blebbistatin_5uM_31,off_axis,data/off_axis_hologram/T24_Blebbistatin_5uM_31_holo.tif,True,1,1024x1024,uint8,5,1227548,2026-09-16T09:09:56+00:00,BitsPerSample;Compression;FillOrder;ImageLength;ImageWidth;NewSubfileType;Orientation;PhotometricInterpretation;PlanarConfiguration;Predictor;ResolutionUnit;RowsPerStrip;SampleFormat;SamplesPerPixel;StripByteCounts;StripOffsets;XResolution;YResolution,False,False,
T24_Blebbistatin_5uM_31,gabor,data/in_line_gabor_hologram/T24_Blebbistatin_5uM_31_gabor.tif,True,1,1024x1024,uint8,5,538976,2026-09-16T09:08:16+00:00,BitsPerSample;Compression;FillOrder;ImageLength;ImageWidth;NewSubfileType;Orientation;PhotometricInterpretation;PlanarConfiguration;Predictor;ResolutionUnit;RowsPerStrip;SampleFormat;SamplesPerPixel;StripByteCounts;StripOffsets;XResolution;YResolution,False,False,
T24_Blebbistatin_5uM_31,phase,data/phase/T24_Blebbistatin_5uM_31_phase.bin,True,,900x900,float32,,3240023,,,,,0.2848713904768374/0.21199439004249143
T24_Blebbistatin_5uM_32,off_axis,data/off_axis_hologram/T24_Blebbistatin_5uM_32_holo.tif,True,1,1024x1024,uint8,5,1224402,2026-09-16T09:09:56+00:00,BitsPerSample;Compression;FillOrder;ImageLength;ImageWidth;NewSubfileType;Orientation;PhotometricInterpretation;PlanarConfiguration;Predictor;ResolutionUnit;RowsPerStrip;SampleFormat;SamplesPerPixel;StripByteCounts;StripOffsets;XResolution;YResolution,False,False,
T24_Blebbistatin_5uM_32,gabor,data/in_line_gabor_hologram/T24_Blebbistatin_5uM_32_gabor.tif,True,1,1024x1024,uint8,5,538112,2026-09-16T09:08:16+00:00,BitsPerSample;Compression;FillOrder;ImageLength;ImageWidth;NewSubfileType;Orientation;PhotometricInterpretation;PlanarConfiguration;Predictor;ResolutionUnit;RowsPerStrip;SampleFormat;SamplesPerPixel;StripByteCounts;StripOffsets;XResolution;YResolution,False,False,
T24_Blebbistatin_5uM_32,phase,data/phase/T24_Blebbistatin_5uM_32_phase.bin,True,,900x900,float32,,3240023,,,,,0.2848713904768374/0.21199439004249143
T24_Blebbistatin_5uM_33,off_axis,data/off_axis_hologram/T24_Blebbistatin_5uM_33_holo.tif,True,1,1024x1024,uint8,5,307356,2026-09-16T09:09:56+00:00,BitsPerSample;Compression;FillOrder;ImageLength;ImageWidth;NewSubfileType;Orientation;PhotometricInterpretation;PlanarConfiguration;Predictor;ResolutionUnit;RowsPerStrip;SampleFormat;SamplesPerPixel;StripByteCounts;StripOffsets;XResolution;YResolution,False,False,
T24_Blebbistatin_5uM_33,gabor,data/in_line_gabor_hologram/T24_Blebbistatin_5uM_33_gabor.tif,True,1,1024x1024,uint8,5,549644,2026-09-16T09:08:16+00:00,BitsPerSample;Compression;FillOrder;ImageLength;ImageWidth;NewSubfileType;Orientation;PhotometricInterpretation;PlanarConfiguration;Predictor;ResolutionUnit;RowsPerStrip;SampleFormat;SamplesPerPixel;StripByteCounts;StripOffsets;XResolution;YResolution,False,False,
T24_Blebbistatin_5uM_33,phase,data/phase/T24_Blebbistatin_5uM_33_phase.bin,True,,900x900,float32,,3240023,,,,,0.2848713904768374/0.21199439004249143
T24_Blebbistatin_5uM_34,off_axis,data/off_axis_hologram/T24_Blebbistatin_5uM_34_holo.tif,True,1,1024x1024,uint8,5,1233006,2026-09-16T09:09:56+00:00,BitsPerSample;Compression;FillOrder;ImageLength;ImageWidth;NewSubfileType;Orientation;PhotometricInterpretation;PlanarConfiguration;Predictor;ResolutionUnit;RowsPerStrip;SampleFormat;SamplesPerPixel;StripByteCounts;StripOffsets;XResolution;YResolution,False,False,
T24_Blebbistatin_5uM_34,gabor,data/in_line_gabor_hologram/T24_Blebbistatin_5uM_34_gabor.tif,True,1,1024x1024,uint8,5,555056,2026-09-16T09:08:16+00:00,BitsPerSample;Compression;FillOrder;ImageLength;ImageWidth;NewSubfileType;Orientation;PhotometricInterpretation;PlanarConfiguration;Predictor;ResolutionUnit;RowsPerStrip;SampleFormat;SamplesPerPixel;StripByteCounts;StripOffsets;XResolution;YResolution,False,False,
T24_Blebbistatin_5uM_34,phase,data/phase/T24_Blebbistatin_5uM_34_phase.bin,True,,900x900,float32,,3240023,,,,,0.2848713904768374/0.21199439004249143
T24_Blebbistatin_5uM_35,off_axis,data/off_axis_hologram/T24_Blebbistatin_5uM_35_holo.tif,True,1,1024x1024,uint8,5,1230798,2026-09-16T09:09:56+00:00,BitsPerSample;Compression;FillOrder;ImageLength;ImageWidth;NewSubfileType;Orientation;PhotometricInterpretation;PlanarConfiguration;Predictor;ResolutionUnit;RowsPerStrip;SampleFormat;SamplesPerPixel;StripByteCounts;StripOffsets;XResolution;YResolution,False,False,
T24_Blebbistatin_5uM_35,gabor,data/in_line_gabor_hologram/T24_Blebbistatin_5uM_35_gabor.tif,True,1,1024x1024,uint8,5,547960,2026-09-16T09:08:16+00:00,BitsPerSample;Compression;FillOrder;ImageLength;ImageWidth;NewSubfileType;Orientation;PhotometricInterpretation;PlanarConfiguration;Predictor;ResolutionUnit;RowsPerStrip;SampleFormat;SamplesPerPixel;StripByteCounts;StripOffsets;XResolution;YResolution,False,False,
T24_Blebbistatin_5uM_35,phase,data/phase/T24_Blebbistatin_5uM_35_phase.bin,True,,900x900,float32,,3240023,,,,,0.2848713904768374/0.21199439004249143
T24_Blebbistatin_5uM_36,off_axis,data/off_axis_hologram/T24_Blebbistatin_5uM_36_holo.tif,True,1,1024x1024,uint8,5,1233578,2026-09-16T09:09:56+00:00,BitsPerSample;Compression;FillOrder;ImageLength;ImageWidth;NewSubfileType;Orientation;PhotometricInterpretation;PlanarConfiguration;Predictor;ResolutionUnit;RowsPerStrip;SampleFormat;SamplesPerPixel;StripByteCounts;StripOffsets;XResolution;YResolution,False,False,
T24_Blebbistatin_5uM_36,gabor,data/in_line_gabor_hologram/T24_Blebbistatin_5uM_36_gabor.tif,True,1,1024x1024,uint8,5,545510,2026-09-16T09:08:16+00:00,BitsPerSample;Compression;FillOrder;ImageLength;ImageWidth;NewSubfileType;Orientation;PhotometricInterpretation;PlanarConfiguration;Predictor;ResolutionUnit;RowsPerStrip;SampleFormat;SamplesPerPixel;StripByteCounts;StripOffsets;XResolution;YResolution,False,False,
T24_Blebbistatin_5uM_36,phase,data/phase/T24_Blebbistatin_5uM_36_phase.bin,True,,900x900,float32,,3240023,,,,,0.2848713904768374/0.21199439004249143
T24_Blebbistatin_5uM_37,off_axis,data/off_axis_hologram/T24_Blebbistatin_5uM_37_holo.tif,True,1,1024x1024,uint8,5,1218120,2026-09-16T09:09:56+00:00,BitsPerSample;Compression;FillOrder;ImageLength;ImageWidth;NewSubfileType;Orientation;PhotometricInterpretation;PlanarConfiguration;Predictor;ResolutionUnit;RowsPerStrip;SampleFormat;SamplesPerPixel;StripByteCounts;StripOffsets;XResolution;YResolution,False,False,
T24_Blebbistatin_5uM_37,gabor,data/in_line_gabor_hologram/T24_Blebbistatin_5uM_37_gabor.tif,True,1,1024x1024,uint8,5,524856,2026-09-16T09:08:16+00:00,BitsPerSample;Compression;FillOrder;ImageLength;ImageWidth;NewSubfileType;Orientation;PhotometricInterpretation;PlanarConfiguration;Predictor;ResolutionUnit;RowsPerStrip;SampleFormat;SamplesPerPixel;StripByteCounts;StripOffsets;XResolution;YResolution,False,False,
T24_Blebbistatin_5uM_37,phase,data/phase/T24_Blebbistatin_5uM_37_phase.bin,True,,900x900,float32,,3240023,,,,,0.2848713904768374/0.21199439004249143
T24_Blebbistatin_5uM_38,off_axis,data/off_axis_hologram/T24_Blebbistatin_5uM_38_holo.tif,True,1,1024x1024,uint8,5,1231822,2026-09-16T09:09:56+00:00,BitsPerSample;Compression;FillOrder;ImageLength;ImageWidth;NewSubfileType;Orientation;PhotometricInterpretation;PlanarConfiguration;Predictor;ResolutionUnit;RowsPerStrip;SampleFormat;SamplesPerPixel;StripByteCounts;StripOffsets;XResolution;YResolution,False,False,
T24_Blebbistatin_5uM_38,gabor,data/in_line_gabor_hologram/T24_Blebbistatin_5uM_38_gabor.tif,True,1,1024x1024,uint8,5,541918,2026-09-16T09:08:16+00:00,BitsPerSample;Compression;FillOrder;ImageLength;ImageWidth;NewSubfileType;Orientation;PhotometricInterpretation;PlanarConfiguration;Predictor;ResolutionUnit;RowsPerStrip;SampleFormat;SamplesPerPixel;StripByteCounts;StripOffsets;XResolution;YResolution,False,False,
T24_Blebbistatin_5uM_38,phase,data/phase/T24_Blebbistatin_5uM_38_phase.bin,True,,900x900,float32,,3240023,,,,,0.2848713904768374/0.21199439004249143
T24_Blebbistatin_5uM_39,off_axis,data/off_axis_hologram/T24_Blebbistatin_5uM_39_holo.tif,True,1,1024x1024,uint8,5,314044,2026-09-16T09:09:56+00:00,BitsPerSample;Compression;FillOrder;ImageLength;ImageWidth;NewSubfileType;Orientation;PhotometricInterpretation;PlanarConfiguration;Predictor;ResolutionUnit;RowsPerStrip;SampleFormat;SamplesPerPixel;StripByteCounts;StripOffsets;XResolution;YResolution,False,False,
T24_Blebbistatin_5uM_39,gabor,data/in_line_gabor_hologram/T24_Blebbistatin_5uM_39_gabor.tif,True,1,1024x1024,uint8,5,548440,2026-09-16T09:08:16+00:00,BitsPerSample;Compression;FillOrder;ImageLength;ImageWidth;NewSubfileType;Orientation;PhotometricInterpretation;PlanarConfiguration;Predictor;ResolutionUnit;RowsPerStrip;SampleFormat;SamplesPerPixel;StripByteCounts;StripOffsets;XResolution;YResolution,False,False,
T24_Blebbistatin_5uM_39,phase,data/phase/T24_Blebbistatin_5uM_39_phase.bin,True,,900x900,float32,,3240023,,,,,0.2848713904768374/0.21199439004249143
T24_Blebbistatin_5uM_40,off_axis,data/off_axis_hologram/T24_Blebbistatin_5uM_40_holo.tif,True,1,1024x1024,uint8,5,1227044,2026-09-16T09:09:56+00:00,BitsPerSample;Compression;FillOrder;ImageLength;ImageWidth;NewSubfileType;Orientation;PhotometricInterpretation;PlanarConfiguration;Predictor;ResolutionUnit;RowsPerStrip;SampleFormat;SamplesPerPixel;StripByteCounts;StripOffsets;XResolution;YResolution,False,False,
T24_Blebbistatin_5uM_40,gabor,data/in_line_gabor_hologram/T24_Blebbistatin_5uM_40_gabor.tif,True,1,1024x1024,uint8,5,542886,2026-09-16T09:08:16+00:00,BitsPerSample;Compression;FillOrder;ImageLength;ImageWidth;NewSubfileType;Orientation;PhotometricInterpretation;PlanarConfiguration;Predictor;ResolutionUnit;RowsPerStrip;SampleFormat;SamplesPerPixel;StripByteCounts;StripOffsets;XResolution;YResolution,False,False,
T24_Blebbistatin_5uM_40,phase,data/phase/T24_Blebbistatin_5uM_40_phase.bin,True,,900x900,float32,,3240023,,,,,0.2848713904768374/0.21199439004249143
T24_Blebbistatin_5uM_41,off_axis,data/off_axis_hologram/T24_Blebbistatin_5uM_41_holo.tif,True,1,1024x1024,uint8,5,297678,2026-09-16T09:09:56+00:00,BitsPerSample;Compression;FillOrder;ImageLength;ImageWidth;NewSubfileType;Orientation;PhotometricInterpretation;PlanarConfiguration;Predictor;ResolutionUnit;RowsPerStrip;SampleFormat;SamplesPerPixel;StripByteCounts;StripOffsets;XResolution;YResolution,False,False,
T24_Blebbistatin_5uM_41,gabor,data/in_line_gabor_hologram/T24_Blebbistatin_5uM_41_gabor.tif,True,1,1024x1024,uint8,5,535314,2026-09-16T09:08:16+00:00,BitsPerSample;Compression;FillOrder;ImageLength;ImageWidth;NewSubfileType;Orientation;PhotometricInterpretation;PlanarConfiguration;Predictor;ResolutionUnit;RowsPerStrip;SampleFormat;SamplesPerPixel;StripByteCounts;StripOffsets;XResolution;YResolution,False,False,
T24_Blebbistatin_5uM_41,phase,data/phase/T24_Blebbistatin_5uM_41_phase.bin,True,,900x900,float32,,3240023,,,,,0.2848713904768374/0.21199439004249143
T24_Blebbistatin_5uM_42,off_axis,data/off_axis_hologram/T24_Blebbistatin_5uM_42_holo.tif,True,1,1024x1024,uint8,5,1220958,2026-09-16T09:09:56+00:00,BitsPerSample;Compression;FillOrder;ImageLength;ImageWidth;NewSubfileType;Orientation;PhotometricInterpretation;PlanarConfiguration;Predictor;ResolutionUnit;RowsPerStrip;SampleFormat;SamplesPerPixel;StripByteCounts;StripOffsets;XResolution;YResolution,False,False,
T24_Blebbistatin_5uM_42,gabor,data/in_line_gabor_hologram/T24_Blebbistatin_5uM_42_gabor.tif,True,1,1024x1024,uint8,5,532308,2026-09-16T09:08:16+00:00,BitsPerSample;Compression;FillOrder;ImageLength;ImageWidth;NewSubfileType;Orientation;PhotometricInterpretation;PlanarConfiguration;Predictor;ResolutionUnit;RowsPerStrip;SampleFormat;SamplesPerPixel;StripByteCounts;StripOffsets;XResolution;YResolution,False,False,
T24_Blebbistatin_5uM_42,phase,data/phase/T24_Blebbistatin_5uM_42_phase.bin,True,,900x900,float32,,3240023,,,,,0.2848713904768374/0.21199439004249143
T24_Blebbistatin_5uM_43,off_axis,data/off_axis_hologram/T24_Blebbistatin_5uM_43_holo.tif,True,1,1024x1024,uint8,5,293542,2026-09-16T09:09:56+00:00,BitsPerSample;Compression;FillOrder;ImageLength;ImageWidth;NewSubfileType;Orientation;PhotometricInterpretation;PlanarConfiguration;Predictor;ResolutionUnit;RowsPerStrip;SampleFormat;SamplesPerPixel;StripByteCounts;StripOffsets;XResolution;YResolution,False,False,
T24_Blebbistatin_5uM_43,gabor,data/in_line_gabor_hologram/T24_Blebbistatin_5uM_43_gabor.tif,True,1,1024x1024,uint8,5,526822,2026-09-16T09:08:16+00:00,BitsPerSample;Compression;FillOrder;ImageLength;ImageWidth;NewSubfileType;Orientation;PhotometricInterpretation;PlanarConfiguration;Predictor;ResolutionUnit;RowsPerStrip;SampleFormat;SamplesPerPixel;StripByteCounts;StripOffsets;XResolution;YResolution,False,False,
T24_Blebbistatin_5uM_43,phase,data/phase/T24_Blebbistatin_5uM_43_phase.bin,True,,900x900,float32,,3240023,,,,,0.2848713904768374/0.21199439004249143
T24_Blebbistatin_5uM_44,off_axis,data/off_axis_hologram/T24_Blebbistatin_5uM_44_holo.tif,True,1,1024x1024,uint8,5,1222848,2026-09-16T09:09:56+00:00,BitsPerSample;Compression;FillOrder;ImageLength;ImageWidth;NewSubfileType;Orientation;PhotometricInterpretation;PlanarConfiguration;Predictor;ResolutionUnit;RowsPerStrip;SampleFormat;SamplesPerPixel;StripByteCounts;StripOffsets;XResolution;YResolution,False,False,
T24_Blebbistatin_5uM_44,gabor,data/in_line_gabor_hologram/T24_Blebbistatin_5uM_44_gabor.tif,True,1,1024x1024,uint8,5,530434,2026-09-16T09:08:16+00:00,BitsPerSample;Compression;FillOrder;ImageLength;ImageWidth;NewSubfileType;Orientation;PhotometricInterpretation;PlanarConfiguration;Predictor;ResolutionUnit;RowsPerStrip;SampleFormat;SamplesPerPixel;StripByteCounts;StripOffsets;XResolution;YResolution,False,False,
T24_Blebbistatin_5uM_44,phase,data/phase/T24_Blebbistatin_5uM_44_phase.bin,True,,900x900,float32,,3240023,,,,,0.2848713904768374/0.21199439004249143
T24_Blebbistatin_5uM_45,off_axis,data/off_axis_hologram/T24_Blebbistatin_5uM_45_holo.tif,True,1,1024x1024,uint8,5,1224400,2026-09-16T09:09:56+00:00,BitsPerSample;Compression;FillOrder;ImageLength;ImageWidth;NewSubfileType;Orientation;PhotometricInterpretation;PlanarConfiguration;Predictor;ResolutionUnit;RowsPerStrip;SampleFormat;SamplesPerPixel;StripByteCounts;StripOffsets;XResolution;YResolution,False,False,
T24_Blebbistatin_5uM_45,gabor,data/in_line_gabor_hologram/T24_Blebbistatin_5uM_45_gabor.tif,True,1,1024x1024,uint8,5,532842,2026-09-16T09:08:16+00:00,BitsPerSample;Compression;FillOrder;ImageLength;ImageWidth;NewSubfileType;Orientation;PhotometricInterpretation;PlanarConfiguration;Predictor;ResolutionUnit;RowsPerStrip;SampleFormat;SamplesPerPixel;StripByteCounts;StripOffsets;XResolution;YResolution,False,False,
T24_Blebbistatin_5uM_45,phase,data/phase/T24_Blebbistatin_5uM_45_phase.bin,True,,900x900,float32,,3240023,,,,,0.2848713904768374/0.21199439004249143
T24_Blebbistatin_5uM_46,off_axis,data/off_axis_hologram/T24_Blebbistatin_5uM_46_holo.tif,True,1,1024x1024,uint8,5,1228014,2026-09-16T09:09:56+00:00,BitsPerSample;Compression;FillOrder;ImageLength;ImageWidth;NewSubfileType;Orientation;PhotometricInterpretation;PlanarConfiguration;Predictor;ResolutionUnit;RowsPerStrip;SampleFormat;SamplesPerPixel;StripByteCounts;StripOffsets;XResolution;YResolution,False,False,
T24_Blebbistatin_5uM_46,gabor,data/in_line_gabor_hologram/T24_Blebbistatin_5uM_46_gabor.tif,True,1,1024x1024,uint8,5,533680,2026-09-16T09:08:16+00:00,BitsPerSample;Compression;FillOrder;ImageLength;ImageWidth;NewSubfileType;Orientation;PhotometricInterpretation;PlanarConfiguration;Predictor;ResolutionUnit;RowsPerStrip;SampleFormat;SamplesPerPixel;StripByteCounts;StripOffsets;XResolution;YResolution,False,False,
T24_Blebbistatin_5uM_46,phase,data/phase/T24_Blebbistatin_5uM_46_phase.bin,True,,900x900,float32,,3240023,,,,,0.2848713904768374/0.21199439004249143
T24_Blebbistatin_5uM_47,off_axis,data/off_axis_hologram/T24_Blebbistatin_5uM_47_holo.tif,True,1,1024x1024,uint8,5,1229528,2026-09-16T09:09:56+00:00,BitsPerSample;Compression;FillOrder;ImageLength;ImageWidth;NewSubfileType;Orientation;PhotometricInterpretation;PlanarConfiguration;Predictor;ResolutionUnit;RowsPerStrip;SampleFormat;SamplesPerPixel;StripByteCounts;StripOffsets;XResolution;YResolution,False,False,
T24_Blebbistatin_5uM_47,gabor,data/in_line_gabor_hologram/T24_Blebbistatin_5uM_47_gabor.tif,True,1,1024x1024,uint8,5,532282,2026-09-16T09:08:16+00:00,BitsPerSample;Compression;FillOrder;ImageLength;ImageWidth;NewSubfileType;Orientation;PhotometricInterpretation;PlanarConfiguration;Predictor;ResolutionUnit;RowsPerStrip;SampleFormat;SamplesPerPixel;StripByteCounts;StripOffsets;XResolution;YResolution,False,False,
T24_Blebbistatin_5uM_47,phase,data/phase/T24_Blebbistatin_5uM_47_phase.bin,True,,900x900,float32,,3240023,,,,,0.2848713904768374/0.21199439004249143
T24_Blebbistatin_5uM_48,off_axis,data/off_axis_hologram/T24_Blebbistatin_5uM_48_holo.tif,True,1,1024x1024,uint8,5,1228538,2026-09-16T09:09:56+00:00,BitsPerSample;Compression;FillOrder;ImageLength;ImageWidth;NewSubfileType;Orientation;PhotometricInterpretation;PlanarConfiguration;Predictor;ResolutionUnit;RowsPerStrip;SampleFormat;SamplesPerPixel;StripByteCounts;StripOffsets;XResolution;YResolution,False,False,
T24_Blebbistatin_5uM_48,gabor,data/in_line_gabor_hologram/T24_Blebbistatin_5uM_48_gabor.tif,True,1,1024x1024,uint8,5,538236,2026-09-16T09:08:16+00:00,BitsPerSample;Compression;FillOrder;ImageLength;ImageWidth;NewSubfileType;Orientation;PhotometricInterpretation;PlanarConfiguration;Predictor;ResolutionUnit;RowsPerStrip;SampleFormat;SamplesPerPixel;StripByteCounts;StripOffsets;XResolution;YResolution,False,False,
T24_Blebbistatin_5uM_48,phase,data/phase/T24_Blebbistatin_5uM_48_phase.bin,True,,900x900,float32,,3240023,,,,,0.2848713904768374/0.21199439004249143
T24_Blebbistatin_5uM_49,off_axis,data/off_axis_hologram/T24_Blebbistatin_5uM_49_holo.tif,True,1,1024x1024,uint8,5,1231088,2026-09-16T09:09:56+00:00,BitsPerSample;Compression;FillOrder;ImageLength;ImageWidth;NewSubfileType;Orientation;PhotometricInterpretation;PlanarConfiguration;Predictor;ResolutionUnit;RowsPerStrip;SampleFormat;SamplesPerPixel;StripByteCounts;StripOffsets;XResolution;YResolution,False,False,
T24_Blebbistatin_5uM_49,gabor,data/in_line_gabor_hologram/T24_Blebbistatin_5uM_49_gabor.tif,True,1,1024x1024,uint8,5,541730,2026-09-16T09:08:16+00:00,BitsPerSample;Compression;FillOrder;ImageLength;ImageWidth;NewSubfileType;Orientation;PhotometricInterpretation;PlanarConfiguration;Predictor;ResolutionUnit;RowsPerStrip;SampleFormat;SamplesPerPixel;StripByteCounts;StripOffsets;XResolution;YResolution,False,False,
T24_Blebbistatin_5uM_49,phase,data/phase/T24_Blebbistatin_5uM_49_phase.bin,True,,900x900,float32,,3240023,,,,,0.2848713904768374/0.21199439004249143
T24_Blebbistatin_5uM_50,off_axis,data/off_axis_hologram/T24_Blebbistatin_5uM_50_holo.tif,True,1,1024x1024,uint8,5,1223062,2026-09-16T09:09:56+00:00,BitsPerSample;Compression;FillOrder;ImageLength;ImageWidth;NewSubfileType;Orientation;PhotometricInterpretation;PlanarConfiguration;Predictor;ResolutionUnit;RowsPerStrip;SampleFormat;SamplesPerPixel;StripByteCounts;StripOffsets;XResolution;YResolution,False,False,
T24_Blebbistatin_5uM_50,gabor,data/in_line_gabor_hologram/T24_Blebbistatin_5uM_50_gabor.tif,True,1,1024x1024,uint8,5,532138,2026-09-16T09:08:16+00:00,BitsPerSample;Compression;FillOrder;ImageLength;ImageWidth;NewSubfileType;Orientation;PhotometricInterpretation;PlanarConfiguration;Predictor;ResolutionUnit;RowsPerStrip;SampleFormat;SamplesPerPixel;StripByteCounts;StripOffsets;XResolution;YResolution,False,False,
T24_Blebbistatin_5uM_50,phase,data/phase/T24_Blebbistatin_5uM_50_phase.bin,True,,900x900,float32,,3240023,,,,,0.2848713904768374/0.21199439004249143
T24_FCCP_10uM_01,off_axis,data/off_axis_hologram/T24_FCCP_10uM_01_holo.tif,True,1,1024x1024,uint8,5,1211766,2026-09-16T09:09:56+00:00,BitsPerSample;Compression;FillOrder;ImageLength;ImageWidth;NewSubfileType;Orientation;PhotometricInterpretation;PlanarConfiguration;Predictor;ResolutionUnit;RowsPerStrip;SampleFormat;SamplesPerPixel;StripByteCounts;StripOffsets;XResolution;YResolution,False,False,
T24_FCCP_10uM_01,gabor,data/in_line_gabor_hologram/T24_FCCP_10uM_01_gabor.tif,True,1,1024x1024,uint8,5,522304,2026-09-16T09:08:16+00:00,BitsPerSample;Compression;FillOrder;ImageLength;ImageWidth;NewSubfileType;Orientation;PhotometricInterpretation;PlanarConfiguration;Predictor;ResolutionUnit;RowsPerStrip;SampleFormat;SamplesPerPixel;StripByteCounts;StripOffsets;XResolution;YResolution,False,False,
T24_FCCP_10uM_01,phase,data/phase/T24_FCCP_10uM_01_phase.bin,True,,900x900,float32,,3240023,,,,,0.2848713904768374/0.21199439004249143
T24_FCCP_10uM_02,off_axis,data/off_axis_hologram/T24_FCCP_10uM_02_holo.tif,True,1,1024x1024,uint8,5,1203858,2026-09-16T09:09:56+00:00,BitsPerSample;Compression;FillOrder;ImageLength;ImageWidth;NewSubfileType;Orientation;PhotometricInterpretation;PlanarConfiguration;Predictor;ResolutionUnit;RowsPerStrip;SampleFormat;SamplesPerPixel;StripByteCounts;StripOffsets;XResolution;YResolution,False,False,
T24_FCCP_10uM_02,gabor,data/in_line_gabor_hologram/T24_FCCP_10uM_02_gabor.tif,True,1,1024x1024,uint8,5,506736,2026-09-16T09:08:16+00:00,BitsPerSample;Compression;FillOrder;ImageLength;ImageWidth;NewSubfileType;Orientation;PhotometricInterpretation;PlanarConfiguration;Predictor;ResolutionUnit;RowsPerStrip;SampleFormat;SamplesPerPixel;StripByteCounts;StripOffsets;XResolution;YResolution,False,False,
T24_FCCP_10uM_02,phase,data/phase/T24_FCCP_10uM_02_phase.bin,True,,900x900,float32,,3240023,,,,,0.2848713904768374/0.21199439004249143
T24_FCCP_10uM_03,off_axis,data/off_axis_hologram/T24_FCCP_10uM_03_holo.tif,True,1,1024x1024,uint8,5,1208746,2026-09-16T09:09:56+00:00,BitsPerSample;Compression;FillOrder;ImageLength;ImageWidth;NewSubfileType;Orientation;PhotometricInterpretation;PlanarConfiguration;Predictor;ResolutionUnit;RowsPerStrip;SampleFormat;SamplesPerPixel;StripByteCounts;StripOffsets;XResolution;YResolution,False,False,
T24_FCCP_10uM_03,gabor,data/in_line_gabor_hologram/T24_FCCP_10uM_03_gabor.tif,True,1,1024x1024,uint8,5,513332,2026-09-16T09:08:16+00:00,BitsPerSample;Compression;FillOrder;ImageLength;ImageWidth;NewSubfileType;Orientation;PhotometricInterpretation;PlanarConfiguration;Predictor;ResolutionUnit;RowsPerStrip;SampleFormat;SamplesPerPixel;StripByteCounts;StripOffsets;XResolution;YResolution,False,False,
T24_FCCP_10uM_03,phase,data/phase/T24_FCCP_10uM_03_phase.bin,True,,900x900,float32,,3240023,,,,,0.2848713904768374/0.21199439004249143
T24_FCCP_10uM_04,off_axis,data/off_axis_hologram/T24_FCCP_10uM_04_holo.tif,True,1,1024x1024,uint8,5,1200108,2026-09-16T09:09:56+00:00,BitsPerSample;Compression;FillOrder;ImageLength;ImageWidth;NewSubfileType;Orientation;PhotometricInterpretation;PlanarConfiguration;Predictor;ResolutionUnit;RowsPerStrip;SampleFormat;SamplesPerPixel;StripByteCounts;StripOffsets;XResolution;YResolution,False,False,
T24_FCCP_10uM_04,gabor,data/in_line_gabor_hologram/T24_FCCP_10uM_04_gabor.tif,True,1,1024x1024,uint8,5,498550,2026-09-16T09:08:16+00:00,BitsPerSample;Compression;FillOrder;ImageLength;ImageWidth;NewSubfileType;Orientation;PhotometricInterpretation;PlanarConfiguration;Predictor;ResolutionUnit;RowsPerStrip;SampleFormat;SamplesPerPixel;StripByteCounts;StripOffsets;XResolution;YResolution,False,False,
T24_FCCP_10uM_04,phase,data/phase/T24_FCCP_10uM_04_phase.bin,True,,900x900,float32,,3240023,,,,,0.2848713904768374/0.21199439004249143
T24_FCCP_10uM_05,off_axis,data/off_axis_hologram/T24_FCCP_10uM_05_holo.tif,True,1,1024x1024,uint8,5,1210822,2026-09-16T09:09:56+00:00,BitsPerSample;Compression;FillOrder;ImageLength;ImageWidth;NewSubfileType;Orientation;PhotometricInterpretation;PlanarConfiguration;Predictor;ResolutionUnit;RowsPerStrip;SampleFormat;SamplesPerPixel;StripByteCounts;StripOffsets;XResolution;YResolution,False,False,
T24_FCCP_10uM_05,gabor,data/in_line_gabor_hologram/T24_FCCP_10uM_05_gabor.tif,True,1,1024x1024,uint8,5,518218,2026-09-16T09:08:16+00:00,BitsPerSample;Compression;FillOrder;ImageLength;ImageWidth;NewSubfileType;Orientation;PhotometricInterpretation;PlanarConfiguration;Predictor;ResolutionUnit;RowsPerStrip;SampleFormat;SamplesPerPixel;StripByteCounts;StripOffsets;XResolution;YResolution,False,False,
T24_FCCP_10uM_05,phase,data/phase/T24_FCCP_10uM_05_phase.bin,True,,900x900,float32,,3240023,,,,,0.2848713904768374/0.21199439004249143
T24_FCCP_10uM_06,off_axis,data/off_axis_hologram/T24_FCCP_10uM_06_holo.tif,True,1,1024x1024,uint8,5,1210106,2026-09-16T09:09:56+00:00,BitsPerSample;Compression;FillOrder;ImageLength;ImageWidth;NewSubfileType;Orientation;PhotometricInterpretation;PlanarConfiguration;Predictor;ResolutionUnit;RowsPerStrip;SampleFormat;SamplesPerPixel;StripByteCounts;StripOffsets;XResolution;YResolution,False,False,
T24_FCCP_10uM_06,gabor,data/in_line_gabor_hologram/T24_FCCP_10uM_06_gabor.tif,True,1,1024x1024,uint8,5,522682,2026-09-16T09:08:16+00:00,BitsPerSample;Compression;FillOrder;ImageLength;ImageWidth;NewSubfileType;Orientation;PhotometricInterpretation;PlanarConfiguration;Predictor;ResolutionUnit;RowsPerStrip;SampleFormat;SamplesPerPixel;StripByteCounts;StripOffsets;XResolution;YResolution,False,False,
T24_FCCP_10uM_06,phase,data/phase/T24_FCCP_10uM_06_phase.bin,True,,900x900,float32,,3240023,,,,,0.2848713904768374/0.21199439004249143
T24_FCCP_10uM_07,off_axis,data/off_axis_hologram/T24_FCCP_10uM_07_holo.tif,True,1,1024x1024,uint8,5,1212464,2026-09-16T09:09:56+00:00,BitsPerSample;Compression;FillOrder;ImageLength;ImageWidth;NewSubfileType;Orientation;PhotometricInterpretation;PlanarConfiguration;Predictor;ResolutionUnit;RowsPerStrip;SampleFormat;SamplesPerPixel;StripByteCounts;StripOffsets;XResolution;YResolution,False,False,
T24_FCCP_10uM_07,gabor,data/in_line_gabor_hologram/T24_FCCP_10uM_07_gabor.tif,True,1,1024x1024,uint8,5,527590,2026-09-16T09:08:16+00:00,BitsPerSample;Compression;FillOrder;ImageLength;ImageWidth;NewSubfileType;Orientation;PhotometricInterpretation;PlanarConfiguration;Predictor;ResolutionUnit;RowsPerStrip;SampleFormat;SamplesPerPixel;StripByteCounts;StripOffsets;XResolution;YResolution,False,False,
T24_FCCP_10uM_07,phase,data/phase/T24_FCCP_10uM_07_phase.bin,True,,900x900,float32,,3240023,,,,,0.2848713904768374/0.21199439004249143
T24_FCCP_10uM_08,off_axis,data/off_axis_hologram/T24_FCCP_10uM_08_holo.tif,True,1,1024x1024,uint8,5,1209362,2026-09-16T09:09:56+00:00,BitsPerSample;Compression;FillOrder;ImageLength;ImageWidth;NewSubfileType;Orientation;PhotometricInterpretation;PlanarConfiguration;Predictor;ResolutionUnit;RowsPerStrip;SampleFormat;SamplesPerPixel;StripByteCounts;StripOffsets;XResolution;YResolution,False,False,
T24_FCCP_10uM_08,gabor,data/in_line_gabor_hologram/T24_FCCP_10uM_08_gabor.tif,True,1,1024x1024,uint8,5,519148,2026-09-16T09:08:16+00:00,BitsPerSample;Compression;FillOrder;ImageLength;ImageWidth;NewSubfileType;Orientation;PhotometricInterpretation;PlanarConfiguration;Predictor;ResolutionUnit;RowsPerStrip;SampleFormat;SamplesPerPixel;StripByteCounts;StripOffsets;XResolution;YResolution,False,False,
T24_FCCP_10uM_08,phase,data/phase/T24_FCCP_10uM_08_phase.bin,True,,900x900,float32,,3240023,,,,,0.2848713904768374/0.21199439004249143
T24_FCCP_10uM_09,off_axis,data/off_axis_hologram/T24_FCCP_10uM_09_holo.tif,True,1,1024x1024,uint8,5,1211328,2026-09-16T09:09:56+00:00,BitsPerSample;Compression;FillOrder;ImageLength;ImageWidth;NewSubfileType;Orientation;PhotometricInterpretation;PlanarConfiguration;Predictor;ResolutionUnit;RowsPerStrip;SampleFormat;SamplesPerPixel;StripByteCounts;StripOffsets;XResolution;YResolution,False,False,
T24_FCCP_10uM_09,gabor,data/in_line_gabor_hologram/T24_FCCP_10uM_09_gabor.tif,True,1,1024x1024,uint8,5,520454,2026-09-16T09:08:16+00:00,BitsPerSample;Compression;FillOrder;ImageLength;ImageWidth;NewSubfileType;Orientation;PhotometricInterpretation;PlanarConfiguration;Predictor;ResolutionUnit;RowsPerStrip;SampleFormat;SamplesPerPixel;StripByteCounts;StripOffsets;XResolution;YResolution,False,False,
T24_FCCP_10uM_09,phase,data/phase/T24_FCCP_10uM_09_phase.bin,True,,900x900,float32,,3240023,,,,,0.2848713904768374/0.21199439004249143
T24_FCCP_10uM_10,off_axis,data/off_axis_hologram/T24_FCCP_10uM_10_holo.tif,True,1,1024x1024,uint8,5,1216110,2026-09-16T09:09:56+00:00,BitsPerSample;Compression;FillOrder;ImageLength;ImageWidth;NewSubfileType;Orientation;PhotometricInterpretation;PlanarConfiguration;Predictor;ResolutionUnit;RowsPerStrip;SampleFormat;SamplesPerPixel;StripByteCounts;StripOffsets;XResolution;YResolution,False,False,
T24_FCCP_10uM_10,gabor,data/in_line_gabor_hologram/T24_FCCP_10uM_10_gabor.tif,True,1,1024x1024,uint8,5,536232,2026-09-16T09:08:16+00:00,BitsPerSample;Compression;FillOrder;ImageLength;ImageWidth;NewSubfileType;Orientation;PhotometricInterpretation;PlanarConfiguration;Predictor;ResolutionUnit;RowsPerStrip;SampleFormat;SamplesPerPixel;StripByteCounts;StripOffsets;XResolution;YResolution,False,False,
T24_FCCP_10uM_10,phase,data/phase/T24_FCCP_10uM_10_phase.bin,True,,900x900,float32,,3240023,,,,,0.2848713904768374/0.21199439004249143
T24_FCCP_10uM_11,off_axis,data/off_axis_hologram/T24_FCCP_10uM_11_holo.tif,True,1,1024x1024,uint8,5,1204272,2026-09-16T09:09:56+00:00,BitsPerSample;Compression;FillOrder;ImageLength;ImageWidth;NewSubfileType;Orientation;PhotometricInterpretation;PlanarConfiguration;Predictor;ResolutionUnit;RowsPerStrip;SampleFormat;SamplesPerPixel;StripByteCounts;StripOffsets;XResolution;YResolution,False,False,
T24_FCCP_10uM_11,gabor,data/in_line_gabor_hologram/T24_FCCP_10uM_11_gabor.tif,True,1,1024x1024,uint8,5,511642,2026-09-16T09:08:16+00:00,BitsPerSample;Compression;FillOrder;ImageLength;ImageWidth;NewSubfileType;Orientation;PhotometricInterpretation;PlanarConfiguration;Predictor;ResolutionUnit;RowsPerStrip;SampleFormat;SamplesPerPixel;StripByteCounts;StripOffsets;XResolution;YResolution,False,False,
T24_FCCP_10uM_11,phase,data/phase/T24_FCCP_10uM_11_phase.bin,True,,900x900,float32,,3240023,,,,,0.2848713904768374/0.21199439004249143
T24_FCCP_10uM_12,off_axis,data/off_axis_hologram/T24_FCCP_10uM_12_holo.tif,True,1,1024x1024,uint8,5,1206540,2026-09-16T09:09:56+00:00,BitsPerSample;Compression;FillOrder;ImageLength;ImageWidth;NewSubfileType;Orientation;PhotometricInterpretation;PlanarConfiguration;Predictor;ResolutionUnit;RowsPerStrip;SampleFormat;SamplesPerPixel;StripByteCounts;StripOffsets;XResolution;YResolution,False,False,
T24_FCCP_10uM_12,gabor,data/in_line_gabor_hologram/T24_FCCP_10uM_12_gabor.tif,True,1,1024x1024,uint8,5,516064,2026-09-16T09:08:16+00:00,BitsPerSample;Compression;FillOrder;ImageLength;ImageWidth;NewSubfileType;Orientation;PhotometricInterpretation;PlanarConfiguration;Predictor;ResolutionUnit;RowsPerStrip;SampleFormat;SamplesPerPixel;StripByteCounts;StripOffsets;XResolution;YResolution,False,False,
T24_FCCP_10uM_12,phase,data/phase/T24_FCCP_10uM_12_phase.bin,True,,900x900,float32,,3240023,,,,,0.2848713904768374/0.21199439004249143
T24_FCCP_10uM_13,off_axis,data/off_axis_hologram/T24_FCCP_10uM_13_holo.tif,True,1,1024x1024,uint8,5,1206712,2026-09-16T09:09:56+00:00,BitsPerSample;Compression;FillOrder;ImageLength;ImageWidth;NewSubfileType;Orientation;PhotometricInterpretation;PlanarConfiguration;Predictor;ResolutionUnit;RowsPerStrip;SampleFormat;SamplesPerPixel;StripByteCounts;StripOffsets;XResolution;YResolution,False,False,
T24_FCCP_10uM_13,gabor,data/in_line_gabor_hologram/T24_FCCP_10uM_13_gabor.tif,True,1,1024x1024,uint8,5,520366,2026-09-16T09:08:16+00:00,BitsPerSample;Compression;FillOrder;ImageLength;ImageWidth;NewSubfileType;Orientation;PhotometricInterpretation;PlanarConfiguration;Predictor;ResolutionUnit;RowsPerStrip;SampleFormat;SamplesPerPixel;StripByteCounts;StripOffsets;XResolution;YResolution,False,False,
T24_FCCP_10uM_13,phase,data/phase/T24_FCCP_10uM_13_phase.bin,True,,900x900,float32,,3240023,,,,,0.2848713904768374/0.21199439004249143
T24_FCCP_10uM_14,off_axis,data/off_axis_hologram/T24_FCCP_10uM_14_holo.tif,True,1,1024x1024,uint8,5,1205328,2026-09-16T09:09:56+00:00,BitsPerSample;Compression;FillOrder;ImageLength;ImageWidth;NewSubfileType;Orientation;PhotometricInterpretation;PlanarConfiguration;Predictor;ResolutionUnit;RowsPerStrip;SampleFormat;SamplesPerPixel;StripByteCounts;StripOffsets;XResolution;YResolution,False,False,
T24_FCCP_10uM_14,gabor,data/in_line_gabor_hologram/T24_FCCP_10uM_14_gabor.tif,True,1,1024x1024,uint8,5,518558,2026-09-16T09:08:16+00:00,BitsPerSample;Compression;FillOrder;ImageLength;ImageWidth;NewSubfileType;Orientation;PhotometricInterpretation;PlanarConfiguration;Predictor;ResolutionUnit;RowsPerStrip;SampleFormat;SamplesPerPixel;StripByteCounts;StripOffsets;XResolution;YResolution,False,False,
T24_FCCP_10uM_14,phase,data/phase/T24_FCCP_10uM_14_phase.bin,True,,900x900,float32,,3240023,,,,,0.2848713904768374/0.21199439004249143
T24_FCCP_10uM_15,off_axis,data/off_axis_hologram/T24_FCCP_10uM_15_holo.tif,True,1,1024x1024,uint8,5,1192984,2026-09-16T09:09:56+00:00,BitsPerSample;Compression;FillOrder;ImageLength;ImageWidth;NewSubfileType;Orientation;PhotometricInterpretation;PlanarConfiguration;Predictor;ResolutionUnit;RowsPerStrip;SampleFormat;SamplesPerPixel;StripByteCounts;StripOffsets;XResolution;YResolution,False,False,
T24_FCCP_10uM_15,gabor,data/in_line_gabor_hologram/T24_FCCP_10uM_15_gabor.tif,True,1,1024x1024,uint8,5,504288,2026-09-16T09:08:16+00:00,BitsPerSample;Compression;FillOrder;ImageLength;ImageWidth;NewSubfileType;Orientation;PhotometricInterpretation;PlanarConfiguration;Predictor;ResolutionUnit;RowsPerStrip;SampleFormat;SamplesPerPixel;StripByteCounts;StripOffsets;XResolution;YResolution,False,False,
T24_FCCP_10uM_15,phase,data/phase/T24_FCCP_10uM_15_phase.bin,True,,900x900,float32,,3240023,,,,,0.2848713904768374/0.21199439004249143
T24_FCCP_10uM_16,off_axis,data/off_axis_hologram/T24_FCCP_10uM_16_holo.tif,True,1,1024x1024,uint8,5,1199806,2026-09-16T09:09:56+00:00,BitsPerSample;Compression;FillOrder;ImageLength;ImageWidth;NewSubfileType;Orientation;PhotometricInterpretation;PlanarConfiguration;Predictor;ResolutionUnit;RowsPerStrip;SampleFormat;SamplesPerPixel;StripByteCounts;StripOffsets;XResolution;YResolution,False,False,
T24_FCCP_10uM_16,gabor,data/in_line_gabor_hologram/T24_FCCP_10uM_16_gabor.tif,True,1,1024x1024,uint8,5,511494,2026-09-16T09:08:16+00:00,BitsPerSample;Compression;FillOrder;ImageLength;ImageWidth;NewSubfileType;Orientation;PhotometricInterpretation;PlanarConfiguration;Predictor;ResolutionUnit;RowsPerStrip;SampleFormat;SamplesPerPixel;StripByteCounts;StripOffsets;XResolution;YResolution,False,False,
T24_FCCP_10uM_16,phase,data/phase/T24_FCCP_10uM_16_phase.bin,True,,900x900,float32,,3240023,,,,,0.2848713904768374/0.21199439004249143
T24_FCCP_10uM_17,off_axis,data/off_axis_hologram/T24_FCCP_10uM_17_holo.tif,True,1,1024x1024,uint8,5,1200766,2026-09-16T09:09:56+00:00,BitsPerSample;Compression;FillOrder;ImageLength;ImageWidth;NewSubfileType;Orientation;PhotometricInterpretation;PlanarConfiguration;Predictor;ResolutionUnit;RowsPerStrip;SampleFormat;SamplesPerPixel;StripByteCounts;StripOffsets;XResolution;YResolution,False,False,
T24_FCCP_10uM_17,gabor,data/in_line_gabor_hologram/T24_FCCP_10uM_17_gabor.tif,True,1,1024x1024,uint8,5,531130,2026-09-16T09:08:16+00:00,BitsPerSample;Compression;FillOrder;ImageLength;ImageWidth;NewSubfileType;Orientation;PhotometricInterpretation;PlanarConfiguration;Predictor;ResolutionUnit;RowsPerStrip;SampleFormat;SamplesPerPixel;StripByteCounts;StripOffsets;XResolution;YResolution,False,False,
T24_FCCP_10uM_17,phase,data/phase/T24_FCCP_10uM_17_phase.bin,True,,900x900,float32,,3240023,,,,,0.2848713904768374/0.21199439004249143
T24_FCCP_10uM_18,off_axis,data/off_axis_hologram/T24_FCCP_10uM_18_holo.tif,True,1,1024x1024,uint8,5,1200266,2026-09-16T09:09:56+00:00,BitsPerSample;Compression;FillOrder;ImageLength;ImageWidth;NewSubfileType;Orientation;PhotometricInterpretation;PlanarConfiguration;Predictor;ResolutionUnit;RowsPerStrip;SampleFormat;SamplesPerPixel;StripByteCounts;StripOffsets;XResolution;YResolution,False,False,
T24_FCCP_10uM_18,gabor,data/in_line_gabor_hologram/T24_FCCP_10uM_18_gabor.tif,True,1,1024x1024,uint8,5,509822,2026-09-16T09:08:16+00:00,BitsPerSample;Compression;FillOrder;ImageLength;ImageWidth;NewSubfileType;Orientation;PhotometricInterpretation;PlanarConfiguration;Predictor;ResolutionUnit;RowsPerStrip;SampleFormat;SamplesPerPixel;StripByteCounts;StripOffsets;XResolution;YResolution,False,False,
T24_FCCP_10uM_18,phase,data/phase/T24_FCCP_10uM_18_phase.bin,True,,900x900,float32,,3240023,,,,,0.2848713904768374/0.21199439004249143
T24_FCCP_10uM_19,off_axis,data/off_axis_hologram/T24_FCCP_10uM_19_holo.tif,True,1,1024x1024,uint8,5,1202768,2026-09-16T09:09:56+00:00,BitsPerSample;Compression;FillOrder;ImageLength;ImageWidth;NewSubfileType;Orientation;PhotometricInterpretation;PlanarConfiguration;Predictor;ResolutionUnit;RowsPerStrip;SampleFormat;SamplesPerPixel;StripByteCounts;StripOffsets;XResolution;YResolution,False,False,
T24_FCCP_10uM_19,gabor,data/in_line_gabor_hologram/T24_FCCP_10uM_19_gabor.tif,True,1,1024x1024,uint8,5,514804,2026-09-16T09:08:16+00:00,BitsPerSample;Compression;FillOrder;ImageLength;ImageWidth;NewSubfileType;Orientation;PhotometricInterpretation;PlanarConfiguration;Predictor;ResolutionUnit;RowsPerStrip;SampleFormat;SamplesPerPixel;StripByteCounts;StripOffsets;XResolution;YResolution,False,False,
T24_FCCP_10uM_19,phase,data/phase/T24_FCCP_10uM_19_phase.bin,True,,900x900,float32,,3240023,,,,,0.2848713904768374/0.21199439004249143
T24_FCCP_10uM_20,off_axis,data/off_axis_hologram/T24_FCCP_10uM_20_holo.tif,True,1,1024x1024,uint8,5,1200820,2026-09-16T09:09:56+00:00,BitsPerSample;Compression;FillOrder;ImageLength;ImageWidth;NewSubfileType;Orientation;PhotometricInterpretation;PlanarConfiguration;Predictor;ResolutionUnit;RowsPerStrip;SampleFormat;SamplesPerPixel;StripByteCounts;StripOffsets;XResolution;YResolution,False,False,
T24_FCCP_10uM_20,gabor,data/in_line_gabor_hologram/T24_FCCP_10uM_20_gabor.tif,True,1,1024x1024,uint8,5,514968,2026-09-16T09:08:16+00:00,BitsPerSample;Compression;FillOrder;ImageLength;ImageWidth;NewSubfileType;Orientation;PhotometricInterpretation;PlanarConfiguration;Predictor;ResolutionUnit;RowsPerStrip;SampleFormat;SamplesPerPixel;StripByteCounts;StripOffsets;XResolution;YResolution,False,False,
T24_FCCP_10uM_20,phase,data/phase/T24_FCCP_10uM_20_phase.bin,True,,900x900,float32,,3240023,,,,,0.2848713904768374/0.21199439004249143
T24_FCCP_10uM_21,off_axis,data/off_axis_hologram/T24_FCCP_10uM_21_holo.tif,True,1,1024x1024,uint8,5,1202920,2026-09-16T09:09:56+00:00,BitsPerSample;Compression;FillOrder;ImageLength;ImageWidth;NewSubfileType;Orientation;PhotometricInterpretation;PlanarConfiguration;Predictor;ResolutionUnit;RowsPerStrip;SampleFormat;SamplesPerPixel;StripByteCounts;StripOffsets;XResolution;YResolution,False,False,
T24_FCCP_10uM_21,gabor,data/in_line_gabor_hologram/T24_FCCP_10uM_21_gabor.tif,True,1,1024x1024,uint8,5,522696,2026-09-16T09:08:16+00:00,BitsPerSample;Compression;FillOrder;ImageLength;ImageWidth;NewSubfileType;Orientation;PhotometricInterpretation;PlanarConfiguration;Predictor;ResolutionUnit;RowsPerStrip;SampleFormat;SamplesPerPixel;StripByteCounts;StripOffsets;XResolution;YResolution,False,False,
T24_FCCP_10uM_21,phase,data/phase/T24_FCCP_10uM_21_phase.bin,True,,900x900,float32,,3240023,,,,,0.2848713904768374/0.21199439004249143
T24_FCCP_10uM_22,off_axis,data/off_axis_hologram/T24_FCCP_10uM_22_holo.tif,True,1,1024x1024,uint8,5,1198162,2026-09-16T09:09:56+00:00,BitsPerSample;Compression;FillOrder;ImageLength;ImageWidth;NewSubfileType;Orientation;PhotometricInterpretation;PlanarConfiguration;Predictor;ResolutionUnit;RowsPerStrip;SampleFormat;SamplesPerPixel;StripByteCounts;StripOffsets;XResolution;YResolution,False,False,
T24_FCCP_10uM_22,gabor,data/in_line_gabor_hologram/T24_FCCP_10uM_22_gabor.tif,True,1,1024x1024,uint8,5,504524,2026-09-16T09:08:16+00:00,BitsPerSample;Compression;FillOrder;ImageLength;ImageWidth;NewSubfileType;Orientation;PhotometricInterpretation;PlanarConfiguration;Predictor;ResolutionUnit;RowsPerStrip;SampleFormat;SamplesPerPixel;StripByteCounts;StripOffsets;XResolution;YResolution,False,False,
T24_FCCP_10uM_22,phase,data/phase/T24_FCCP_10uM_22_phase.bin,True,,900x900,float32,,3240023,,,,,0.2848713904768374/0.21199439004249143
T24_FCCP_10uM_23,off_axis,data/off_axis_hologram/T24_FCCP_10uM_23_holo.tif,True,1,1024x1024,uint8,5,1199216,2026-09-16T09:09:56+00:00,BitsPerSample;Compression;FillOrder;ImageLength;ImageWidth;NewSubfileType;Orientation;PhotometricInterpretation;PlanarConfiguration;Predictor;ResolutionUnit;RowsPerStrip;SampleFormat;SamplesPerPixel;StripByteCounts;StripOffsets;XResolution;YResolution,False,False,
T24_FCCP_10uM_23,gabor,data/in_line_gabor_hologram/T24_FCCP_10uM_23_gabor.tif,True,1,1024x1024,uint8,5,513254,2026-09-16T09:08:16+00:00,BitsPerSample;Compression;FillOrder;ImageLength;ImageWidth;NewSubfileType;Orientation;PhotometricInterpretation;PlanarConfiguration;Predictor;ResolutionUnit;RowsPerStrip;SampleFormat;SamplesPerPixel;StripByteCounts;StripOffsets;XResolution;YResolution,False,False,
T24_FCCP_10uM_23,phase,data/phase/T24_FCCP_10uM_23_phase.bin,True,,900x900,float32,,3240023,,,,,0.2848713904768374/0.21199439004249143
T24_FCCP_10uM_24,off_axis,data/off_axis_hologram/T24_FCCP_10uM_24_holo.tif,True,1,1024x1024,uint8,5,1195336,2026-09-16T09:09:56+00:00,BitsPerSample;Compression;FillOrder;ImageLength;ImageWidth;NewSubfileType;Orientation;PhotometricInterpretation;PlanarConfiguration;Predictor;ResolutionUnit;RowsPerStrip;SampleFormat;SamplesPerPixel;StripByteCounts;StripOffsets;XResolution;YResolution,False,False,
T24_FCCP_10uM_24,gabor,data/in_line_gabor_hologram/T24_FCCP_10uM_24_gabor.tif,True,1,1024x1024,uint8,5,509802,2026-09-16T09:08:16+00:00,BitsPerSample;Compression;FillOrder;ImageLength;ImageWidth;NewSubfileType;Orientation;PhotometricInterpretation;PlanarConfiguration;Predictor;ResolutionUnit;RowsPerStrip;SampleFormat;SamplesPerPixel;StripByteCounts;StripOffsets;XResolution;YResolution,False,False,
T24_FCCP_10uM_24,phase,data/phase/T24_FCCP_10uM_24_phase.bin,True,,900x900,float32,,3240023,,,,,0.2848713904768374/0.21199439004249143
T24_FCCP_10uM_25,off_axis,data/off_axis_hologram/T24_FCCP_10uM_25_holo.tif,True,1,1024x1024,uint8,5,1195890,2026-09-16T09:09:56+00:00,BitsPerSample;Compression;FillOrder;ImageLength;ImageWidth;NewSubfileType;Orientation;PhotometricInterpretation;PlanarConfiguration;Predictor;ResolutionUnit;RowsPerStrip;SampleFormat;SamplesPerPixel;StripByteCounts;StripOffsets;XResolution;YResolution,False,False,
T24_FCCP_10uM_25,gabor,data/in_line_gabor_hologram/T24_FCCP_10uM_25_gabor.tif,True,1,1024x1024,uint8,5,504356,2026-09-16T09:08:16+00:00,BitsPerSample;Compression;FillOrder;ImageLength;ImageWidth;NewSubfileType;Orientation;PhotometricInterpretation;PlanarConfiguration;Predictor;ResolutionUnit;RowsPerStrip;SampleFormat;SamplesPerPixel;StripByteCounts;StripOffsets;XResolution;YResolution,False,False,
T24_FCCP_10uM_25,phase,data/phase/T24_FCCP_10uM_25_phase.bin,True,,900x900,float32,,3240023,,,,,0.2848713904768374/0.21199439004249143
T24_FCCP_10uM_26,off_axis,data/off_axis_hologram/T24_FCCP_10uM_26_holo.tif,True,1,1024x1024,uint8,5,1191384,2026-09-16T09:09:56+00:00,BitsPerSample;Compression;FillOrder;ImageLength;ImageWidth;NewSubfileType;Orientation;PhotometricInterpretation;PlanarConfiguration;Predictor;ResolutionUnit;RowsPerStrip;SampleFormat;SamplesPerPixel;StripByteCounts;StripOffsets;XResolution;YResolution,False,False,
T24_FCCP_10uM_26,gabor,data/in_line_gabor_hologram/T24_FCCP_10uM_26_gabor.tif,True,1,1024x1024,uint8,5,496758,2026-09-16T09:08:16+00:00,BitsPerSample;Compression;FillOrder;ImageLength;ImageWidth;NewSubfileType;Orientation;PhotometricInterpretation;PlanarConfiguration;Predictor;ResolutionUnit;RowsPerStrip;SampleFormat;SamplesPerPixel;StripByteCounts;StripOffsets;XResolution;YResolution,False,False,
T24_FCCP_10uM_26,phase,data/phase/T24_FCCP_10uM_26_phase.bin,True,,900x900,float32,,3240023,,,,,0.2848713904768374/0.21199439004249143
T24_FCCP_10uM_27,off_axis,data/off_axis_hologram/T24_FCCP_10uM_27_holo.tif,True,1,1024x1024,uint8,5,1192578,2026-09-16T09:09:56+00:00,BitsPerSample;Compression;FillOrder;ImageLength;ImageWidth;NewSubfileType;Orientation;PhotometricInterpretation;PlanarConfiguration;Predictor;ResolutionUnit;RowsPerStrip;SampleFormat;SamplesPerPixel;StripByteCounts;StripOffsets;XResolution;YResolution,False,False,
T24_FCCP_10uM_27,gabor,data/in_line_gabor_hologram/T24_FCCP_10uM_27_gabor.tif,True,1,1024x1024,uint8,5,504374,2026-09-16T09:08:16+00:00,BitsPerSample;Compression;FillOrder;ImageLength;ImageWidth;NewSubfileType;Orientation;PhotometricInterpretation;PlanarConfiguration;Predictor;ResolutionUnit;RowsPerStrip;SampleFormat;SamplesPerPixel;StripByteCounts;StripOffsets;XResolution;YResolution,False,False,
T24_FCCP_10uM_27,phase,data/phase/T24_FCCP_10uM_27_phase.bin,True,,900x900,float32,,3240023,,,,,0.2848713904768374/0.21199439004249143
T24_FCCP_10uM_28,off_axis,data/off_axis_hologram/T24_FCCP_10uM_28_holo.tif,True,1,1024x1024,uint8,5,1201210,2026-09-16T09:09:56+00:00,BitsPerSample;Compression;FillOrder;ImageLength;ImageWidth;NewSubfileType;Orientation;PhotometricInterpretation;PlanarConfiguration;Predictor;ResolutionUnit;RowsPerStrip;SampleFormat;SamplesPerPixel;StripByteCounts;StripOffsets;XResolution;YResolution,False,False,
T24_FCCP_10uM_28,gabor,data/in_line_gabor_hologram/T24_FCCP_10uM_28_gabor.tif,True,1,1024x1024,uint8,5,510576,2026-09-16T09:08:16+00:00,BitsPerSample;Compression;FillOrder;ImageLength;ImageWidth;NewSubfileType;Orientation;PhotometricInterpretation;PlanarConfiguration;Predictor;ResolutionUnit;RowsPerStrip;SampleFormat;SamplesPerPixel;StripByteCounts;StripOffsets;XResolution;YResolution,False,False,
T24_FCCP_10uM_28,phase,data/phase/T24_FCCP_10uM_28_phase.bin,True,,900x900,float32,,3240023,,,,,0.2848713904768374/0.21199439004249143
T24_FCCP_10uM_29,off_axis,data/off_axis_hologram/T24_FCCP_10uM_29_holo.tif,True,1,1024x1024,uint8,5,1195814,2026-09-16T09:09:56+00:00,BitsPerSample;Compression;FillOrder;ImageLength;ImageWidth;NewSubfileType;Orientation;PhotometricInterpretation;PlanarConfiguration;Predictor;ResolutionUnit;RowsPerStrip;SampleFormat;SamplesPerPixel;StripByteCounts;StripOffsets;XResolution;YResolution,False,False,
T24_FCCP_10uM_29,gabor,data/in_line_gabor_hologram/T24_FCCP_10uM_29_gabor.tif,True,1,1024x1024,uint8,5,500740,2026-09-16T09:08:16+00:00,BitsPerSample;Compression;FillOrder;ImageLength;ImageWidth;NewSubfileType;Orientation;PhotometricInterpretation;PlanarConfiguration;Predictor;ResolutionUnit;RowsPerStrip;SampleFormat;SamplesPerPixel;StripByteCounts;StripOffsets;XResolution;YResolution,False,False,
T24_FCCP_10uM_29,phase,data/phase/T24_FCCP_10uM_29_phase.bin,True,,900x900,float32,,3240023,,,,,0.2848713904768374/0.21199439004249143
T24_FCCP_10uM_30,off_axis,data/off_axis_hologram/T24_FCCP_10uM_30_holo.tif,True,1,1024x1024,uint8,5,1195932,2026-09-16T09:09:56+00:00,BitsPerSample;Compression;FillOrder;ImageLength;ImageWidth;NewSubfileType;Orientation;PhotometricInterpretation;PlanarConfiguration;Predictor;ResolutionUnit;RowsPerStrip;SampleFormat;SamplesPerPixel;StripByteCounts;StripOffsets;XResolution;YResolution,False,False,
T24_FCCP_10uM_30,gabor,data/in_line_gabor_hologram/T24_FCCP_10uM_30_gabor.tif,True,1,1024x1024,uint8,5,505658,2026-09-16T09:08:16+00:00,BitsPerSample;Compression;FillOrder;ImageLength;ImageWidth;NewSubfileType;Orientation;PhotometricInterpretation;PlanarConfiguration;Predictor;ResolutionUnit;RowsPerStrip;SampleFormat;SamplesPerPixel;StripByteCounts;StripOffsets;XResolution;YResolution,False,False,
T24_FCCP_10uM_30,phase,data/phase/T24_FCCP_10uM_30_phase.bin,True,,900x900,float32,,3240023,,,,,0.2848713904768374/0.21199439004249143
T24_FCCP_10uM_31,off_axis,data/off_axis_hologram/T24_FCCP_10uM_31_holo.tif,True,1,1024x1024,uint8,5,1191024,2026-09-16T09:09:56+00:00,BitsPerSample;Compression;FillOrder;ImageLength;ImageWidth;NewSubfileType;Orientation;PhotometricInterpretation;PlanarConfiguration;Predictor;ResolutionUnit;RowsPerStrip;SampleFormat;SamplesPerPixel;StripByteCounts;StripOffsets;XResolution;YResolution,False,False,
T24_FCCP_10uM_31,gabor,data/in_line_gabor_hologram/T24_FCCP_10uM_31_gabor.tif,True,1,1024x1024,uint8,5,499720,2026-09-16T09:08:16+00:00,BitsPerSample;Compression;FillOrder;ImageLength;ImageWidth;NewSubfileType;Orientation;PhotometricInterpretation;PlanarConfiguration;Predictor;ResolutionUnit;RowsPerStrip;SampleFormat;SamplesPerPixel;StripByteCounts;StripOffsets;XResolution;YResolution,False,False,
T24_FCCP_10uM_31,phase,data/phase/T24_FCCP_10uM_31_phase.bin,True,,900x900,float32,,3240023,,,,,0.2848713904768374/0.21199439004249143
T24_FCCP_10uM_32,off_axis,data/off_axis_hologram/T24_FCCP_10uM_32_holo.tif,True,1,1024x1024,uint8,5,1199192,2026-09-16T09:09:56+00:00,BitsPerSample;Compression;FillOrder;ImageLength;ImageWidth;NewSubfileType;Orientation;PhotometricInterpretation;PlanarConfiguration;Predictor;ResolutionUnit;RowsPerStrip;SampleFormat;SamplesPerPixel;StripByteCounts;StripOffsets;XResolution;YResolution,False,False,
T24_FCCP_10uM_32,gabor,data/in_line_gabor_hologram/T24_FCCP_10uM_32_gabor.tif,True,1,1024x1024,uint8,5,509072,2026-09-16T09:08:16+00:00,BitsPerSample;Compression;FillOrder;ImageLength;ImageWidth;NewSubfileType;Orientation;PhotometricInterpretation;PlanarConfiguration;Predictor;ResolutionUnit;RowsPerStrip;SampleFormat;SamplesPerPixel;StripByteCounts;StripOffsets;XResolution;YResolution,False,False,
T24_FCCP_10uM_32,phase,data/phase/T24_FCCP_10uM_32_phase.bin,True,,900x900,float32,,3240023,,,,,0.2848713904768374/0.21199439004249143
T24_FCCP_10uM_33,off_axis,data/off_axis_hologram/T24_FCCP_10uM_33_holo.tif,True,1,1024x1024,uint8,5,1199608,2026-09-16T09:09:56+00:00,BitsPerSample;Compression;FillOrder;ImageLength;ImageWidth;NewSubfileType;Orientation;PhotometricInterpretation;PlanarConfiguration;Predictor;ResolutionUnit;RowsPerStrip;SampleFormat;SamplesPerPixel;StripByteCounts;StripOffsets;XResolution;YResolution,False,False,
T24_FCCP_10uM_33,gabor,data/in_line_gabor_hologram/T24_FCCP_10uM_33_gabor.tif,True,1,1024x1024,uint8,5,514562,2026-09-16T09:08:16+00:00,BitsPerSample;Compression;FillOrder;ImageLength;ImageWidth;NewSubfileType;Orientation;PhotometricInterpretation;PlanarConfiguration;Predictor;ResolutionUnit;RowsPerStrip;SampleFormat;SamplesPerPixel;StripByteCounts;StripOffsets;XResolution;YResolution,False,False,
T24_FCCP_10uM_33,phase,data/phase/T24_FCCP_10uM_33_phase.bin,True,,900x900,float32,,3240023,,,,,0.2848713904768374/0.21199439004249143
T24_FCCP_10uM_34,off_axis,data/off_axis_hologram/T24_FCCP_10uM_34_holo.tif,True,1,1024x1024,uint8,5,1198576,2026-09-16T09:09:56+00:00,BitsPerSample;Compression;FillOrder;ImageLength;ImageWidth;NewSubfileType;Orientation;PhotometricInterpretation;PlanarConfiguration;Predictor;ResolutionUnit;RowsPerStrip;SampleFormat;SamplesPerPixel;StripByteCounts;StripOffsets;XResolution;YResolution,False,False,
T24_FCCP_10uM_34,gabor,data/in_line_gabor_hologram/T24_FCCP_10uM_34_gabor.tif,True,1,1024x1024,uint8,5,508558,2026-09-16T09:08:16+00:00,BitsPerSample;Compression;FillOrder;ImageLength;ImageWidth;NewSubfileType;Orientation;PhotometricInterpretation;PlanarConfiguration;Predictor;ResolutionUnit;RowsPerStrip;SampleFormat;SamplesPerPixel;StripByteCounts;StripOffsets;XResolution;YResolution,False,False,
T24_FCCP_10uM_34,phase,data/phase/T24_FCCP_10uM_34_phase.bin,True,,900x900,float32,,3240023,,,,,0.2848713904768374/0.21199439004249143
T24_FCCP_10uM_35,off_axis,data/off_axis_hologram/T24_FCCP_10uM_35_holo.tif,True,1,1024x1024,uint8,5,1200644,2026-09-16T09:09:56+00:00,BitsPerSample;Compression;FillOrder;ImageLength;ImageWidth;NewSubfileType;Orientation;PhotometricInterpretation;PlanarConfiguration;Predictor;ResolutionUnit;RowsPerStrip;SampleFormat;SamplesPerPixel;StripByteCounts;StripOffsets;XResolution;YResolution,False,False,
T24_FCCP_10uM_35,gabor,data/in_line_gabor_hologram/T24_FCCP_10uM_35_gabor.tif,True,1,1024x1024,uint8,5,505190,2026-09-16T09:08:16+00:00,BitsPerSample;Compression;FillOrder;ImageLength;ImageWidth;NewSubfileType;Orientation;PhotometricInterpretation;PlanarConfiguration;Predictor;ResolutionUnit;RowsPerStrip;SampleFormat;SamplesPerPixel;StripByteCounts;StripOffsets;XResolution;YResolution,False,False,
T24_FCCP_10uM_35,phase,data/phase/T24_FCCP_10uM_35_phase.bin,True,,900x900,float32,,3240023,,,,,0.2848713904768374/0.21199439004249143
T24_FCCP_10uM_36,off_axis,data/off_axis_hologram/T24_FCCP_10uM_36_holo.tif,True,1,1024x1024,uint8,5,1202498,2026-09-16T09:09:56+00:00,BitsPerSample;Compression;FillOrder;ImageLength;ImageWidth;NewSubfileType;Orientation;PhotometricInterpretation;PlanarConfiguration;Predictor;ResolutionUnit;RowsPerStrip;SampleFormat;SamplesPerPixel;StripByteCounts;StripOffsets;XResolution;YResolution,False,False,
T24_FCCP_10uM_36,gabor,data/in_line_gabor_hologram/T24_FCCP_10uM_36_gabor.tif,True,1,1024x1024,uint8,5,518966,2026-09-16T09:08:16+00:00,BitsPerSample;Compression;FillOrder;ImageLength;ImageWidth;NewSubfileType;Orientation;PhotometricInterpretation;PlanarConfiguration;Predictor;ResolutionUnit;RowsPerStrip;SampleFormat;SamplesPerPixel;StripByteCounts;StripOffsets;XResolution;YResolution,False,False,
T24_FCCP_10uM_36,phase,data/phase/T24_FCCP_10uM_36_phase.bin,True,,900x900,float32,,3240023,,,,,0.2848713904768374/0.21199439004249143
T24_FCCP_10uM_37,off_axis,data/off_axis_hologram/T24_FCCP_10uM_37_holo.tif,True,1,1024x1024,uint8,5,1209800,2026-09-16T09:09:56+00:00,BitsPerSample;Compression;FillOrder;ImageLength;ImageWidth;NewSubfileType;Orientation;PhotometricInterpretation;PlanarConfiguration;Predictor;ResolutionUnit;RowsPerStrip;SampleFormat;SamplesPerPixel;StripByteCounts;StripOffsets;XResolution;YResolution,False,False,
T24_FCCP_10uM_37,gabor,data/in_line_gabor_hologram/T24_FCCP_10uM_37_gabor.tif,True,1,1024x1024,uint8,5,533034,2026-09-16T09:08:16+00:00,BitsPerSample;Compression;FillOrder;ImageLength;ImageWidth;NewSubfileType;Orientation;PhotometricInterpretation;PlanarConfiguration;Predictor;ResolutionUnit;RowsPerStrip;SampleFormat;SamplesPerPixel;StripByteCounts;StripOffsets;XResolution;YResolution,False,False,
T24_FCCP_10uM_37,phase,data/phase/T24_FCCP_10uM_37_phase.bin,True,,900x900,float32,,3240023,,,,,0.2848713904768374/0.21199439004249143
T24_FCCP_10uM_38,off_axis,data/off_axis_hologram/T24_FCCP_10uM_38_holo.tif,True,1,1024x1024,uint8,5,1208444,2026-09-16T09:09:56+00:00,BitsPerSample;Compression;FillOrder;ImageLength;ImageWidth;NewSubfileType;Orientation;PhotometricInterpretation;PlanarConfiguration;Predictor;ResolutionUnit;RowsPerStrip;SampleFormat;SamplesPerPixel;StripByteCounts;StripOffsets;XResolution;YResolution,False,False,
T24_FCCP_10uM_38,gabor,data/in_line_gabor_hologram/T24_FCCP_10uM_38_gabor.tif,True,1,1024x1024,uint8,5,528766,2026-09-16T09:08:16+00:00,BitsPerSample;Compression;FillOrder;ImageLength;ImageWidth;NewSubfileType;Orientation;PhotometricInterpretation;PlanarConfiguration;Predictor;ResolutionUnit;RowsPerStrip;SampleFormat;SamplesPerPixel;StripByteCounts;StripOffsets;XResolution;YResolution,False,False,
T24_FCCP_10uM_38,phase,data/phase/T24_FCCP_10uM_38_phase.bin,True,,900x900,float32,,3240023,,,,,0.2848713904768374/0.21199439004249143
T24_FCCP_10uM_39,off_axis,data/off_axis_hologram/T24_FCCP_10uM_39_holo.tif,True,1,1024x1024,uint8,5,1210482,2026-09-16T09:09:56+00:00,BitsPerSample;Compression;FillOrder;ImageLength;ImageWidth;NewSubfileType;Orientation;PhotometricInterpretation;PlanarConfiguration;Predictor;ResolutionUnit;RowsPerStrip;SampleFormat;SamplesPerPixel;StripByteCounts;StripOffsets;XResolution;YResolution,False,False,
T24_FCCP_10uM_39,gabor,data/in_line_gabor_hologram/T24_FCCP_10uM_39_gabor.tif,True,1,1024x1024,uint8,5,549986,2026-09-16T09:08:16+00:00,BitsPerSample;Compression;FillOrder;ImageLength;ImageWidth;NewSubfileType;Orientation;PhotometricInterpretation;PlanarConfiguration;Predictor;ResolutionUnit;RowsPerStrip;SampleFormat;SamplesPerPixel;StripByteCounts;StripOffsets;XResolution;YResolution,False,False,
T24_FCCP_10uM_39,phase,data/phase/T24_FCCP_10uM_39_phase.bin,True,,900x900,float32,,3240023,,,,,0.2848713904768374/0.21199439004249143
T24_FCCP_10uM_40,off_axis,data/off_axis_hologram/T24_FCCP_10uM_40_holo.tif,True,1,1024x1024,uint8,5,1205522,2026-09-16T09:09:56+00:00,BitsPerSample;Compression;FillOrder;ImageLength;ImageWidth;NewSubfileType;Orientation;PhotometricInterpretation;PlanarConfiguration;Predictor;ResolutionUnit;RowsPerStrip;SampleFormat;SamplesPerPixel;StripByteCounts;StripOffsets;XResolution;YResolution,False,False,
T24_FCCP_10uM_40,gabor,data/in_line_gabor_hologram/T24_FCCP_10uM_40_gabor.tif,True,1,1024x1024,uint8,5,522484,2026-09-16T09:08:16+00:00,BitsPerSample;Compression;FillOrder;ImageLength;ImageWidth;NewSubfileType;Orientation;PhotometricInterpretation;PlanarConfiguration;Predictor;ResolutionUnit;RowsPerStrip;SampleFormat;SamplesPerPixel;StripByteCounts;StripOffsets;XResolution;YResolution,False,False,
T24_FCCP_10uM_40,phase,data/phase/T24_FCCP_10uM_40_phase.bin,True,,900x900,float32,,3240023,,,,,0.2848713904768374/0.21199439004249143
T24_FCCP_10uM_41,off_axis,data/off_axis_hologram/T24_FCCP_10uM_41_holo.tif,True,1,1024x1024,uint8,5,1209904,2026-09-16T09:09:56+00:00,BitsPerSample;Compression;FillOrder;ImageLength;ImageWidth;NewSubfileType;Orientation;PhotometricInterpretation;PlanarConfiguration;Predictor;ResolutionUnit;RowsPerStrip;SampleFormat;SamplesPerPixel;StripByteCounts;StripOffsets;XResolution;YResolution,False,False,
T24_FCCP_10uM_41,gabor,data/in_line_gabor_hologram/T24_FCCP_10uM_41_gabor.tif,True,1,1024x1024,uint8,5,530568,2026-09-16T09:08:16+00:00,BitsPerSample;Compression;FillOrder;ImageLength;ImageWidth;NewSubfileType;Orientation;PhotometricInterpretation;PlanarConfiguration;Predictor;ResolutionUnit;RowsPerStrip;SampleFormat;SamplesPerPixel;StripByteCounts;StripOffsets;XResolution;YResolution,False,False,
T24_FCCP_10uM_41,phase,data/phase/T24_FCCP_10uM_41_phase.bin,True,,900x900,float32,,3240023,,,,,0.2848713904768374/0.21199439004249143
T24_FCCP_10uM_42,off_axis,data/off_axis_hologram/T24_FCCP_10uM_42_holo.tif,True,1,1024x1024,uint8,5,1207312,2026-09-16T09:09:56+00:00,BitsPerSample;Compression;FillOrder;ImageLength;ImageWidth;NewSubfileType;Orientation;PhotometricInterpretation;PlanarConfiguration;Predictor;ResolutionUnit;RowsPerStrip;SampleFormat;SamplesPerPixel;StripByteCounts;StripOffsets;XResolution;YResolution,False,False,
T24_FCCP_10uM_42,gabor,data/in_line_gabor_hologram/T24_FCCP_10uM_42_gabor.tif,True,1,1024x1024,uint8,5,524434,2026-09-16T09:08:16+00:00,BitsPerSample;Compression;FillOrder;ImageLength;ImageWidth;NewSubfileType;Orientation;PhotometricInterpretation;PlanarConfiguration;Predictor;ResolutionUnit;RowsPerStrip;SampleFormat;SamplesPerPixel;StripByteCounts;StripOffsets;XResolution;YResolution,False,False,
T24_FCCP_10uM_42,phase,data/phase/T24_FCCP_10uM_42_phase.bin,True,,900x900,float32,,3240023,,,,,0.2848713904768374/0.21199439004249143
T24_FCCP_10uM_43,off_axis,data/off_axis_hologram/T24_FCCP_10uM_43_holo.tif,True,1,1024x1024,uint8,5,1210076,2026-09-16T09:09:56+00:00,BitsPerSample;Compression;FillOrder;ImageLength;ImageWidth;NewSubfileType;Orientation;PhotometricInterpretation;PlanarConfiguration;Predictor;ResolutionUnit;RowsPerStrip;SampleFormat;SamplesPerPixel;StripByteCounts;StripOffsets;XResolution;YResolution,False,False,
T24_FCCP_10uM_43,gabor,data/in_line_gabor_hologram/T24_FCCP_10uM_43_gabor.tif,True,1,1024x1024,uint8,5,523552,2026-09-16T09:08:16+00:00,BitsPerSample;Compression;FillOrder;ImageLength;ImageWidth;NewSubfileType;Orientation;PhotometricInterpretation;PlanarConfiguration;Predictor;ResolutionUnit;RowsPerStrip;SampleFormat;SamplesPerPixel;StripByteCounts;StripOffsets;XResolution;YResolution,False,False,
T24_FCCP_10uM_43,phase,data/phase/T24_FCCP_10uM_43_phase.bin,True,,900x900,float32,,3240023,,,,,0.2848713904768374/0.21199439004249143
T24_FCCP_10uM_44,off_axis,data/off_axis_hologram/T24_FCCP_10uM_44_holo.tif,True,1,1024x1024,uint8,5,1208798,2026-09-16T09:09:57+00:00,BitsPerSample;Compression;FillOrder;ImageLength;ImageWidth;NewSubfileType;Orientation;PhotometricInterpretation;PlanarConfiguration;Predictor;ResolutionUnit;RowsPerStrip;SampleFormat;SamplesPerPixel;StripByteCounts;StripOffsets;XResolution;YResolution,False,False,
T24_FCCP_10uM_44,gabor,data/in_line_gabor_hologram/T24_FCCP_10uM_44_gabor.tif,True,1,1024x1024,uint8,5,526592,2026-09-16T09:08:16+00:00,BitsPerSample;Compression;FillOrder;ImageLength;ImageWidth;NewSubfileType;Orientation;PhotometricInterpretation;PlanarConfiguration;Predictor;ResolutionUnit;RowsPerStrip;SampleFormat;SamplesPerPixel;StripByteCounts;StripOffsets;XResolution;YResolution,False,False,
T24_FCCP_10uM_44,phase,data/phase/T24_FCCP_10uM_44_phase.bin,True,,900x900,float32,,3240023,,,,,0.2848713904768374/0.21199439004249143
T24_FCCP_10uM_45,off_axis,data/off_axis_hologram/T24_FCCP_10uM_45_holo.tif,True,1,1024x1024,uint8,5,283278,2026-09-16T09:09:57+00:00,BitsPerSample;Compression;FillOrder;ImageLength;ImageWidth;NewSubfileType;Orientation;PhotometricInterpretation;PlanarConfiguration;Predictor;ResolutionUnit;RowsPerStrip;SampleFormat;SamplesPerPixel;StripByteCounts;StripOffsets;XResolution;YResolution,False,False,
T24_FCCP_10uM_45,gabor,data/in_line_gabor_hologram/T24_FCCP_10uM_45_gabor.tif,True,1,1024x1024,uint8,5,513674,2026-09-16T09:08:16+00:00,BitsPerSample;Compression;FillOrder;ImageLength;ImageWidth;NewSubfileType;Orientation;PhotometricInterpretation;PlanarConfiguration;Predictor;ResolutionUnit;RowsPerStrip;SampleFormat;SamplesPerPixel;StripByteCounts;StripOffsets;XResolution;YResolution,False,False,
T24_FCCP_10uM_45,phase,data/phase/T24_FCCP_10uM_45_phase.bin,True,,900x900,float32,,3240023,,,,,0.2848713904768374/0.21199439004249143
T24_FCCP_10uM_46,off_axis,data/off_axis_hologram/T24_FCCP_10uM_46_holo.tif,True,1,1024x1024,uint8,5,1186020,2026-09-16T09:09:57+00:00,BitsPerSample;Compression;FillOrder;ImageLength;ImageWidth;NewSubfileType;Orientation;PhotometricInterpretation;PlanarConfiguration;Predictor;ResolutionUnit;RowsPerStrip;SampleFormat;SamplesPerPixel;StripByteCounts;StripOffsets;XResolution;YResolution,False,False,
T24_FCCP_10uM_46,gabor,data/in_line_gabor_hologram/T24_FCCP_10uM_46_gabor.tif,True,1,1024x1024,uint8,5,497424,2026-09-16T09:08:16+00:00,BitsPerSample;Compression;FillOrder;ImageLength;ImageWidth;NewSubfileType;Orientation;PhotometricInterpretation;PlanarConfiguration;Predictor;ResolutionUnit;RowsPerStrip;SampleFormat;SamplesPerPixel;StripByteCounts;StripOffsets;XResolution;YResolution,False,False,
T24_FCCP_10uM_46,phase,data/phase/T24_FCCP_10uM_46_phase.bin,True,,900x900,float32,,3240023,,,,,0.2848713904768374/0.21199439004249143
T24_FCCP_10uM_47,off_axis,data/off_axis_hologram/T24_FCCP_10uM_47_holo.tif,True,1,1024x1024,uint8,5,1196126,2026-09-16T09:09:57+00:00,BitsPerSample;Compression;FillOrder;ImageLength;ImageWidth;NewSubfileType;Orientation;PhotometricInterpretation;PlanarConfiguration;Predictor;ResolutionUnit;RowsPerStrip;SampleFormat;SamplesPerPixel;StripByteCounts;StripOffsets;XResolution;YResolution,False,False,
T24_FCCP_10uM_47,gabor,data/in_line_gabor_hologram/T24_FCCP_10uM_47_gabor.tif,True,1,1024x1024,uint8,5,500360,2026-09-16T09:08:16+00:00,BitsPerSample;Compression;FillOrder;ImageLength;ImageWidth;NewSubfileType;Orientation;PhotometricInterpretation;PlanarConfiguration;Predictor;ResolutionUnit;RowsPerStrip;SampleFormat;SamplesPerPixel;StripByteCounts;StripOffsets;XResolution;YResolution,False,False,
T24_FCCP_10uM_47,phase,data/phase/T24_FCCP_10uM_47_phase.bin,True,,900x900,float32,,3240023,,,,,0.2848713904768374/0.21199439004249143
T24_FCCP_10uM_48,off_axis,data/off_axis_hologram/T24_FCCP_10uM_48_holo.tif,True,1,1024x1024,uint8,5,1182886,2026-09-16T09:09:57+00:00,BitsPerSample;Compression;FillOrder;ImageLength;ImageWidth;NewSubfileType;Orientation;PhotometricInterpretation;PlanarConfiguration;Predictor;ResolutionUnit;RowsPerStrip;SampleFormat;SamplesPerPixel;StripByteCounts;StripOffsets;XResolution;YResolution,False,False,
T24_FCCP_10uM_48,gabor,data/in_line_gabor_hologram/T24_FCCP_10uM_48_gabor.tif,True,1,1024x1024,uint8,5,493560,2026-09-16T09:08:16+00:00,BitsPerSample;Compression;FillOrder;ImageLength;ImageWidth;NewSubfileType;Orientation;PhotometricInterpretation;PlanarConfiguration;Predictor;ResolutionUnit;RowsPerStrip;SampleFormat;SamplesPerPixel;StripByteCounts;StripOffsets;XResolution;YResolution,False,False,
T24_FCCP_10uM_48,phase,data/phase/T24_FCCP_10uM_48_phase.bin,True,,900x900,float32,,3240023,,,,,0.2848713904768374/0.21199439004249143
T24_FCCP_10uM_49,off_axis,data/off_axis_hologram/T24_FCCP_10uM_49_holo.tif,True,1,1024x1024,uint8,5,1189642,2026-09-16T09:09:57+00:00,BitsPerSample;Compression;FillOrder;ImageLength;ImageWidth;NewSubfileType;Orientation;PhotometricInterpretation;PlanarConfiguration;Predictor;ResolutionUnit;RowsPerStrip;SampleFormat;SamplesPerPixel;StripByteCounts;StripOffsets;XResolution;YResolution,False,False,
T24_FCCP_10uM_49,gabor,data/in_line_gabor_hologram/T24_FCCP_10uM_49_gabor.tif,True,1,1024x1024,uint8,5,502720,2026-09-16T09:08:16+00:00,BitsPerSample;Compression;FillOrder;ImageLength;ImageWidth;NewSubfileType;Orientation;PhotometricInterpretation;PlanarConfiguration;Predictor;ResolutionUnit;RowsPerStrip;SampleFormat;SamplesPerPixel;StripByteCounts;StripOffsets;XResolution;YResolution,False,False,
T24_FCCP_10uM_49,phase,data/phase/T24_FCCP_10uM_49_phase.bin,True,,900x900,float32,,3240023,,,,,0.2848713904768374/0.21199439004249143
T24_FCCP_10uM_50,off_axis,data/off_axis_hologram/T24_FCCP_10uM_50_holo.tif,True,1,1024x1024,uint8,5,1190542,2026-09-16T09:09:57+00:00,BitsPerSample;Compression;FillOrder;ImageLength;ImageWidth;NewSubfileType;Orientation;PhotometricInterpretation;PlanarConfiguration;Predictor;ResolutionUnit;RowsPerStrip;SampleFormat;SamplesPerPixel;StripByteCounts;StripOffsets;XResolution;YResolution,False,False,
T24_FCCP_10uM_50,gabor,data/in_line_gabor_hologram/T24_FCCP_10uM_50_gabor.tif,True,1,1024x1024,uint8,5,500846,2026-09-16T09:08:16+00:00,BitsPerSample;Compression;FillOrder;ImageLength;ImageWidth;NewSubfileType;Orientation;PhotometricInterpretation;PlanarConfiguration;Predictor;ResolutionUnit;RowsPerStrip;SampleFormat;SamplesPerPixel;StripByteCounts;StripOffsets;XResolution;YResolution,False,False,
T24_FCCP_10uM_50,phase,data/phase/T24_FCCP_10uM_50_phase.bin,True,,900x900,float32,,3240023,,,,,0.2848713904768374/0.21199439004249143
T24_Staurosporine_100nM_01,off_axis,data/off_axis_hologram/T24_Staurosporine_100nM_01_holo.tif,True,1,1024x1024,uint8,5,1191450,2026-09-16T09:09:57+00:00,BitsPerSample;Compression;FillOrder;ImageLength;ImageWidth;NewSubfileType;Orientation;PhotometricInterpretation;PlanarConfiguration;Predictor;ResolutionUnit;RowsPerStrip;SampleFormat;SamplesPerPixel;StripByteCounts;StripOffsets;XResolution;YResolution,False,False,
T24_Staurosporine_100nM_01,gabor,data/in_line_gabor_hologram/T24_Staurosporine_100nM_01_gabor.tif,True,1,1024x1024,uint8,5,509806,2026-09-16T09:08:17+00:00,BitsPerSample;Compression;FillOrder;ImageLength;ImageWidth;NewSubfileType;Orientation;PhotometricInterpretation;PlanarConfiguration;Predictor;ResolutionUnit;RowsPerStrip;SampleFormat;SamplesPerPixel;StripByteCounts;StripOffsets;XResolution;YResolution,False,False,
T24_Staurosporine_100nM_01,phase,data/phase/T24_Staurosporine_100nM_01_phase.bin,True,,900x900,float32,,3240023,,,,,0.2848713904768374/0.21199439004249143
T24_Staurosporine_100nM_02,off_axis,data/off_axis_hologram/T24_Staurosporine_100nM_02_holo.tif,True,1,1024x1024,uint8,5,1193258,2026-09-16T09:09:57+00:00,BitsPerSample;Compression;FillOrder;ImageLength;ImageWidth;NewSubfileType;Orientation;PhotometricInterpretation;PlanarConfiguration;Predictor;ResolutionUnit;RowsPerStrip;SampleFormat;SamplesPerPixel;StripByteCounts;StripOffsets;XResolution;YResolution,False,False,
T24_Staurosporine_100nM_02,gabor,data/in_line_gabor_hologram/T24_Staurosporine_100nM_02_gabor.tif,True,1,1024x1024,uint8,5,512568,2026-09-16T09:08:17+00:00,BitsPerSample;Compression;FillOrder;ImageLength;ImageWidth;NewSubfileType;Orientation;PhotometricInterpretation;PlanarConfiguration;Predictor;ResolutionUnit;RowsPerStrip;SampleFormat;SamplesPerPixel;StripByteCounts;StripOffsets;XResolution;YResolution,False,False,
T24_Staurosporine_100nM_02,phase,data/phase/T24_Staurosporine_100nM_02_phase.bin,True,,900x900,float32,,3240023,,,,,0.2848713904768374/0.21199439004249143
T24_Staurosporine_100nM_03,off_axis,data/off_axis_hologram/T24_Staurosporine_100nM_03_holo.tif,True,1,1024x1024,uint8,5,1197458,2026-09-16T09:09:57+00:00,BitsPerSample;Compression;FillOrder;ImageLength;ImageWidth;NewSubfileType;Orientation;PhotometricInterpretation;PlanarConfiguration;Predictor;ResolutionUnit;RowsPerStrip;SampleFormat;SamplesPerPixel;StripByteCounts;StripOffsets;XResolution;YResolution,False,False,
T24_Staurosporine_100nM_03,gabor,data/in_line_gabor_hologram/T24_Staurosporine_100nM_03_gabor.tif,True,1,1024x1024,uint8,5,508198,2026-09-16T09:08:17+00:00,BitsPerSample;Compression;FillOrder;ImageLength;ImageWidth;NewSubfileType;Orientation;PhotometricInterpretation;PlanarConfiguration;Predictor;ResolutionUnit;RowsPerStrip;SampleFormat;SamplesPerPixel;StripByteCounts;StripOffsets;XResolution;YResolution,False,False,
T24_Staurosporine_100nM_03,phase,data/phase/T24_Staurosporine_100nM_03_phase.bin,True,,900x900,float32,,3240023,,,,,0.2848713904768374/0.21199439004249143
T24_Staurosporine_100nM_04,off_axis,data/off_axis_hologram/T24_Staurosporine_100nM_04_holo.tif,True,1,1024x1024,uint8,5,1180356,2026-09-16T09:09:57+00:00,BitsPerSample;Compression;FillOrder;ImageLength;ImageWidth;NewSubfileType;Orientation;PhotometricInterpretation;PlanarConfiguration;Predictor;ResolutionUnit;RowsPerStrip;SampleFormat;SamplesPerPixel;StripByteCounts;StripOffsets;XResolution;YResolution,False,False,
T24_Staurosporine_100nM_04,gabor,data/in_line_gabor_hologram/T24_Staurosporine_100nM_04_gabor.tif,True,1,1024x1024,uint8,5,503884,2026-09-16T09:08:17+00:00,BitsPerSample;Compression;FillOrder;ImageLength;ImageWidth;NewSubfileType;Orientation;PhotometricInterpretation;PlanarConfiguration;Predictor;ResolutionUnit;RowsPerStrip;SampleFormat;SamplesPerPixel;StripByteCounts;StripOffsets;XResolution;YResolution,False,False,
T24_Staurosporine_100nM_04,phase,data/phase/T24_Staurosporine_100nM_04_phase.bin,True,,900x900,float32,,3240023,,,,,0.2848713904768374/0.21199439004249143
T24_Staurosporine_100nM_05,off_axis,data/off_axis_hologram/T24_Staurosporine_100nM_05_holo.tif,True,1,1024x1024,uint8,5,1181358,2026-09-16T09:09:57+00:00,BitsPerSample;Compression;FillOrder;ImageLength;ImageWidth;NewSubfileType;Orientation;PhotometricInterpretation;PlanarConfiguration;Predictor;ResolutionUnit;RowsPerStrip;SampleFormat;SamplesPerPixel;StripByteCounts;StripOffsets;XResolution;YResolution,False,False,
T24_Staurosporine_100nM_05,gabor,data/in_line_gabor_hologram/T24_Staurosporine_100nM_05_gabor.tif,True,1,1024x1024,uint8,5,493742,2026-09-16T09:08:17+00:00,BitsPerSample;Compression;FillOrder;ImageLength;ImageWidth;NewSubfileType;Orientation;PhotometricInterpretation;PlanarConfiguration;Predictor;ResolutionUnit;RowsPerStrip;SampleFormat;SamplesPerPixel;StripByteCounts;StripOffsets;XResolution;YResolution,False,False,
T24_Staurosporine_100nM_05,phase,data/phase/T24_Staurosporine_100nM_05_phase.bin,True,,900x900,float32,,3240023,,,,,0.2848713904768374/0.21199439004249143
T24_Staurosporine_100nM_06,off_axis,data/off_axis_hologram/T24_Staurosporine_100nM_06_holo.tif,True,1,1024x1024,uint8,5,1193392,2026-09-16T09:09:57+00:00,BitsPerSample;Compression;FillOrder;ImageLength;ImageWidth;NewSubfileType;Orientation;PhotometricInterpretation;PlanarConfiguration;Predictor;ResolutionUnit;RowsPerStrip;SampleFormat;SamplesPerPixel;StripByteCounts;StripOffsets;XResolution;YResolution,False,False,
T24_Staurosporine_100nM_06,gabor,data/in_line_gabor_hologram/T24_Staurosporine_100nM_06_gabor.tif,True,1,1024x1024,uint8,5,509572,2026-09-16T09:08:17+00:00,BitsPerSample;Compression;FillOrder;ImageLength;ImageWidth;NewSubfileType;Orientation;PhotometricInterpretation;PlanarConfiguration;Predictor;ResolutionUnit;RowsPerStrip;SampleFormat;SamplesPerPixel;StripByteCounts;StripOffsets;XResolution;YResolution,False,False,
T24_Staurosporine_100nM_06,phase,data/phase/T24_Staurosporine_100nM_06_phase.bin,True,,900x900,float32,,3240023,,,,,0.2848713904768374/0.21199439004249143
T24_Staurosporine_100nM_07,off_axis,data/off_axis_hologram/T24_Staurosporine_100nM_07_holo.tif,True,1,1024x1024,uint8,5,1194678,2026-09-16T09:09:57+00:00,BitsPerSample;Compression;FillOrder;ImageLength;ImageWidth;NewSubfileType;Orientation;PhotometricInterpretation;PlanarConfiguration;Predictor;ResolutionUnit;RowsPerStrip;SampleFormat;SamplesPerPixel;StripByteCounts;StripOffsets;XResolution;YResolution,False,False,
T24_Staurosporine_100nM_07,gabor,data/in_line_gabor_hologram/T24_Staurosporine_100nM_07_gabor.tif,True,1,1024x1024,uint8,5,516920,2026-09-16T09:08:17+00:00,BitsPerSample;Compression;FillOrder;ImageLength;ImageWidth;NewSubfileType;Orientation;PhotometricInterpretation;PlanarConfiguration;Predictor;ResolutionUnit;RowsPerStrip;SampleFormat;SamplesPerPixel;StripByteCounts;StripOffsets;XResolution;YResolution,False,False,
T24_Staurosporine_100nM_07,phase,data/phase/T24_Staurosporine_100nM_07_phase.bin,True,,900x900,float32,,3240023,,,,,0.2848713904768374/0.21199439004249143
T24_Staurosporine_100nM_08,off_axis,data/off_axis_hologram/T24_Staurosporine_100nM_08_holo.tif,True,1,1024x1024,uint8,5,1191444,2026-09-16T09:09:57+00:00,BitsPerSample;Compression;FillOrder;ImageLength;ImageWidth;NewSubfileType;Orientation;PhotometricInterpretation;PlanarConfiguration;Predictor;ResolutionUnit;RowsPerStrip;SampleFormat;SamplesPerPixel;StripByteCounts;StripOffsets;XResolution;YResolution,False,False,
T24_Staurosporine_100nM_08,gabor,data/in_line_gabor_hologram/T24_Staurosporine_100nM_08_gabor.tif,True,1,1024x1024,uint8,5,512098,2026-09-16T09:08:17+00:00,BitsPerSample;Compression;FillOrder;ImageLength;ImageWidth;NewSubfileType;Orientation;PhotometricInterpretation;PlanarConfiguration;Predictor;ResolutionUnit;RowsPerStrip;SampleFormat;SamplesPerPixel;StripByteCounts;StripOffsets;XResolution;YResolution,False,False,
T24_Staurosporine_100nM_08,phase,data/phase/T24_Staurosporine_100nM_08_phase.bin,True,,900x900,float32,,3240023,,,,,0.2848713904768374/0.21199439004249143
T24_Staurosporine_100nM_09,off_axis,data/off_axis_hologram/T24_Staurosporine_100nM_09_holo.tif,True,1,1024x1024,uint8,5,1199022,2026-09-16T09:09:57+00:00,BitsPerSample;Compression;FillOrder;ImageLength;ImageWidth;NewSubfileType;Orientation;PhotometricInterpretation;PlanarConfiguration;Predictor;ResolutionUnit;RowsPerStrip;SampleFormat;SamplesPerPixel;StripByteCounts;StripOffsets;XResolution;YResolution,False,False,
T24_Staurosporine_100nM_09,gabor,data/in_line_gabor_hologram/T24_Staurosporine_100nM_09_gabor.tif,True,1,1024x1024,uint8,5,512500,2026-09-16T09:08:17+00:00,BitsPerSample;Compression;FillOrder;ImageLength;ImageWidth;NewSubfileType;Orientation;PhotometricInterpretation;PlanarConfiguration;Predictor;ResolutionUnit;RowsPerStrip;SampleFormat;SamplesPerPixel;StripByteCounts;StripOffsets;XResolution;YResolution,False,False,
T24_Staurosporine_100nM_09,phase,data/phase/T24_Staurosporine_100nM_09_phase.bin,True,,900x900,float32,,3240023,,,,,0.2848713904768374/0.21199439004249143
T24_Staurosporine_100nM_10,off_axis,data/off_axis_hologram/T24_Staurosporine_100nM_10_holo.tif,True,1,1024x1024,uint8,5,277912,2026-09-16T09:09:57+00:00,BitsPerSample;Compression;FillOrder;ImageLength;ImageWidth;NewSubfileType;Orientation;PhotometricInterpretation;PlanarConfiguration;Predictor;ResolutionUnit;RowsPerStrip;SampleFormat;SamplesPerPixel;StripByteCounts;StripOffsets;XResolution;YResolution,False,False,
T24_Staurosporine_100nM_10,gabor,data/in_line_gabor_hologram/T24_Staurosporine_100nM_10_gabor.tif,True,1,1024x1024,uint8,5,507582,2026-09-16T09:08:17+00:00,BitsPerSample;Compression;FillOrder;ImageLength;ImageWidth;NewSubfileType;Orientation;PhotometricInterpretation;PlanarConfiguration;Predictor;ResolutionUnit;RowsPerStrip;SampleFormat;SamplesPerPixel;StripByteCounts;StripOffsets;XResolution;YResolution,False,False,
T24_Staurosporine_100nM_10,phase,data/phase/T24_Staurosporine_100nM_10_phase.bin,True,,900x900,float32,,3240023,,,,,0.2848713904768374/0.21199439004249143
T24_Staurosporine_100nM_11,off_axis,data/off_axis_hologram/T24_Staurosporine_100nM_11_holo.tif,True,1,1024x1024,uint8,5,1188304,2026-09-16T09:09:57+00:00,BitsPerSample;Compression;FillOrder;ImageLength;ImageWidth;NewSubfileType;Orientation;PhotometricInterpretation;PlanarConfiguration;Predictor;ResolutionUnit;RowsPerStrip;SampleFormat;SamplesPerPixel;StripByteCounts;StripOffsets;XResolution;YResolution,False,False,
T24_Staurosporine_100nM_11,gabor,data/in_line_gabor_hologram/T24_Staurosporine_100nM_11_gabor.tif,True,1,1024x1024,uint8,5,506196,2026-09-16T09:08:17+00:00,BitsPerSample;Compression;FillOrder;ImageLength;ImageWidth;NewSubfileType;Orientation;PhotometricInterpretation;PlanarConfiguration;Predictor;ResolutionUnit;RowsPerStrip;SampleFormat;SamplesPerPixel;StripByteCounts;StripOffsets;XResolution;YResolution,False,False,
T24_Staurosporine_100nM_11,phase,data/phase/T24_Staurosporine_100nM_11_phase.bin,True,,900x900,float32,,3240023,,,,,0.2848713904768374/0.21199439004249143
T24_Staurosporine_100nM_12,off_axis,data/off_axis_hologram/T24_Staurosporine_100nM_12_holo.tif,True,1,1024x1024,uint8,5,1191480,2026-09-16T09:09:57+00:00,BitsPerSample;Compression;FillOrder;ImageLength;ImageWidth;NewSubfileType;Orientation;PhotometricInterpretation;PlanarConfiguration;Predictor;ResolutionUnit;RowsPerStrip;SampleFormat;SamplesPerPixel;StripByteCounts;StripOffsets;XResolution;YResolution,False,False,
T24_Staurosporine_100nM_12,gabor,data/in_line_gabor_hologram/T24_Staurosporine_100nM_12_gabor.tif,True,1,1024x1024,uint8,5,502510,2026-09-16T09:08:17+00:00,BitsPerSample;Compression;FillOrder;ImageLength;ImageWidth;NewSubfileType;Orientation;PhotometricInterpretation;PlanarConfiguration;Predictor;ResolutionUnit;RowsPerStrip;SampleFormat;SamplesPerPixel;StripByteCounts;StripOffsets;XResolution;YResolution,False,False,
T24_Staurosporine_100nM_12,phase,data/phase/T24_Staurosporine_100nM_12_phase.bin,True,,900x900,float32,,3240023,,,,,0.2848713904768374/0.21199439004249143
T24_Staurosporine_100nM_13,off_axis,data/off_axis_hologram/T24_Staurosporine_100nM_13_holo.tif,True,1,1024x1024,uint8,5,1195682,2026-09-16T09:09:57+00:00,BitsPerSample;Compression;FillOrder;ImageLength;ImageWidth;NewSubfileType;Orientation;PhotometricInterpretation;PlanarConfiguration;Predictor;ResolutionUnit;RowsPerStrip;SampleFormat;SamplesPerPixel;StripByteCounts;StripOffsets;XResolution;YResolution,False,False,
T24_Staurosporine_100nM_13,gabor,data/in_line_gabor_hologram/T24_Staurosporine_100nM_13_gabor.tif,True,1,1024x1024,uint8,5,504708,2026-09-16T09:08:17+00:00,BitsPerSample;Compression;FillOrder;ImageLength;ImageWidth;NewSubfileType;Orientation;PhotometricInterpretation;PlanarConfiguration;Predictor;ResolutionUnit;RowsPerStrip;SampleFormat;SamplesPerPixel;StripByteCounts;StripOffsets;XResolution;YResolution,False,False,
T24_Staurosporine_100nM_13,phase,data/phase/T24_Staurosporine_100nM_13_phase.bin,True,,900x900,float32,,3240023,,,,,0.2848713904768374/0.21199439004249143
T24_Staurosporine_100nM_14,off_axis,data/off_axis_hologram/T24_Staurosporine_100nM_14_holo.tif,True,1,1024x1024,uint8,5,1193668,2026-09-16T09:09:57+00:00,BitsPerSample;Compression;FillOrder;ImageLength;ImageWidth;NewSubfileType;Orientation;PhotometricInterpretation;PlanarConfiguration;Predictor;ResolutionUnit;RowsPerStrip;SampleFormat;SamplesPerPixel;StripByteCounts;StripOffsets;XResolution;YResolution,False,False,
T24_Staurosporine_100nM_14,gabor,data/in_line_gabor_hologram/T24_Staurosporine_100nM_14_gabor.tif,True,1,1024x1024,uint8,5,505202,2026-09-16T09:08:17+00:00,BitsPerSample;Compression;FillOrder;ImageLength;ImageWidth;NewSubfileType;Orientation;PhotometricInterpretation;PlanarConfiguration;Predictor;ResolutionUnit;RowsPerStrip;SampleFormat;SamplesPerPixel;StripByteCounts;StripOffsets;XResolution;YResolution,False,False,
T24_Staurosporine_100nM_14,phase,data/phase/T24_Staurosporine_100nM_14_phase.bin,True,,900x900,float32,,3240023,,,,,0.2848713904768374/0.21199439004249143
T24_Staurosporine_100nM_15,off_axis,data/off_axis_hologram/T24_Staurosporine_100nM_15_holo.tif,True,1,1024x1024,uint8,5,1194782,2026-09-16T09:09:57+00:00,BitsPerSample;Compression;FillOrder;ImageLength;ImageWidth;NewSubfileType;Orientation;PhotometricInterpretation;PlanarConfiguration;Predictor;ResolutionUnit;RowsPerStrip;SampleFormat;SamplesPerPixel;StripByteCounts;StripOffsets;XResolution;YResolution,False,False,
T24_Staurosporine_100nM_15,gabor,data/in_line_gabor_hologram/T24_Staurosporine_100nM_15_gabor.tif,True,1,1024x1024,uint8,5,512562,2026-09-16T09:08:17+00:00,BitsPerSample;Compression;FillOrder;ImageLength;ImageWidth;NewSubfileType;Orientation;PhotometricInterpretation;PlanarConfiguration;Predictor;ResolutionUnit;RowsPerStrip;SampleFormat;SamplesPerPixel;StripByteCounts;StripOffsets;XResolution;YResolution,False,False,
T24_Staurosporine_100nM_15,phase,data/phase/T24_Staurosporine_100nM_15_phase.bin,True,,900x900,float32,,3240023,,,,,0.2848713904768374/0.21199439004249143
T24_Staurosporine_100nM_16,off_axis,data/off_axis_hologram/T24_Staurosporine_100nM_16_holo.tif,True,1,1024x1024,uint8,5,1189688,2026-09-16T09:09:57+00:00,BitsPerSample;Compression;FillOrder;ImageLength;ImageWidth;NewSubfileType;Orientation;PhotometricInterpretation;PlanarConfiguration;Predictor;ResolutionUnit;RowsPerStrip;SampleFormat;SamplesPerPixel;StripByteCounts;StripOffsets;XResolution;YResolution,False,False,
T24_Staurosporine_100nM_16,gabor,data/in_line_gabor_hologram/T24_Staurosporine_100nM_16_gabor.tif,True,1,1024x1024,uint8,5,496742,2026-09-16T09:08:17+00:00,BitsPerSample;Compression;FillOrder;ImageLength;ImageWidth;NewSubfileType;Orientation;PhotometricInterpretation;PlanarConfiguration;Predictor;ResolutionUnit;RowsPerStrip;SampleFormat;SamplesPerPixel;StripByteCounts;StripOffsets;XResolution;YResolution,False,False,
T24_Staurosporine_100nM_16,phase,data/phase/T24_Staurosporine_100nM_16_phase.bin,True,,900x900,float32,,3240023,,,,,0.2848713904768374/0.21199439004249143
T24_Staurosporine_100nM_17,off_axis,data/off_axis_hologram/T24_Staurosporine_100nM_17_holo.tif,True,1,1024x1024,uint8,5,1186762,2026-09-16T09:09:57+00:00,BitsPerSample;Compression;FillOrder;ImageLength;ImageWidth;NewSubfileType;Orientation;PhotometricInterpretation;PlanarConfiguration;Predictor;ResolutionUnit;RowsPerStrip;SampleFormat;SamplesPerPixel;StripByteCounts;StripOffsets;XResolution;YResolution,False,False,
T24_Staurosporine_100nM_17,gabor,data/in_line_gabor_hologram/T24_Staurosporine_100nM_17_gabor.tif,True,1,1024x1024,uint8,5,491246,2026-09-16T09:08:17+00:00,BitsPerSample;Compression;FillOrder;ImageLength;ImageWidth;NewSubfileType;Orientation;PhotometricInterpretation;PlanarConfiguration;Predictor;ResolutionUnit;RowsPerStrip;SampleFormat;SamplesPerPixel;StripByteCounts;StripOffsets;XResolution;YResolution,False,False,
T24_Staurosporine_100nM_17,phase,data/phase/T24_Staurosporine_100nM_17_phase.bin,True,,900x900,float32,,3240023,,,,,0.2848713904768374/0.21199439004249143
T24_Staurosporine_100nM_18,off_axis,data/off_axis_hologram/T24_Staurosporine_100nM_18_holo.tif,True,1,1024x1024,uint8,5,1182012,2026-09-16T09:09:57+00:00,BitsPerSample;Compression;FillOrder;ImageLength;ImageWidth;NewSubfileType;Orientation;PhotometricInterpretation;PlanarConfiguration;Predictor;ResolutionUnit;RowsPerStrip;SampleFormat;SamplesPerPixel;StripByteCounts;StripOffsets;XResolution;YResolution,False,False,
T24_Staurosporine_100nM_18,gabor,data/in_line_gabor_hologram/T24_Staurosporine_100nM_18_gabor.tif,True,1,1024x1024,uint8,5,485970,2026-09-16T09:08:17+00:00,BitsPerSample;Compression;FillOrder;ImageLength;ImageWidth;NewSubfileType;Orientation;PhotometricInterpretation;PlanarConfiguration;Predictor;ResolutionUnit;RowsPerStrip;SampleFormat;SamplesPerPixel;StripByteCounts;StripOffsets;XResolution;YResolution,False,False,
T24_Staurosporine_100nM_18,phase,data/phase/T24_Staurosporine_100nM_18_phase.bin,True,,900x900,float32,,3240023,,,,,0.2848713904768374/0.21199439004249143
T24_Staurosporine_100nM_19,off_axis,data/off_axis_hologram/T24_Staurosporine_100nM_19_holo.tif,True,1,1024x1024,uint8,5,1187084,2026-09-16T09:09:57+00:00,BitsPerSample;Compression;FillOrder;ImageLength;ImageWidth;NewSubfileType;Orientation;PhotometricInterpretation;PlanarConfiguration;Predictor;ResolutionUnit;RowsPerStrip;SampleFormat;SamplesPerPixel;StripByteCounts;StripOffsets;XResolution;YResolution,False,False,
T24_Staurosporine_100nM_19,gabor,data/in_line_gabor_hologram/T24_Staurosporine_100nM_19_gabor.tif,True,1,1024x1024,uint8,5,491250,2026-09-16T09:08:17+00:00,BitsPerSample;Compression;FillOrder;ImageLength;ImageWidth;NewSubfileType;Orientation;PhotometricInterpretation;PlanarConfiguration;Predictor;ResolutionUnit;RowsPerStrip;SampleFormat;SamplesPerPixel;StripByteCounts;StripOffsets;XResolution;YResolution,False,False,
T24_Staurosporine_100nM_19,phase,data/phase/T24_Staurosporine_100nM_19_phase.bin,True,,900x900,float32,,3240023,,,,,0.2848713904768374/0.21199439004249143
T24_Staurosporine_100nM_20,off_axis,data/off_axis_hologram/T24_Staurosporine_100nM_20_holo.tif,True,1,1024x1024,uint8,5,1189586,2026-09-16T09:09:57+00:00,BitsPerSample;Compression;FillOrder;ImageLength;ImageWidth;NewSubfileType;Orientation;PhotometricInterpretation;PlanarConfiguration;Predictor;ResolutionUnit;RowsPerStrip;SampleFormat;SamplesPerPixel;StripByteCounts;StripOffsets;XResolution;YResolution,False,False,
T24_Staurosporine_100nM_20,gabor,data/in_line_gabor_hologram/T24_Staurosporine_100nM_20_gabor.tif,True,1,1024x1024,uint8,5,500810,2026-09-16T09:08:17+00:00,BitsPerSample;Compression;FillOrder;ImageLength;ImageWidth;NewSubfileType;Orientation;PhotometricInterpretation;PlanarConfiguration;Predictor;ResolutionUnit;RowsPerStrip;SampleFormat;SamplesPerPixel;StripByteCounts;StripOffsets;XResolution;YResolution,False,False,
T24_Staurosporine_100nM_20,phase,data/phase/T24_Staurosporine_100nM_20_phase.bin,True,,900x900,float32,,3240023,,,,,0.2848713904768374/0.21199439004249143
T24_Staurosporine_100nM_21,off_axis,data/off_axis_hologram/T24_Staurosporine_100nM_21_holo.tif,True,1,1024x1024,uint8,5,1190194,2026-09-16T09:09:57+00:00,BitsPerSample;Compression;FillOrder;ImageLength;ImageWidth;NewSubfileType;Orientation;PhotometricInterpretation;PlanarConfiguration;Predictor;ResolutionUnit;RowsPerStrip;SampleFormat;SamplesPerPixel;StripByteCounts;StripOffsets;XResolution;YResolution,False,False,
T24_Staurosporine_100nM_21,gabor,data/in_line_gabor_hologram/T24_Staurosporine_100nM_21_gabor.tif,True,1,1024x1024,uint8,5,496906,2026-09-16T09:08:17+00:00,BitsPerSample;Compression;FillOrder;ImageLength;ImageWidth;NewSubfileType;Orientation;PhotometricInterpretation;PlanarConfiguration;Predictor;ResolutionUnit;RowsPerStrip;SampleFormat;SamplesPerPixel;StripByteCounts;StripOffsets;XResolution;YResolution,False,False,
T24_Staurosporine_100nM_21,phase,data/phase/T24_Staurosporine_100nM_21_phase.bin,True,,900x900,float32,,3240023,,,,,0.2848713904768374/0.21199439004249143
T24_Staurosporine_100nM_22,off_axis,data/off_axis_hologram/T24_Staurosporine_100nM_22_holo.tif,True,1,1024x1024,uint8,5,1193254,2026-09-16T09:09:57+00:00,BitsPerSample;Compression;FillOrder;ImageLength;ImageWidth;NewSubfileType;Orientation;PhotometricInterpretation;PlanarConfiguration;Predictor;ResolutionUnit;RowsPerStrip;SampleFormat;SamplesPerPixel;StripByteCounts;StripOffsets;XResolution;YResolution,False,False,
T24_Staurosporine_100nM_22,gabor,data/in_line_gabor_hologram/T24_Staurosporine_100nM_22_gabor.tif,True,1,1024x1024,uint8,5,508152,2026-09-16T09:08:17+00:00,BitsPerSample;Compression;FillOrder;ImageLength;ImageWidth;NewSubfileType;Orientation;PhotometricInterpretation;PlanarConfiguration;Predictor;ResolutionUnit;RowsPerStrip;SampleFormat;SamplesPerPixel;StripByteCounts;StripOffsets;XResolution;YResolution,False,False,
T24_Staurosporine_100nM_22,phase,data/phase/T24_Staurosporine_100nM_22_phase.bin,True,,900x900,float32,,3240023,,,,,0.2848713904768374/0.21199439004249143
T24_Staurosporine_100nM_23,off_axis,data/off_axis_hologram/T24_Staurosporine_100nM_23_holo.tif,True,1,1024x1024,uint8,5,1189808,2026-09-16T09:09:57+00:00,BitsPerSample;Compression;FillOrder;ImageLength;ImageWidth;NewSubfileType;Orientation;PhotometricInterpretation;PlanarConfiguration;Predictor;ResolutionUnit;RowsPerStrip;SampleFormat;SamplesPerPixel;StripByteCounts;StripOffsets;XResolution;YResolution,False,False,
T24_Staurosporine_100nM_23,gabor,data/in_line_gabor_hologram/T24_Staurosporine_100nM_23_gabor.tif,True,1,1024x1024,uint8,5,509732,2026-09-16T09:08:17+00:00,BitsPerSample;Compression;FillOrder;ImageLength;ImageWidth;NewSubfileType;Orientation;PhotometricInterpretation;PlanarConfiguration;Predictor;ResolutionUnit;RowsPerStrip;SampleFormat;SamplesPerPixel;StripByteCounts;StripOffsets;XResolution;YResolution,False,False,
T24_Staurosporine_100nM_23,phase,data/phase/T24_Staurosporine_100nM_23_phase.bin,True,,900x900,float32,,3240023,,,,,0.2848713904768374/0.21199439004249143
T24_Staurosporine_100nM_24,off_axis,data/off_axis_hologram/T24_Staurosporine_100nM_24_holo.tif,True,1,1024x1024,uint8,5,1190302,2026-09-16T09:09:57+00:00,BitsPerSample;Compression;FillOrder;ImageLength;ImageWidth;NewSubfileType;Orientation;PhotometricInterpretation;PlanarConfiguration;Predictor;ResolutionUnit;RowsPerStrip;SampleFormat;SamplesPerPixel;StripByteCounts;StripOffsets;XResolution;YResolution,False,False,
T24_Staurosporine_100nM_24,gabor,data/in_line_gabor_hologram/T24_Staurosporine_100nM_24_gabor.tif,True,1,1024x1024,uint8,5,500504,2026-09-16T09:08:17+00:00,BitsPerSample;Compression;FillOrder;ImageLength;ImageWidth;NewSubfileType;Orientation;PhotometricInterpretation;PlanarConfiguration;Predictor;ResolutionUnit;RowsPerStrip;SampleFormat;SamplesPerPixel;StripByteCounts;StripOffsets;XResolution;YResolution,False,False,
T24_Staurosporine_100nM_24,phase,data/phase/T24_Staurosporine_100nM_24_phase.bin,True,,900x900,float32,,3240023,,,,,0.2848713904768374/0.21199439004249143
T24_Staurosporine_100nM_25,off_axis,data/off_axis_hologram/T24_Staurosporine_100nM_25_holo.tif,True,1,1024x1024,uint8,5,1195314,2026-09-16T09:09:57+00:00,BitsPerSample;Compression;FillOrder;ImageLength;ImageWidth;NewSubfileType;Orientation;PhotometricInterpretation;PlanarConfiguration;Predictor;ResolutionUnit;RowsPerStrip;SampleFormat;SamplesPerPixel;StripByteCounts;StripOffsets;XResolution;YResolution,False,False,
T24_Staurosporine_100nM_25,gabor,data/in_line_gabor_hologram/T24_Staurosporine_100nM_25_gabor.tif,True,1,1024x1024,uint8,5,509808,2026-09-16T09:08:17+00:00,BitsPerSample;Compression;FillOrder;ImageLength;ImageWidth;NewSubfileType;Orientation;PhotometricInterpretation;PlanarConfiguration;Predictor;ResolutionUnit;RowsPerStrip;SampleFormat;SamplesPerPixel;StripByteCounts;StripOffsets;XResolution;YResolution,False,False,
T24_Staurosporine_100nM_25,phase,data/phase/T24_Staurosporine_100nM_25_phase.bin,True,,900x900,float32,,3240023,,,,,0.2848713904768374/0.21199439004249143
T24_Staurosporine_100nM_26,off_axis,data/off_axis_hologram/T24_Staurosporine_100nM_26_holo.tif,True,1,1024x1024,uint8,5,1191990,2026-09-16T09:09:57+00:00,BitsPerSample;Compression;FillOrder;ImageLength;ImageWidth;NewSubfileType;Orientation;PhotometricInterpretation;PlanarConfiguration;Predictor;ResolutionUnit;RowsPerStrip;SampleFormat;SamplesPerPixel;StripByteCounts;StripOffsets;XResolution;YResolution,False,False,
T24_Staurosporine_100nM_26,gabor,data/in_line_gabor_hologram/T24_Staurosporine_100nM_26_gabor.tif,True,1,1024x1024,uint8,5,510732,2026-09-16T09:08:17+00:00,BitsPerSample;Compression;FillOrder;ImageLength;ImageWidth;NewSubfileType;Orientation;PhotometricInterpretation;PlanarConfiguration;Predictor;ResolutionUnit;RowsPerStrip;SampleFormat;SamplesPerPixel;StripByteCounts;StripOffsets;XResolution;YResolution,False,False,
T24_Staurosporine_100nM_26,phase,data/phase/T24_Staurosporine_100nM_26_phase.bin,True,,900x900,float32,,3240023,,,,,0.2848713904768374/0.21199439004249143
T24_Staurosporine_100nM_27,off_axis,data/off_axis_hologram/T24_Staurosporine_100nM_27_holo.tif,True,1,1024x1024,uint8,5,1193106,2026-09-16T09:09:57+00:00,BitsPerSample;Compression;FillOrder;ImageLength;ImageWidth;NewSubfileType;Orientation;PhotometricInterpretation;PlanarConfiguration;Predictor;ResolutionUnit;RowsPerStrip;SampleFormat;SamplesPerPixel;StripByteCounts;StripOffsets;XResolution;YResolution,False,False,
T24_Staurosporine_100nM_27,gabor,data/in_line_gabor_hologram/T24_Staurosporine_100nM_27_gabor.tif,True,1,1024x1024,uint8,5,511060,2026-09-16T09:08:17+00:00,BitsPerSample;Compression;FillOrder;ImageLength;ImageWidth;NewSubfileType;Orientation;PhotometricInterpretation;PlanarConfiguration;Predictor;ResolutionUnit;RowsPerStrip;SampleFormat;SamplesPerPixel;StripByteCounts;StripOffsets;XResolution;YResolution,False,False,
T24_Staurosporine_100nM_27,phase,data/phase/T24_Staurosporine_100nM_27_phase.bin,True,,900x900,float32,,3240023,,,,,0.2848713904768374/0.21199439004249143
T24_Staurosporine_100nM_28,off_axis,data/off_axis_hologram/T24_Staurosporine_100nM_28_holo.tif,True,1,1024x1024,uint8,5,1188226,2026-09-16T09:09:57+00:00,BitsPerSample;Compression;FillOrder;ImageLength;ImageWidth;NewSubfileType;Orientation;PhotometricInterpretation;PlanarConfiguration;Predictor;ResolutionUnit;RowsPerStrip;SampleFormat;SamplesPerPixel;StripByteCounts;StripOffsets;XResolution;YResolution,False,False,
T24_Staurosporine_100nM_28,gabor,data/in_line_gabor_hologram/T24_Staurosporine_100nM_28_gabor.tif,True,1,1024x1024,uint8,5,503308,2026-09-16T09:08:17+00:00,BitsPerSample;Compression;FillOrder;ImageLength;ImageWidth;NewSubfileType;Orientation;PhotometricInterpretation;PlanarConfiguration;Predictor;ResolutionUnit;RowsPerStrip;SampleFormat;SamplesPerPixel;StripByteCounts;StripOffsets;XResolution;YResolution,False,False,
T24_Staurosporine_100nM_28,phase,data/phase/T24_Staurosporine_100nM_28_phase.bin,True,,900x900,float32,,3240023,,,,,0.2848713904768374/0.21199439004249143
T24_Staurosporine_100nM_29,off_axis,data/off_axis_hologram/T24_Staurosporine_100nM_29_holo.tif,True,1,1024x1024,uint8,5,1184572,2026-09-16T09:09:57+00:00,BitsPerSample;Compression;FillOrder;ImageLength;ImageWidth;NewSubfileType;Orientation;PhotometricInterpretation;PlanarConfiguration;Predictor;ResolutionUnit;RowsPerStrip;SampleFormat;SamplesPerPixel;StripByteCounts;StripOffsets;XResolution;YResolution,False,False,
T24_Staurosporine_100nM_29,gabor,data/in_line_gabor_hologram/T24_Staurosporine_100nM_29_gabor.tif,True,1,1024x1024,uint8,5,493268,2026-09-16T09:08:17+00:00,BitsPerSample;Compression;FillOrder;ImageLength;ImageWidth;NewSubfileType;Orientation;PhotometricInterpretation;PlanarConfiguration;Predictor;ResolutionUnit;RowsPerStrip;SampleFormat;SamplesPerPixel;StripByteCounts;StripOffsets;XResolution;YResolution,False,False,
T24_Staurosporine_100nM_29,phase,data/phase/T24_Staurosporine_100nM_29_phase.bin,True,,900x900,float32,,3240023,,,,,0.2848713904768374/0.21199439004249143
T24_Staurosporine_100nM_30,off_axis,data/off_axis_hologram/T24_Staurosporine_100nM_30_holo.tif,True,1,1024x1024,uint8,5,1182676,2026-09-16T09:09:57+00:00,BitsPerSample;Compression;FillOrder;ImageLength;ImageWidth;NewSubfileType;Orientation;PhotometricInterpretation;PlanarConfiguration;Predictor;ResolutionUnit;RowsPerStrip;SampleFormat;SamplesPerPixel;StripByteCounts;StripOffsets;XResolution;YResolution,False,False,
T24_Staurosporine_100nM_30,gabor,data/in_line_gabor_hologram/T24_Staurosporine_100nM_30_gabor.tif,True,1,1024x1024,uint8,5,498018,2026-09-16T09:08:17+00:00,BitsPerSample;Compression;FillOrder;ImageLength;ImageWidth;NewSubfileType;Orientation;PhotometricInterpretation;PlanarConfiguration;Predictor;ResolutionUnit;RowsPerStrip;SampleFormat;SamplesPerPixel;StripByteCounts;StripOffsets;XResolution;YResolution,False,False,
T24_Staurosporine_100nM_30,phase,data/phase/T24_Staurosporine_100nM_30_phase.bin,True,,900x900,float32,,3240023,,,,,0.2848713904768374/0.21199439004249143
T24_Staurosporine_100nM_31,off_axis,data/off_axis_hologram/T24_Staurosporine_100nM_31_holo.tif,True,1,1024x1024,uint8,5,1183486,2026-09-16T09:09:57+00:00,BitsPerSample;Compression;FillOrder;ImageLength;ImageWidth;NewSubfileType;Orientation;PhotometricInterpretation;PlanarConfiguration;Predictor;ResolutionUnit;RowsPerStrip;SampleFormat;SamplesPerPixel;StripByteCounts;StripOffsets;XResolution;YResolution,False,False,
T24_Staurosporine_100nM_31,gabor,data/in_line_gabor_hologram/T24_Staurosporine_100nM_31_gabor.tif,True,1,1024x1024,uint8,5,495180,2026-09-16T09:08:17+00:00,BitsPerSample;Compression;FillOrder;ImageLength;ImageWidth;NewSubfileType;Orientation;PhotometricInterpretation;PlanarConfiguration;Predictor;ResolutionUnit;RowsPerStrip;SampleFormat;SamplesPerPixel;StripByteCounts;StripOffsets;XResolution;YResolution,False,False,
T24_Staurosporine_100nM_31,phase,data/phase/T24_Staurosporine_100nM_31_phase.bin,True,,900x900,float32,,3240023,,,,,0.2848713904768374/0.21199439004249143
T24_Staurosporine_100nM_32,off_axis,data/off_axis_hologram/T24_Staurosporine_100nM_32_holo.tif,True,1,1024x1024,uint8,5,1177150,2026-09-16T09:09:57+00:00,BitsPerSample;Compression;FillOrder;ImageLength;ImageWidth;NewSubfileType;Orientation;PhotometricInterpretation;PlanarConfiguration;Predictor;ResolutionUnit;RowsPerStrip;SampleFormat;SamplesPerPixel;StripByteCounts;StripOffsets;XResolution;YResolution,False,False,
T24_Staurosporine_100nM_32,gabor,data/in_line_gabor_hologram/T24_Staurosporine_100nM_32_gabor.tif,True,1,1024x1024,uint8,5,486554,2026-09-16T09:08:17+00:00,BitsPerSample;Compression;FillOrder;ImageLength;ImageWidth;NewSubfileType;Orientation;PhotometricInterpretation;PlanarConfiguration;Predictor;ResolutionUnit;RowsPerStrip;SampleFormat;SamplesPerPixel;StripByteCounts;StripOffsets;XResolution;YResolution,False,False,
T24_Staurosporine_100nM_32,phase,data/phase/T24_Staurosporine_100nM_32_phase.bin,True,,900x900,float32,,3240023,,,,,0.2848713904768374/0.21199439004249143
T24_Staurosporine_100nM_33,off_axis,data/off_axis_hologram/T24_Staurosporine_100nM_33_holo.tif,True,1,1024x1024,uint8,5,1185210,2026-09-16T09:09:57+00:00,BitsPerSample;Compression;FillOrder;ImageLength;ImageWidth;NewSubfileType;Orientation;PhotometricInterpretation;PlanarConfiguration;Predictor;ResolutionUnit;RowsPerStrip;SampleFormat;SamplesPerPixel;StripByteCounts;StripOffsets;XResolution;YResolution,False,False,
T24_Staurosporine_100nM_33,gabor,data/in_line_gabor_hologram/T24_Staurosporine_100nM_33_gabor.tif,True,1,1024x1024,uint8,5,506526,2026-09-16T09:08:17+00:00,BitsPerSample;Compression;FillOrder;ImageLength;ImageWidth;NewSubfileType;Orientation;PhotometricInterpretation;PlanarConfiguration;Predictor;ResolutionUnit;RowsPerStrip;SampleFormat;SamplesPerPixel;StripByteCounts;StripOffsets;XResolution;YResolution,False,False,
T24_Staurosporine_100nM_33,phase,data/phase/T24_Staurosporine_100nM_33_phase.bin,True,,900x900,float32,,3240023,,,,,0.2848713904768374/0.21199439004249143
T24_Staurosporine_100nM_34,off_axis,data/off_axis_hologram/T24_Staurosporine_100nM_34_holo.tif,True,1,1024x1024,uint8,5,1175264,2026-09-16T09:09:57+00:00,BitsPerSample;Compression;FillOrder;ImageLength;ImageWidth;NewSubfileType;Orientation;PhotometricInterpretation;PlanarConfiguration;Predictor;ResolutionUnit;RowsPerStrip;SampleFormat;SamplesPerPixel;StripByteCounts;StripOffsets;XResolution;YResolution,False,False,
T24_Staurosporine_100nM_34,gabor,data/in_line_gabor_hologram/T24_Staurosporine_100nM_34_gabor.tif,True,1,1024x1024,uint8,5,487926,2026-09-16T09:08:17+00:00,BitsPerSample;Compression;FillOrder;ImageLength;ImageWidth;NewSubfileType;Orientation;PhotometricInterpretation;PlanarConfiguration;Predictor;ResolutionUnit;RowsPerStrip;SampleFormat;SamplesPerPixel;StripByteCounts;StripOffsets;XResolution;YResolution,False,False,
T24_Staurosporine_100nM_34,phase,data/phase/T24_Staurosporine_100nM_34_phase.bin,True,,900x900,float32,,3240023,,,,,0.2848713904768374/0.21199439004249143
T24_Staurosporine_100nM_35,off_axis,data/off_axis_hologram/T24_Staurosporine_100nM_35_holo.tif,True,1,1024x1024,uint8,5,264212,2026-09-16T09:09:57+00:00,BitsPerSample;Compression;FillOrder;ImageLength;ImageWidth;NewSubfileType;Orientation;PhotometricInterpretation;PlanarConfiguration;Predictor;ResolutionUnit;RowsPerStrip;SampleFormat;SamplesPerPixel;StripByteCounts;StripOffsets;XResolution;YResolution,False,False,
T24_Staurosporine_100nM_35,gabor,data/in_line_gabor_hologram/T24_Staurosporine_100nM_35_gabor.tif,True,1,1024x1024,uint8,5,493268,2026-09-16T09:08:17+00:00,BitsPerSample;Compression;FillOrder;ImageLength;ImageWidth;NewSubfileType;Orientation;PhotometricInterpretation;PlanarConfiguration;Predictor;ResolutionUnit;RowsPerStrip;SampleFormat;SamplesPerPixel;StripByteCounts;StripOffsets;XResolution;YResolution,False,False,
T24_Staurosporine_100nM_35,phase,data/phase/T24_Staurosporine_100nM_35_phase.bin,True,,900x900,float32,,3240023,,,,,0.2848713904768374/0.21199439004249143
T24_Staurosporine_100nM_36,off_axis,data/off_axis_hologram/T24_Staurosporine_100nM_36_holo.tif,True,1,1024x1024,uint8,5,1172918,2026-09-16T09:09:57+00:00,BitsPerSample;Compression;FillOrder;ImageLength;ImageWidth;NewSubfileType;Orientation;PhotometricInterpretation;PlanarConfiguration;Predictor;ResolutionUnit;RowsPerStrip;SampleFormat;SamplesPerPixel;StripByteCounts;StripOffsets;XResolution;YResolution,False,False,
T24_Staurosporine_100nM_36,gabor,data/in_line_gabor_hologram/T24_Staurosporine_100nM_36_gabor.tif,True,1,1024x1024,uint8,5,486280,2026-09-16T09:08:17+00:00,BitsPerSample;Compression;FillOrder;ImageLength;ImageWidth;NewSubfileType;Orientation;PhotometricInterpretation;PlanarConfiguration;Predictor;ResolutionUnit;RowsPerStrip;SampleFormat;SamplesPerPixel;StripByteCounts;StripOffsets;XResolution;YResolution,False,False,
T24_Staurosporine_100nM_36,phase,data/phase/T24_Staurosporine_100nM_36_phase.bin,True,,900x900,float32,,3240023,,,,,0.2848713904768374/0.21199439004249143
T24_Staurosporine_100nM_37,off_axis,data/off_axis_hologram/T24_Staurosporine_100nM_37_holo.tif,True,1,1024x1024,uint8,5,1178004,2026-09-16T09:09:57+00:00,BitsPerSample;Compression;FillOrder;ImageLength;ImageWidth;NewSubfileType;Orientation;PhotometricInterpretation;PlanarConfiguration;Predictor;ResolutionUnit;RowsPerStrip;SampleFormat;SamplesPerPixel;StripByteCounts;StripOffsets;XResolution;YResolution,False,False,
T24_Staurosporine_100nM_37,gabor,data/in_line_gabor_hologram/T24_Staurosporine_100nM_37_gabor.tif,True,1,1024x1024,uint8,5,509442,2026-09-16T09:08:17+00:00,BitsPerSample;Compression;FillOrder;ImageLength;ImageWidth;NewSubfileType;Orientation;PhotometricInterpretation;PlanarConfiguration;Predictor;ResolutionUnit;RowsPerStrip;SampleFormat;SamplesPerPixel;StripByteCounts;StripOffsets;XResolution;YResolution,False,False,
T24_Staurosporine_100nM_37,phase,data/phase/T24_Staurosporine_100nM_37_phase.bin,True,,900x900,float32,,3240023,,,,,0.2848713904768374/0.21199439004249143
T24_Staurosporine_100nM_38,off_axis,data/off_axis_hologram/T24_Staurosporine_100nM_38_holo.tif,True,1,1024x1024,uint8,5,1170454,2026-09-16T09:09:57+00:00,BitsPerSample;Compression;FillOrder;ImageLength;ImageWidth;NewSubfileType;Orientation;PhotometricInterpretation;PlanarConfiguration;Predictor;ResolutionUnit;RowsPerStrip;SampleFormat;SamplesPerPixel;StripByteCounts;StripOffsets;XResolution;YResolution,False,False,
T24_Staurosporine_100nM_38,gabor,data/in_line_gabor_hologram/T24_Staurosporine_100nM_38_gabor.tif,True,1,1024x1024,uint8,5,495844,2026-09-16T09:08:17+00:00,BitsPerSample;Compression;FillOrder;ImageLength;ImageWidth;NewSubfileType;Orientation;PhotometricInterpretation;PlanarConfiguration;Predictor;ResolutionUnit;RowsPerStrip;SampleFormat;SamplesPerPixel;StripByteCounts;StripOffsets;XResolution;YResolution,False,False,
T24_Staurosporine_100nM_38,phase,data/phase/T24_Staurosporine_100nM_38_phase.bin,True,,900x900,float32,,3240023,,,,,0.2848713904768374/0.21199439004249143
T24_Staurosporine_100nM_39,off_axis,data/off_axis_hologram/T24_Staurosporine_100nM_39_holo.tif,True,1,1024x1024,uint8,5,1167818,2026-09-16T09:09:58+00:00,BitsPerSample;Compression;FillOrder;ImageLength;ImageWidth;NewSubfileType;Orientation;PhotometricInterpretation;PlanarConfiguration;Predictor;ResolutionUnit;RowsPerStrip;SampleFormat;SamplesPerPixel;StripByteCounts;StripOffsets;XResolution;YResolution,False,False,
T24_Staurosporine_100nM_39,gabor,data/in_line_gabor_hologram/T24_Staurosporine_100nM_39_gabor.tif,True,1,1024x1024,uint8,5,511138,2026-09-16T09:08:17+00:00,BitsPerSample;Compression;FillOrder;ImageLength;ImageWidth;NewSubfileType;Orientation;PhotometricInterpretation;PlanarConfiguration;Predictor;ResolutionUnit;RowsPerStrip;SampleFormat;SamplesPerPixel;StripByteCounts;StripOffsets;XResolution;YResolution,False,False,
T24_Staurosporine_100nM_39,phase,data/phase/T24_Staurosporine_100nM_39_phase.bin,True,,900x900,float32,,3240023,,,,,0.2848713904768374/0.21199439004249143
T24_Staurosporine_100nM_40,off_axis,data/off_axis_hologram/T24_Staurosporine_100nM_40_holo.tif,True,1,1024x1024,uint8,5,1179792,2026-09-16T09:09:58+00:00,BitsPerSample;Compression;FillOrder;ImageLength;ImageWidth;NewSubfileType;Orientation;PhotometricInterpretation;PlanarConfiguration;Predictor;ResolutionUnit;RowsPerStrip;SampleFormat;SamplesPerPixel;StripByteCounts;StripOffsets;XResolution;YResolution,False,False,
T24_Staurosporine_100nM_40,gabor,data/in_line_gabor_hologram/T24_Staurosporine_100nM_40_gabor.tif,True,1,1024x1024,uint8,5,505058,2026-09-16T09:08:17+00:00,BitsPerSample;Compression;FillOrder;ImageLength;ImageWidth;NewSubfileType;Orientation;PhotometricInterpretation;PlanarConfiguration;Predictor;ResolutionUnit;RowsPerStrip;SampleFormat;SamplesPerPixel;StripByteCounts;StripOffsets;XResolution;YResolution,False,False,
T24_Staurosporine_100nM_40,phase,data/phase/T24_Staurosporine_100nM_40_phase.bin,True,,900x900,float32,,3240023,,,,,0.2848713904768374/0.21199439004249143
T24_Staurosporine_100nM_41,off_axis,data/off_axis_hologram/T24_Staurosporine_100nM_41_holo.tif,True,1,1024x1024,uint8,5,1180224,2026-09-16T09:09:58+00:00,BitsPerSample;Compression;FillOrder;ImageLength;ImageWidth;NewSubfileType;Orientation;PhotometricInterpretation;PlanarConfiguration;Predictor;ResolutionUnit;RowsPerStrip;SampleFormat;SamplesPerPixel;StripByteCounts;StripOffsets;XResolution;YResolution,False,False,
T24_Staurosporine_100nM_41,gabor,data/in_line_gabor_hologram/T24_Staurosporine_100nM_41_gabor.tif,True,1,1024x1024,uint8,5,503368,2026-09-16T09:08:17+00:00,BitsPerSample;Compression;FillOrder;ImageLength;ImageWidth;NewSubfileType;Orientation;PhotometricInterpretation;PlanarConfiguration;Predictor;ResolutionUnit;RowsPerStrip;SampleFormat;SamplesPerPixel;StripByteCounts;StripOffsets;XResolution;YResolution,False,False,
T24_Staurosporine_100nM_41,phase,data/phase/T24_Staurosporine_100nM_41_phase.bin,True,,900x900,float32,,3240023,,,,,0.2848713904768374/0.21199439004249143
T24_Staurosporine_100nM_42,off_axis,data/off_axis_hologram/T24_Staurosporine_100nM_42_holo.tif,True,1,1024x1024,uint8,5,1184826,2026-09-16T09:09:58+00:00,BitsPerSample;Compression;FillOrder;ImageLength;ImageWidth;NewSubfileType;Orientation;PhotometricInterpretation;PlanarConfiguration;Predictor;ResolutionUnit;RowsPerStrip;SampleFormat;SamplesPerPixel;StripByteCounts;StripOffsets;XResolution;YResolution,False,False,
T24_Staurosporine_100nM_42,gabor,data/in_line_gabor_hologram/T24_Staurosporine_100nM_42_gabor.tif,True,1,1024x1024,uint8,5,507680,2026-09-16T09:08:17+00:00,BitsPerSample;Compression;FillOrder;ImageLength;ImageWidth;NewSubfileType;Orientation;PhotometricInterpretation;PlanarConfiguration;Predictor;ResolutionUnit;RowsPerStrip;SampleFormat;SamplesPerPixel;StripByteCounts;StripOffsets;XResolution;YResolution,False,False,
T24_Staurosporine_100nM_42,phase,data/phase/T24_Staurosporine_100nM_42_phase.bin,True,,900x900,float32,,3240023,,,,,0.2848713904768374/0.21199439004249143
T24_Staurosporine_100nM_43,off_axis,data/off_axis_hologram/T24_Staurosporine_100nM_43_holo.tif,True,1,1024x1024,uint8,5,1184846,2026-09-16T09:09:58+00:00,BitsPerSample;Compression;FillOrder;ImageLength;ImageWidth;NewSubfileType;Orientation;PhotometricInterpretation;PlanarConfiguration;Predictor;ResolutionUnit;RowsPerStrip;SampleFormat;SamplesPerPixel;StripByteCounts;StripOffsets;XResolution;YResolution,False,False,
T24_Staurosporine_100nM_43,gabor,data/in_line_gabor_hologram/T24_Staurosporine_100nM_43_gabor.tif,True,1,1024x1024,uint8,5,501176,2026-09-16T09:08:17+00:00,BitsPerSample;Compression;FillOrder;ImageLength;ImageWidth;NewSubfileType;Orientation;PhotometricInterpretation;PlanarConfiguration;Predictor;ResolutionUnit;RowsPerStrip;SampleFormat;SamplesPerPixel;StripByteCounts;StripOffsets;XResolution;YResolution,False,False,
T24_Staurosporine_100nM_43,phase,data/phase/T24_Staurosporine_100nM_43_phase.bin,True,,900x900,float32,,3240023,,,,,0.2848713904768374/0.21199439004249143
T24_Staurosporine_100nM_44,off_axis,data/off_axis_hologram/T24_Staurosporine_100nM_44_holo.tif,True,1,1024x1024,uint8,5,1181634,2026-09-16T09:09:58+00:00,BitsPerSample;Compression;FillOrder;ImageLength;ImageWidth;NewSubfileType;Orientation;PhotometricInterpretation;PlanarConfiguration;Predictor;ResolutionUnit;RowsPerStrip;SampleFormat;SamplesPerPixel;StripByteCounts;StripOffsets;XResolution;YResolution,False,False,
T24_Staurosporine_100nM_44,gabor,data/in_line_gabor_hologram/T24_Staurosporine_100nM_44_gabor.tif,True,1,1024x1024,uint8,5,491748,2026-09-16T09:08:17+00:00,BitsPerSample;Compression;FillOrder;ImageLength;ImageWidth;NewSubfileType;Orientation;PhotometricInterpretation;PlanarConfiguration;Predictor;ResolutionUnit;RowsPerStrip;SampleFormat;SamplesPerPixel;StripByteCounts;StripOffsets;XResolution;YResolution,False,False,
T24_Staurosporine_100nM_44,phase,data/phase/T24_Staurosporine_100nM_44_phase.bin,True,,900x900,float32,,3240023,,,,,0.2848713904768374/0.21199439004249143
T24_Staurosporine_100nM_45,off_axis,data/off_axis_hologram/T24_Staurosporine_100nM_45_holo.tif,True,1,1024x1024,uint8,5,1190728,2026-09-16T09:09:58+00:00,BitsPerSample;Compression;FillOrder;ImageLength;ImageWidth;NewSubfileType;Orientation;PhotometricInterpretation;PlanarConfiguration;Predictor;ResolutionUnit;RowsPerStrip;SampleFormat;SamplesPerPixel;StripByteCounts;StripOffsets;XResolution;YResolution,False,False,
T24_Staurosporine_100nM_45,gabor,data/in_line_gabor_hologram/T24_Staurosporine_100nM_45_gabor.tif,True,1,1024x1024,uint8,5,505352,2026-09-16T09:08:17+00:00,BitsPerSample;Compression;FillOrder;ImageLength;ImageWidth;NewSubfileType;Orientation;PhotometricInterpretation;PlanarConfiguration;Predictor;ResolutionUnit;RowsPerStrip;SampleFormat;SamplesPerPixel;StripByteCounts;StripOffsets;XResolution;YResolution,False,False,
T24_Staurosporine_100nM_45,phase,data/phase/T24_Staurosporine_100nM_45_phase.bin,True,,900x900,float32,,3240023,,,,,0.2848713904768374/0.21199439004249143
T24_Staurosporine_100nM_46,off_axis,data/off_axis_hologram/T24_Staurosporine_100nM_46_holo.tif,True,1,1024x1024,uint8,5,1194464,2026-09-16T09:09:58+00:00,BitsPerSample;Compression;FillOrder;ImageLength;ImageWidth;NewSubfileType;Orientation;PhotometricInterpretation;PlanarConfiguration;Predictor;ResolutionUnit;RowsPerStrip;SampleFormat;SamplesPerPixel;StripByteCounts;StripOffsets;XResolution;YResolution,False,False,
T24_Staurosporine_100nM_46,gabor,data/in_line_gabor_hologram/T24_Staurosporine_100nM_46_gabor.tif,True,1,1024x1024,uint8,5,517712,2026-09-16T09:08:17+00:00,BitsPerSample;Compression;FillOrder;ImageLength;ImageWidth;NewSubfileType;Orientation;PhotometricInterpretation;PlanarConfiguration;Predictor;ResolutionUnit;RowsPerStrip;SampleFormat;SamplesPerPixel;StripByteCounts;StripOffsets;XResolution;YResolution,False,False,
T24_Staurosporine_100nM_46,phase,data/phase/T24_Staurosporine_100nM_46_phase.bin,True,,900x900,float32,,3240023,,,,,0.2848713904768374/0.21199439004249143
T24_Staurosporine_100nM_47,off_axis,data/off_axis_hologram/T24_Staurosporine_100nM_47_holo.tif,True,1,1024x1024,uint8,5,1189136,2026-09-16T09:09:58+00:00,BitsPerSample;Compression;FillOrder;ImageLength;ImageWidth;NewSubfileType;Orientation;PhotometricInterpretation;PlanarConfiguration;Predictor;ResolutionUnit;RowsPerStrip;SampleFormat;SamplesPerPixel;StripByteCounts;StripOffsets;XResolution;YResolution,False,False,
T24_Staurosporine_100nM_47,gabor,data/in_line_gabor_hologram/T24_Staurosporine_100nM_47_gabor.tif,True,1,1024x1024,uint8,5,508950,2026-09-16T09:08:17+00:00,BitsPerSample;Compression;FillOrder;ImageLength;ImageWidth;NewSubfileType;Orientation;PhotometricInterpretation;PlanarConfiguration;Predictor;ResolutionUnit;RowsPerStrip;SampleFormat;SamplesPerPixel;StripByteCounts;StripOffsets;XResolution;YResolution,False,False,
T24_Staurosporine_100nM_47,phase,data/phase/T24_Staurosporine_100nM_47_phase.bin,True,,900x900,float32,,3240023,,,,,0.2848713904768374/0.21199439004249143
T24_Staurosporine_100nM_48,off_axis,data/off_axis_hologram/T24_Staurosporine_100nM_48_holo.tif,True,1,1024x1024,uint8,5,1189658,2026-09-16T09:09:58+00:00,BitsPerSample;Compression;FillOrder;ImageLength;ImageWidth;NewSubfileType;Orientation;PhotometricInterpretation;PlanarConfiguration;Predictor;ResolutionUnit;RowsPerStrip;SampleFormat;SamplesPerPixel;StripByteCounts;StripOffsets;XResolution;YResolution,False,False,
T24_Staurosporine_100nM_48,gabor,data/in_line_gabor_hologram/T24_Staurosporine_100nM_48_gabor.tif,True,1,1024x1024,uint8,5,508968,2026-09-16T09:08:17+00:00,BitsPerSample;Compression;FillOrder;ImageLength;ImageWidth;NewSubfileType;Orientation;PhotometricInterpretation;PlanarConfiguration;Predictor;ResolutionUnit;RowsPerStrip;SampleFormat;SamplesPerPixel;StripByteCounts;StripOffsets;XResolution;YResolution,False,False,
T24_Staurosporine_100nM_48,phase,data/phase/T24_Staurosporine_100nM_48_phase.bin,True,,900x900,float32,,3240023,,,,,0.2848713904768374/0.21199439004249143
T24_Staurosporine_100nM_49,off_axis,data/off_axis_hologram/T24_Staurosporine_100nM_49_holo.tif,True,1,1024x1024,uint8,5,1195198,2026-09-16T09:09:58+00:00,BitsPerSample;Compression;FillOrder;ImageLength;ImageWidth;NewSubfileType;Orientation;PhotometricInterpretation;PlanarConfiguration;Predictor;ResolutionUnit;RowsPerStrip;SampleFormat;SamplesPerPixel;StripByteCounts;StripOffsets;XResolution;YResolution,False,False,
T24_Staurosporine_100nM_49,gabor,data/in_line_gabor_hologram/T24_Staurosporine_100nM_49_gabor.tif,True,1,1024x1024,uint8,5,518120,2026-09-16T09:08:17+00:00,BitsPerSample;Compression;FillOrder;ImageLength;ImageWidth;NewSubfileType;Orientation;PhotometricInterpretation;PlanarConfiguration;Predictor;ResolutionUnit;RowsPerStrip;SampleFormat;SamplesPerPixel;StripByteCounts;StripOffsets;XResolution;YResolution,False,False,
T24_Staurosporine_100nM_49,phase,data/phase/T24_Staurosporine_100nM_49_phase.bin,True,,900x900,float32,,3240023,,,,,0.2848713904768374/0.21199439004249143
T24_Staurosporine_100nM_50,off_axis,data/off_axis_hologram/T24_Staurosporine_100nM_50_holo.tif,True,1,1024x1024,uint8,5,1180860,2026-09-16T09:09:58+00:00,BitsPerSample;Compression;FillOrder;ImageLength;ImageWidth;NewSubfileType;Orientation;PhotometricInterpretation;PlanarConfiguration;Predictor;ResolutionUnit;RowsPerStrip;SampleFormat;SamplesPerPixel;StripByteCounts;StripOffsets;XResolution;YResolution,False,False,
T24_Staurosporine_100nM_50,gabor,data/in_line_gabor_hologram/T24_Staurosporine_100nM_50_gabor.tif,True,1,1024x1024,uint8,5,494344,2026-09-16T09:08:17+00:00,BitsPerSample;Compression;FillOrder;ImageLength;ImageWidth;NewSubfileType;Orientation;PhotometricInterpretation;PlanarConfiguration;Predictor;ResolutionUnit;RowsPerStrip;SampleFormat;SamplesPerPixel;StripByteCounts;StripOffsets;XResolution;YResolution,False,False,
T24_Staurosporine_100nM_50,phase,data/phase/T24_Staurosporine_100nM_50_phase.bin,True,,900x900,float32,,3240023,,,,,0.2848713904768374/0.21199439004249143
T24_rotenone_500nM_01,off_axis,data/off_axis_hologram/T24_rotenone_500nM_01_holo.tif,True,1,1024x1024,uint8,5,1252750,2026-09-16T09:09:57+00:00,BitsPerSample;Compression;FillOrder;ImageLength;ImageWidth;NewSubfileType;Orientation;PhotometricInterpretation;PlanarConfiguration;Predictor;ResolutionUnit;RowsPerStrip;SampleFormat;SamplesPerPixel;StripByteCounts;StripOffsets;XResolution;YResolution,False,False,
T24_rotenone_500nM_01,gabor,data/in_line_gabor_hologram/T24_rotenone_500nM_01_gabor.tif,True,1,1024x1024,uint8,5,577588,2026-09-16T09:08:16+00:00,BitsPerSample;Compression;FillOrder;ImageLength;ImageWidth;NewSubfileType;Orientation;PhotometricInterpretation;PlanarConfiguration;Predictor;ResolutionUnit;RowsPerStrip;SampleFormat;SamplesPerPixel;StripByteCounts;StripOffsets;XResolution;YResolution,False,False,
T24_rotenone_500nM_01,phase,data/phase/T24_rotenone_500nM_01_phase.bin,True,,900x900,float32,,3240023,,,,,0.2848713904768374/0.21199439004249143
T24_rotenone_500nM_02,off_axis,data/off_axis_hologram/T24_rotenone_500nM_02_holo.tif,True,1,1024x1024,uint8,5,1240374,2026-09-16T09:09:57+00:00,BitsPerSample;Compression;FillOrder;ImageLength;ImageWidth;NewSubfileType;Orientation;PhotometricInterpretation;PlanarConfiguration;Predictor;ResolutionUnit;RowsPerStrip;SampleFormat;SamplesPerPixel;StripByteCounts;StripOffsets;XResolution;YResolution,False,False,
T24_rotenone_500nM_02,gabor,data/in_line_gabor_hologram/T24_rotenone_500nM_02_gabor.tif,True,1,1024x1024,uint8,5,551410,2026-09-16T09:08:16+00:00,BitsPerSample;Compression;FillOrder;ImageLength;ImageWidth;NewSubfileType;Orientation;PhotometricInterpretation;PlanarConfiguration;Predictor;ResolutionUnit;RowsPerStrip;SampleFormat;SamplesPerPixel;StripByteCounts;StripOffsets;XResolution;YResolution,False,False,
T24_rotenone_500nM_02,phase,data/phase/T24_rotenone_500nM_02_phase.bin,True,,900x900,float32,,3240023,,,,,0.2848713904768374/0.21199439004249143
T24_rotenone_500nM_03,off_axis,data/off_axis_hologram/T24_rotenone_500nM_03_holo.tif,True,1,1024x1024,uint8,5,1255202,2026-09-16T09:09:57+00:00,BitsPerSample;Compression;FillOrder;ImageLength;ImageWidth;NewSubfileType;Orientation;PhotometricInterpretation;PlanarConfiguration;Predictor;ResolutionUnit;RowsPerStrip;SampleFormat;SamplesPerPixel;StripByteCounts;StripOffsets;XResolution;YResolution,False,False,
T24_rotenone_500nM_03,gabor,data/in_line_gabor_hologram/T24_rotenone_500nM_03_gabor.tif,True,1,1024x1024,uint8,5,584932,2026-09-16T09:08:16+00:00,BitsPerSample;Compression;FillOrder;ImageLength;ImageWidth;NewSubfileType;Orientation;PhotometricInterpretation;PlanarConfiguration;Predictor;ResolutionUnit;RowsPerStrip;SampleFormat;SamplesPerPixel;StripByteCounts;StripOffsets;XResolution;YResolution,False,False,
T24_rotenone_500nM_03,phase,data/phase/T24_rotenone_500nM_03_phase.bin,True,,900x900,float32,,3240023,,,,,0.2848713904768374/0.21199439004249143
T24_rotenone_500nM_04,off_axis,data/off_axis_hologram/T24_rotenone_500nM_04_holo.tif,True,1,1024x1024,uint8,5,1250564,2026-09-16T09:09:57+00:00,BitsPerSample;Compression;FillOrder;ImageLength;ImageWidth;NewSubfileType;Orientation;PhotometricInterpretation;PlanarConfiguration;Predictor;ResolutionUnit;RowsPerStrip;SampleFormat;SamplesPerPixel;StripByteCounts;StripOffsets;XResolution;YResolution,False,False,
T24_rotenone_500nM_04,gabor,data/in_line_gabor_hologram/T24_rotenone_500nM_04_gabor.tif,True,1,1024x1024,uint8,5,574724,2026-09-16T09:08:16+00:00,BitsPerSample;Compression;FillOrder;ImageLength;ImageWidth;NewSubfileType;Orientation;PhotometricInterpretation;PlanarConfiguration;Predictor;ResolutionUnit;RowsPerStrip;SampleFormat;SamplesPerPixel;StripByteCounts;StripOffsets;XResolution;YResolution,False,False,
T24_rotenone_500nM_04,phase,data/phase/T24_rotenone_500nM_04_phase.bin,True,,900x900,float32,,3240023,,,,,0.2848713904768374/0.21199439004249143
T24_rotenone_500nM_05,off_axis,data/off_axis_hologram/T24_rotenone_500nM_05_holo.tif,True,1,1024x1024,uint8,5,1239596,2026-09-16T09:09:57+00:00,BitsPerSample;Compression;FillOrder;ImageLength;ImageWidth;NewSubfileType;Orientation;PhotometricInterpretation;PlanarConfiguration;Predictor;ResolutionUnit;RowsPerStrip;SampleFormat;SamplesPerPixel;StripByteCounts;StripOffsets;XResolution;YResolution,False,False,
T24_rotenone_500nM_05,gabor,data/in_line_gabor_hologram/T24_rotenone_500nM_05_gabor.tif,True,1,1024x1024,uint8,5,554390,2026-09-16T09:08:16+00:00,BitsPerSample;Compression;FillOrder;ImageLength;ImageWidth;NewSubfileType;Orientation;PhotometricInterpretation;PlanarConfiguration;Predictor;ResolutionUnit;RowsPerStrip;SampleFormat;SamplesPerPixel;StripByteCounts;StripOffsets;XResolution;YResolution,False,False,
T24_rotenone_500nM_05,phase,data/phase/T24_rotenone_500nM_05_phase.bin,True,,900x900,float32,,3240023,,,,,0.2848713904768374/0.21199439004249143
T24_rotenone_500nM_06,off_axis,data/off_axis_hologram/T24_rotenone_500nM_06_holo.tif,True,1,1024x1024,uint8,5,310238,2026-09-16T09:09:57+00:00,BitsPerSample;Compression;FillOrder;ImageLength;ImageWidth;NewSubfileType;Orientation;PhotometricInterpretation;PlanarConfiguration;Predictor;ResolutionUnit;RowsPerStrip;SampleFormat;SamplesPerPixel;StripByteCounts;StripOffsets;XResolution;YResolution,False,False,
T24_rotenone_500nM_06,gabor,data/in_line_gabor_hologram/T24_rotenone_500nM_06_gabor.tif,True,1,1024x1024,uint8,5,552062,2026-09-16T09:08:16+00:00,BitsPerSample;Compression;FillOrder;ImageLength;ImageWidth;NewSubfileType;Orientation;PhotometricInterpretation;PlanarConfiguration;Predictor;ResolutionUnit;RowsPerStrip;SampleFormat;SamplesPerPixel;StripByteCounts;StripOffsets;XResolution;YResolution,False,False,
T24_rotenone_500nM_06,phase,data/phase/T24_rotenone_500nM_06_phase.bin,True,,900x900,float32,,3240023,,,,,0.2848713904768374/0.21199439004249143
T24_rotenone_500nM_07,off_axis,data/off_axis_hologram/T24_rotenone_500nM_07_holo.tif,True,1,1024x1024,uint8,5,1240478,2026-09-16T09:09:57+00:00,BitsPerSample;Compression;FillOrder;ImageLength;ImageWidth;NewSubfileType;Orientation;PhotometricInterpretation;PlanarConfiguration;Predictor;ResolutionUnit;RowsPerStrip;SampleFormat;SamplesPerPixel;StripByteCounts;StripOffsets;XResolution;YResolution,False,False,
T24_rotenone_500nM_07,gabor,data/in_line_gabor_hologram/T24_rotenone_500nM_07_gabor.tif,True,1,1024x1024,uint8,5,552230,2026-09-16T09:08:16+00:00,BitsPerSample;Compression;FillOrder;ImageLength;ImageWidth;NewSubfileType;Orientation;PhotometricInterpretation;PlanarConfiguration;Predictor;ResolutionUnit;RowsPerStrip;SampleFormat;SamplesPerPixel;StripByteCounts;StripOffsets;XResolution;YResolution,False,False,
T24_rotenone_500nM_07,phase,data/phase/T24_rotenone_500nM_07_phase.bin,True,,900x900,float32,,3240023,,,,,0.2848713904768374/0.21199439004249143
T24_rotenone_500nM_08,off_axis,data/off_axis_hologram/T24_rotenone_500nM_08_holo.tif,True,1,1024x1024,uint8,5,1236252,2026-09-16T09:09:57+00:00,BitsPerSample;Compression;FillOrder;ImageLength;ImageWidth;NewSubfileType;Orientation;PhotometricInterpretation;PlanarConfiguration;Predictor;ResolutionUnit;RowsPerStrip;SampleFormat;SamplesPerPixel;StripByteCounts;StripOffsets;XResolution;YResolution,False,False,
T24_rotenone_500nM_08,gabor,data/in_line_gabor_hologram/T24_rotenone_500nM_08_gabor.tif,True,1,1024x1024,uint8,5,538094,2026-09-16T09:08:16+00:00,BitsPerSample;Compression;FillOrder;ImageLength;ImageWidth;NewSubfileType;Orientation;PhotometricInterpretation;PlanarConfiguration;Predictor;ResolutionUnit;RowsPerStrip;SampleFormat;SamplesPerPixel;StripByteCounts;StripOffsets;XResolution;YResolution,False,False,
T24_rotenone_500nM_08,phase,data/phase/T24_rotenone_500nM_08_phase.bin,True,,900x900,float32,,3240023,,,,,0.2848713904768374/0.21199439004249143
T24_rotenone_500nM_09,off_axis,data/off_axis_hologram/T24_rotenone_500nM_09_holo.tif,True,1,1024x1024,uint8,5,1240032,2026-09-16T09:09:57+00:00,BitsPerSample;Compression;FillOrder;ImageLength;ImageWidth;NewSubfileType;Orientation;PhotometricInterpretation;PlanarConfiguration;Predictor;ResolutionUnit;RowsPerStrip;SampleFormat;SamplesPerPixel;StripByteCounts;StripOffsets;XResolution;YResolution,False,False,
T24_rotenone_500nM_09,gabor,data/in_line_gabor_hologram/T24_rotenone_500nM_09_gabor.tif,True,1,1024x1024,uint8,5,543950,2026-09-16T09:08:16+00:00,BitsPerSample;Compression;FillOrder;ImageLength;ImageWidth;NewSubfileType;Orientation;PhotometricInterpretation;PlanarConfiguration;Predictor;ResolutionUnit;RowsPerStrip;SampleFormat;SamplesPerPixel;StripByteCounts;StripOffsets;XResolution;YResolution,False,False,
T24_rotenone_500nM_09,phase,data/phase/T24_rotenone_500nM_09_phase.bin,True,,900x900,float32,,3240023,,,,,0.2848713904768374/0.21199439004249143
T24_rotenone_500nM_10,off_axis,data/off_axis_hologram/T24_rotenone_500nM_10_holo.tif,True,1,1024x1024,uint8,5,1238450,2026-09-16T09:09:57+00:00,BitsPerSample;Compression;FillOrder;ImageLength;ImageWidth;NewSubfileType;Orientation;PhotometricInterpretation;PlanarConfiguration;Predictor;ResolutionUnit;RowsPerStrip;SampleFormat;SamplesPerPixel;StripByteCounts;StripOffsets;XResolution;YResolution,False,False,
T24_rotenone_500nM_10,gabor,data/in_line_gabor_hologram/T24_rotenone_500nM_10_gabor.tif,True,1,1024x1024,uint8,5,542518,2026-09-16T09:08:16+00:00,BitsPerSample;Compression;FillOrder;ImageLength;ImageWidth;NewSubfileType;Orientation;PhotometricInterpretation;PlanarConfiguration;Predictor;ResolutionUnit;RowsPerStrip;SampleFormat;SamplesPerPixel;StripByteCounts;StripOffsets;XResolution;YResolution,False,False,
T24_rotenone_500nM_10,phase,data/phase/T24_rotenone_500nM_10_phase.bin,True,,900x900,float32,,3240023,,,,,0.2848713904768374/0.21199439004249143
T24_rotenone_500nM_11,off_axis,data/off_axis_hologram/T24_rotenone_500nM_11_holo.tif,True,1,1024x1024,uint8,5,1237160,2026-09-16T09:09:57+00:00,BitsPerSample;Compression;FillOrder;ImageLength;ImageWidth;NewSubfileType;Orientation;PhotometricInterpretation;PlanarConfiguration;Predictor;ResolutionUnit;RowsPerStrip;SampleFormat;SamplesPerPixel;StripByteCounts;StripOffsets;XResolution;YResolution,False,False,
T24_rotenone_500nM_11,gabor,data/in_line_gabor_hologram/T24_rotenone_500nM_11_gabor.tif,True,1,1024x1024,uint8,5,531242,2026-09-16T09:08:16+00:00,BitsPerSample;Compression;FillOrder;ImageLength;ImageWidth;NewSubfileType;Orientation;PhotometricInterpretation;PlanarConfiguration;Predictor;ResolutionUnit;RowsPerStrip;SampleFormat;SamplesPerPixel;StripByteCounts;StripOffsets;XResolution;YResolution,False,False,
T24_rotenone_500nM_11,phase,data/phase/T24_rotenone_500nM_11_phase.bin,True,,900x900,float32,,3240023,,,,,0.2848713904768374/0.21199439004249143
T24_rotenone_500nM_12,off_axis,data/off_axis_hologram/T24_rotenone_500nM_12_holo.tif,True,1,1024x1024,uint8,5,1240722,2026-09-16T09:09:57+00:00,BitsPerSample;Compression;FillOrder;ImageLength;ImageWidth;NewSubfileType;Orientation;PhotometricInterpretation;PlanarConfiguration;Predictor;ResolutionUnit;RowsPerStrip;SampleFormat;SamplesPerPixel;StripByteCounts;StripOffsets;XResolution;YResolution,False,False,
T24_rotenone_500nM_12,gabor,data/in_line_gabor_hologram/T24_rotenone_500nM_12_gabor.tif,True,1,1024x1024,uint8,5,544254,2026-09-16T09:08:17+00:00,BitsPerSample;Compression;FillOrder;ImageLength;ImageWidth;NewSubfileType;Orientation;PhotometricInterpretation;PlanarConfiguration;Predictor;ResolutionUnit;RowsPerStrip;SampleFormat;SamplesPerPixel;StripByteCounts;StripOffsets;XResolution;YResolution,False,False,
T24_rotenone_500nM_12,phase,data/phase/T24_rotenone_500nM_12_phase.bin,True,,900x900,float32,,3240023,,,,,0.2848713904768374/0.21199439004249143
T24_rotenone_500nM_13,off_axis,data/off_axis_hologram/T24_rotenone_500nM_13_holo.tif,True,1,1024x1024,uint8,5,1239588,2026-09-16T09:09:57+00:00,BitsPerSample;Compression;FillOrder;ImageLength;ImageWidth;NewSubfileType;Orientation;PhotometricInterpretation;PlanarConfiguration;Predictor;ResolutionUnit;RowsPerStrip;SampleFormat;SamplesPerPixel;StripByteCounts;StripOffsets;XResolution;YResolution,False,False,
T24_rotenone_500nM_13,gabor,data/in_line_gabor_hologram/T24_rotenone_500nM_13_gabor.tif,True,1,1024x1024,uint8,5,543834,2026-09-16T09:08:17+00:00,BitsPerSample;Compression;FillOrder;ImageLength;ImageWidth;NewSubfileType;Orientation;PhotometricInterpretation;PlanarConfiguration;Predictor;ResolutionUnit;RowsPerStrip;SampleFormat;SamplesPerPixel;StripByteCounts;StripOffsets;XResolution;YResolution,False,False,
T24_rotenone_500nM_13,phase,data/phase/T24_rotenone_500nM_13_phase.bin,True,,900x900,float32,,3240023,,,,,0.2848713904768374/0.21199439004249143
T24_rotenone_500nM_14,off_axis,data/off_axis_hologram/T24_rotenone_500nM_14_holo.tif,True,1,1024x1024,uint8,5,1236368,2026-09-16T09:09:57+00:00,BitsPerSample;Compression;FillOrder;ImageLength;ImageWidth;NewSubfileType;Orientation;PhotometricInterpretation;PlanarConfiguration;Predictor;ResolutionUnit;RowsPerStrip;SampleFormat;SamplesPerPixel;StripByteCounts;StripOffsets;XResolution;YResolution,False,False,
T24_rotenone_500nM_14,gabor,data/in_line_gabor_hologram/T24_rotenone_500nM_14_gabor.tif,True,1,1024x1024,uint8,5,545658,2026-09-16T09:08:17+00:00,BitsPerSample;Compression;FillOrder;ImageLength;ImageWidth;NewSubfileType;Orientation;PhotometricInterpretation;PlanarConfiguration;Predictor;ResolutionUnit;RowsPerStrip;SampleFormat;SamplesPerPixel;StripByteCounts;StripOffsets;XResolution;YResolution,False,False,
T24_rotenone_500nM_14,phase,data/phase/T24_rotenone_500nM_14_phase.bin,True,,900x900,float32,,3240023,,,,,0.2848713904768374/0.21199439004249143
T24_rotenone_500nM_15,off_axis,data/off_axis_hologram/T24_rotenone_500nM_15_holo.tif,True,1,1024x1024,uint8,5,1241830,2026-09-16T09:09:57+00:00,BitsPerSample;Compression;FillOrder;ImageLength;ImageWidth;NewSubfileType;Orientation;PhotometricInterpretation;PlanarConfiguration;Predictor;ResolutionUnit;RowsPerStrip;SampleFormat;SamplesPerPixel;StripByteCounts;StripOffsets;XResolution;YResolution,False,False,
T24_rotenone_500nM_15,gabor,data/in_line_gabor_hologram/T24_rotenone_500nM_15_gabor.tif,True,1,1024x1024,uint8,5,555376,2026-09-16T09:08:17+00:00,BitsPerSample;Compression;FillOrder;ImageLength;ImageWidth;NewSubfileType;Orientation;PhotometricInterpretation;PlanarConfiguration;Predictor;ResolutionUnit;RowsPerStrip;SampleFormat;SamplesPerPixel;StripByteCounts;StripOffsets;XResolution;YResolution,False,False,
T24_rotenone_500nM_15,phase,data/phase/T24_rotenone_500nM_15_phase.bin,True,,900x900,float32,,3240023,,,,,0.2848713904768374/0.21199439004249143
T24_rotenone_500nM_16,off_axis,data/off_axis_hologram/T24_rotenone_500nM_16_holo.tif,True,1,1024x1024,uint8,5,1239622,2026-09-16T09:09:57+00:00,BitsPerSample;Compression;FillOrder;ImageLength;ImageWidth;NewSubfileType;Orientation;PhotometricInterpretation;PlanarConfiguration;Predictor;ResolutionUnit;RowsPerStrip;SampleFormat;SamplesPerPixel;StripByteCounts;StripOffsets;XResolution;YResolution,False,False,
T24_rotenone_500nM_16,gabor,data/in_line_gabor_hologram/T24_rotenone_500nM_16_gabor.tif,True,1,1024x1024,uint8,5,548428,2026-09-16T09:08:17+00:00,BitsPerSample;Compression;FillOrder;ImageLength;ImageWidth;NewSubfileType;Orientation;PhotometricInterpretation;PlanarConfiguration;Predictor;ResolutionUnit;RowsPerStrip;SampleFormat;SamplesPerPixel;StripByteCounts;StripOffsets;XResolution;YResolution,False,False,
T24_rotenone_500nM_16,phase,data/phase/T24_rotenone_500nM_16_phase.bin,True,,900x900,float32,,3240023,,,,,0.2848713904768374/0.21199439004249143
T24_rotenone_500nM_17,off_axis,data/off_axis_hologram/T24_rotenone_500nM_17_holo.tif,True,1,1024x1024,uint8,5,1236582,2026-09-16T09:09:57+00:00,BitsPerSample;Compression;FillOrder;ImageLength;ImageWidth;NewSubfileType;Orientation;PhotometricInterpretation;PlanarConfiguration;Predictor;ResolutionUnit;RowsPerStrip;SampleFormat;SamplesPerPixel;StripByteCounts;StripOffsets;XResolution;YResolution,False,False,
T24_rotenone_500nM_17,gabor,data/in_line_gabor_hologram/T24_rotenone_500nM_17_gabor.tif,True,1,1024x1024,uint8,5,537122,2026-09-16T09:08:17+00:00,BitsPerSample;Compression;FillOrder;ImageLength;ImageWidth;NewSubfileType;Orientation;PhotometricInterpretation;PlanarConfiguration;Predictor;ResolutionUnit;RowsPerStrip;SampleFormat;SamplesPerPixel;StripByteCounts;StripOffsets;XResolution;YResolution,False,False,
T24_rotenone_500nM_17,phase,data/phase/T24_rotenone_500nM_17_phase.bin,True,,900x900,float32,,3240023,,,,,0.2848713904768374/0.21199439004249143
T24_rotenone_500nM_18,off_axis,data/off_axis_hologram/T24_rotenone_500nM_18_holo.tif,True,1,1024x1024,uint8,5,1238846,2026-09-16T09:09:57+00:00,BitsPerSample;Compression;FillOrder;ImageLength;ImageWidth;NewSubfileType;Orientation;PhotometricInterpretation;PlanarConfiguration;Predictor;ResolutionUnit;RowsPerStrip;SampleFormat;SamplesPerPixel;StripByteCounts;StripOffsets;XResolution;YResolution,False,False,
T24_rotenone_500nM_18,gabor,data/in_line_gabor_hologram/T24_rotenone_500nM_18_gabor.tif,True,1,1024x1024,uint8,5,558022,2026-09-16T09:08:17+00:00,BitsPerSample;Compression;FillOrder;ImageLength;ImageWidth;NewSubfileType;Orientation;PhotometricInterpretation;PlanarConfiguration;Predictor;ResolutionUnit;RowsPerStrip;SampleFormat;SamplesPerPixel;StripByteCounts;StripOffsets;XResolution;YResolution,False,False,
T24_rotenone_500nM_18,phase,data/phase/T24_rotenone_500nM_18_phase.bin,True,,900x900,float32,,3240023,,,,,0.2848713904768374/0.21199439004249143
T24_rotenone_500nM_19,off_axis,data/off_axis_hologram/T24_rotenone_500nM_19_holo.tif,True,1,1024x1024,uint8,5,1243098,2026-09-16T09:09:57+00:00,BitsPerSample;Compression;FillOrder;ImageLength;ImageWidth;NewSubfileType;Orientation;PhotometricInterpretation;PlanarConfiguration;Predictor;ResolutionUnit;RowsPerStrip;SampleFormat;SamplesPerPixel;StripByteCounts;StripOffsets;XResolution;YResolution,False,False,
T24_rotenone_500nM_19,gabor,data/in_line_gabor_hologram/T24_rotenone_500nM_19_gabor.tif,True,1,1024x1024,uint8,5,555634,2026-09-16T09:08:17+00:00,BitsPerSample;Compression;FillOrder;ImageLength;ImageWidth;NewSubfileType;Orientation;PhotometricInterpretation;PlanarConfiguration;Predictor;ResolutionUnit;RowsPerStrip;SampleFormat;SamplesPerPixel;StripByteCounts;StripOffsets;XResolution;YResolution,False,False,
T24_rotenone_500nM_19,phase,data/phase/T24_rotenone_500nM_19_phase.bin,True,,900x900,float32,,3240023,,,,,0.2848713904768374/0.21199439004249143
T24_rotenone_500nM_20,off_axis,data/off_axis_hologram/T24_rotenone_500nM_20_holo.tif,True,1,1024x1024,uint8,5,1245836,2026-09-16T09:09:57+00:00,BitsPerSample;Compression;FillOrder;ImageLength;ImageWidth;NewSubfileType;Orientation;PhotometricInterpretation;PlanarConfiguration;Predictor;ResolutionUnit;RowsPerStrip;SampleFormat;SamplesPerPixel;StripByteCounts;StripOffsets;XResolution;YResolution,False,False,
T24_rotenone_500nM_20,gabor,data/in_line_gabor_hologram/T24_rotenone_500nM_20_gabor.tif,True,1,1024x1024,uint8,5,579068,2026-09-16T09:08:17+00:00,BitsPerSample;Compression;FillOrder;ImageLength;ImageWidth;NewSubfileType;Orientation;PhotometricInterpretation;PlanarConfiguration;Predictor;ResolutionUnit;RowsPerStrip;SampleFormat;SamplesPerPixel;StripByteCounts;StripOffsets;XResolution;YResolution,False,False,
T24_rotenone_500nM_20,phase,data/phase/T24_rotenone_500nM_20_phase.bin,True,,900x900,float32,,3240023,,,,,0.2848713904768374/0.21199439004249143
T24_rotenone_500nM_21,off_axis,data/off_axis_hologram/T24_rotenone_500nM_21_holo.tif,True,1,1024x1024,uint8,5,1232210,2026-09-16T09:09:57+00:00,BitsPerSample;Compression;FillOrder;ImageLength;ImageWidth;NewSubfileType;Orientation;PhotometricInterpretation;PlanarConfiguration;Predictor;ResolutionUnit;RowsPerStrip;SampleFormat;SamplesPerPixel;StripByteCounts;StripOffsets;XResolution;YResolution,False,False,
T24_rotenone_500nM_21,gabor,data/in_line_gabor_hologram/T24_rotenone_500nM_21_gabor.tif,True,1,1024x1024,uint8,5,537438,2026-09-16T09:08:17+00:00,BitsPerSample;Compression;FillOrder;ImageLength;ImageWidth;NewSubfileType;Orientation;PhotometricInterpretation;PlanarConfiguration;Predictor;ResolutionUnit;RowsPerStrip;SampleFormat;SamplesPerPixel;StripByteCounts;StripOffsets;XResolution;YResolution,False,False,
T24_rotenone_500nM_21,phase,data/phase/T24_rotenone_500nM_21_phase.bin,True,,900x900,float32,,3240023,,,,,0.2848713904768374/0.21199439004249143
T24_rotenone_500nM_22,off_axis,data/off_axis_hologram/T24_rotenone_500nM_22_holo.tif,True,1,1024x1024,uint8,5,320264,2026-09-16T09:09:57+00:00,BitsPerSample;Compression;FillOrder;ImageLength;ImageWidth;NewSubfileType;Orientation;PhotometricInterpretation;PlanarConfiguration;Predictor;ResolutionUnit;RowsPerStrip;SampleFormat;SamplesPerPixel;StripByteCounts;StripOffsets;XResolution;YResolution,False,False,
T24_rotenone_500nM_22,gabor,data/in_line_gabor_hologram/T24_rotenone_500nM_22_gabor.tif,True,1,1024x1024,uint8,5,557320,2026-09-16T09:08:17+00:00,BitsPerSample;Compression;FillOrder;ImageLength;ImageWidth;NewSubfileType;Orientation;PhotometricInterpretation;PlanarConfiguration;Predictor;ResolutionUnit;RowsPerStrip;SampleFormat;SamplesPerPixel;StripByteCounts;StripOffsets;XResolution;YResolution,False,False,
T24_rotenone_500nM_22,phase,data/phase/T24_rotenone_500nM_22_phase.bin,True,,900x900,float32,,3240023,,,,,0.2848713904768374/0.21199439004249143
T24_rotenone_500nM_23,off_axis,data/off_axis_hologram/T24_rotenone_500nM_23_holo.tif,True,1,1024x1024,uint8,5,1248402,2026-09-16T09:09:57+00:00,BitsPerSample;Compression;FillOrder;ImageLength;ImageWidth;NewSubfileType;Orientation;PhotometricInterpretation;PlanarConfiguration;Predictor;ResolutionUnit;RowsPerStrip;SampleFormat;SamplesPerPixel;StripByteCounts;StripOffsets;XResolution;YResolution,False,False,
T24_rotenone_500nM_23,gabor,data/in_line_gabor_hologram/T24_rotenone_500nM_23_gabor.tif,True,1,1024x1024,uint8,5,582434,2026-09-16T09:08:17+00:00,BitsPerSample;Compression;FillOrder;ImageLength;ImageWidth;NewSubfileType;Orientation;PhotometricInterpretation;PlanarConfiguration;Predictor;ResolutionUnit;RowsPerStrip;SampleFormat;SamplesPerPixel;StripByteCounts;StripOffsets;XResolution;YResolution,False,False,
T24_rotenone_500nM_23,phase,data/phase/T24_rotenone_500nM_23_phase.bin,True,,900x900,float32,,3240023,,,,,0.2848713904768374/0.21199439004249143
T24_rotenone_500nM_24,off_axis,data/off_axis_hologram/T24_rotenone_500nM_24_holo.tif,True,1,1024x1024,uint8,5,1241624,2026-09-16T09:09:57+00:00,BitsPerSample;Compression;FillOrder;ImageLength;ImageWidth;NewSubfileType;Orientation;PhotometricInterpretation;PlanarConfiguration;Predictor;ResolutionUnit;RowsPerStrip;SampleFormat;SamplesPerPixel;StripByteCounts;StripOffsets;XResolution;YResolution,False,False,
T24_rotenone_500nM_24,gabor,data/in_line_gabor_hologram/T24_rotenone_500nM_24_gabor.tif,True,1,1024x1024,uint8,5,575290,2026-09-16T09:08:17+00:00,BitsPerSample;Compression;FillOrder;ImageLength;ImageWidth;NewSubfileType;Orientation;PhotometricInterpretation;PlanarConfiguration;Predictor;ResolutionUnit;RowsPerStrip;SampleFormat;SamplesPerPixel;StripByteCounts;StripOffsets;XResolution;YResolution,False,False,
T24_rotenone_500nM_24,phase,data/phase/T24_rotenone_500nM_24_phase.bin,True,,900x900,float32,,3240023,,,,,0.2848713904768374/0.21199439004249143
T24_rotenone_500nM_25,off_axis,data/off_axis_hologram/T24_rotenone_500nM_25_holo.tif,True,1,1024x1024,uint8,5,1249992,2026-09-16T09:09:57+00:00,BitsPerSample;Compression;FillOrder;ImageLength;ImageWidth;NewSubfileType;Orientation;PhotometricInterpretation;PlanarConfiguration;Predictor;ResolutionUnit;RowsPerStrip;SampleFormat;SamplesPerPixel;StripByteCounts;StripOffsets;XResolution;YResolution,False,False,
T24_rotenone_500nM_25,gabor,data/in_line_gabor_hologram/T24_rotenone_500nM_25_gabor.tif,True,1,1024x1024,uint8,5,576026,2026-09-16T09:08:17+00:00,BitsPerSample;Compression;FillOrder;ImageLength;ImageWidth;NewSubfileType;Orientation;PhotometricInterpretation;PlanarConfiguration;Predictor;ResolutionUnit;RowsPerStrip;SampleFormat;SamplesPerPixel;StripByteCounts;StripOffsets;XResolution;YResolution,False,False,
T24_rotenone_500nM_25,phase,data/phase/T24_rotenone_500nM_25_phase.bin,True,,900x900,float32,,3240023,,,,,0.2848713904768374/0.21199439004249143
T24_rotenone_500nM_26,off_axis,data/off_axis_hologram/T24_rotenone_500nM_26_holo.tif,True,1,1024x1024,uint8,5,1248156,2026-09-16T09:09:57+00:00,BitsPerSample;Compression;FillOrder;ImageLength;ImageWidth;NewSubfileType;Orientation;PhotometricInterpretation;PlanarConfiguration;Predictor;ResolutionUnit;RowsPerStrip;SampleFormat;SamplesPerPixel;StripByteCounts;StripOffsets;XResolution;YResolution,False,False,
T24_rotenone_500nM_26,gabor,data/in_line_gabor_hologram/T24_rotenone_500nM_26_gabor.tif,True,1,1024x1024,uint8,5,597542,2026-09-16T09:08:17+00:00,BitsPerSample;Compression;FillOrder;ImageLength;ImageWidth;NewSubfileType;Orientation;PhotometricInterpretation;PlanarConfiguration;Predictor;ResolutionUnit;RowsPerStrip;SampleFormat;SamplesPerPixel;StripByteCounts;StripOffsets;XResolution;YResolution,False,False,
T24_rotenone_500nM_26,phase,data/phase/T24_rotenone_500nM_26_phase.bin,True,,900x900,float32,,3240023,,,,,0.2848713904768374/0.21199439004249143
T24_rotenone_500nM_27,off_axis,data/off_axis_hologram/T24_rotenone_500nM_27_holo.tif,True,1,1024x1024,uint8,5,1244342,2026-09-16T09:09:57+00:00,BitsPerSample;Compression;FillOrder;ImageLength;ImageWidth;NewSubfileType;Orientation;PhotometricInterpretation;PlanarConfiguration;Predictor;ResolutionUnit;RowsPerStrip;SampleFormat;SamplesPerPixel;StripByteCounts;StripOffsets;XResolution;YResolution,False,False,
T24_rotenone_500nM_27,gabor,data/in_line_gabor_hologram/T24_rotenone_500nM_27_gabor.tif,True,1,1024x1024,uint8,5,572128,2026-09-16T09:08:17+00:00,BitsPerSample;Compression;FillOrder;ImageLength;ImageWidth;NewSubfileType;Orientation;PhotometricInterpretation;PlanarConfiguration;Predictor;ResolutionUnit;RowsPerStrip;SampleFormat;SamplesPerPixel;StripByteCounts;StripOffsets;XResolution;YResolution,False,False,
T24_rotenone_500nM_27,phase,data/phase/T24_rotenone_500nM_27_phase.bin,True,,900x900,float32,,3240023,,,,,0.2848713904768374/0.21199439004249143
T24_rotenone_500nM_28,off_axis,data/off_axis_hologram/T24_rotenone_500nM_28_holo.tif,True,1,1024x1024,uint8,5,1247874,2026-09-16T09:09:57+00:00,BitsPerSample;Compression;FillOrder;ImageLength;ImageWidth;NewSubfileType;Orientation;PhotometricInterpretation;PlanarConfiguration;Predictor;ResolutionUnit;RowsPerStrip;SampleFormat;SamplesPerPixel;StripByteCounts;StripOffsets;XResolution;YResolution,False,False,
T24_rotenone_500nM_28,gabor,data/in_line_gabor_hologram/T24_rotenone_500nM_28_gabor.tif,True,1,1024x1024,uint8,5,586924,2026-09-16T09:08:17+00:00,BitsPerSample;Compression;FillOrder;ImageLength;ImageWidth;NewSubfileType;Orientation;PhotometricInterpretation;PlanarConfiguration;Predictor;ResolutionUnit;RowsPerStrip;SampleFormat;SamplesPerPixel;StripByteCounts;StripOffsets;XResolution;YResolution,False,False,
T24_rotenone_500nM_28,phase,data/phase/T24_rotenone_500nM_28_phase.bin,True,,900x900,float32,,3240023,,,,,0.2848713904768374/0.21199439004249143
T24_rotenone_500nM_29,off_axis,data/off_axis_hologram/T24_rotenone_500nM_29_holo.tif,True,1,1024x1024,uint8,5,1238016,2026-09-16T09:09:57+00:00,BitsPerSample;Compression;FillOrder;ImageLength;ImageWidth;NewSubfileType;Orientation;PhotometricInterpretation;PlanarConfiguration;Predictor;ResolutionUnit;RowsPerStrip;SampleFormat;SamplesPerPixel;StripByteCounts;StripOffsets;XResolution;YResolution,False,False,
T24_rotenone_500nM_29,gabor,data/in_line_gabor_hologram/T24_rotenone_500nM_29_gabor.tif,True,1,1024x1024,uint8,5,557532,2026-09-16T09:08:17+00:00,BitsPerSample;Compression;FillOrder;ImageLength;ImageWidth;NewSubfileType;Orientation;PhotometricInterpretation;PlanarConfiguration;Predictor;ResolutionUnit;RowsPerStrip;SampleFormat;SamplesPerPixel;StripByteCounts;StripOffsets;XResolution;YResolution,False,False,
T24_rotenone_500nM_29,phase,data/phase/T24_rotenone_500nM_29_phase.bin,True,,900x900,float32,,3240023,,,,,0.2848713904768374/0.21199439004249143
T24_rotenone_500nM_30,off_axis,data/off_axis_hologram/T24_rotenone_500nM_30_holo.tif,True,1,1024x1024,uint8,5,1244670,2026-09-16T09:09:57+00:00,BitsPerSample;Compression;FillOrder;ImageLength;ImageWidth;NewSubfileType;Orientation;PhotometricInterpretation;PlanarConfiguration;Predictor;ResolutionUnit;RowsPerStrip;SampleFormat;SamplesPerPixel;StripByteCounts;StripOffsets;XResolution;YResolution,False,False,
T24_rotenone_500nM_30,gabor,data/in_line_gabor_hologram/T24_rotenone_500nM_30_gabor.tif,True,1,1024x1024,uint8,5,568754,2026-09-16T09:08:17+00:00,BitsPerSample;Compression;FillOrder;ImageLength;ImageWidth;NewSubfileType;Orientation;PhotometricInterpretation;PlanarConfiguration;Predictor;ResolutionUnit;RowsPerStrip;SampleFormat;SamplesPerPixel;StripByteCounts;StripOffsets;XResolution;YResolution,False,False,
T24_rotenone_500nM_30,phase,data/phase/T24_rotenone_500nM_30_phase.bin,True,,900x900,float32,,3240023,,,,,0.2848713904768374/0.21199439004249143
T24_rotenone_500nM_31,off_axis,data/off_axis_hologram/T24_rotenone_500nM_31_holo.tif,True,1,1024x1024,uint8,5,1239902,2026-09-16T09:09:57+00:00,BitsPerSample;Compression;FillOrder;ImageLength;ImageWidth;NewSubfileType;Orientation;PhotometricInterpretation;PlanarConfiguration;Predictor;ResolutionUnit;RowsPerStrip;SampleFormat;SamplesPerPixel;StripByteCounts;StripOffsets;XResolution;YResolution,False,False,
T24_rotenone_500nM_31,gabor,data/in_line_gabor_hologram/T24_rotenone_500nM_31_gabor.tif,True,1,1024x1024,uint8,5,548206,2026-09-16T09:08:17+00:00,BitsPerSample;Compression;FillOrder;ImageLength;ImageWidth;NewSubfileType;Orientation;PhotometricInterpretation;PlanarConfiguration;Predictor;ResolutionUnit;RowsPerStrip;SampleFormat;SamplesPerPixel;StripByteCounts;StripOffsets;XResolution;YResolution,False,False,
T24_rotenone_500nM_31,phase,data/phase/T24_rotenone_500nM_31_phase.bin,True,,900x900,float32,,3240023,,,,,0.2848713904768374/0.21199439004249143
T24_rotenone_500nM_32,off_axis,data/off_axis_hologram/T24_rotenone_500nM_32_holo.tif,True,1,1024x1024,uint8,5,1237714,2026-09-16T09:09:57+00:00,BitsPerSample;Compression;FillOrder;ImageLength;ImageWidth;NewSubfileType;Orientation;PhotometricInterpretation;PlanarConfiguration;Predictor;ResolutionUnit;RowsPerStrip;SampleFormat;SamplesPerPixel;StripByteCounts;StripOffsets;XResolution;YResolution,False,False,
T24_rotenone_500nM_32,gabor,data/in_line_gabor_hologram/T24_rotenone_500nM_32_gabor.tif,True,1,1024x1024,uint8,5,543324,2026-09-16T09:08:17+00:00,BitsPerSample;Compression;FillOrder;ImageLength;ImageWidth;NewSubfileType;Orientation;PhotometricInterpretation;PlanarConfiguration;Predictor;ResolutionUnit;RowsPerStrip;SampleFormat;SamplesPerPixel;StripByteCounts;StripOffsets;XResolution;YResolution,False,False,
T24_rotenone_500nM_32,phase,data/phase/T24_rotenone_500nM_32_phase.bin,True,,900x900,float32,,3240023,,,,,0.2848713904768374/0.21199439004249143
T24_rotenone_500nM_33,off_axis,data/off_axis_hologram/T24_rotenone_500nM_33_holo.tif,True,1,1024x1024,uint8,5,1238078,2026-09-16T09:09:57+00:00,BitsPerSample;Compression;FillOrder;ImageLength;ImageWidth;NewSubfileType;Orientation;PhotometricInterpretation;PlanarConfiguration;Predictor;ResolutionUnit;RowsPerStrip;SampleFormat;SamplesPerPixel;StripByteCounts;StripOffsets;XResolution;YResolution,False,False,
T24_rotenone_500nM_33,gabor,data/in_line_gabor_hologram/T24_rotenone_500nM_33_gabor.tif,True,1,1024x1024,uint8,5,552166,2026-09-16T09:08:17+00:00,BitsPerSample;Compression;FillOrder;ImageLength;ImageWidth;NewSubfileType;Orientation;PhotometricInterpretation;PlanarConfiguration;Predictor;ResolutionUnit;RowsPerStrip;SampleFormat;SamplesPerPixel;StripByteCounts;StripOffsets;XResolution;YResolution,False,False,
T24_rotenone_500nM_33,phase,data/phase/T24_rotenone_500nM_33_phase.bin,True,,900x900,float32,,3240023,,,,,0.2848713904768374/0.21199439004249143
T24_rotenone_500nM_34,off_axis,data/off_axis_hologram/T24_rotenone_500nM_34_holo.tif,True,1,1024x1024,uint8,5,1231296,2026-09-16T09:09:57+00:00,BitsPerSample;Compression;FillOrder;ImageLength;ImageWidth;NewSubfileType;Orientation;PhotometricInterpretation;PlanarConfiguration;Predictor;ResolutionUnit;RowsPerStrip;SampleFormat;SamplesPerPixel;StripByteCounts;StripOffsets;XResolution;YResolution,False,False,
T24_rotenone_500nM_34,gabor,data/in_line_gabor_hologram/T24_rotenone_500nM_34_gabor.tif,True,1,1024x1024,uint8,5,545116,2026-09-16T09:08:17+00:00,BitsPerSample;Compression;FillOrder;ImageLength;ImageWidth;NewSubfileType;Orientation;PhotometricInterpretation;PlanarConfiguration;Predictor;ResolutionUnit;RowsPerStrip;SampleFormat;SamplesPerPixel;StripByteCounts;StripOffsets;XResolution;YResolution,False,False,
T24_rotenone_500nM_34,phase,data/phase/T24_rotenone_500nM_34_phase.bin,True,,900x900,float32,,3240023,,,,,0.2848713904768374/0.21199439004249143
T24_rotenone_500nM_35,off_axis,data/off_axis_hologram/T24_rotenone_500nM_35_holo.tif,True,1,1024x1024,uint8,5,1235082,2026-09-16T09:09:57+00:00,BitsPerSample;Compression;FillOrder;ImageLength;ImageWidth;NewSubfileType;Orientation;PhotometricInterpretation;PlanarConfiguration;Predictor;ResolutionUnit;RowsPerStrip;SampleFormat;SamplesPerPixel;StripByteCounts;StripOffsets;XResolution;YResolution,False,False,
T24_rotenone_500nM_35,gabor,data/in_line_gabor_hologram/T24_rotenone_500nM_35_gabor.tif,True,1,1024x1024,uint8,5,552502,2026-09-16T09:08:17+00:00,BitsPerSample;Compression;FillOrder;ImageLength;ImageWidth;NewSubfileType;Orientation;PhotometricInterpretation;PlanarConfiguration;Predictor;ResolutionUnit;RowsPerStrip;SampleFormat;SamplesPerPixel;StripByteCounts;StripOffsets;XResolution;YResolution,False,False,
T24_rotenone_500nM_35,phase,data/phase/T24_rotenone_500nM_35_phase.bin,True,,900x900,float32,,3240023,,,,,0.2848713904768374/0.21199439004249143
T24_rotenone_500nM_36,off_axis,data/off_axis_hologram/T24_rotenone_500nM_36_holo.tif,True,1,1024x1024,uint8,5,1229288,2026-09-16T09:09:57+00:00,BitsPerSample;Compression;FillOrder;ImageLength;ImageWidth;NewSubfileType;Orientation;PhotometricInterpretation;PlanarConfiguration;Predictor;ResolutionUnit;RowsPerStrip;SampleFormat;SamplesPerPixel;StripByteCounts;StripOffsets;XResolution;YResolution,False,False,
T24_rotenone_500nM_36,gabor,data/in_line_gabor_hologram/T24_rotenone_500nM_36_gabor.tif,True,1,1024x1024,uint8,5,531410,2026-09-16T09:08:17+00:00,BitsPerSample;Compression;FillOrder;ImageLength;ImageWidth;NewSubfileType;Orientation;PhotometricInterpretation;PlanarConfiguration;Predictor;ResolutionUnit;RowsPerStrip;SampleFormat;SamplesPerPixel;StripByteCounts;StripOffsets;XResolution;YResolution,False,False,
T24_rotenone_500nM_36,phase,data/phase/T24_rotenone_500nM_36_phase.bin,True,,900x900,float32,,3240023,,,,,0.2848713904768374/0.21199439004249143
T24_rotenone_500nM_37,off_axis,data/off_axis_hologram/T24_rotenone_500nM_37_holo.tif,True,1,1024x1024,uint8,5,1227590,2026-09-16T09:09:57+00:00,BitsPerSample;Compression;FillOrder;ImageLength;ImageWidth;NewSubfileType;Orientation;PhotometricInterpretation;PlanarConfiguration;Predictor;ResolutionUnit;RowsPerStrip;SampleFormat;SamplesPerPixel;StripByteCounts;StripOffsets;XResolution;YResolution,False,False,
T24_rotenone_500nM_37,gabor,data/in_line_gabor_hologram/T24_rotenone_500nM_37_gabor.tif,True,1,1024x1024,uint8,5,529118,2026-09-16T09:08:17+00:00,BitsPerSample;Compression;FillOrder;ImageLength;ImageWidth;NewSubfileType;Orientation;PhotometricInterpretation;PlanarConfiguration;Predictor;ResolutionUnit;RowsPerStrip;SampleFormat;SamplesPerPixel;StripByteCounts;StripOffsets;XResolution;YResolution,False,False,
T24_rotenone_500nM_37,phase,data/phase/T24_rotenone_500nM_37_phase.bin,True,,900x900,float32,,3240023,,,,,0.2848713904768374/0.21199439004249143
T24_rotenone_500nM_38,off_axis,data/off_axis_hologram/T24_rotenone_500nM_38_holo.tif,True,1,1024x1024,uint8,5,1229996,2026-09-16T09:09:57+00:00,BitsPerSample;Compression;FillOrder;ImageLength;ImageWidth;NewSubfileType;Orientation;PhotometricInterpretation;PlanarConfiguration;Predictor;ResolutionUnit;RowsPerStrip;SampleFormat;SamplesPerPixel;StripByteCounts;StripOffsets;XResolution;YResolution,False,False,
T24_rotenone_500nM_38,gabor,data/in_line_gabor_hologram/T24_rotenone_500nM_38_gabor.tif,True,1,1024x1024,uint8,5,537520,2026-09-16T09:08:17+00:00,BitsPerSample;Compression;FillOrder;ImageLength;ImageWidth;NewSubfileType;Orientation;PhotometricInterpretation;PlanarConfiguration;Predictor;ResolutionUnit;RowsPerStrip;SampleFormat;SamplesPerPixel;StripByteCounts;StripOffsets;XResolution;YResolution,False,False,
T24_rotenone_500nM_38,phase,data/phase/T24_rotenone_500nM_38_phase.bin,True,,900x900,float32,,3240023,,,,,0.2848713904768374/0.21199439004249143
T24_rotenone_500nM_39,off_axis,data/off_axis_hologram/T24_rotenone_500nM_39_holo.tif,True,1,1024x1024,uint8,5,1234064,2026-09-16T09:09:57+00:00,BitsPerSample;Compression;FillOrder;ImageLength;ImageWidth;NewSubfileType;Orientation;PhotometricInterpretation;PlanarConfiguration;Predictor;ResolutionUnit;RowsPerStrip;SampleFormat;SamplesPerPixel;StripByteCounts;StripOffsets;XResolution;YResolution,False,False,
T24_rotenone_500nM_39,gabor,data/in_line_gabor_hologram/T24_rotenone_500nM_39_gabor.tif,True,1,1024x1024,uint8,5,547476,2026-09-16T09:08:17+00:00,BitsPerSample;Compression;FillOrder;ImageLength;ImageWidth;NewSubfileType;Orientation;PhotometricInterpretation;PlanarConfiguration;Predictor;ResolutionUnit;RowsPerStrip;SampleFormat;SamplesPerPixel;StripByteCounts;StripOffsets;XResolution;YResolution,False,False,
T24_rotenone_500nM_39,phase,data/phase/T24_rotenone_500nM_39_phase.bin,True,,900x900,float32,,3240023,,,,,0.2848713904768374/0.21199439004249143
T24_rotenone_500nM_40,off_axis,data/off_axis_hologram/T24_rotenone_500nM_40_holo.tif,True,1,1024x1024,uint8,5,1240282,2026-09-16T09:09:57+00:00,BitsPerSample;Compression;FillOrder;ImageLength;ImageWidth;NewSubfileType;Orientation;PhotometricInterpretation;PlanarConfiguration;Predictor;ResolutionUnit;RowsPerStrip;SampleFormat;SamplesPerPixel;StripByteCounts;StripOffsets;XResolution;YResolution,False,False,
T24_rotenone_500nM_40,gabor,data/in_line_gabor_hologram/T24_rotenone_500nM_40_gabor.tif,True,1,1024x1024,uint8,5,559718,2026-09-16T09:08:17+00:00,BitsPerSample;Compression;FillOrder;ImageLength;ImageWidth;NewSubfileType;Orientation;PhotometricInterpretation;PlanarConfiguration;Predictor;ResolutionUnit;RowsPerStrip;SampleFormat;SamplesPerPixel;StripByteCounts;StripOffsets;XResolution;YResolution,False,False,
T24_rotenone_500nM_40,phase,data/phase/T24_rotenone_500nM_40_phase.bin,True,,900x900,float32,,3240023,,,,,0.2848713904768374/0.21199439004249143
T24_rotenone_500nM_41,off_axis,data/off_axis_hologram/T24_rotenone_500nM_41_holo.tif,True,1,1024x1024,uint8,5,1239990,2026-09-16T09:09:57+00:00,BitsPerSample;Compression;FillOrder;ImageLength;ImageWidth;NewSubfileType;Orientation;PhotometricInterpretation;PlanarConfiguration;Predictor;ResolutionUnit;RowsPerStrip;SampleFormat;SamplesPerPixel;StripByteCounts;StripOffsets;XResolution;YResolution,False,False,
T24_rotenone_500nM_41,gabor,data/in_line_gabor_hologram/T24_rotenone_500nM_41_gabor.tif,True,1,1024x1024,uint8,5,565448,2026-09-16T09:08:17+00:00,BitsPerSample;Compression;FillOrder;ImageLength;ImageWidth;NewSubfileType;Orientation;PhotometricInterpretation;PlanarConfiguration;Predictor;ResolutionUnit;RowsPerStrip;SampleFormat;SamplesPerPixel;StripByteCounts;StripOffsets;XResolution;YResolution,False,False,
T24_rotenone_500nM_41,phase,data/phase/T24_rotenone_500nM_41_phase.bin,True,,900x900,float32,,3240023,,,,,0.2848713904768374/0.21199439004249143
T24_rotenone_500nM_42,off_axis,data/off_axis_hologram/T24_rotenone_500nM_42_holo.tif,True,1,1024x1024,uint8,5,1240554,2026-09-16T09:09:57+00:00,BitsPerSample;Compression;FillOrder;ImageLength;ImageWidth;NewSubfileType;Orientation;PhotometricInterpretation;PlanarConfiguration;Predictor;ResolutionUnit;RowsPerStrip;SampleFormat;SamplesPerPixel;StripByteCounts;StripOffsets;XResolution;YResolution,False,False,
T24_rotenone_500nM_42,gabor,data/in_line_gabor_hologram/T24_rotenone_500nM_42_gabor.tif,True,1,1024x1024,uint8,5,566026,2026-09-16T09:08:17+00:00,BitsPerSample;Compression;FillOrder;ImageLength;ImageWidth;NewSubfileType;Orientation;PhotometricInterpretation;PlanarConfiguration;Predictor;ResolutionUnit;RowsPerStrip;SampleFormat;SamplesPerPixel;StripByteCounts;StripOffsets;XResolution;YResolution,False,False,
T24_rotenone_500nM_42,phase,data/phase/T24_rotenone_500nM_42_phase.bin,True,,900x900,float32,,3240023,,,,,0.2848713904768374/0.21199439004249143
T24_rotenone_500nM_43,off_axis,data/off_axis_hologram/T24_rotenone_500nM_43_holo.tif,True,1,1024x1024,uint8,5,1236642,2026-09-16T09:09:57+00:00,BitsPerSample;Compression;FillOrder;ImageLength;ImageWidth;NewSubfileType;Orientation;PhotometricInterpretation;PlanarConfiguration;Predictor;ResolutionUnit;RowsPerStrip;SampleFormat;SamplesPerPixel;StripByteCounts;StripOffsets;XResolution;YResolution,False,False,
T24_rotenone_500nM_43,gabor,data/in_line_gabor_hologram/T24_rotenone_500nM_43_gabor.tif,True,1,1024x1024,uint8,5,565966,2026-09-16T09:08:17+00:00,BitsPerSample;Compression;FillOrder;ImageLength;ImageWidth;NewSubfileType;Orientation;PhotometricInterpretation;PlanarConfiguration;Predictor;ResolutionUnit;RowsPerStrip;SampleFormat;SamplesPerPixel;StripByteCounts;StripOffsets;XResolution;YResolution,False,False,
T24_rotenone_500nM_43,phase,data/phase/T24_rotenone_500nM_43_phase.bin,True,,900x900,float32,,3240023,,,,,0.2848713904768374/0.21199439004249143
T24_rotenone_500nM_44,off_axis,data/off_axis_hologram/T24_rotenone_500nM_44_holo.tif,True,1,1024x1024,uint8,5,1239324,2026-09-16T09:09:57+00:00,BitsPerSample;Compression;FillOrder;ImageLength;ImageWidth;NewSubfileType;Orientation;PhotometricInterpretation;PlanarConfiguration;Predictor;ResolutionUnit;RowsPerStrip;SampleFormat;SamplesPerPixel;StripByteCounts;StripOffsets;XResolution;YResolution,False,False,
T24_rotenone_500nM_44,gabor,data/in_line_gabor_hologram/T24_rotenone_500nM_44_gabor.tif,True,1,1024x1024,uint8,5,558720,2026-09-16T09:08:17+00:00,BitsPerSample;Compression;FillOrder;ImageLength;ImageWidth;NewSubfileType;Orientation;PhotometricInterpretation;PlanarConfiguration;Predictor;ResolutionUnit;RowsPerStrip;SampleFormat;SamplesPerPixel;StripByteCounts;StripOffsets;XResolution;YResolution,False,False,
T24_rotenone_500nM_44,phase,data/phase/T24_rotenone_500nM_44_phase.bin,True,,900x900,float32,,3240023,,,,,0.2848713904768374/0.21199439004249143
T24_rotenone_500nM_45,off_axis,data/off_axis_hologram/T24_rotenone_500nM_45_holo.tif,True,1,1024x1024,uint8,5,1231854,2026-09-16T09:09:57+00:00,BitsPerSample;Compression;FillOrder;ImageLength;ImageWidth;NewSubfileType;Orientation;PhotometricInterpretation;PlanarConfiguration;Predictor;ResolutionUnit;RowsPerStrip;SampleFormat;SamplesPerPixel;StripByteCounts;StripOffsets;XResolution;YResolution,False,False,
T24_rotenone_500nM_45,gabor,data/in_line_gabor_hologram/T24_rotenone_500nM_45_gabor.tif,True,1,1024x1024,uint8,5,543318,2026-09-16T09:08:17+00:00,BitsPerSample;Compression;FillOrder;ImageLength;ImageWidth;NewSubfileType;Orientation;PhotometricInterpretation;PlanarConfiguration;Predictor;ResolutionUnit;RowsPerStrip;SampleFormat;SamplesPerPixel;StripByteCounts;StripOffsets;XResolution;YResolution,False,False,
T24_rotenone_500nM_45,phase,data/phase/T24_rotenone_500nM_45_phase.bin,True,,900x900,float32,,3240023,,,,,0.2848713904768374/0.21199439004249143
T24_rotenone_500nM_46,off_axis,data/off_axis_hologram/T24_rotenone_500nM_46_holo.tif,True,1,1024x1024,uint8,5,1237472,2026-09-16T09:09:57+00:00,BitsPerSample;Compression;FillOrder;ImageLength;ImageWidth;NewSubfileType;Orientation;PhotometricInterpretation;PlanarConfiguration;Predictor;ResolutionUnit;RowsPerStrip;SampleFormat;SamplesPerPixel;StripByteCounts;StripOffsets;XResolution;YResolution,False,False,
T24_rotenone_500nM_46,gabor,data/in_line_gabor_hologram/T24_rotenone_500nM_46_gabor.tif,True,1,1024x1024,uint8,5,562382,2026-09-16T09:08:17+00:00,BitsPerSample;Compression;FillOrder;ImageLength;ImageWidth;NewSubfileType;Orientation;PhotometricInterpretation;PlanarConfiguration;Predictor;ResolutionUnit;RowsPerStrip;SampleFormat;SamplesPerPixel;StripByteCounts;StripOffsets;XResolution;YResolution,False,False,
T24_rotenone_500nM_46,phase,data/phase/T24_rotenone_500nM_46_phase.bin,True,,900x900,float32,,3240023,,,,,0.2848713904768374/0.21199439004249143
T24_rotenone_500nM_47,off_axis,data/off_axis_hologram/T24_rotenone_500nM_47_holo.tif,True,1,1024x1024,uint8,5,1240668,2026-09-16T09:09:57+00:00,BitsPerSample;Compression;FillOrder;ImageLength;ImageWidth;NewSubfileType;Orientation;PhotometricInterpretation;PlanarConfiguration;Predictor;ResolutionUnit;RowsPerStrip;SampleFormat;SamplesPerPixel;StripByteCounts;StripOffsets;XResolution;YResolution,False,False,
T24_rotenone_500nM_47,gabor,data/in_line_gabor_hologram/T24_rotenone_500nM_47_gabor.tif,True,1,1024x1024,uint8,5,569778,2026-09-16T09:08:17+00:00,BitsPerSample;Compression;FillOrder;ImageLength;ImageWidth;NewSubfileType;Orientation;PhotometricInterpretation;PlanarConfiguration;Predictor;ResolutionUnit;RowsPerStrip;SampleFormat;SamplesPerPixel;StripByteCounts;StripOffsets;XResolution;YResolution,False,False,
T24_rotenone_500nM_47,phase,data/phase/T24_rotenone_500nM_47_phase.bin,True,,900x900,float32,,3240023,,,,,0.2848713904768374/0.21199439004249143
T24_rotenone_500nM_48,off_axis,data/off_axis_hologram/T24_rotenone_500nM_48_holo.tif,True,1,1024x1024,uint8,5,1234204,2026-09-16T09:09:57+00:00,BitsPerSample;Compression;FillOrder;ImageLength;ImageWidth;NewSubfileType;Orientation;PhotometricInterpretation;PlanarConfiguration;Predictor;ResolutionUnit;RowsPerStrip;SampleFormat;SamplesPerPixel;StripByteCounts;StripOffsets;XResolution;YResolution,False,False,
T24_rotenone_500nM_48,gabor,data/in_line_gabor_hologram/T24_rotenone_500nM_48_gabor.tif,True,1,1024x1024,uint8,5,544306,2026-09-16T09:08:17+00:00,BitsPerSample;Compression;FillOrder;ImageLength;ImageWidth;NewSubfileType;Orientation;PhotometricInterpretation;PlanarConfiguration;Predictor;ResolutionUnit;RowsPerStrip;SampleFormat;SamplesPerPixel;StripByteCounts;StripOffsets;XResolution;YResolution,False,False,
T24_rotenone_500nM_48,phase,data/phase/T24_rotenone_500nM_48_phase.bin,True,,900x900,float32,,3240023,,,,,0.2848713904768374/0.21199439004249143
T24_rotenone_500nM_49,off_axis,data/off_axis_hologram/T24_rotenone_500nM_49_holo.tif,True,1,1024x1024,uint8,5,1232738,2026-09-16T09:09:57+00:00,BitsPerSample;Compression;FillOrder;ImageLength;ImageWidth;NewSubfileType;Orientation;PhotometricInterpretation;PlanarConfiguration;Predictor;ResolutionUnit;RowsPerStrip;SampleFormat;SamplesPerPixel;StripByteCounts;StripOffsets;XResolution;YResolution,False,False,
T24_rotenone_500nM_49,gabor,data/in_line_gabor_hologram/T24_rotenone_500nM_49_gabor.tif,True,1,1024x1024,uint8,5,545446,2026-09-16T09:08:17+00:00,BitsPerSample;Compression;FillOrder;ImageLength;ImageWidth;NewSubfileType;Orientation;PhotometricInterpretation;PlanarConfiguration;Predictor;ResolutionUnit;RowsPerStrip;SampleFormat;SamplesPerPixel;StripByteCounts;StripOffsets;XResolution;YResolution,False,False,
T24_rotenone_500nM_49,phase,data/phase/T24_rotenone_500nM_49_phase.bin,True,,900x900,float32,,3240023,,,,,0.2848713904768374/0.21199439004249143
T24_rotenone_500nM_50,off_axis,data/off_axis_hologram/T24_rotenone_500nM_50_holo.tif,True,1,1024x1024,uint8,5,1236638,2026-09-16T09:09:57+00:00,BitsPerSample;Compression;FillOrder;ImageLength;ImageWidth;NewSubfileType;Orientation;PhotometricInterpretation;PlanarConfiguration;Predictor;ResolutionUnit;RowsPerStrip;SampleFormat;SamplesPerPixel;StripByteCounts;StripOffsets;XResolution;YResolution,False,False,
T24_rotenone_500nM_50,gabor,data/in_line_gabor_hologram/T24_rotenone_500nM_50_gabor.tif,True,1,1024x1024,uint8,5,560368,2026-09-16T09:08:17+00:00,BitsPerSample;Compression;FillOrder;ImageLength;ImageWidth;NewSubfileType;Orientation;PhotometricInterpretation;PlanarConfiguration;Predictor;ResolutionUnit;RowsPerStrip;SampleFormat;SamplesPerPixel;StripByteCounts;StripOffsets;XResolution;YResolution,False,False,
T24_rotenone_500nM_50,phase,data/phase/T24_rotenone_500nM_50_phase.bin,True,,900x900,float32,,3240023,,,,,0.2848713904768374/0.21199439004249143
