location,value,source_file,source_key,calculation,match,notes
amplitude/amplitude.json::table_11a.D0.amplitude_mae,0.0650522738563276,runs/v2_amplitude_off_axis/metrics_test.json,amplitude_mae,source[key],yes,direct
amplitude/amplitude.json::table_11a.D0.amplitude_rmse,0.10035547389915388,runs/v2_amplitude_off_axis/metrics_test.json,amplitude_rmse,source[key],yes,direct
amplitude/amplitude.json::table_11a.D0.amplitude_bias,0.033941311287576235,runs/v2_amplitude_off_axis/metrics_test.json,amplitude_bias,source[key],yes,direct
amplitude/amplitude.json::table_11a.D0.amplitude_pearson_r,0.9047086569192135,runs/v2_amplitude_off_axis/metrics_test.json,amplitude_pearson_r,source[key],yes,direct
amplitude/amplitude.json::table_11a.D0.amplitude_unity_mae,0.1468617420280929,runs/v2_amplitude_off_axis/metrics_test.json,amplitude_unity_mae,source[key],yes,direct
amplitude/amplitude.json::table_11a.D0.amplitude_pred_mean,1.0324180025969987,runs/v2_amplitude_off_axis/metrics_test.json,amplitude_pred_mean,source[key],yes,direct
amplitude/amplitude.json::table_11a.D0.amplitude_pred_sd,0.12074326563923232,runs/v2_amplitude_off_axis/metrics_test.json,amplitude_pred_sd,source[key],yes,direct
amplitude/amplitude.json::table_11a.D0.amplitude_reference_mean,0.9984766846209501,runs/v2_amplitude_off_axis/metrics_test.json,amplitude_reference_mean,source[key],yes,direct
amplitude/amplitude.json::table_11a.D0.amplitude_n_images,113.0,runs/v2_amplitude_off_axis/metrics_test.json,amplitude_n_images,source[key],yes,direct
amplitude/amplitude.json::table_11a.D0.amplitude_mae_over_unity,0.44294908230003066,runs/v2_amplitude_off_axis/metrics_test.json,amplitude_mae_over_unity,source[key],yes,direct
amplitude/amplitude.json::table_11a.D0.amplitude_mae_in_cell,0.09058539757290773,runs/v2_amplitude_off_axis/metrics_test.json,amplitude_mae_in_cell,source[key],yes,direct
amplitude/amplitude.json::table_11a.D0.amplitude_bias_in_cell,0.022275196782424553,runs/v2_amplitude_off_axis/metrics_test.json,amplitude_bias_in_cell,source[key],yes,direct
amplitude/amplitude.json::table_11a.D0.ratio_mae_over_unity_mae,0.44294908230003066,derived,amplitude_mae / amplitude_unity_mae,amplitude_mae / amplitude_unity_mae (<1: closer to the reference than A=1),"derived, checked in compile_results",ratio of two stored metrics
amplitude/amplitude.json::table_11a.D1.amplitude_mae,0.06647670730552842,runs/v2_forward_amplitude_off_axis/metrics_test.json,amplitude_mae,source[key],yes,direct
amplitude/amplitude.json::table_11a.D1.amplitude_rmse,0.10088608724150967,runs/v2_forward_amplitude_off_axis/metrics_test.json,amplitude_rmse,source[key],yes,direct
amplitude/amplitude.json::table_11a.D1.amplitude_bias,0.03784452367211338,runs/v2_forward_amplitude_off_axis/metrics_test.json,amplitude_bias,source[key],yes,direct
amplitude/amplitude.json::table_11a.D1.amplitude_pearson_r,0.9063962360398959,runs/v2_forward_amplitude_off_axis/metrics_test.json,amplitude_pearson_r,source[key],yes,direct
amplitude/amplitude.json::table_11a.D1.amplitude_unity_mae,0.1468617420280929,runs/v2_forward_amplitude_off_axis/metrics_test.json,amplitude_unity_mae,source[key],yes,direct
amplitude/amplitude.json::table_11a.D1.amplitude_pred_mean,1.0363212080128426,runs/v2_forward_amplitude_off_axis/metrics_test.json,amplitude_pred_mean,source[key],yes,direct
amplitude/amplitude.json::table_11a.D1.amplitude_pred_sd,0.12226431190440085,runs/v2_forward_amplitude_off_axis/metrics_test.json,amplitude_pred_sd,source[key],yes,direct
amplitude/amplitude.json::table_11a.D1.amplitude_reference_mean,0.9984766846209501,runs/v2_forward_amplitude_off_axis/metrics_test.json,amplitude_reference_mean,source[key],yes,direct
amplitude/amplitude.json::table_11a.D1.amplitude_n_images,113.0,runs/v2_forward_amplitude_off_axis/metrics_test.json,amplitude_n_images,source[key],yes,direct
amplitude/amplitude.json::table_11a.D1.amplitude_mae_over_unity,0.45264822810567107,runs/v2_forward_amplitude_off_axis/metrics_test.json,amplitude_mae_over_unity,source[key],yes,direct
amplitude/amplitude.json::table_11a.D1.amplitude_mae_in_cell,0.09224691977147507,runs/v2_forward_amplitude_off_axis/metrics_test.json,amplitude_mae_in_cell,source[key],yes,direct
amplitude/amplitude.json::table_11a.D1.amplitude_bias_in_cell,0.035051285025619376,runs/v2_forward_amplitude_off_axis/metrics_test.json,amplitude_bias_in_cell,source[key],yes,direct
amplitude/amplitude.json::table_11a.D1.ratio_mae_over_unity_mae,0.45264822810567107,derived,amplitude_mae / amplitude_unity_mae,amplitude_mae / amplitude_unity_mae (<1: closer to the reference than A=1),"derived, checked in compile_results",ratio of two stored metrics
amplitude/amplitude.json::table_11a.D2.amplitude_mae,0.06514096055674341,runs/v2_learned_z_off_axis/metrics_test.json,amplitude_mae,source[key],yes,direct
amplitude/amplitude.json::table_11a.D2.amplitude_rmse,0.1002126202326353,runs/v2_learned_z_off_axis/metrics_test.json,amplitude_rmse,source[key],yes,direct
amplitude/amplitude.json::table_11a.D2.amplitude_bias,0.03229418431455836,runs/v2_learned_z_off_axis/metrics_test.json,amplitude_bias,source[key],yes,direct
amplitude/amplitude.json::table_11a.D2.amplitude_pearson_r,0.9045203187692482,runs/v2_learned_z_off_axis/metrics_test.json,amplitude_pearson_r,source[key],yes,direct
amplitude/amplitude.json::table_11a.D2.amplitude_unity_mae,0.1468617420280929,runs/v2_learned_z_off_axis/metrics_test.json,amplitude_unity_mae,source[key],yes,direct
amplitude/amplitude.json::table_11a.D2.amplitude_pred_mean,1.0307708656893366,runs/v2_learned_z_off_axis/metrics_test.json,amplitude_pred_mean,source[key],yes,direct
amplitude/amplitude.json::table_11a.D2.amplitude_pred_sd,0.12001503896858312,runs/v2_learned_z_off_axis/metrics_test.json,amplitude_pred_sd,source[key],yes,direct
amplitude/amplitude.json::table_11a.D2.amplitude_reference_mean,0.9984766846209501,runs/v2_learned_z_off_axis/metrics_test.json,amplitude_reference_mean,source[key],yes,direct
amplitude/amplitude.json::table_11a.D2.amplitude_n_images,113.0,runs/v2_learned_z_off_axis/metrics_test.json,amplitude_n_images,source[key],yes,direct
amplitude/amplitude.json::table_11a.D2.amplitude_mae_over_unity,0.44355296115364556,runs/v2_learned_z_off_axis/metrics_test.json,amplitude_mae_over_unity,source[key],yes,direct
amplitude/amplitude.json::table_11a.D2.amplitude_mae_in_cell,0.08979216155357066,runs/v2_learned_z_off_axis/metrics_test.json,amplitude_mae_in_cell,source[key],yes,direct
amplitude/amplitude.json::table_11a.D2.amplitude_bias_in_cell,0.01661138911293696,runs/v2_learned_z_off_axis/metrics_test.json,amplitude_bias_in_cell,source[key],yes,direct
amplitude/amplitude.json::table_11a.D2.ratio_mae_over_unity_mae,0.44355296115364556,derived,amplitude_mae / amplitude_unity_mae,amplitude_mae / amplitude_unity_mae (<1: closer to the reference than A=1),"derived, checked in compile_results",ratio of two stored metrics
amplitude/amplitude.json::table_11b.A.forward_residual,0.8948461817780778,runs/v2_baseline_off_axis/metrics_test.json; runs/v2_A_seed1337_off_axis/metrics_test.json; runs/v2_A_seed2024_off_axis/metrics_test.json,forward_residual,mean and sample SD (ddof=1) over training runs,yes,mean of 3 source files; SD (ddof=1) recomputed
amplitude/amplitude.json::table_11b.A.forward_residual_reference,0.8913735829095925,runs/v2_baseline_off_axis/metrics_test.json; runs/v2_A_seed1337_off_axis/metrics_test.json; runs/v2_A_seed2024_off_axis/metrics_test.json,forward_residual_reference,mean and sample SD (ddof=1) over training runs,yes,mean of 3 source files; SD (ddof=1) recomputed
amplitude/amplitude.json::table_11b.A.forward_residual_ratio,1.0038957839171656,runs/v2_baseline_off_axis/metrics_test.json; runs/v2_A_seed1337_off_axis/metrics_test.json; runs/v2_A_seed2024_off_axis/metrics_test.json,forward_residual_ratio,mean and sample SD (ddof=1) over training runs,yes,mean of 3 source files; SD (ddof=1) recomputed
amplitude/amplitude.json::table_11b.A.phase_mae_rad_in_cell,0.2689294574622911,runs/v2_baseline_off_axis/metrics_test.json; runs/v2_A_seed1337_off_axis/metrics_test.json; runs/v2_A_seed2024_off_axis/metrics_test.json,phase_mae_rad_in_cell,mean and sample SD (ddof=1) over training runs,yes,mean of 3 source files; SD (ddof=1) recomputed
amplitude/amplitude.json::table_11b.A.forward_distance_um,33.77,runs/v2_baseline_off_axis/metrics_test.json; runs/v2_A_seed1337_off_axis/metrics_test.json; runs/v2_A_seed2024_off_axis/metrics_test.json,forward_distance_um,mean and sample SD (ddof=1) over training runs,yes,mean of 3 source files; SD (ddof=1) recomputed
amplitude/amplitude.json::table_11b.B.forward_residual,0.896818845672945,runs/v2_cell_ipp_off_axis/metrics_test.json; runs/v2_B_seed1337_off_axis/metrics_test.json; runs/v2_B_seed2024_off_axis/metrics_test.json,forward_residual,mean and sample SD (ddof=1) over training runs,yes,mean of 3 source files; SD (ddof=1) recomputed
amplitude/amplitude.json::table_11b.B.forward_residual_reference,0.8913735829095925,runs/v2_cell_ipp_off_axis/metrics_test.json; runs/v2_B_seed1337_off_axis/metrics_test.json; runs/v2_B_seed2024_off_axis/metrics_test.json,forward_residual_reference,mean and sample SD (ddof=1) over training runs,yes,mean of 3 source files; SD (ddof=1) recomputed
amplitude/amplitude.json::table_11b.B.forward_residual_ratio,1.006108844672711,runs/v2_cell_ipp_off_axis/metrics_test.json; runs/v2_B_seed1337_off_axis/metrics_test.json; runs/v2_B_seed2024_off_axis/metrics_test.json,forward_residual_ratio,mean and sample SD (ddof=1) over training runs,yes,mean of 3 source files; SD (ddof=1) recomputed
amplitude/amplitude.json::table_11b.B.phase_mae_rad_in_cell,0.2876482743956698,runs/v2_cell_ipp_off_axis/metrics_test.json; runs/v2_B_seed1337_off_axis/metrics_test.json; runs/v2_B_seed2024_off_axis/metrics_test.json,phase_mae_rad_in_cell,mean and sample SD (ddof=1) over training runs,yes,mean of 3 source files; SD (ddof=1) recomputed
amplitude/amplitude.json::table_11b.B.forward_distance_um,33.77,runs/v2_cell_ipp_off_axis/metrics_test.json; runs/v2_B_seed1337_off_axis/metrics_test.json; runs/v2_B_seed2024_off_axis/metrics_test.json,forward_distance_um,mean and sample SD (ddof=1) over training runs,yes,mean of 3 source files; SD (ddof=1) recomputed
amplitude/amplitude.json::table_11b.D0.forward_residual,0.8699443519642923,runs/v2_amplitude_off_axis/metrics_test.json,forward_residual,source[key],yes,direct
amplitude/amplitude.json::table_11b.D0.forward_residual_reference,0.8646782064332371,runs/v2_amplitude_off_axis/metrics_test.json,forward_residual_reference,source[key],yes,direct
amplitude/amplitude.json::table_11b.D0.forward_residual_ratio,1.0060902952010065,runs/v2_amplitude_off_axis/metrics_test.json,forward_residual_ratio,source[key],yes,direct
amplitude/amplitude.json::table_11b.D0.phase_mae_rad_in_cell,0.28622506545708243,runs/v2_amplitude_off_axis/metrics_test.json,phase_mae_rad_in_cell,source[key],yes,direct
amplitude/amplitude.json::table_11b.D0.forward_distance_um,33.77,runs/v2_amplitude_off_axis/metrics_test.json,forward_distance_um,source[key],yes,direct
amplitude/amplitude.json::table_11b.D1.forward_residual,0.8702429725533039,runs/v2_forward_amplitude_off_axis/metrics_test.json,forward_residual,source[key],yes,direct
amplitude/amplitude.json::table_11b.D1.forward_residual_reference,0.8643323496907158,runs/v2_forward_amplitude_off_axis/metrics_test.json,forward_residual_reference,source[key],yes,direct
amplitude/amplitude.json::table_11b.D1.forward_residual_ratio,1.0068383682095239,runs/v2_forward_amplitude_off_axis/metrics_test.json,forward_residual_ratio,source[key],yes,direct
amplitude/amplitude.json::table_11b.D1.phase_mae_rad_in_cell,0.28925324594025065,runs/v2_forward_amplitude_off_axis/metrics_test.json,phase_mae_rad_in_cell,source[key],yes,direct
amplitude/amplitude.json::table_11b.D1.forward_distance_um,33.77,runs/v2_forward_amplitude_off_axis/metrics_test.json,forward_distance_um,source[key],yes,direct
amplitude/amplitude.json::table_11b.D2.forward_residual,0.8698769380561019,runs/v2_learned_z_off_axis/metrics_test.json,forward_residual,source[key],yes,direct
amplitude/amplitude.json::table_11b.D2.forward_residual_reference,0.8639940107818198,runs/v2_learned_z_off_axis/metrics_test.json,forward_residual_reference,source[key],yes,direct
amplitude/amplitude.json::table_11b.D2.forward_residual_ratio,1.0068089908041824,runs/v2_learned_z_off_axis/metrics_test.json,forward_residual_ratio,source[key],yes,direct
amplitude/amplitude.json::table_11b.D2.phase_mae_rad_in_cell,0.2886312928347461,runs/v2_learned_z_off_axis/metrics_test.json,phase_mae_rad_in_cell,source[key],yes,direct
amplitude/amplitude.json::table_11b.D2.forward_distance_um,33.40824890136719,runs/v2_learned_z_off_axis/metrics_test.json,forward_distance_um,source[key],yes,direct
amplitude/amplitude.json::table_11b.G_in_line_107_fields.forward_residual,0.7573359494454392,runs/v2_baseline_gabor/metrics_test.json,forward_residual,source[key],yes,direct
amplitude/amplitude.json::table_11b.G_in_line_107_fields.forward_residual_reference,0.7654254578541373,runs/v2_baseline_gabor/metrics_test.json,forward_residual_reference,source[key],yes,direct
amplitude/amplitude.json::table_11b.G_in_line_107_fields.forward_residual_ratio,0.9894313569980062,runs/v2_baseline_gabor/metrics_test.json,forward_residual_ratio,source[key],yes,direct
"amplitude/amplitude.json::table_11c.Off-axis, 32 validation fields.reference_residual",0.9146810993552208,runs/z_calibration.json,off_axis.discrimination.floor,source[key],yes,direct
"amplitude/amplitude.json::table_11c.Off-axis, 32 validation fields.scale_0.9.margin",0.00034572556614875793,runs/z_calibration.json,off_axis.discrimination.margins.scaled_0.9,,"derived, not recomputed here","derived quantity; independent recomputation is performed by compile_results.py consistency checks (decomposition, split counts, matched-cell reconciliation)"
"amplitude/amplitude.json::table_11c.Off-axis, 32 validation fields.scale_0.9.fields_favouring_reference_phase",18,runs/z_calibration.json,off_axis.discrimination.win_rates.scaled_0.9 x images,win_rate x images; win_rate = mean(scaled residual - reference residual > 0),yes,win_rate x images recomputed
"amplitude/amplitude.json::table_11c.Off-axis, 32 validation fields.scale_0.5.margin",0.007992720231413841,runs/z_calibration.json,off_axis.discrimination.margins.scaled_0.5,,"derived, not recomputed here","derived quantity; independent recomputation is performed by compile_results.py consistency checks (decomposition, split counts, matched-cell reconciliation)"
"amplitude/amplitude.json::table_11c.Off-axis, 32 validation fields.scale_0.5.fields_favouring_reference_phase",20,runs/z_calibration.json,off_axis.discrimination.win_rates.scaled_0.5 x images,win_rate x images; win_rate = mean(scaled residual - reference residual > 0),yes,win_rate x images recomputed
"amplitude/amplitude.json::table_11c.In-line, 32 validation fields.reference_residual",0.6993121644482017,runs/z_calibration.json,gabor.discrimination.floor,source[key],yes,direct
"amplitude/amplitude.json::table_11c.In-line, 32 validation fields.scale_0.9.margin",0.004318851977586746,runs/z_calibration.json,gabor.discrimination.margins.scaled_0.9,,"derived, not recomputed here","derived quantity; independent recomputation is performed by compile_results.py consistency checks (decomposition, split counts, matched-cell reconciliation)"
"amplitude/amplitude.json::table_11c.In-line, 32 validation fields.scale_0.9.fields_favouring_reference_phase",30,runs/z_calibration.json,gabor.discrimination.win_rates.scaled_0.9 x images,win_rate x images; win_rate = mean(scaled residual - reference residual > 0),yes,win_rate x images recomputed
"amplitude/amplitude.json::table_11c.In-line, 32 validation fields.scale_0.5.margin",0.06224722322076559,runs/z_calibration.json,gabor.discrimination.margins.scaled_0.5,,"derived, not recomputed here","derived quantity; independent recomputation is performed by compile_results.py consistency checks (decomposition, split counts, matched-cell reconciliation)"
"amplitude/amplitude.json::table_11c.In-line, 32 validation fields.scale_0.5.fields_favouring_reference_phase",32,runs/z_calibration.json,gabor.discrimination.win_rates.scaled_0.5 x images,win_rate x images; win_rate = mean(scaled residual - reference residual > 0),yes,win_rate x images recomputed
"amplitude/amplitude.json::table_11c.Off-axis, 113 test fields, global surface.reference_residual",0.8913752842793422,runs/amplitude_sensitivity_off_axis_global.csv,phase_reference,mean over fields of phase_reference,yes,mean recomputed from per-field CSV
"amplitude/amplitude.json::table_11c.Off-axis, 113 test fields, global surface.scale_0.9.margin",0.000270324470722616,runs/amplitude_sensitivity_off_axis_global.csv,phase_scaled_0.9 - phase_reference,mean(scaled) - mean(reference),yes,margin recomputed from per-field CSV
"amplitude/amplitude.json::table_11c.Off-axis, 113 test fields, global surface.scale_0.9.fields_favouring_reference_phase",60,runs/amplitude_sensitivity_off_axis_global.csv,count(phase_scaled_0.9 > phase_reference),number of fields whose scaled-phase residual exceeds the reference-phase residual,yes,count recomputed from per-field CSV
"amplitude/amplitude.json::table_11c.Off-axis, 113 test fields, global surface.scale_0.5.margin",0.006961949631176245,runs/amplitude_sensitivity_off_axis_global.csv,phase_scaled_0.5 - phase_reference,mean(scaled) - mean(reference),yes,margin recomputed from per-field CSV
"amplitude/amplitude.json::table_11c.Off-axis, 113 test fields, global surface.scale_0.5.fields_favouring_reference_phase",71,runs/amplitude_sensitivity_off_axis_global.csv,count(phase_scaled_0.5 > phase_reference),number of fields whose scaled-phase residual exceeds the reference-phase residual,yes,count recomputed from per-field CSV
"amplitude/amplitude.json::table_11c.Off-axis, 112 test fields, per-field surfaces.reference_residual",0.3906342184969357,runs/amplitude_sensitivity_off_axis_per_field.csv,phase_reference,mean over fields of phase_reference,yes,mean recomputed from per-field CSV
"amplitude/amplitude.json::table_11c.Off-axis, 112 test fields, per-field surfaces.scale_0.9.margin",0.0011009049734899135,runs/amplitude_sensitivity_off_axis_per_field.csv,phase_scaled_0.9 - phase_reference,mean(scaled) - mean(reference),yes,margin recomputed from per-field CSV
"amplitude/amplitude.json::table_11c.Off-axis, 112 test fields, per-field surfaces.scale_0.9.fields_favouring_reference_phase",93,runs/amplitude_sensitivity_off_axis_per_field.csv,count(phase_scaled_0.9 > phase_reference),number of fields whose scaled-phase residual exceeds the reference-phase residual,yes,count recomputed from per-field CSV
"amplitude/amplitude.json::table_11c.Off-axis, 112 test fields, per-field surfaces.scale_0.5.margin",0.035904748631375216,runs/amplitude_sensitivity_off_axis_per_field.csv,phase_scaled_0.5 - phase_reference,mean(scaled) - mean(reference),yes,margin recomputed from per-field CSV
"amplitude/amplitude.json::table_11c.Off-axis, 112 test fields, per-field surfaces.scale_0.5.fields_favouring_reference_phase",110,runs/amplitude_sensitivity_off_axis_per_field.csv,count(phase_scaled_0.5 > phase_reference),number of fields whose scaled-phase residual exceeds the reference-phase residual,yes,count recomputed from per-field CSV
"amplitude/amplitude.json::table_11c.Off-axis, 112 test fields, global surface (same fields as per-field row).reference_residual",0.8925678102033479,runs/amplitude_sensitivity_off_axis_global.csv,phase_reference,mean over the 112 shared fields,yes,mean recomputed from per-field CSV
"amplitude/amplitude.json::table_11c.Off-axis, 112 test fields, global surface (same fields as per-field row).scale_0.9.margin",0.0002532164965357575,runs/amplitude_sensitivity_off_axis_global.csv,phase_scaled_0.9 - phase_reference,"mean(scaled) - mean(reference), 112 shared fields",yes,margin recomputed from per-field CSV
"amplitude/amplitude.json::table_11c.Off-axis, 112 test fields, global surface (same fields as per-field row).scale_0.9.fields_favouring_reference_phase",59,runs/amplitude_sensitivity_off_axis_global.csv,count(phase_scaled_0.9 > phase_reference),count over the 112 shared fields,yes,count recomputed from per-field CSV
"amplitude/amplitude.json::table_11c.Off-axis, 112 test fields, global surface (same fields as per-field row).scale_0.5.margin",0.006724023925406608,runs/amplitude_sensitivity_off_axis_global.csv,phase_scaled_0.5 - phase_reference,"mean(scaled) - mean(reference), 112 shared fields",yes,margin recomputed from per-field CSV
"amplitude/amplitude.json::table_11c.Off-axis, 112 test fields, global surface (same fields as per-field row).scale_0.5.fields_favouring_reference_phase",70,runs/amplitude_sensitivity_off_axis_global.csv,count(phase_scaled_0.5 > phase_reference),count over the 112 shared fields,yes,count recomputed from per-field CSV
amplitude/amplitude.json::configured_tolerance,0.01,config/base.yaml,loss.forward_model.discrimination_tolerance,,"derived, not recomputed here","derived quantity; independent recomputation is performed by compile_results.py consistency checks (decomposition, split counts, matched-cell reconciliation)"
baseline/baseline.json::table_4.phase_mae_rad.neural,0.15679374702033042,runs/v2_baseline_off_axis/metrics_test.json; runs/v2_A_seed1337_off_axis/metrics_test.json; runs/v2_A_seed2024_off_axis/metrics_test.json,phase_mae_rad,mean and sample SD (ddof=1) over training runs,yes,mean of 3 source files; SD (ddof=1) recomputed
baseline/baseline.json::table_4.phase_mae_rad.classical,0.19676522673231311,runs/conventional_off_axis/metrics_test.json,phase_mae_rad,source[key],yes,direct
baseline/baseline.json::table_4.phase_mae_rad.delta_neural_minus_classical,-0.0399714797119827,derived,phase_mae_rad,mean(neural over 3 seeds) - classical,yes,delta recomputed from source files
baseline/baseline.json::table_4.phase_mae_rad_in_cell.neural,0.2689294574622911,runs/v2_baseline_off_axis/metrics_test.json; runs/v2_A_seed1337_off_axis/metrics_test.json; runs/v2_A_seed2024_off_axis/metrics_test.json,phase_mae_rad_in_cell,mean and sample SD (ddof=1) over training runs,yes,mean of 3 source files; SD (ddof=1) recomputed
baseline/baseline.json::table_4.phase_mae_rad_in_cell.classical,0.3112234502239565,runs/conventional_off_axis/metrics_test.json,phase_mae_rad_in_cell,source[key],yes,direct
baseline/baseline.json::table_4.phase_mae_rad_in_cell.delta_neural_minus_classical,-0.0422939927616654,derived,phase_mae_rad_in_cell,mean(neural over 3 seeds) - classical,yes,delta recomputed from source files
baseline/baseline.json::table_4.phase_pearson_r.neural,0.8741126907082787,runs/v2_baseline_off_axis/metrics_test.json; runs/v2_A_seed1337_off_axis/metrics_test.json; runs/v2_A_seed2024_off_axis/metrics_test.json,phase_pearson_r,mean and sample SD (ddof=1) over training runs,yes,mean of 3 source files; SD (ddof=1) recomputed
baseline/baseline.json::table_4.phase_pearson_r.classical,0.7850669261760417,runs/conventional_off_axis/metrics_test.json,phase_pearson_r,source[key],yes,direct
baseline/baseline.json::table_4.phase_pearson_r.delta_neural_minus_classical,0.089045764532237,derived,phase_pearson_r,mean(neural over 3 seeds) - classical,yes,delta recomputed from source files
baseline/baseline.json::table_4.phase_ssim.neural,0.6386138951752037,runs/v2_baseline_off_axis/metrics_test.json; runs/v2_A_seed1337_off_axis/metrics_test.json; runs/v2_A_seed2024_off_axis/metrics_test.json,phase_ssim,mean and sample SD (ddof=1) over training runs,yes,mean of 3 source files; SD (ddof=1) recomputed
baseline/baseline.json::table_4.phase_ssim.classical,0.529890722405594,runs/conventional_off_axis/metrics_test.json,phase_ssim,source[key],yes,direct
baseline/baseline.json::table_4.phase_ssim.delta_neural_minus_classical,0.10872317276960974,derived,phase_ssim,mean(neural over 3 seeds) - classical,yes,delta recomputed from source files
baseline/baseline.json::table_4.seg_dice.neural,0.8337458751814576,runs/v2_baseline_off_axis/metrics_test.json; runs/v2_A_seed1337_off_axis/metrics_test.json; runs/v2_A_seed2024_off_axis/metrics_test.json,seg_dice,mean and sample SD (ddof=1) over training runs,yes,mean of 3 source files; SD (ddof=1) recomputed
baseline/baseline.json::table_4.seg_dice.classical,0.8252547276104372,runs/conventional_off_axis/metrics_test.json,seg_dice,source[key],yes,direct
baseline/baseline.json::table_4.seg_dice.delta_neural_minus_classical,0.00849114757102043,derived,seg_dice,mean(neural over 3 seeds) - classical,yes,delta recomputed from source files
baseline/baseline.json::table_4.seg_aji.neural,0.6709657600452449,runs/v2_baseline_off_axis/metrics_test.json; runs/v2_A_seed1337_off_axis/metrics_test.json; runs/v2_A_seed2024_off_axis/metrics_test.json,seg_aji,mean and sample SD (ddof=1) over training runs,yes,mean of 3 source files; SD (ddof=1) recomputed
baseline/baseline.json::table_4.seg_aji.classical,0.63871697875796,runs/conventional_off_axis/metrics_test.json,seg_aji,source[key],yes,direct
baseline/baseline.json::table_4.seg_aji.delta_neural_minus_classical,0.03224878128728492,derived,seg_aji,mean(neural over 3 seeds) - classical,yes,delta recomputed from source files
baseline/baseline.json::table_4.seg_boundary_f1.neural,0.4686802510669446,runs/v2_baseline_off_axis/metrics_test.json; runs/v2_A_seed1337_off_axis/metrics_test.json; runs/v2_A_seed2024_off_axis/metrics_test.json,seg_boundary_f1,mean and sample SD (ddof=1) over training runs,yes,mean of 3 source files; SD (ddof=1) recomputed
baseline/baseline.json::table_4.seg_boundary_f1.classical,0.39537012466573257,runs/conventional_off_axis/metrics_test.json,seg_boundary_f1,source[key],yes,direct
baseline/baseline.json::table_4.seg_boundary_f1.delta_neural_minus_classical,0.07331012640121204,derived,seg_boundary_f1,mean(neural over 3 seeds) - classical,yes,delta recomputed from source files
baseline/baseline.json::table_4.detection_recall.neural,0.5931157145846412,runs/v2_baseline_off_axis/metrics_test.json; runs/v2_A_seed1337_off_axis/metrics_test.json; runs/v2_A_seed2024_off_axis/metrics_test.json,detection_recall,mean and sample SD (ddof=1) over training runs,yes,mean of 3 source files; SD (ddof=1) recomputed
baseline/baseline.json::table_4.detection_recall.classical,0.5869428750784683,runs/conventional_off_axis/metrics_test.json,detection_recall,source[key],yes,direct
baseline/baseline.json::table_4.detection_recall.delta_neural_minus_classical,0.006172839506172867,derived,detection_recall,mean(neural over 3 seeds) - classical,yes,delta recomputed from source files
baseline/baseline.json::table_4.detection_precision.neural,0.8487571417143531,runs/v2_baseline_off_axis/metrics_test.json; runs/v2_A_seed1337_off_axis/metrics_test.json; runs/v2_A_seed2024_off_axis/metrics_test.json,detection_precision,mean and sample SD (ddof=1) over training runs,yes,mean of 3 source files; SD (ddof=1) recomputed
baseline/baseline.json::table_4.detection_precision.classical,0.7910321489001692,runs/conventional_off_axis/metrics_test.json,detection_precision,source[key],yes,direct
baseline/baseline.json::table_4.detection_precision.delta_neural_minus_classical,0.05772499281418397,derived,detection_precision,mean(neural over 3 seeds) - classical,yes,delta recomputed from source files
baseline/baseline.json::table_4.area_mape.neural,0.15677843737686237,runs/v2_baseline_off_axis/metrics_test.json; runs/v2_A_seed1337_off_axis/metrics_test.json; runs/v2_A_seed2024_off_axis/metrics_test.json,area_mape,mean and sample SD (ddof=1) over training runs,yes,mean of 3 source files; SD (ddof=1) recomputed
baseline/baseline.json::table_4.area_mape.classical,0.15776911254105397,runs/conventional_off_axis/metrics_test.json,area_mape,source[key],yes,direct
baseline/baseline.json::table_4.area_mape.delta_neural_minus_classical,-0.0009906751641916012,derived,area_mape,mean(neural over 3 seeds) - classical,yes,delta recomputed from source files
baseline/baseline.json::table_4.dry_mass_mape.neural,0.17420637709436515,runs/v2_baseline_off_axis/metrics_test.json; runs/v2_A_seed1337_off_axis/metrics_test.json; runs/v2_A_seed2024_off_axis/metrics_test.json,dry_mass_mape,mean and sample SD (ddof=1) over training runs,yes,mean of 3 source files; SD (ddof=1) recomputed
baseline/baseline.json::table_4.dry_mass_mape.classical,0.22033939890203486,runs/conventional_off_axis/metrics_test.json,dry_mass_mape,source[key],yes,direct
baseline/baseline.json::table_4.dry_mass_mape.delta_neural_minus_classical,-0.046133021807669705,derived,dry_mass_mape,mean(neural over 3 seeds) - classical,yes,delta recomputed from source files
baseline/baseline.json::table_4.dry_mass_cell_pearson_r.neural,0.9363406529467363,runs/v2_baseline_off_axis/metrics_test.json; runs/v2_A_seed1337_off_axis/metrics_test.json; runs/v2_A_seed2024_off_axis/metrics_test.json,dry_mass_cell_pearson_r,mean and sample SD (ddof=1) over training runs,yes,mean of 3 source files; SD (ddof=1) recomputed
baseline/baseline.json::table_4.dry_mass_cell_pearson_r.classical,0.8936873395896491,runs/conventional_off_axis/metrics_test.json,dry_mass_cell_pearson_r,source[key],yes,direct
baseline/baseline.json::table_4.dry_mass_cell_pearson_r.delta_neural_minus_classical,0.04265331335708722,derived,dry_mass_cell_pearson_r,mean(neural over 3 seeds) - classical,yes,delta recomputed from source files
baseline/baseline.json::table_4.dry_mass_field_total_mape.neural,0.16310050655996677,runs/v2_baseline_off_axis/metrics_test.json; runs/v2_A_seed1337_off_axis/metrics_test.json; runs/v2_A_seed2024_off_axis/metrics_test.json,dry_mass_field_total_mape,mean and sample SD (ddof=1) over training runs,yes,mean of 3 source files; SD (ddof=1) recomputed
baseline/baseline.json::table_4.dry_mass_field_total_mape.classical,0.10938239775698252,runs/conventional_off_axis/metrics_test.json,dry_mass_field_total_mape,source[key],yes,direct
baseline/baseline.json::table_4.dry_mass_field_total_mape.delta_neural_minus_classical,0.05371810880298425,derived,dry_mass_field_total_mape,mean(neural over 3 seeds) - classical,yes,delta recomputed from source files
baseline/baseline.json::table_4.cells_matched.neural,1889.6666666666667,runs/v2_baseline_off_axis/metrics_test.json; runs/v2_A_seed1337_off_axis/metrics_test.json; runs/v2_A_seed2024_off_axis/metrics_test.json,cells_matched,mean and sample SD (ddof=1) over training runs,yes,mean of 3 source files; SD (ddof=1) recomputed
baseline/baseline.json::table_4.cells_matched.classical,1870,runs/conventional_off_axis/metrics_test.json,cells_matched,source[key],yes,direct
baseline/baseline.json::table_4.cells_matched.delta_neural_minus_classical,19.666666666666742,derived,cells_matched,mean(neural over 3 seeds) - classical,yes,delta recomputed from source files
baseline/baseline.json::table_6.Projected area.matched_cells.mape,0.15677843737686237,runs/v2_baseline_off_axis/metrics_test.json; runs/v2_A_seed1337_off_axis/metrics_test.json; runs/v2_A_seed2024_off_axis/metrics_test.json,area_mape,mean and sample SD (ddof=1) over training runs,yes,mean of 3 source files; SD (ddof=1) recomputed
baseline/baseline.json::table_6.Projected area.matched_cells.mape_ci95_seed42[0],0.14706578246531418,runs/v2_baseline_off_axis/metrics_test.json,area_mape_ci_lower,source[key],yes,direct
baseline/baseline.json::table_6.Projected area.matched_cells.mape_ci95_seed42[1],0.166250958066517,runs/v2_baseline_off_axis/metrics_test.json,area_mape_ci_upper,source[key],yes,direct
baseline/baseline.json::table_6.Projected area.matched_cells.coverage_adjusted_mape,0.49986835861527473,runs/v2_baseline_off_axis/metrics_test.json; runs/v2_A_seed1337_off_axis/metrics_test.json; runs/v2_A_seed2024_off_axis/metrics_test.json,area_mape_coverage_adjusted,mean and sample SD (ddof=1) over training runs,yes,mean of 3 source files; SD (ddof=1) recomputed
baseline/baseline.json::table_6.Projected area.matched_cells.pearson_r_per_cell,0.8986417703497477,runs/v2_baseline_off_axis/metrics_test.json; runs/v2_A_seed1337_off_axis/metrics_test.json; runs/v2_A_seed2024_off_axis/metrics_test.json,area_cell_pearson_r,mean and sample SD (ddof=1) over training runs,yes,mean of 3 source files; SD (ddof=1) recomputed
baseline/baseline.json::table_6.Projected area.matched_cells.n_matched_cells,1889.6666666666667,runs/v2_baseline_off_axis/metrics_test.json; runs/v2_A_seed1337_off_axis/metrics_test.json; runs/v2_A_seed2024_off_axis/metrics_test.json,area_n_cells,mean and sample SD (ddof=1) over training runs,yes,mean of 3 source files; SD (ddof=1) recomputed
baseline/baseline.json::table_6.Projected area.per_field_bland_altman.relative_bias,0.06494687287589461,runs/v2_baseline_off_axis/metrics_test.json; runs/v2_A_seed1337_off_axis/metrics_test.json; runs/v2_A_seed2024_off_axis/metrics_test.json,area_relative_bias,mean and sample SD (ddof=1) over training runs,yes,mean of 3 source files; SD (ddof=1) recomputed
baseline/baseline.json::table_6.Projected area.per_field_bland_altman.loa_lower,-0.16205159882879777,runs/v2_baseline_off_axis/metrics_test.json; runs/v2_A_seed1337_off_axis/metrics_test.json; runs/v2_A_seed2024_off_axis/metrics_test.json,area_loa_lower,mean and sample SD (ddof=1) over training runs,yes,mean of 3 source files; SD (ddof=1) recomputed
baseline/baseline.json::table_6.Projected area.per_field_bland_altman.loa_upper,0.291945344580587,runs/v2_baseline_off_axis/metrics_test.json; runs/v2_A_seed1337_off_axis/metrics_test.json; runs/v2_A_seed2024_off_axis/metrics_test.json,area_loa_upper,mean and sample SD (ddof=1) over training runs,yes,mean of 3 source files; SD (ddof=1) recomputed
baseline/baseline.json::table_6.Projected area.field_total.bias,-0.09005370574123929,runs/v2_baseline_off_axis/metrics_test.json; runs/v2_A_seed1337_off_axis/metrics_test.json; runs/v2_A_seed2024_off_axis/metrics_test.json,area_field_total_bias,mean and sample SD (ddof=1) over training runs,yes,mean of 3 source files; SD (ddof=1) recomputed
baseline/baseline.json::table_6.Projected area.field_total.mape,0.15529677151362226,runs/v2_baseline_off_axis/metrics_test.json; runs/v2_A_seed1337_off_axis/metrics_test.json; runs/v2_A_seed2024_off_axis/metrics_test.json,area_field_total_mape,mean and sample SD (ddof=1) over training runs,yes,mean of 3 source files; SD (ddof=1) recomputed
baseline/baseline.json::table_6.Projected area.field_total.pearson_r,0.9341451794502341,runs/v2_baseline_off_axis/metrics_test.json; runs/v2_A_seed1337_off_axis/metrics_test.json; runs/v2_A_seed2024_off_axis/metrics_test.json,area_field_total_pearson_r,mean and sample SD (ddof=1) over training runs,yes,mean of 3 source files; SD (ddof=1) recomputed
baseline/baseline.json::table_6.Circularity.matched_cells.mape,0.05712324127091425,runs/v2_baseline_off_axis/metrics_test.json; runs/v2_A_seed1337_off_axis/metrics_test.json; runs/v2_A_seed2024_off_axis/metrics_test.json,circularity_mape,mean and sample SD (ddof=1) over training runs,yes,mean of 3 source files; SD (ddof=1) recomputed
baseline/baseline.json::table_6.Circularity.matched_cells.mape_ci95_seed42[0],0.04931989997471698,runs/v2_baseline_off_axis/metrics_test.json,circularity_mape_ci_lower,source[key],yes,direct
baseline/baseline.json::table_6.Circularity.matched_cells.mape_ci95_seed42[1],0.06326658692929896,runs/v2_baseline_off_axis/metrics_test.json,circularity_mape_ci_upper,source[key],yes,direct
baseline/baseline.json::table_6.Circularity.matched_cells.coverage_adjusted_mape,0.44076114512375913,runs/v2_baseline_off_axis/metrics_test.json; runs/v2_A_seed1337_off_axis/metrics_test.json; runs/v2_A_seed2024_off_axis/metrics_test.json,circularity_mape_coverage_adjusted,mean and sample SD (ddof=1) over training runs,yes,mean of 3 source files; SD (ddof=1) recomputed
baseline/baseline.json::table_6.Circularity.matched_cells.pearson_r_per_cell,0.8861352787044874,runs/v2_baseline_off_axis/metrics_test.json; runs/v2_A_seed1337_off_axis/metrics_test.json; runs/v2_A_seed2024_off_axis/metrics_test.json,circularity_cell_pearson_r,mean and sample SD (ddof=1) over training runs,yes,mean of 3 source files; SD (ddof=1) recomputed
baseline/baseline.json::table_6.Circularity.matched_cells.n_matched_cells,1889.6666666666667,runs/v2_baseline_off_axis/metrics_test.json; runs/v2_A_seed1337_off_axis/metrics_test.json; runs/v2_A_seed2024_off_axis/metrics_test.json,circularity_n_cells,mean and sample SD (ddof=1) over training runs,yes,mean of 3 source files; SD (ddof=1) recomputed
baseline/baseline.json::table_6.Circularity.per_field_bland_altman.relative_bias,0.02167687971429701,runs/v2_baseline_off_axis/metrics_test.json; runs/v2_A_seed1337_off_axis/metrics_test.json; runs/v2_A_seed2024_off_axis/metrics_test.json,circularity_relative_bias,mean and sample SD (ddof=1) over training runs,yes,mean of 3 source files; SD (ddof=1) recomputed
baseline/baseline.json::table_6.Circularity.per_field_bland_altman.loa_lower,-0.05398631082166631,runs/v2_baseline_off_axis/metrics_test.json; runs/v2_A_seed1337_off_axis/metrics_test.json; runs/v2_A_seed2024_off_axis/metrics_test.json,circularity_loa_lower,mean and sample SD (ddof=1) over training runs,yes,mean of 3 source files; SD (ddof=1) recomputed
baseline/baseline.json::table_6.Circularity.per_field_bland_altman.loa_upper,0.09734007025026033,runs/v2_baseline_off_axis/metrics_test.json; runs/v2_A_seed1337_off_axis/metrics_test.json; runs/v2_A_seed2024_off_axis/metrics_test.json,circularity_loa_upper,mean and sample SD (ddof=1) over training runs,yes,mean of 3 source files; SD (ddof=1) recomputed
baseline/baseline.json::table_6.Dry mass.matched_cells.mape,0.17420637709436515,runs/v2_baseline_off_axis/metrics_test.json; runs/v2_A_seed1337_off_axis/metrics_test.json; runs/v2_A_seed2024_off_axis/metrics_test.json,dry_mass_mape,mean and sample SD (ddof=1) over training runs,yes,mean of 3 source files; SD (ddof=1) recomputed
baseline/baseline.json::table_6.Dry mass.matched_cells.mape_ci95_seed42[0],0.16502737899044947,runs/v2_baseline_off_axis/metrics_test.json,dry_mass_mape_ci_lower,source[key],yes,direct
baseline/baseline.json::table_6.Dry mass.matched_cells.mape_ci95_seed42[1],0.18490457765813115,runs/v2_baseline_off_axis/metrics_test.json,dry_mass_mape_ci_upper,source[key],yes,direct
baseline/baseline.json::table_6.Dry mass.matched_cells.coverage_adjusted_mape,0.5102056927075126,runs/v2_baseline_off_axis/metrics_test.json; runs/v2_A_seed1337_off_axis/metrics_test.json; runs/v2_A_seed2024_off_axis/metrics_test.json,dry_mass_mape_coverage_adjusted,mean and sample SD (ddof=1) over training runs,yes,mean of 3 source files; SD (ddof=1) recomputed
baseline/baseline.json::table_6.Dry mass.matched_cells.pearson_r_per_cell,0.9363406529467363,runs/v2_baseline_off_axis/metrics_test.json; runs/v2_A_seed1337_off_axis/metrics_test.json; runs/v2_A_seed2024_off_axis/metrics_test.json,dry_mass_cell_pearson_r,mean and sample SD (ddof=1) over training runs,yes,mean of 3 source files; SD (ddof=1) recomputed
baseline/baseline.json::table_6.Dry mass.matched_cells.n_matched_cells,1889.6666666666667,runs/v2_baseline_off_axis/metrics_test.json; runs/v2_A_seed1337_off_axis/metrics_test.json; runs/v2_A_seed2024_off_axis/metrics_test.json,dry_mass_n_cells,mean and sample SD (ddof=1) over training runs,yes,mean of 3 source files; SD (ddof=1) recomputed
baseline/baseline.json::table_6.Dry mass.per_field_bland_altman.relative_bias,-0.03722607238392343,runs/v2_baseline_off_axis/metrics_test.json; runs/v2_A_seed1337_off_axis/metrics_test.json; runs/v2_A_seed2024_off_axis/metrics_test.json,dry_mass_relative_bias,mean and sample SD (ddof=1) over training runs,yes,mean of 3 source files; SD (ddof=1) recomputed
baseline/baseline.json::table_6.Dry mass.per_field_bland_altman.loa_lower,-0.24656213500367544,runs/v2_baseline_off_axis/metrics_test.json; runs/v2_A_seed1337_off_axis/metrics_test.json; runs/v2_A_seed2024_off_axis/metrics_test.json,dry_mass_loa_lower,mean and sample SD (ddof=1) over training runs,yes,mean of 3 source files; SD (ddof=1) recomputed
baseline/baseline.json::table_6.Dry mass.per_field_bland_altman.loa_upper,0.1721099902358286,runs/v2_baseline_off_axis/metrics_test.json; runs/v2_A_seed1337_off_axis/metrics_test.json; runs/v2_A_seed2024_off_axis/metrics_test.json,dry_mass_loa_upper,mean and sample SD (ddof=1) over training runs,yes,mean of 3 source files; SD (ddof=1) recomputed
baseline/baseline.json::table_6.Dry mass.field_total.bias,-0.15603327154023033,runs/v2_baseline_off_axis/metrics_test.json; runs/v2_A_seed1337_off_axis/metrics_test.json; runs/v2_A_seed2024_off_axis/metrics_test.json,dry_mass_field_total_bias,mean and sample SD (ddof=1) over training runs,yes,mean of 3 source files; SD (ddof=1) recomputed
baseline/baseline.json::table_6.Dry mass.field_total.mape,0.16310050655996677,runs/v2_baseline_off_axis/metrics_test.json; runs/v2_A_seed1337_off_axis/metrics_test.json; runs/v2_A_seed2024_off_axis/metrics_test.json,dry_mass_field_total_mape,mean and sample SD (ddof=1) over training runs,yes,mean of 3 source files; SD (ddof=1) recomputed
baseline/baseline.json::table_6.Dry mass.field_total.pearson_r,0.988300064096021,runs/v2_baseline_off_axis/metrics_test.json; runs/v2_A_seed1337_off_axis/metrics_test.json; runs/v2_A_seed2024_off_axis/metrics_test.json,dry_mass_field_total_pearson_r,mean and sample SD (ddof=1) over training runs,yes,mean of 3 source files; SD (ddof=1) recomputed
benchmarking/benchmarking.json::arms.A.input_size,900.0,runs/benchmark_results/results_hardware_arm_A.json,statistics.input_size.mean,source[key],yes,direct
benchmarking/benchmarking.json::arms.A.params_total,9598099.0,runs/benchmark_results/results_hardware_arm_A.json,statistics.params_total.mean,source[key],yes,direct
benchmarking/benchmarking.json::arms.A.gmacs,45.84943616,runs/benchmark_results/results_hardware_arm_A.json,statistics.gmacs.mean,source[key],yes,direct
benchmarking/benchmarking.json::arms.A.runtimes.pytorch_fp32.latency_mean_ms,12.311246315638224,runs/benchmark_results/results_hardware_arm_A.json,statistics.pytorch_fp32.latency_mean_ms.mean,,"derived, not recomputed here","derived quantity; independent recomputation is performed by compile_results.py consistency checks (decomposition, split counts, matched-cell reconciliation)"
benchmarking/benchmarking.json::arms.A.runtimes.pytorch_fp32.latency_p50_ms,12.236352389057478,runs/benchmark_results/results_hardware_arm_A.json,statistics.pytorch_fp32.latency_p50_ms.mean,,"derived, not recomputed here","derived quantity; independent recomputation is performed by compile_results.py consistency checks (decomposition, split counts, matched-cell reconciliation)"
benchmarking/benchmarking.json::arms.A.runtimes.pytorch_fp32.latency_p99_ms,14.052153266966343,runs/benchmark_results/results_hardware_arm_A.json,statistics.pytorch_fp32.latency_p99_ms.mean,,"derived, not recomputed here","derived quantity; independent recomputation is performed by compile_results.py consistency checks (decomposition, split counts, matched-cell reconciliation)"
benchmarking/benchmarking.json::arms.A.runtimes.pytorch_fp32.latency_p99_over_p50,1.1482230663128352,runs/benchmark_results/results_hardware_arm_A.json,statistics.pytorch_fp32.latency_p99_over_p50.mean,,"derived, not recomputed here","derived quantity; independent recomputation is performed by compile_results.py consistency checks (decomposition, split counts, matched-cell reconciliation)"
benchmarking/benchmarking.json::arms.A.runtimes.pytorch_fp32.fps,81.23135769213975,runs/benchmark_results/results_hardware_arm_A.json,statistics.pytorch_fp32.fps.mean,,"derived, not recomputed here","derived quantity; independent recomputation is performed by compile_results.py consistency checks (decomposition, split counts, matched-cell reconciliation)"
benchmarking/benchmarking.json::arms.A.runtimes.pytorch_fp32.timed_runs,500.0,runs/benchmark_results/results_hardware_arm_A.json,statistics.pytorch_fp32.timed_runs.mean,,"derived, not recomputed here","derived quantity; independent recomputation is performed by compile_results.py consistency checks (decomposition, split counts, matched-cell reconciliation)"
benchmarking/benchmarking.json::arms.A.runtimes.pytorch_fp32.weights_mb,36.76925277709961,runs/benchmark_results/results_hardware_arm_A.json,statistics.pytorch_fp32.weights_mb.mean,,"derived, not recomputed here","derived quantity; independent recomputation is performed by compile_results.py consistency checks (decomposition, split counts, matched-cell reconciliation)"
benchmarking/benchmarking.json::arms.A.runtimes.pytorch_fp32.peak_activation_mb,187.111328125,runs/benchmark_results/results_hardware_arm_A.json,statistics.pytorch_fp32.peak_activation_mb.mean,,"derived, not recomputed here","derived quantity; independent recomputation is performed by compile_results.py consistency checks (decomposition, split counts, matched-cell reconciliation)"
benchmarking/benchmarking.json::arms.A.runtimes.pytorch_fp32.peak_allocated_mb,223.8805809020996,runs/benchmark_results/results_hardware_arm_A.json,statistics.pytorch_fp32.peak_allocated_mb.mean,,"derived, not recomputed here","derived quantity; independent recomputation is performed by compile_results.py consistency checks (decomposition, split counts, matched-cell reconciliation)"
benchmarking/benchmarking.json::arms.A.runtimes.onnx_fp32.latency_mean_ms,14.209500722587109,runs/benchmark_results/results_hardware_arm_A.json,statistics.onnx_fp32.latency_mean_ms.mean,,"derived, not recomputed here","derived quantity; independent recomputation is performed by compile_results.py consistency checks (decomposition, split counts, matched-cell reconciliation)"
benchmarking/benchmarking.json::arms.A.runtimes.onnx_fp32.latency_p50_ms,14.176666115721067,runs/benchmark_results/results_hardware_arm_A.json,statistics.onnx_fp32.latency_p50_ms.mean,,"derived, not recomputed here","derived quantity; independent recomputation is performed by compile_results.py consistency checks (decomposition, split counts, matched-cell reconciliation)"
benchmarking/benchmarking.json::arms.A.runtimes.onnx_fp32.latency_p99_ms,15.244105669359366,runs/benchmark_results/results_hardware_arm_A.json,statistics.onnx_fp32.latency_p99_ms.mean,,"derived, not recomputed here","derived quantity; independent recomputation is performed by compile_results.py consistency checks (decomposition, split counts, matched-cell reconciliation)"
benchmarking/benchmarking.json::arms.A.runtimes.onnx_fp32.latency_p99_over_p50,1.0751263148041788,runs/benchmark_results/results_hardware_arm_A.json,statistics.onnx_fp32.latency_p99_over_p50.mean,,"derived, not recomputed here","derived quantity; independent recomputation is performed by compile_results.py consistency checks (decomposition, split counts, matched-cell reconciliation)"
benchmarking/benchmarking.json::arms.A.runtimes.onnx_fp32.fps,70.3769983139678,runs/benchmark_results/results_hardware_arm_A.json,statistics.onnx_fp32.fps.mean,,"derived, not recomputed here","derived quantity; independent recomputation is performed by compile_results.py consistency checks (decomposition, split counts, matched-cell reconciliation)"
benchmarking/benchmarking.json::arms.A.runtimes.onnx_fp32.timed_runs,500.0,runs/benchmark_results/results_hardware_arm_A.json,statistics.onnx_fp32.timed_runs.mean,,"derived, not recomputed here","derived quantity; independent recomputation is performed by compile_results.py consistency checks (decomposition, split counts, matched-cell reconciliation)"
benchmarking/benchmarking.json::arms.A.runtimes.pytorch_fp16.latency_mean_ms,9.18600141753753,runs/benchmark_results/results_hardware_arm_A.json,statistics.pytorch_fp16.latency_mean_ms.mean,,"derived, not recomputed here","derived quantity; independent recomputation is performed by compile_results.py consistency checks (decomposition, split counts, matched-cell reconciliation)"
benchmarking/benchmarking.json::arms.A.runtimes.pytorch_fp16.latency_p50_ms,9.113398691018423,runs/benchmark_results/results_hardware_arm_A.json,statistics.pytorch_fp16.latency_p50_ms.mean,,"derived, not recomputed here","derived quantity; independent recomputation is performed by compile_results.py consistency checks (decomposition, split counts, matched-cell reconciliation)"
benchmarking/benchmarking.json::arms.A.runtimes.pytorch_fp16.latency_p99_ms,10.115553711851438,runs/benchmark_results/results_hardware_arm_A.json,statistics.pytorch_fp16.latency_p99_ms.mean,,"derived, not recomputed here","derived quantity; independent recomputation is performed by compile_results.py consistency checks (decomposition, split counts, matched-cell reconciliation)"
benchmarking/benchmarking.json::arms.A.runtimes.pytorch_fp16.latency_p99_over_p50,1.109563492770003,runs/benchmark_results/results_hardware_arm_A.json,statistics.pytorch_fp16.latency_p99_over_p50.mean,,"derived, not recomputed here","derived quantity; independent recomputation is performed by compile_results.py consistency checks (decomposition, split counts, matched-cell reconciliation)"
benchmarking/benchmarking.json::arms.A.runtimes.pytorch_fp16.fps,108.87022142829214,runs/benchmark_results/results_hardware_arm_A.json,statistics.pytorch_fp16.fps.mean,,"derived, not recomputed here","derived quantity; independent recomputation is performed by compile_results.py consistency checks (decomposition, split counts, matched-cell reconciliation)"
benchmarking/benchmarking.json::arms.A.runtimes.pytorch_fp16.timed_runs,500.0,runs/benchmark_results/results_hardware_arm_A.json,statistics.pytorch_fp16.timed_runs.mean,,"derived, not recomputed here","derived quantity; independent recomputation is performed by compile_results.py consistency checks (decomposition, split counts, matched-cell reconciliation)"
benchmarking/benchmarking.json::arms.A.runtimes.pytorch_fp16.weights_mb,18.38459587097168,runs/benchmark_results/results_hardware_arm_A.json,statistics.pytorch_fp16.weights_mb.mean,,"derived, not recomputed here","derived quantity; independent recomputation is performed by compile_results.py consistency checks (decomposition, split counts, matched-cell reconciliation)"
benchmarking/benchmarking.json::arms.A.runtimes.pytorch_fp16.peak_activation_mb,93.59033203125,runs/benchmark_results/results_hardware_arm_A.json,statistics.pytorch_fp16.peak_activation_mb.mean,,"derived, not recomputed here","derived quantity; independent recomputation is performed by compile_results.py consistency checks (decomposition, split counts, matched-cell reconciliation)"
benchmarking/benchmarking.json::arms.A.runtimes.pytorch_fp16.peak_allocated_mb,111.97492790222168,runs/benchmark_results/results_hardware_arm_A.json,statistics.pytorch_fp16.peak_allocated_mb.mean,,"derived, not recomputed here","derived quantity; independent recomputation is performed by compile_results.py consistency checks (decomposition, split counts, matched-cell reconciliation)"
benchmarking/benchmarking.json::arms.A.runtimes.onnx_fp16.latency_mean_ms,8.421359611054262,runs/benchmark_results/results_hardware_arm_A.json,statistics.onnx_fp16.latency_mean_ms.mean,,"derived, not recomputed here","derived quantity; independent recomputation is performed by compile_results.py consistency checks (decomposition, split counts, matched-cell reconciliation)"
benchmarking/benchmarking.json::arms.A.runtimes.onnx_fp16.latency_p50_ms,8.421011889974276,runs/benchmark_results/results_hardware_arm_A.json,statistics.onnx_fp16.latency_p50_ms.mean,,"derived, not recomputed here","derived quantity; independent recomputation is performed by compile_results.py consistency checks (decomposition, split counts, matched-cell reconciliation)"
benchmarking/benchmarking.json::arms.A.runtimes.onnx_fp16.latency_p99_ms,8.482848989466826,runs/benchmark_results/results_hardware_arm_A.json,statistics.onnx_fp16.latency_p99_ms.mean,,"derived, not recomputed here","derived quantity; independent recomputation is performed by compile_results.py consistency checks (decomposition, split counts, matched-cell reconciliation)"
benchmarking/benchmarking.json::arms.A.runtimes.onnx_fp16.latency_p99_over_p50,1.0073494805702221,runs/benchmark_results/results_hardware_arm_A.json,statistics.onnx_fp16.latency_p99_over_p50.mean,,"derived, not recomputed here","derived quantity; independent recomputation is performed by compile_results.py consistency checks (decomposition, split counts, matched-cell reconciliation)"
benchmarking/benchmarking.json::arms.A.runtimes.onnx_fp16.fps,118.75042425023294,runs/benchmark_results/results_hardware_arm_A.json,statistics.onnx_fp16.fps.mean,,"derived, not recomputed here","derived quantity; independent recomputation is performed by compile_results.py consistency checks (decomposition, split counts, matched-cell reconciliation)"
benchmarking/benchmarking.json::arms.A.runtimes.onnx_fp16.timed_runs,500.0,runs/benchmark_results/results_hardware_arm_A.json,statistics.onnx_fp16.timed_runs.mean,,"derived, not recomputed here","derived quantity; independent recomputation is performed by compile_results.py consistency checks (decomposition, split counts, matched-cell reconciliation)"
benchmarking/benchmarking.json::arms.B.input_size,900.0,runs/benchmark_results/results_hardware_arm_B.json,statistics.input_size.mean,source[key],yes,direct
benchmarking/benchmarking.json::arms.B.params_total,9598099.0,runs/benchmark_results/results_hardware_arm_B.json,statistics.params_total.mean,source[key],yes,direct
benchmarking/benchmarking.json::arms.B.gmacs,45.84943616,runs/benchmark_results/results_hardware_arm_B.json,statistics.gmacs.mean,source[key],yes,direct
benchmarking/benchmarking.json::arms.B.runtimes.pytorch_fp32.latency_mean_ms,12.423797289530436,runs/benchmark_results/results_hardware_arm_B.json,statistics.pytorch_fp32.latency_mean_ms.mean,,"derived, not recomputed here","derived quantity; independent recomputation is performed by compile_results.py consistency checks (decomposition, split counts, matched-cell reconciliation)"
benchmarking/benchmarking.json::arms.B.runtimes.pytorch_fp32.latency_p50_ms,12.315247828761736,runs/benchmark_results/results_hardware_arm_B.json,statistics.pytorch_fp32.latency_p50_ms.mean,,"derived, not recomputed here","derived quantity; independent recomputation is performed by compile_results.py consistency checks (decomposition, split counts, matched-cell reconciliation)"
benchmarking/benchmarking.json::arms.B.runtimes.pytorch_fp32.latency_p99_ms,14.328075100978213,runs/benchmark_results/results_hardware_arm_B.json,statistics.pytorch_fp32.latency_p99_ms.mean,,"derived, not recomputed here","derived quantity; independent recomputation is performed by compile_results.py consistency checks (decomposition, split counts, matched-cell reconciliation)"
benchmarking/benchmarking.json::arms.B.runtimes.pytorch_fp32.latency_p99_over_p50,1.163457599920742,runs/benchmark_results/results_hardware_arm_B.json,statistics.pytorch_fp32.latency_p99_over_p50.mean,,"derived, not recomputed here","derived quantity; independent recomputation is performed by compile_results.py consistency checks (decomposition, split counts, matched-cell reconciliation)"
benchmarking/benchmarking.json::arms.B.runtimes.pytorch_fp32.fps,80.49080824860846,runs/benchmark_results/results_hardware_arm_B.json,statistics.pytorch_fp32.fps.mean,,"derived, not recomputed here","derived quantity; independent recomputation is performed by compile_results.py consistency checks (decomposition, split counts, matched-cell reconciliation)"
benchmarking/benchmarking.json::arms.B.runtimes.pytorch_fp32.timed_runs,500.0,runs/benchmark_results/results_hardware_arm_B.json,statistics.pytorch_fp32.timed_runs.mean,,"derived, not recomputed here","derived quantity; independent recomputation is performed by compile_results.py consistency checks (decomposition, split counts, matched-cell reconciliation)"
benchmarking/benchmarking.json::arms.B.runtimes.pytorch_fp32.weights_mb,36.76925277709961,runs/benchmark_results/results_hardware_arm_B.json,statistics.pytorch_fp32.weights_mb.mean,,"derived, not recomputed here","derived quantity; independent recomputation is performed by compile_results.py consistency checks (decomposition, split counts, matched-cell reconciliation)"
benchmarking/benchmarking.json::arms.B.runtimes.pytorch_fp32.peak_activation_mb,187.111328125,runs/benchmark_results/results_hardware_arm_B.json,statistics.pytorch_fp32.peak_activation_mb.mean,,"derived, not recomputed here","derived quantity; independent recomputation is performed by compile_results.py consistency checks (decomposition, split counts, matched-cell reconciliation)"
benchmarking/benchmarking.json::arms.B.runtimes.pytorch_fp32.peak_allocated_mb,223.8805809020996,runs/benchmark_results/results_hardware_arm_B.json,statistics.pytorch_fp32.peak_allocated_mb.mean,,"derived, not recomputed here","derived quantity; independent recomputation is performed by compile_results.py consistency checks (decomposition, split counts, matched-cell reconciliation)"
benchmarking/benchmarking.json::arms.B.runtimes.onnx_fp32.latency_mean_ms,14.230582396189371,runs/benchmark_results/results_hardware_arm_B.json,statistics.onnx_fp32.latency_mean_ms.mean,,"derived, not recomputed here","derived quantity; independent recomputation is performed by compile_results.py consistency checks (decomposition, split counts, matched-cell reconciliation)"
benchmarking/benchmarking.json::arms.B.runtimes.onnx_fp32.latency_p50_ms,14.202602207660675,runs/benchmark_results/results_hardware_arm_B.json,statistics.onnx_fp32.latency_p50_ms.mean,,"derived, not recomputed here","derived quantity; independent recomputation is performed by compile_results.py consistency checks (decomposition, split counts, matched-cell reconciliation)"
benchmarking/benchmarking.json::arms.B.runtimes.onnx_fp32.latency_p99_ms,15.355732801059881,runs/benchmark_results/results_hardware_arm_B.json,statistics.onnx_fp32.latency_p99_ms.mean,,"derived, not recomputed here","derived quantity; independent recomputation is performed by compile_results.py consistency checks (decomposition, split counts, matched-cell reconciliation)"
benchmarking/benchmarking.json::arms.B.runtimes.onnx_fp32.latency_p99_over_p50,1.0811704498023034,runs/benchmark_results/results_hardware_arm_B.json,statistics.onnx_fp32.latency_p99_over_p50.mean,,"derived, not recomputed here","derived quantity; independent recomputation is performed by compile_results.py consistency checks (decomposition, split counts, matched-cell reconciliation)"
benchmarking/benchmarking.json::arms.B.runtimes.onnx_fp32.fps,70.2715056246859,runs/benchmark_results/results_hardware_arm_B.json,statistics.onnx_fp32.fps.mean,,"derived, not recomputed here","derived quantity; independent recomputation is performed by compile_results.py consistency checks (decomposition, split counts, matched-cell reconciliation)"
benchmarking/benchmarking.json::arms.B.runtimes.onnx_fp32.timed_runs,500.0,runs/benchmark_results/results_hardware_arm_B.json,statistics.onnx_fp32.timed_runs.mean,,"derived, not recomputed here","derived quantity; independent recomputation is performed by compile_results.py consistency checks (decomposition, split counts, matched-cell reconciliation)"
benchmarking/benchmarking.json::arms.B.runtimes.pytorch_fp16.latency_mean_ms,9.821981305877367,runs/benchmark_results/results_hardware_arm_B.json,statistics.pytorch_fp16.latency_mean_ms.mean,,"derived, not recomputed here","derived quantity; independent recomputation is performed by compile_results.py consistency checks (decomposition, split counts, matched-cell reconciliation)"
benchmarking/benchmarking.json::arms.B.runtimes.pytorch_fp16.latency_p50_ms,9.723025684555372,runs/benchmark_results/results_hardware_arm_B.json,statistics.pytorch_fp16.latency_p50_ms.mean,,"derived, not recomputed here","derived quantity; independent recomputation is performed by compile_results.py consistency checks (decomposition, split counts, matched-cell reconciliation)"
benchmarking/benchmarking.json::arms.B.runtimes.pytorch_fp16.latency_p99_ms,11.177467219531534,runs/benchmark_results/results_hardware_arm_B.json,statistics.pytorch_fp16.latency_p99_ms.mean,,"derived, not recomputed here","derived quantity; independent recomputation is performed by compile_results.py consistency checks (decomposition, split counts, matched-cell reconciliation)"
benchmarking/benchmarking.json::arms.B.runtimes.pytorch_fp16.latency_p99_over_p50,1.1491070316188416,runs/benchmark_results/results_hardware_arm_B.json,statistics.pytorch_fp16.latency_p99_over_p50.mean,,"derived, not recomputed here","derived quantity; independent recomputation is performed by compile_results.py consistency checks (decomposition, split counts, matched-cell reconciliation)"
benchmarking/benchmarking.json::arms.B.runtimes.pytorch_fp16.fps,102.32642965535898,runs/benchmark_results/results_hardware_arm_B.json,statistics.pytorch_fp16.fps.mean,,"derived, not recomputed here","derived quantity; independent recomputation is performed by compile_results.py consistency checks (decomposition, split counts, matched-cell reconciliation)"
benchmarking/benchmarking.json::arms.B.runtimes.pytorch_fp16.timed_runs,500.0,runs/benchmark_results/results_hardware_arm_B.json,statistics.pytorch_fp16.timed_runs.mean,,"derived, not recomputed here","derived quantity; independent recomputation is performed by compile_results.py consistency checks (decomposition, split counts, matched-cell reconciliation)"
benchmarking/benchmarking.json::arms.B.runtimes.pytorch_fp16.weights_mb,18.38459587097168,runs/benchmark_results/results_hardware_arm_B.json,statistics.pytorch_fp16.weights_mb.mean,,"derived, not recomputed here","derived quantity; independent recomputation is performed by compile_results.py consistency checks (decomposition, split counts, matched-cell reconciliation)"
benchmarking/benchmarking.json::arms.B.runtimes.pytorch_fp16.peak_activation_mb,93.59033203125,runs/benchmark_results/results_hardware_arm_B.json,statistics.pytorch_fp16.peak_activation_mb.mean,,"derived, not recomputed here","derived quantity; independent recomputation is performed by compile_results.py consistency checks (decomposition, split counts, matched-cell reconciliation)"
benchmarking/benchmarking.json::arms.B.runtimes.pytorch_fp16.peak_allocated_mb,111.97492790222168,runs/benchmark_results/results_hardware_arm_B.json,statistics.pytorch_fp16.peak_allocated_mb.mean,,"derived, not recomputed here","derived quantity; independent recomputation is performed by compile_results.py consistency checks (decomposition, split counts, matched-cell reconciliation)"
benchmarking/benchmarking.json::arms.B.runtimes.onnx_fp16.latency_mean_ms,8.455295898020267,runs/benchmark_results/results_hardware_arm_B.json,statistics.onnx_fp16.latency_mean_ms.mean,,"derived, not recomputed here","derived quantity; independent recomputation is performed by compile_results.py consistency checks (decomposition, split counts, matched-cell reconciliation)"
benchmarking/benchmarking.json::arms.B.runtimes.onnx_fp16.latency_p50_ms,8.448362350463867,runs/benchmark_results/results_hardware_arm_B.json,statistics.onnx_fp16.latency_p50_ms.mean,,"derived, not recomputed here","derived quantity; independent recomputation is performed by compile_results.py consistency checks (decomposition, split counts, matched-cell reconciliation)"
benchmarking/benchmarking.json::arms.B.runtimes.onnx_fp16.latency_p99_ms,8.512259808679422,runs/benchmark_results/results_hardware_arm_B.json,statistics.onnx_fp16.latency_p99_ms.mean,,"derived, not recomputed here","derived quantity; independent recomputation is performed by compile_results.py consistency checks (decomposition, split counts, matched-cell reconciliation)"
benchmarking/benchmarking.json::arms.B.runtimes.onnx_fp16.latency_p99_over_p50,1.0075631982031148,runs/benchmark_results/results_hardware_arm_B.json,statistics.onnx_fp16.latency_p99_over_p50.mean,,"derived, not recomputed here","derived quantity; independent recomputation is performed by compile_results.py consistency checks (decomposition, split counts, matched-cell reconciliation)"
benchmarking/benchmarking.json::arms.B.runtimes.onnx_fp16.fps,118.2698192775136,runs/benchmark_results/results_hardware_arm_B.json,statistics.onnx_fp16.fps.mean,,"derived, not recomputed here","derived quantity; independent recomputation is performed by compile_results.py consistency checks (decomposition, split counts, matched-cell reconciliation)"
benchmarking/benchmarking.json::arms.B.runtimes.onnx_fp16.timed_runs,500.0,runs/benchmark_results/results_hardware_arm_B.json,statistics.onnx_fp16.timed_runs.mean,,"derived, not recomputed here","derived quantity; independent recomputation is performed by compile_results.py consistency checks (decomposition, split counts, matched-cell reconciliation)"
benchmarking/benchmarking.json::arms.D0.input_size,900.0,runs/benchmark_results/results_hardware_arm_D0.json,statistics.input_size.mean,source[key],yes,direct
benchmarking/benchmarking.json::arms.D0.params_total,9607412.0,runs/benchmark_results/results_hardware_arm_D0.json,statistics.params_total.mean,source[key],yes,direct
benchmarking/benchmarking.json::arms.D0.gmacs,47.868051456,runs/benchmark_results/results_hardware_arm_D0.json,statistics.gmacs.mean,source[key],yes,direct
benchmarking/benchmarking.json::arms.D0.runtimes.pytorch_fp32.latency_mean_ms,12.971086516976357,runs/benchmark_results/results_hardware_arm_D0.json,statistics.pytorch_fp32.latency_mean_ms.mean,,"derived, not recomputed here","derived quantity; independent recomputation is performed by compile_results.py consistency checks (decomposition, split counts, matched-cell reconciliation)"
benchmarking/benchmarking.json::arms.D0.runtimes.pytorch_fp32.latency_p50_ms,12.859880924224854,runs/benchmark_results/results_hardware_arm_D0.json,statistics.pytorch_fp32.latency_p50_ms.mean,,"derived, not recomputed here","derived quantity; independent recomputation is performed by compile_results.py consistency checks (decomposition, split counts, matched-cell reconciliation)"
benchmarking/benchmarking.json::arms.D0.runtimes.pytorch_fp32.latency_p99_ms,14.509333744645119,runs/benchmark_results/results_hardware_arm_D0.json,statistics.pytorch_fp32.latency_p99_ms.mean,,"derived, not recomputed here","derived quantity; independent recomputation is performed by compile_results.py consistency checks (decomposition, split counts, matched-cell reconciliation)"
benchmarking/benchmarking.json::arms.D0.runtimes.pytorch_fp32.latency_p99_over_p50,1.1282634598360162,runs/benchmark_results/results_hardware_arm_D0.json,statistics.pytorch_fp32.latency_p99_over_p50.mean,,"derived, not recomputed here","derived quantity; independent recomputation is performed by compile_results.py consistency checks (decomposition, split counts, matched-cell reconciliation)"
benchmarking/benchmarking.json::arms.D0.runtimes.pytorch_fp32.fps,77.09454398374535,runs/benchmark_results/results_hardware_arm_D0.json,statistics.pytorch_fp32.fps.mean,,"derived, not recomputed here","derived quantity; independent recomputation is performed by compile_results.py consistency checks (decomposition, split counts, matched-cell reconciliation)"
benchmarking/benchmarking.json::arms.D0.runtimes.pytorch_fp32.timed_runs,500.0,runs/benchmark_results/results_hardware_arm_D0.json,statistics.pytorch_fp32.timed_runs.mean,,"derived, not recomputed here","derived quantity; independent recomputation is performed by compile_results.py consistency checks (decomposition, split counts, matched-cell reconciliation)"
benchmarking/benchmarking.json::arms.D0.runtimes.pytorch_fp32.weights_mb,36.80506134033203,runs/benchmark_results/results_hardware_arm_D0.json,statistics.pytorch_fp32.weights_mb.mean,,"derived, not recomputed here","derived quantity; independent recomputation is performed by compile_results.py consistency checks (decomposition, split counts, matched-cell reconciliation)"
benchmarking/benchmarking.json::arms.D0.runtimes.pytorch_fp32.peak_activation_mb,187.111328125,runs/benchmark_results/results_hardware_arm_D0.json,statistics.pytorch_fp32.peak_activation_mb.mean,,"derived, not recomputed here","derived quantity; independent recomputation is performed by compile_results.py consistency checks (decomposition, split counts, matched-cell reconciliation)"
benchmarking/benchmarking.json::arms.D0.runtimes.pytorch_fp32.peak_allocated_mb,223.91638946533203,runs/benchmark_results/results_hardware_arm_D0.json,statistics.pytorch_fp32.peak_allocated_mb.mean,,"derived, not recomputed here","derived quantity; independent recomputation is performed by compile_results.py consistency checks (decomposition, split counts, matched-cell reconciliation)"
benchmarking/benchmarking.json::arms.D0.runtimes.onnx_fp32.latency_mean_ms,15.446215845644474,runs/benchmark_results/results_hardware_arm_D0.json,statistics.onnx_fp32.latency_mean_ms.mean,,"derived, not recomputed here","derived quantity; independent recomputation is performed by compile_results.py consistency checks (decomposition, split counts, matched-cell reconciliation)"
benchmarking/benchmarking.json::arms.D0.runtimes.onnx_fp32.latency_p50_ms,15.406448394060135,runs/benchmark_results/results_hardware_arm_D0.json,statistics.onnx_fp32.latency_p50_ms.mean,,"derived, not recomputed here","derived quantity; independent recomputation is performed by compile_results.py consistency checks (decomposition, split counts, matched-cell reconciliation)"
benchmarking/benchmarking.json::arms.D0.runtimes.onnx_fp32.latency_p99_ms,16.773046292364597,runs/benchmark_results/results_hardware_arm_D0.json,statistics.onnx_fp32.latency_p99_ms.mean,,"derived, not recomputed here","derived quantity; independent recomputation is performed by compile_results.py consistency checks (decomposition, split counts, matched-cell reconciliation)"
benchmarking/benchmarking.json::arms.D0.runtimes.onnx_fp32.latency_p99_over_p50,1.0887029809434436,runs/benchmark_results/results_hardware_arm_D0.json,statistics.onnx_fp32.latency_p99_over_p50.mean,,"derived, not recomputed here","derived quantity; independent recomputation is performed by compile_results.py consistency checks (decomposition, split counts, matched-cell reconciliation)"
benchmarking/benchmarking.json::arms.D0.runtimes.onnx_fp32.fps,64.74077599284489,runs/benchmark_results/results_hardware_arm_D0.json,statistics.onnx_fp32.fps.mean,,"derived, not recomputed here","derived quantity; independent recomputation is performed by compile_results.py consistency checks (decomposition, split counts, matched-cell reconciliation)"
benchmarking/benchmarking.json::arms.D0.runtimes.onnx_fp32.timed_runs,500.0,runs/benchmark_results/results_hardware_arm_D0.json,statistics.onnx_fp32.timed_runs.mean,,"derived, not recomputed here","derived quantity; independent recomputation is performed by compile_results.py consistency checks (decomposition, split counts, matched-cell reconciliation)"
benchmarking/benchmarking.json::arms.D0.runtimes.pytorch_fp16.latency_mean_ms,11.259532168507576,runs/benchmark_results/results_hardware_arm_D0.json,statistics.pytorch_fp16.latency_mean_ms.mean,,"derived, not recomputed here","derived quantity; independent recomputation is performed by compile_results.py consistency checks (decomposition, split counts, matched-cell reconciliation)"
benchmarking/benchmarking.json::arms.D0.runtimes.pytorch_fp16.latency_p50_ms,11.162439361214638,runs/benchmark_results/results_hardware_arm_D0.json,statistics.pytorch_fp16.latency_p50_ms.mean,,"derived, not recomputed here","derived quantity; independent recomputation is performed by compile_results.py consistency checks (decomposition, split counts, matched-cell reconciliation)"
benchmarking/benchmarking.json::arms.D0.runtimes.pytorch_fp16.latency_p99_ms,12.556042857468128,runs/benchmark_results/results_hardware_arm_D0.json,statistics.pytorch_fp16.latency_p99_ms.mean,,"derived, not recomputed here","derived quantity; independent recomputation is performed by compile_results.py consistency checks (decomposition, split counts, matched-cell reconciliation)"
benchmarking/benchmarking.json::arms.D0.runtimes.pytorch_fp16.latency_p99_over_p50,1.1248475759783967,runs/benchmark_results/results_hardware_arm_D0.json,statistics.pytorch_fp16.latency_p99_over_p50.mean,,"derived, not recomputed here","derived quantity; independent recomputation is performed by compile_results.py consistency checks (decomposition, split counts, matched-cell reconciliation)"
benchmarking/benchmarking.json::arms.D0.runtimes.pytorch_fp16.fps,88.81363675099723,runs/benchmark_results/results_hardware_arm_D0.json,statistics.pytorch_fp16.fps.mean,,"derived, not recomputed here","derived quantity; independent recomputation is performed by compile_results.py consistency checks (decomposition, split counts, matched-cell reconciliation)"
benchmarking/benchmarking.json::arms.D0.runtimes.pytorch_fp16.timed_runs,500.0,runs/benchmark_results/results_hardware_arm_D0.json,statistics.pytorch_fp16.timed_runs.mean,,"derived, not recomputed here","derived quantity; independent recomputation is performed by compile_results.py consistency checks (decomposition, split counts, matched-cell reconciliation)"
benchmarking/benchmarking.json::arms.D0.runtimes.pytorch_fp16.weights_mb,18.402496337890625,runs/benchmark_results/results_hardware_arm_D0.json,statistics.pytorch_fp16.weights_mb.mean,,"derived, not recomputed here","derived quantity; independent recomputation is performed by compile_results.py consistency checks (decomposition, split counts, matched-cell reconciliation)"
benchmarking/benchmarking.json::arms.D0.runtimes.pytorch_fp16.peak_activation_mb,93.01220703125,runs/benchmark_results/results_hardware_arm_D0.json,statistics.pytorch_fp16.peak_activation_mb.mean,,"derived, not recomputed here","derived quantity; independent recomputation is performed by compile_results.py consistency checks (decomposition, split counts, matched-cell reconciliation)"
benchmarking/benchmarking.json::arms.D0.runtimes.pytorch_fp16.peak_allocated_mb,111.41470336914062,runs/benchmark_results/results_hardware_arm_D0.json,statistics.pytorch_fp16.peak_allocated_mb.mean,,"derived, not recomputed here","derived quantity; independent recomputation is performed by compile_results.py consistency checks (decomposition, split counts, matched-cell reconciliation)"
benchmarking/benchmarking.json::arms.D0.runtimes.onnx_fp16.latency_mean_ms,9.175913341343403,runs/benchmark_results/results_hardware_arm_D0.json,statistics.onnx_fp16.latency_mean_ms.mean,,"derived, not recomputed here","derived quantity; independent recomputation is performed by compile_results.py consistency checks (decomposition, split counts, matched-cell reconciliation)"
benchmarking/benchmarking.json::arms.D0.runtimes.onnx_fp16.latency_p50_ms,9.164294227957726,runs/benchmark_results/results_hardware_arm_D0.json,statistics.onnx_fp16.latency_p50_ms.mean,,"derived, not recomputed here","derived quantity; independent recomputation is performed by compile_results.py consistency checks (decomposition, split counts, matched-cell reconciliation)"
benchmarking/benchmarking.json::arms.D0.runtimes.onnx_fp16.latency_p99_ms,9.242319911718369,runs/benchmark_results/results_hardware_arm_D0.json,statistics.onnx_fp16.latency_p99_ms.mean,,"derived, not recomputed here","derived quantity; independent recomputation is performed by compile_results.py consistency checks (decomposition, split counts, matched-cell reconciliation)"
benchmarking/benchmarking.json::arms.D0.runtimes.onnx_fp16.latency_p99_over_p50,1.00851409631989,runs/benchmark_results/results_hardware_arm_D0.json,statistics.onnx_fp16.latency_p99_over_p50.mean,,"derived, not recomputed here","derived quantity; independent recomputation is performed by compile_results.py consistency checks (decomposition, split counts, matched-cell reconciliation)"
benchmarking/benchmarking.json::arms.D0.runtimes.onnx_fp16.fps,108.98097691205905,runs/benchmark_results/results_hardware_arm_D0.json,statistics.onnx_fp16.fps.mean,,"derived, not recomputed here","derived quantity; independent recomputation is performed by compile_results.py consistency checks (decomposition, split counts, matched-cell reconciliation)"
benchmarking/benchmarking.json::arms.D0.runtimes.onnx_fp16.timed_runs,500.0,runs/benchmark_results/results_hardware_arm_D0.json,statistics.onnx_fp16.timed_runs.mean,,"derived, not recomputed here","derived quantity; independent recomputation is performed by compile_results.py consistency checks (decomposition, split counts, matched-cell reconciliation)"
benchmarking/benchmarking.json::arms.KA.input_size,900.0,runs/benchmark_results/results_hardware_arm_KA.json,statistics.input_size.mean,source[key],yes,direct
benchmarking/benchmarking.json::arms.KA.params_total,3360403.0,runs/benchmark_results/results_hardware_arm_KA.json,statistics.params_total.mean,source[key],yes,direct
benchmarking/benchmarking.json::arms.KA.gmacs,24.034784256,runs/benchmark_results/results_hardware_arm_KA.json,statistics.gmacs.mean,source[key],yes,direct
benchmarking/benchmarking.json::arms.KA.runtimes.pytorch_fp32.latency_mean_ms,11.800876215100288,runs/benchmark_results/results_hardware_arm_KA.json,statistics.pytorch_fp32.latency_mean_ms.mean,,"derived, not recomputed here","derived quantity; independent recomputation is performed by compile_results.py consistency checks (decomposition, split counts, matched-cell reconciliation)"
benchmarking/benchmarking.json::arms.KA.runtimes.pytorch_fp32.latency_p50_ms,11.680103838443756,runs/benchmark_results/results_hardware_arm_KA.json,statistics.pytorch_fp32.latency_p50_ms.mean,,"derived, not recomputed here","derived quantity; independent recomputation is performed by compile_results.py consistency checks (decomposition, split counts, matched-cell reconciliation)"
benchmarking/benchmarking.json::arms.KA.runtimes.pytorch_fp32.latency_p99_ms,14.034759476780886,runs/benchmark_results/results_hardware_arm_KA.json,statistics.pytorch_fp32.latency_p99_ms.mean,,"derived, not recomputed here","derived quantity; independent recomputation is performed by compile_results.py consistency checks (decomposition, split counts, matched-cell reconciliation)"
benchmarking/benchmarking.json::arms.KA.runtimes.pytorch_fp32.latency_p99_over_p50,1.2015954370702633,runs/benchmark_results/results_hardware_arm_KA.json,statistics.pytorch_fp32.latency_p99_over_p50.mean,,"derived, not recomputed here","derived quantity; independent recomputation is performed by compile_results.py consistency checks (decomposition, split counts, matched-cell reconciliation)"
benchmarking/benchmarking.json::arms.KA.runtimes.pytorch_fp32.fps,84.73947033868635,runs/benchmark_results/results_hardware_arm_KA.json,statistics.pytorch_fp32.fps.mean,,"derived, not recomputed here","derived quantity; independent recomputation is performed by compile_results.py consistency checks (decomposition, split counts, matched-cell reconciliation)"
benchmarking/benchmarking.json::arms.KA.runtimes.pytorch_fp32.timed_runs,500.0,runs/benchmark_results/results_hardware_arm_KA.json,statistics.pytorch_fp32.timed_runs.mean,,"derived, not recomputed here","derived quantity; independent recomputation is performed by compile_results.py consistency checks (decomposition, split counts, matched-cell reconciliation)"
benchmarking/benchmarking.json::arms.KA.runtimes.pytorch_fp32.weights_mb,12.96847915649414,runs/benchmark_results/results_hardware_arm_KA.json,statistics.pytorch_fp32.weights_mb.mean,,"derived, not recomputed here","derived quantity; independent recomputation is performed by compile_results.py consistency checks (decomposition, split counts, matched-cell reconciliation)"
benchmarking/benchmarking.json::arms.KA.runtimes.pytorch_fp32.peak_activation_mb,182.73681640625,runs/benchmark_results/results_hardware_arm_KA.json,statistics.pytorch_fp32.peak_activation_mb.mean,,"derived, not recomputed here","derived quantity; independent recomputation is performed by compile_results.py consistency checks (decomposition, split counts, matched-cell reconciliation)"
benchmarking/benchmarking.json::arms.KA.runtimes.pytorch_fp32.peak_allocated_mb,195.70529556274414,runs/benchmark_results/results_hardware_arm_KA.json,statistics.pytorch_fp32.peak_allocated_mb.mean,,"derived, not recomputed here","derived quantity; independent recomputation is performed by compile_results.py consistency checks (decomposition, split counts, matched-cell reconciliation)"
benchmarking/benchmarking.json::arms.KA.runtimes.onnx_fp32.latency_mean_ms,13.320187039673328,runs/benchmark_results/results_hardware_arm_KA.json,statistics.onnx_fp32.latency_mean_ms.mean,,"derived, not recomputed here","derived quantity; independent recomputation is performed by compile_results.py consistency checks (decomposition, split counts, matched-cell reconciliation)"
benchmarking/benchmarking.json::arms.KA.runtimes.onnx_fp32.latency_p50_ms,13.291878625750542,runs/benchmark_results/results_hardware_arm_KA.json,statistics.onnx_fp32.latency_p50_ms.mean,,"derived, not recomputed here","derived quantity; independent recomputation is performed by compile_results.py consistency checks (decomposition, split counts, matched-cell reconciliation)"
benchmarking/benchmarking.json::arms.KA.runtimes.onnx_fp32.latency_p99_ms,14.679415859282015,runs/benchmark_results/results_hardware_arm_KA.json,statistics.onnx_fp32.latency_p99_ms.mean,,"derived, not recomputed here","derived quantity; independent recomputation is performed by compile_results.py consistency checks (decomposition, split counts, matched-cell reconciliation)"
benchmarking/benchmarking.json::arms.KA.runtimes.onnx_fp32.latency_p99_over_p50,1.1043898513219477,runs/benchmark_results/results_hardware_arm_KA.json,statistics.onnx_fp32.latency_p99_over_p50.mean,,"derived, not recomputed here","derived quantity; independent recomputation is performed by compile_results.py consistency checks (decomposition, split counts, matched-cell reconciliation)"
benchmarking/benchmarking.json::arms.KA.runtimes.onnx_fp32.fps,75.07402088435873,runs/benchmark_results/results_hardware_arm_KA.json,statistics.onnx_fp32.fps.mean,,"derived, not recomputed here","derived quantity; independent recomputation is performed by compile_results.py consistency checks (decomposition, split counts, matched-cell reconciliation)"
benchmarking/benchmarking.json::arms.KA.runtimes.onnx_fp32.timed_runs,500.0,runs/benchmark_results/results_hardware_arm_KA.json,statistics.onnx_fp32.timed_runs.mean,,"derived, not recomputed here","derived quantity; independent recomputation is performed by compile_results.py consistency checks (decomposition, split counts, matched-cell reconciliation)"
benchmarking/benchmarking.json::arms.KA.runtimes.pytorch_fp16.latency_mean_ms,9.213946677744389,runs/benchmark_results/results_hardware_arm_KA.json,statistics.pytorch_fp16.latency_mean_ms.mean,,"derived, not recomputed here","derived quantity; independent recomputation is performed by compile_results.py consistency checks (decomposition, split counts, matched-cell reconciliation)"
benchmarking/benchmarking.json::arms.KA.runtimes.pytorch_fp16.latency_p50_ms,9.13248211145401,runs/benchmark_results/results_hardware_arm_KA.json,statistics.pytorch_fp16.latency_p50_ms.mean,,"derived, not recomputed here","derived quantity; independent recomputation is performed by compile_results.py consistency checks (decomposition, split counts, matched-cell reconciliation)"
benchmarking/benchmarking.json::arms.KA.runtimes.pytorch_fp16.latency_p99_ms,10.578853003680706,runs/benchmark_results/results_hardware_arm_KA.json,statistics.pytorch_fp16.latency_p99_ms.mean,,"derived, not recomputed here","derived quantity; independent recomputation is performed by compile_results.py consistency checks (decomposition, split counts, matched-cell reconciliation)"
benchmarking/benchmarking.json::arms.KA.runtimes.pytorch_fp16.latency_p99_over_p50,1.1583765371314168,runs/benchmark_results/results_hardware_arm_KA.json,statistics.pytorch_fp16.latency_p99_over_p50.mean,,"derived, not recomputed here","derived quantity; independent recomputation is performed by compile_results.py consistency checks (decomposition, split counts, matched-cell reconciliation)"
benchmarking/benchmarking.json::arms.KA.runtimes.pytorch_fp16.fps,108.53112514916398,runs/benchmark_results/results_hardware_arm_KA.json,statistics.pytorch_fp16.fps.mean,,"derived, not recomputed here","derived quantity; independent recomputation is performed by compile_results.py consistency checks (decomposition, split counts, matched-cell reconciliation)"
benchmarking/benchmarking.json::arms.KA.runtimes.pytorch_fp16.timed_runs,500.0,runs/benchmark_results/results_hardware_arm_KA.json,statistics.pytorch_fp16.timed_runs.mean,,"derived, not recomputed here","derived quantity; independent recomputation is performed by compile_results.py consistency checks (decomposition, split counts, matched-cell reconciliation)"
benchmarking/benchmarking.json::arms.KA.runtimes.pytorch_fp16.weights_mb,6.484212875366211,runs/benchmark_results/results_hardware_arm_KA.json,statistics.pytorch_fp16.weights_mb.mean,,"derived, not recomputed here","derived quantity; independent recomputation is performed by compile_results.py consistency checks (decomposition, split counts, matched-cell reconciliation)"
benchmarking/benchmarking.json::arms.KA.runtimes.pytorch_fp16.peak_activation_mb,92.23681640625,runs/benchmark_results/results_hardware_arm_KA.json,statistics.pytorch_fp16.peak_activation_mb.mean,,"derived, not recomputed here","derived quantity; independent recomputation is performed by compile_results.py consistency checks (decomposition, split counts, matched-cell reconciliation)"
benchmarking/benchmarking.json::arms.KA.runtimes.pytorch_fp16.peak_allocated_mb,98.72102928161621,runs/benchmark_results/results_hardware_arm_KA.json,statistics.pytorch_fp16.peak_allocated_mb.mean,,"derived, not recomputed here","derived quantity; independent recomputation is performed by compile_results.py consistency checks (decomposition, split counts, matched-cell reconciliation)"
benchmarking/benchmarking.json::arms.KA.runtimes.onnx_fp16.latency_mean_ms,7.973844341933727,runs/benchmark_results/results_hardware_arm_KA.json,statistics.onnx_fp16.latency_mean_ms.mean,,"derived, not recomputed here","derived quantity; independent recomputation is performed by compile_results.py consistency checks (decomposition, split counts, matched-cell reconciliation)"
benchmarking/benchmarking.json::arms.KA.runtimes.onnx_fp16.latency_p50_ms,7.969565689563751,runs/benchmark_results/results_hardware_arm_KA.json,statistics.onnx_fp16.latency_p50_ms.mean,,"derived, not recomputed here","derived quantity; independent recomputation is performed by compile_results.py consistency checks (decomposition, split counts, matched-cell reconciliation)"
benchmarking/benchmarking.json::arms.KA.runtimes.onnx_fp16.latency_p99_ms,8.023254461586475,runs/benchmark_results/results_hardware_arm_KA.json,statistics.onnx_fp16.latency_p99_ms.mean,,"derived, not recomputed here","derived quantity; independent recomputation is performed by compile_results.py consistency checks (decomposition, split counts, matched-cell reconciliation)"
benchmarking/benchmarking.json::arms.KA.runtimes.onnx_fp16.latency_p99_over_p50,1.0067367249501475,runs/benchmark_results/results_hardware_arm_KA.json,statistics.onnx_fp16.latency_p99_over_p50.mean,,"derived, not recomputed here","derived quantity; independent recomputation is performed by compile_results.py consistency checks (decomposition, split counts, matched-cell reconciliation)"
benchmarking/benchmarking.json::arms.KA.runtimes.onnx_fp16.fps,125.41002270900754,runs/benchmark_results/results_hardware_arm_KA.json,statistics.onnx_fp16.fps.mean,,"derived, not recomputed here","derived quantity; independent recomputation is performed by compile_results.py consistency checks (decomposition, split counts, matched-cell reconciliation)"
benchmarking/benchmarking.json::arms.KA.runtimes.onnx_fp16.timed_runs,500.0,runs/benchmark_results/results_hardware_arm_KA.json,statistics.onnx_fp16.timed_runs.mean,,"derived, not recomputed here","derived quantity; independent recomputation is performed by compile_results.py consistency checks (decomposition, split counts, matched-cell reconciliation)"
benchmarking/benchmarking.json::arms.KB.input_size,900.0,runs/benchmark_results/results_hardware_arm_KB.json,statistics.input_size.mean,source[key],yes,direct
benchmarking/benchmarking.json::arms.KB.params_total,3360403.0,runs/benchmark_results/results_hardware_arm_KB.json,statistics.params_total.mean,source[key],yes,direct
benchmarking/benchmarking.json::arms.KB.gmacs,24.034784256,runs/benchmark_results/results_hardware_arm_KB.json,statistics.gmacs.mean,source[key],yes,direct
benchmarking/benchmarking.json::arms.KB.runtimes.pytorch_fp32.latency_mean_ms,12.015810653567314,runs/benchmark_results/results_hardware_arm_KB.json,statistics.pytorch_fp32.latency_mean_ms.mean,,"derived, not recomputed here","derived quantity; independent recomputation is performed by compile_results.py consistency checks (decomposition, split counts, matched-cell reconciliation)"
benchmarking/benchmarking.json::arms.KB.runtimes.pytorch_fp32.latency_p50_ms,11.861676350235939,runs/benchmark_results/results_hardware_arm_KB.json,statistics.pytorch_fp32.latency_p50_ms.mean,,"derived, not recomputed here","derived quantity; independent recomputation is performed by compile_results.py consistency checks (decomposition, split counts, matched-cell reconciliation)"
benchmarking/benchmarking.json::arms.KB.runtimes.pytorch_fp32.latency_p99_ms,13.77133335918188,runs/benchmark_results/results_hardware_arm_KB.json,statistics.pytorch_fp32.latency_p99_ms.mean,,"derived, not recomputed here","derived quantity; independent recomputation is performed by compile_results.py consistency checks (decomposition, split counts, matched-cell reconciliation)"
benchmarking/benchmarking.json::arms.KB.runtimes.pytorch_fp32.latency_p99_over_p50,1.160993855552968,runs/benchmark_results/results_hardware_arm_KB.json,statistics.pytorch_fp32.latency_p99_over_p50.mean,,"derived, not recomputed here","derived quantity; independent recomputation is performed by compile_results.py consistency checks (decomposition, split counts, matched-cell reconciliation)"
benchmarking/benchmarking.json::arms.KB.runtimes.pytorch_fp32.fps,83.22368160013532,runs/benchmark_results/results_hardware_arm_KB.json,statistics.pytorch_fp32.fps.mean,,"derived, not recomputed here","derived quantity; independent recomputation is performed by compile_results.py consistency checks (decomposition, split counts, matched-cell reconciliation)"
benchmarking/benchmarking.json::arms.KB.runtimes.pytorch_fp32.timed_runs,500.0,runs/benchmark_results/results_hardware_arm_KB.json,statistics.pytorch_fp32.timed_runs.mean,,"derived, not recomputed here","derived quantity; independent recomputation is performed by compile_results.py consistency checks (decomposition, split counts, matched-cell reconciliation)"
benchmarking/benchmarking.json::arms.KB.runtimes.pytorch_fp32.weights_mb,12.96847915649414,runs/benchmark_results/results_hardware_arm_KB.json,statistics.pytorch_fp32.weights_mb.mean,,"derived, not recomputed here","derived quantity; independent recomputation is performed by compile_results.py consistency checks (decomposition, split counts, matched-cell reconciliation)"
benchmarking/benchmarking.json::arms.KB.runtimes.pytorch_fp32.peak_activation_mb,182.73681640625,runs/benchmark_results/results_hardware_arm_KB.json,statistics.pytorch_fp32.peak_activation_mb.mean,,"derived, not recomputed here","derived quantity; independent recomputation is performed by compile_results.py consistency checks (decomposition, split counts, matched-cell reconciliation)"
benchmarking/benchmarking.json::arms.KB.runtimes.pytorch_fp32.peak_allocated_mb,195.70529556274414,runs/benchmark_results/results_hardware_arm_KB.json,statistics.pytorch_fp32.peak_allocated_mb.mean,,"derived, not recomputed here","derived quantity; independent recomputation is performed by compile_results.py consistency checks (decomposition, split counts, matched-cell reconciliation)"
benchmarking/benchmarking.json::arms.KB.runtimes.onnx_fp32.latency_mean_ms,13.334420830011368,runs/benchmark_results/results_hardware_arm_KB.json,statistics.onnx_fp32.latency_mean_ms.mean,,"derived, not recomputed here","derived quantity; independent recomputation is performed by compile_results.py consistency checks (decomposition, split counts, matched-cell reconciliation)"
benchmarking/benchmarking.json::arms.KB.runtimes.onnx_fp32.latency_p50_ms,13.29515315592289,runs/benchmark_results/results_hardware_arm_KB.json,statistics.onnx_fp32.latency_p50_ms.mean,,"derived, not recomputed here","derived quantity; independent recomputation is performed by compile_results.py consistency checks (decomposition, split counts, matched-cell reconciliation)"
benchmarking/benchmarking.json::arms.KB.runtimes.onnx_fp32.latency_p99_ms,14.708562269806858,runs/benchmark_results/results_hardware_arm_KB.json,statistics.onnx_fp32.latency_p99_ms.mean,,"derived, not recomputed here","derived quantity; independent recomputation is performed by compile_results.py consistency checks (decomposition, split counts, matched-cell reconciliation)"
benchmarking/benchmarking.json::arms.KB.runtimes.onnx_fp32.latency_p99_over_p50,1.1063101039384646,runs/benchmark_results/results_hardware_arm_KB.json,statistics.onnx_fp32.latency_p99_over_p50.mean,,"derived, not recomputed here","derived quantity; independent recomputation is performed by compile_results.py consistency checks (decomposition, split counts, matched-cell reconciliation)"
benchmarking/benchmarking.json::arms.KB.runtimes.onnx_fp32.fps,74.99388333007542,runs/benchmark_results/results_hardware_arm_KB.json,statistics.onnx_fp32.fps.mean,,"derived, not recomputed here","derived quantity; independent recomputation is performed by compile_results.py consistency checks (decomposition, split counts, matched-cell reconciliation)"
benchmarking/benchmarking.json::arms.KB.runtimes.onnx_fp32.timed_runs,500.0,runs/benchmark_results/results_hardware_arm_KB.json,statistics.onnx_fp32.timed_runs.mean,,"derived, not recomputed here","derived quantity; independent recomputation is performed by compile_results.py consistency checks (decomposition, split counts, matched-cell reconciliation)"
benchmarking/benchmarking.json::arms.KB.runtimes.pytorch_fp16.latency_mean_ms,9.387821197509766,runs/benchmark_results/results_hardware_arm_KB.json,statistics.pytorch_fp16.latency_mean_ms.mean,,"derived, not recomputed here","derived quantity; independent recomputation is performed by compile_results.py consistency checks (decomposition, split counts, matched-cell reconciliation)"
benchmarking/benchmarking.json::arms.KB.runtimes.pytorch_fp16.latency_p50_ms,9.310266003012657,runs/benchmark_results/results_hardware_arm_KB.json,statistics.pytorch_fp16.latency_p50_ms.mean,,"derived, not recomputed here","derived quantity; independent recomputation is performed by compile_results.py consistency checks (decomposition, split counts, matched-cell reconciliation)"
benchmarking/benchmarking.json::arms.KB.runtimes.pytorch_fp16.latency_p99_ms,10.671692304313183,runs/benchmark_results/results_hardware_arm_KB.json,statistics.pytorch_fp16.latency_p99_ms.mean,,"derived, not recomputed here","derived quantity; independent recomputation is performed by compile_results.py consistency checks (decomposition, split counts, matched-cell reconciliation)"
benchmarking/benchmarking.json::arms.KB.runtimes.pytorch_fp16.latency_p99_over_p50,1.1462285074196579,runs/benchmark_results/results_hardware_arm_KB.json,statistics.pytorch_fp16.latency_p99_over_p50.mean,,"derived, not recomputed here","derived quantity; independent recomputation is performed by compile_results.py consistency checks (decomposition, split counts, matched-cell reconciliation)"
benchmarking/benchmarking.json::arms.KB.runtimes.pytorch_fp16.fps,106.52098915830035,runs/benchmark_results/results_hardware_arm_KB.json,statistics.pytorch_fp16.fps.mean,,"derived, not recomputed here","derived quantity; independent recomputation is performed by compile_results.py consistency checks (decomposition, split counts, matched-cell reconciliation)"
benchmarking/benchmarking.json::arms.KB.runtimes.pytorch_fp16.timed_runs,500.0,runs/benchmark_results/results_hardware_arm_KB.json,statistics.pytorch_fp16.timed_runs.mean,,"derived, not recomputed here","derived quantity; independent recomputation is performed by compile_results.py consistency checks (decomposition, split counts, matched-cell reconciliation)"
benchmarking/benchmarking.json::arms.KB.runtimes.pytorch_fp16.weights_mb,6.484212875366211,runs/benchmark_results/results_hardware_arm_KB.json,statistics.pytorch_fp16.weights_mb.mean,,"derived, not recomputed here","derived quantity; independent recomputation is performed by compile_results.py consistency checks (decomposition, split counts, matched-cell reconciliation)"
benchmarking/benchmarking.json::arms.KB.runtimes.pytorch_fp16.peak_activation_mb,92.23681640625,runs/benchmark_results/results_hardware_arm_KB.json,statistics.pytorch_fp16.peak_activation_mb.mean,,"derived, not recomputed here","derived quantity; independent recomputation is performed by compile_results.py consistency checks (decomposition, split counts, matched-cell reconciliation)"
benchmarking/benchmarking.json::arms.KB.runtimes.pytorch_fp16.peak_allocated_mb,98.72102928161621,runs/benchmark_results/results_hardware_arm_KB.json,statistics.pytorch_fp16.peak_allocated_mb.mean,,"derived, not recomputed here","derived quantity; independent recomputation is performed by compile_results.py consistency checks (decomposition, split counts, matched-cell reconciliation)"
benchmarking/benchmarking.json::arms.KB.runtimes.onnx_fp16.latency_mean_ms,7.984796293079853,runs/benchmark_results/results_hardware_arm_KB.json,statistics.onnx_fp16.latency_mean_ms.mean,,"derived, not recomputed here","derived quantity; independent recomputation is performed by compile_results.py consistency checks (decomposition, split counts, matched-cell reconciliation)"
benchmarking/benchmarking.json::arms.KB.runtimes.onnx_fp16.latency_p50_ms,7.972510531544685,runs/benchmark_results/results_hardware_arm_KB.json,statistics.onnx_fp16.latency_p50_ms.mean,,"derived, not recomputed here","derived quantity; independent recomputation is performed by compile_results.py consistency checks (decomposition, split counts, matched-cell reconciliation)"
benchmarking/benchmarking.json::arms.KB.runtimes.onnx_fp16.latency_p99_ms,8.03767345845699,runs/benchmark_results/results_hardware_arm_KB.json,statistics.onnx_fp16.latency_p99_ms.mean,,"derived, not recomputed here","derived quantity; independent recomputation is performed by compile_results.py consistency checks (decomposition, split counts, matched-cell reconciliation)"
benchmarking/benchmarking.json::arms.KB.runtimes.onnx_fp16.latency_p99_over_p50,1.0081734513431466,runs/benchmark_results/results_hardware_arm_KB.json,statistics.onnx_fp16.latency_p99_over_p50.mean,,"derived, not recomputed here","derived quantity; independent recomputation is performed by compile_results.py consistency checks (decomposition, split counts, matched-cell reconciliation)"
benchmarking/benchmarking.json::arms.KB.runtimes.onnx_fp16.fps,125.23801025038865,runs/benchmark_results/results_hardware_arm_KB.json,statistics.onnx_fp16.fps.mean,,"derived, not recomputed here","derived quantity; independent recomputation is performed by compile_results.py consistency checks (decomposition, split counts, matched-cell reconciliation)"
benchmarking/benchmarking.json::arms.KB.runtimes.onnx_fp16.timed_runs,500.0,runs/benchmark_results/results_hardware_arm_KB.json,statistics.onnx_fp16.timed_runs.mean,,"derived, not recomputed here","derived quantity; independent recomputation is performed by compile_results.py consistency checks (decomposition, split counts, matched-cell reconciliation)"
boundary_sensitivity/boundary.json::table_12_synthetic_floor.mass_abs_relative_error_mean,0.0003641563828776034,runs/benchmark_results/results_synthetic_validation.json,runs[*].metrics.mass_abs_relative_error_mean,mean over 3 synthetic sets,"derived, not recomputed here","derived quantity; independent recomputation is performed by compile_results.py consistency checks (decomposition, split counts, matched-cell reconciliation)"
boundary_sensitivity/boundary.json::table_12_synthetic_floor.area_abs_relative_error_mean,0.002239684627806788,runs/benchmark_results/results_synthetic_validation.json,runs[*].metrics.area_abs_relative_error_mean,mean over 3 synthetic sets,"derived, not recomputed here","derived quantity; independent recomputation is performed by compile_results.py consistency checks (decomposition, split counts, matched-cell reconciliation)"
boundary_sensitivity/boundary.json::table_12_synthetic_floor.field_total_mass_error_mean,-0.025920812471225952,runs/benchmark_results/results_synthetic_validation.json,runs[*].metrics.field_total_mass_error_mean,mean over 3 synthetic sets,"derived, not recomputed here","derived quantity; independent recomputation is performed by compile_results.py consistency checks (decomposition, split counts, matched-cell reconciliation)"
boundary_sensitivity/boundary.json::table_12_synthetic_floor.field_total_mass_abs_error_mean,0.02594865668409542,runs/benchmark_results/results_synthetic_validation.json,runs[*].metrics.field_total_mass_abs_error_mean,mean over 3 synthetic sets,"derived, not recomputed here","derived quantity; independent recomputation is performed by compile_results.py consistency checks (decomposition, split counts, matched-cell reconciliation)"
boundary_sensitivity/boundary.json::table_12_synthetic_floor.cells_measured,130.66666666666666,runs/benchmark_results/results_synthetic_validation.json,runs[*].metrics.cells_measured,mean over 3 synthetic sets,"derived, not recomputed here","derived quantity; independent recomputation is performed by compile_results.py consistency checks (decomposition, split counts, matched-cell reconciliation)"
boundary_sensitivity/boundary.json::table_12_synthetic_floor.cells_placed,144.0,runs/benchmark_results/results_synthetic_validation.json,runs[*].metrics.cells_placed,mean over 3 synthetic sets,"derived, not recomputed here","derived quantity; independent recomputation is performed by compile_results.py consistency checks (decomposition, split counts, matched-cell reconciliation)"
classical/classical.json::off_axis_113_fields.phase_mae_rad,0.19676522673231311,runs/conventional_off_axis/metrics_test.json,phase_mae_rad,source[key],yes,direct
classical/classical.json::off_axis_113_fields.phase_rmse_rad,0.3006686947133885,runs/conventional_off_axis/metrics_test.json,phase_rmse_rad,source[key],yes,direct
classical/classical.json::off_axis_113_fields.phase_bias_rad,0.0022718377986857426,runs/conventional_off_axis/metrics_test.json,phase_bias_rad,source[key],yes,direct
classical/classical.json::off_axis_113_fields.phase_psnr_db,29.038406020331593,runs/conventional_off_axis/metrics_test.json,phase_psnr_db,source[key],yes,direct
classical/classical.json::off_axis_113_fields.phase_ssim,0.529890722405594,runs/conventional_off_axis/metrics_test.json,phase_ssim,source[key],yes,direct
classical/classical.json::off_axis_113_fields.phase_pearson_r,0.7850669261760417,runs/conventional_off_axis/metrics_test.json,phase_pearson_r,source[key],yes,direct
classical/classical.json::off_axis_113_fields.phase_n_images,113,runs/conventional_off_axis/metrics_test.json,phase_n_images,source[key],yes,direct
classical/classical.json::off_axis_113_fields.phase_mae_rad_in_cell,0.3112234502239565,runs/conventional_off_axis/metrics_test.json,phase_mae_rad_in_cell,source[key],yes,direct
classical/classical.json::off_axis_113_fields.phase_bias_rad_in_cell,-0.13766370963437102,runs/conventional_off_axis/metrics_test.json,phase_bias_rad_in_cell,source[key],yes,direct
classical/classical.json::off_axis_113_fields.phase_mae_rad_background,0.1802791916163622,runs/conventional_off_axis/metrics_test.json,phase_mae_rad_background,source[key],yes,direct
classical/classical.json::off_axis_113_fields.phase_bias_rad_background,0.024808378391528288,runs/conventional_off_axis/metrics_test.json,phase_bias_rad_background,source[key],yes,direct
classical/classical.json::off_axis_113_fields.seg_dice,0.8252547276104372,runs/conventional_off_axis/metrics_test.json,seg_dice,source[key],yes,direct
classical/classical.json::off_axis_113_fields.seg_iou,0.7024967429166812,runs/conventional_off_axis/metrics_test.json,seg_iou,source[key],yes,direct
classical/classical.json::off_axis_113_fields.seg_dice_macro,0.8252547276104372,runs/conventional_off_axis/metrics_test.json,seg_dice_macro,source[key],yes,direct
classical/classical.json::off_axis_113_fields.seg_aji,0.63871697875796,runs/conventional_off_axis/metrics_test.json,seg_aji,source[key],yes,direct
classical/classical.json::off_axis_113_fields.seg_boundary_f1,0.39537012466573257,runs/conventional_off_axis/metrics_test.json,seg_boundary_f1,source[key],yes,direct
classical/classical.json::off_axis_113_fields.seg_n_images,113,runs/conventional_off_axis/metrics_test.json,seg_n_images,source[key],yes,direct
classical/classical.json::off_axis_113_fields.seg_instance_count_mape,0.5611814956261097,runs/conventional_off_axis/metrics_test.json,seg_instance_count_mape,source[key],yes,direct
classical/classical.json::off_axis_113_fields.area_mape,0.15776911254105397,runs/conventional_off_axis/metrics_test.json,area_mape,source[key],yes,direct
classical/classical.json::off_axis_113_fields.area_mae,61.56234229968409,runs/conventional_off_axis/metrics_test.json,area_mae,source[key],yes,direct
classical/classical.json::off_axis_113_fields.area_cell_pearson_r,0.9003587497934249,runs/conventional_off_axis/metrics_test.json,area_cell_pearson_r,source[key],yes,direct
classical/classical.json::off_axis_113_fields.area_n_cells,1870,runs/conventional_off_axis/metrics_test.json,area_n_cells,source[key],yes,direct
classical/classical.json::off_axis_113_fields.area_bootstrap_fields,112,runs/conventional_off_axis/metrics_test.json,area_bootstrap_fields,source[key],yes,direct
classical/classical.json::off_axis_113_fields.area_bootstrap_resamples,2000,runs/conventional_off_axis/metrics_test.json,area_bootstrap_resamples,source[key],yes,direct
classical/classical.json::off_axis_113_fields.area_mape_ci_lower,0.1497287196608474,runs/conventional_off_axis/metrics_test.json,area_mape_ci_lower,source[key],yes,direct
classical/classical.json::off_axis_113_fields.area_mape_ci_upper,0.16542002575704146,runs/conventional_off_axis/metrics_test.json,area_mape_ci_upper,source[key],yes,direct
classical/classical.json::off_axis_113_fields.area_cell_pearson_r_ci_lower,0.883820937070149,runs/conventional_off_axis/metrics_test.json,area_cell_pearson_r_ci_lower,source[key],yes,direct
classical/classical.json::off_axis_113_fields.area_cell_pearson_r_ci_upper,0.9151157907766662,runs/conventional_off_axis/metrics_test.json,area_cell_pearson_r_ci_upper,source[key],yes,direct
classical/classical.json::off_axis_113_fields.area_image_pearson_r,0.8906346359662359,runs/conventional_off_axis/metrics_test.json,area_image_pearson_r,source[key],yes,direct
classical/classical.json::off_axis_113_fields.area_relative_bias,-0.006496182705792384,runs/conventional_off_axis/metrics_test.json,area_relative_bias,source[key],yes,direct
classical/classical.json::off_axis_113_fields.area_median_relative_bias,-0.015768049097280558,runs/conventional_off_axis/metrics_test.json,area_median_relative_bias,source[key],yes,direct
classical/classical.json::off_axis_113_fields.area_loa_lower,-0.2065372883846901,runs/conventional_off_axis/metrics_test.json,area_loa_lower,source[key],yes,direct
classical/classical.json::off_axis_113_fields.area_loa_upper,0.19354492297310533,runs/conventional_off_axis/metrics_test.json,area_loa_upper,source[key],yes,direct
classical/classical.json::off_axis_113_fields.optical_volume_mape,0.22033939890203486,runs/conventional_off_axis/metrics_test.json,optical_volume_mape,source[key],yes,direct
classical/classical.json::off_axis_113_fields.optical_volume_mae,83.98122403950896,runs/conventional_off_axis/metrics_test.json,optical_volume_mae,source[key],yes,direct
classical/classical.json::off_axis_113_fields.optical_volume_cell_pearson_r,0.8936873395896491,runs/conventional_off_axis/metrics_test.json,optical_volume_cell_pearson_r,source[key],yes,direct
classical/classical.json::off_axis_113_fields.optical_volume_n_cells,1870,runs/conventional_off_axis/metrics_test.json,optical_volume_n_cells,source[key],yes,direct
classical/classical.json::off_axis_113_fields.optical_volume_bootstrap_fields,112,runs/conventional_off_axis/metrics_test.json,optical_volume_bootstrap_fields,source[key],yes,direct
classical/classical.json::off_axis_113_fields.optical_volume_bootstrap_resamples,2000,runs/conventional_off_axis/metrics_test.json,optical_volume_bootstrap_resamples,source[key],yes,direct
classical/classical.json::off_axis_113_fields.optical_volume_mape_ci_lower,0.2072348194407541,runs/conventional_off_axis/metrics_test.json,optical_volume_mape_ci_lower,source[key],yes,direct
classical/classical.json::off_axis_113_fields.optical_volume_mape_ci_upper,0.23350249784747712,runs/conventional_off_axis/metrics_test.json,optical_volume_mape_ci_upper,source[key],yes,direct
classical/classical.json::off_axis_113_fields.optical_volume_cell_pearson_r_ci_lower,0.8724181602458885,runs/conventional_off_axis/metrics_test.json,optical_volume_cell_pearson_r_ci_lower,source[key],yes,direct
classical/classical.json::off_axis_113_fields.optical_volume_cell_pearson_r_ci_upper,0.9118363204808954,runs/conventional_off_axis/metrics_test.json,optical_volume_cell_pearson_r_ci_upper,source[key],yes,direct
classical/classical.json::off_axis_113_fields.optical_volume_image_pearson_r,0.9191069691345712,runs/conventional_off_axis/metrics_test.json,optical_volume_image_pearson_r,source[key],yes,direct
classical/classical.json::off_axis_113_fields.optical_volume_relative_bias,0.004129172301580662,runs/conventional_off_axis/metrics_test.json,optical_volume_relative_bias,source[key],yes,direct
classical/classical.json::off_axis_113_fields.optical_volume_median_relative_bias,-0.004757442403898332,runs/conventional_off_axis/metrics_test.json,optical_volume_median_relative_bias,source[key],yes,direct
classical/classical.json::off_axis_113_fields.optical_volume_loa_lower,-0.2359335147905215,runs/conventional_off_axis/metrics_test.json,optical_volume_loa_lower,source[key],yes,direct
classical/classical.json::off_axis_113_fields.optical_volume_loa_upper,0.24419185939368282,runs/conventional_off_axis/metrics_test.json,optical_volume_loa_upper,source[key],yes,direct
classical/classical.json::off_axis_113_fields.dry_mass_mape,0.22033939890203486,runs/conventional_off_axis/metrics_test.json,dry_mass_mape,source[key],yes,direct
classical/classical.json::off_axis_113_fields.dry_mass_mae,44.50886968620989,runs/conventional_off_axis/metrics_test.json,dry_mass_mae,source[key],yes,direct
classical/classical.json::off_axis_113_fields.dry_mass_cell_pearson_r,0.8936873395896491,runs/conventional_off_axis/metrics_test.json,dry_mass_cell_pearson_r,source[key],yes,direct
classical/classical.json::off_axis_113_fields.dry_mass_n_cells,1870,runs/conventional_off_axis/metrics_test.json,dry_mass_n_cells,source[key],yes,direct
classical/classical.json::off_axis_113_fields.dry_mass_bootstrap_fields,112,runs/conventional_off_axis/metrics_test.json,dry_mass_bootstrap_fields,source[key],yes,direct
classical/classical.json::off_axis_113_fields.dry_mass_bootstrap_resamples,2000,runs/conventional_off_axis/metrics_test.json,dry_mass_bootstrap_resamples,source[key],yes,direct
classical/classical.json::off_axis_113_fields.dry_mass_mape_ci_lower,0.20723481944075406,runs/conventional_off_axis/metrics_test.json,dry_mass_mape_ci_lower,source[key],yes,direct
classical/classical.json::off_axis_113_fields.dry_mass_mape_ci_upper,0.23350249784747712,runs/conventional_off_axis/metrics_test.json,dry_mass_mape_ci_upper,source[key],yes,direct
classical/classical.json::off_axis_113_fields.dry_mass_cell_pearson_r_ci_lower,0.8724181602458883,runs/conventional_off_axis/metrics_test.json,dry_mass_cell_pearson_r_ci_lower,source[key],yes,direct
classical/classical.json::off_axis_113_fields.dry_mass_cell_pearson_r_ci_upper,0.9118363204808952,runs/conventional_off_axis/metrics_test.json,dry_mass_cell_pearson_r_ci_upper,source[key],yes,direct
classical/classical.json::off_axis_113_fields.dry_mass_image_pearson_r,0.9191069691345711,runs/conventional_off_axis/metrics_test.json,dry_mass_image_pearson_r,source[key],yes,direct
classical/classical.json::off_axis_113_fields.dry_mass_relative_bias,0.0041291723015806575,runs/conventional_off_axis/metrics_test.json,dry_mass_relative_bias,source[key],yes,direct
classical/classical.json::off_axis_113_fields.dry_mass_median_relative_bias,-0.004757442403898337,runs/conventional_off_axis/metrics_test.json,dry_mass_median_relative_bias,source[key],yes,direct
classical/classical.json::off_axis_113_fields.dry_mass_loa_lower,-0.2359335147905215,runs/conventional_off_axis/metrics_test.json,dry_mass_loa_lower,source[key],yes,direct
classical/classical.json::off_axis_113_fields.dry_mass_loa_upper,0.24419185939368282,runs/conventional_off_axis/metrics_test.json,dry_mass_loa_upper,source[key],yes,direct
classical/classical.json::off_axis_113_fields.circularity_mape,0.07085881407948494,runs/conventional_off_axis/metrics_test.json,circularity_mape,source[key],yes,direct
classical/classical.json::off_axis_113_fields.circularity_mae,0.05205176334834025,runs/conventional_off_axis/metrics_test.json,circularity_mae,source[key],yes,direct
classical/classical.json::off_axis_113_fields.circularity_cell_pearson_r,0.7988322058802998,runs/conventional_off_axis/metrics_test.json,circularity_cell_pearson_r,source[key],yes,direct
classical/classical.json::off_axis_113_fields.circularity_n_cells,1870,runs/conventional_off_axis/metrics_test.json,circularity_n_cells,source[key],yes,direct
classical/classical.json::off_axis_113_fields.circularity_bootstrap_fields,112,runs/conventional_off_axis/metrics_test.json,circularity_bootstrap_fields,source[key],yes,direct
classical/classical.json::off_axis_113_fields.circularity_bootstrap_resamples,2000,runs/conventional_off_axis/metrics_test.json,circularity_bootstrap_resamples,source[key],yes,direct
classical/classical.json::off_axis_113_fields.circularity_mape_ci_lower,0.06480227274010711,runs/conventional_off_axis/metrics_test.json,circularity_mape_ci_lower,source[key],yes,direct
classical/classical.json::off_axis_113_fields.circularity_mape_ci_upper,0.07705627638623767,runs/conventional_off_axis/metrics_test.json,circularity_mape_ci_upper,source[key],yes,direct
classical/classical.json::off_axis_113_fields.circularity_cell_pearson_r_ci_lower,0.7710715828716179,runs/conventional_off_axis/metrics_test.json,circularity_cell_pearson_r_ci_lower,source[key],yes,direct
classical/classical.json::off_axis_113_fields.circularity_cell_pearson_r_ci_upper,0.8248673619292769,runs/conventional_off_axis/metrics_test.json,circularity_cell_pearson_r_ci_upper,source[key],yes,direct
classical/classical.json::off_axis_113_fields.circularity_image_pearson_r,0.8992565059573205,runs/conventional_off_axis/metrics_test.json,circularity_image_pearson_r,source[key],yes,direct
classical/classical.json::off_axis_113_fields.circularity_relative_bias,-0.004545001582189949,runs/conventional_off_axis/metrics_test.json,circularity_relative_bias,source[key],yes,direct
classical/classical.json::off_axis_113_fields.circularity_median_relative_bias,-0.004499561503275521,runs/conventional_off_axis/metrics_test.json,circularity_median_relative_bias,source[key],yes,direct
classical/classical.json::off_axis_113_fields.circularity_loa_lower,-0.09112486547927101,runs/conventional_off_axis/metrics_test.json,circularity_loa_lower,source[key],yes,direct
classical/classical.json::off_axis_113_fields.circularity_loa_upper,0.0820348623148911,runs/conventional_off_axis/metrics_test.json,circularity_loa_upper,source[key],yes,direct
classical/classical.json::off_axis_113_fields.cells_detected,2364,runs/conventional_off_axis/metrics_test.json,cells_detected,source[key],yes,direct
classical/classical.json::off_axis_113_fields.cells_reference,3186,runs/conventional_off_axis/metrics_test.json,cells_reference,source[key],yes,direct
classical/classical.json::off_axis_113_fields.cells_matched,1870,runs/conventional_off_axis/metrics_test.json,cells_matched,source[key],yes,direct
classical/classical.json::off_axis_113_fields.cell_count_ratio,0.7419962335216572,runs/conventional_off_axis/metrics_test.json,cell_count_ratio,source[key],yes,direct
classical/classical.json::off_axis_113_fields.detection_recall,0.5869428750784683,runs/conventional_off_axis/metrics_test.json,detection_recall,source[key],yes,direct
classical/classical.json::off_axis_113_fields.detection_precision,0.7910321489001692,runs/conventional_off_axis/metrics_test.json,detection_precision,source[key],yes,direct
classical/classical.json::off_axis_113_fields.detection_f1,0.6738738738738739,runs/conventional_off_axis/metrics_test.json,detection_f1,source[key],yes,direct
classical/classical.json::off_axis_113_fields.cells_missed,1316,runs/conventional_off_axis/metrics_test.json,cells_missed,source[key],yes,direct
classical/classical.json::off_axis_113_fields.cells_false_positive,494,runs/conventional_off_axis/metrics_test.json,cells_false_positive,source[key],yes,direct
classical/classical.json::off_axis_113_fields.missed_median_area_um2,99.167116675302,runs/conventional_off_axis/metrics_test.json,missed_median_area_um2,source[key],yes,direct
classical/classical.json::off_axis_113_fields.false_positive_median_area_um2,107.3228410827225,runs/conventional_off_axis/metrics_test.json,false_positive_median_area_um2,source[key],yes,direct
classical/classical.json::off_axis_113_fields.coverage,0.5869428750784683,runs/conventional_off_axis/metrics_test.json,coverage,source[key],yes,direct
classical/classical.json::off_axis_113_fields.area_mape_coverage_adjusted,0.5056585814349563,runs/conventional_off_axis/metrics_test.json,area_mape_coverage_adjusted,source[key],yes,direct
classical/classical.json::off_axis_113_fields.optical_volume_mape_coverage_adjusted,0.5423837652061535,runs/conventional_off_axis/metrics_test.json,optical_volume_mape_coverage_adjusted,source[key],yes,direct
classical/classical.json::off_axis_113_fields.dry_mass_mape_coverage_adjusted,0.5423837652061535,runs/conventional_off_axis/metrics_test.json,dry_mass_mape_coverage_adjusted,source[key],yes,direct
classical/classical.json::off_axis_113_fields.circularity_mape_coverage_adjusted,0.45464720098199524,runs/conventional_off_axis/metrics_test.json,circularity_mape_coverage_adjusted,source[key],yes,direct
classical/classical.json::off_axis_113_fields.area_field_total_bias,-0.12021586534886307,runs/conventional_off_axis/metrics_test.json,area_field_total_bias,source[key],yes,direct
classical/classical.json::off_axis_113_fields.area_field_total_mape,0.15169208102941495,runs/conventional_off_axis/metrics_test.json,area_field_total_mape,source[key],yes,direct
classical/classical.json::off_axis_113_fields.area_field_total_pearson_r,0.9560457798964088,runs/conventional_off_axis/metrics_test.json,area_field_total_pearson_r,source[key],yes,direct
classical/classical.json::off_axis_113_fields.area_n_fields,113,runs/conventional_off_axis/metrics_test.json,area_n_fields,source[key],yes,direct
classical/classical.json::off_axis_113_fields.optical_volume_field_total_bias,-0.09183502366791896,runs/conventional_off_axis/metrics_test.json,optical_volume_field_total_bias,source[key],yes,direct
classical/classical.json::off_axis_113_fields.optical_volume_field_total_mape,0.10938239775698252,runs/conventional_off_axis/metrics_test.json,optical_volume_field_total_mape,source[key],yes,direct
classical/classical.json::off_axis_113_fields.optical_volume_field_total_pearson_r,0.9801687456604483,runs/conventional_off_axis/metrics_test.json,optical_volume_field_total_pearson_r,source[key],yes,direct
classical/classical.json::off_axis_113_fields.optical_volume_n_fields,113,runs/conventional_off_axis/metrics_test.json,optical_volume_n_fields,source[key],yes,direct
classical/classical.json::off_axis_113_fields.dry_mass_field_total_bias,-0.09183502366791894,runs/conventional_off_axis/metrics_test.json,dry_mass_field_total_bias,source[key],yes,direct
classical/classical.json::off_axis_113_fields.dry_mass_field_total_mape,0.10938239775698252,runs/conventional_off_axis/metrics_test.json,dry_mass_field_total_mape,source[key],yes,direct
classical/classical.json::off_axis_113_fields.dry_mass_field_total_pearson_r,0.9801687456604482,runs/conventional_off_axis/metrics_test.json,dry_mass_field_total_pearson_r,source[key],yes,direct
classical/classical.json::off_axis_113_fields.dry_mass_n_fields,113,runs/conventional_off_axis/metrics_test.json,dry_mass_n_fields,source[key],yes,direct
classical/classical.json::off_axis_113_fields.forward_residual,0.9007110495482926,runs/conventional_off_axis/metrics_test.json,forward_residual,source[key],yes,direct
classical/classical.json::off_axis_113_fields.forward_residual_n,113,runs/conventional_off_axis/metrics_test.json,forward_residual_n,source[key],yes,direct
classical/classical.json::off_axis_113_fields.forward_distance_um,33.77,runs/conventional_off_axis/metrics_test.json,forward_distance_um,source[key],yes,direct
classical/classical.json::off_axis_113_fields.forward_residual_reference,0.8913735829095925,runs/conventional_off_axis/metrics_test.json,forward_residual_reference,source[key],yes,direct
classical/classical.json::off_axis_113_fields.forward_residual_ratio,1.0104753683727323,runs/conventional_off_axis/metrics_test.json,forward_residual_ratio,source[key],yes,direct
classical/classical.json::off_axis_113_fields.distance_um,33.77,runs/conventional_off_axis/metrics_test.json,distance_um,source[key],yes,direct
classical/classical.json::off_axis_113_fields.gs_iterations,20,runs/conventional_off_axis/metrics_test.json,gs_iterations,source[key],yes,direct
classical/classical.json::off_axis_113_fields.aberration_order,3,runs/conventional_off_axis/metrics_test.json,aberration_order,source[key],yes,direct
classical/classical.json::off_axis_113_fields.recovered_phase_contrast_rad,0.9091612100601196,runs/conventional_off_axis/metrics_test.json,recovered_phase_contrast_rad,source[key],yes,direct
classical/classical.json::off_axis_113_fields.min_recovered_contrast_rad,0.1,runs/conventional_off_axis/metrics_test.json,min_recovered_contrast_rad,source[key],yes,direct
classical/classical.json::off_axis_107_common_fields.phase_mae_rad,0.19904151962739286,runs/common_fields/conventional_off_axis/metrics_test.json,phase_mae_rad,source[key],yes,direct
classical/classical.json::off_axis_107_common_fields.phase_rmse_rad,0.3041364303680539,runs/common_fields/conventional_off_axis/metrics_test.json,phase_rmse_rad,source[key],yes,direct
classical/classical.json::off_axis_107_common_fields.phase_bias_rad,0.002386505575464286,runs/common_fields/conventional_off_axis/metrics_test.json,phase_bias_rad,source[key],yes,direct
classical/classical.json::off_axis_107_common_fields.phase_psnr_db,28.93011890189661,runs/common_fields/conventional_off_axis/metrics_test.json,phase_psnr_db,source[key],yes,direct
classical/classical.json::off_axis_107_common_fields.phase_ssim,0.5296505032298721,runs/common_fields/conventional_off_axis/metrics_test.json,phase_ssim,source[key],yes,direct
classical/classical.json::off_axis_107_common_fields.phase_pearson_r,0.7849157405930145,runs/common_fields/conventional_off_axis/metrics_test.json,phase_pearson_r,source[key],yes,direct
classical/classical.json::off_axis_107_common_fields.phase_n_images,107,runs/common_fields/conventional_off_axis/metrics_test.json,phase_n_images,source[key],yes,direct
classical/classical.json::off_axis_107_common_fields.phase_mae_rad_in_cell,0.31573429035249156,runs/common_fields/conventional_off_axis/metrics_test.json,phase_mae_rad_in_cell,source[key],yes,direct
classical/classical.json::off_axis_107_common_fields.phase_bias_rad_in_cell,-0.1408473134441214,runs/common_fields/conventional_off_axis/metrics_test.json,phase_bias_rad_in_cell,source[key],yes,direct
classical/classical.json::off_axis_107_common_fields.phase_mae_rad_background,0.18210423765616995,runs/common_fields/conventional_off_axis/metrics_test.json,phase_mae_rad_background,source[key],yes,direct
classical/classical.json::off_axis_107_common_fields.phase_bias_rad_background,0.02564302902390188,runs/common_fields/conventional_off_axis/metrics_test.json,phase_bias_rad_background,source[key],yes,direct
classical/classical.json::off_axis_107_common_fields.seg_dice,0.8239530754629008,runs/common_fields/conventional_off_axis/metrics_test.json,seg_dice,source[key],yes,direct
classical/classical.json::off_axis_107_common_fields.seg_iou,0.7006124145830447,runs/common_fields/conventional_off_axis/metrics_test.json,seg_iou,source[key],yes,direct
classical/classical.json::off_axis_107_common_fields.seg_dice_macro,0.8239530754629008,runs/common_fields/conventional_off_axis/metrics_test.json,seg_dice_macro,source[key],yes,direct
classical/classical.json::off_axis_107_common_fields.seg_aji,0.6355183155649254,runs/common_fields/conventional_off_axis/metrics_test.json,seg_aji,source[key],yes,direct
classical/classical.json::off_axis_107_common_fields.seg_boundary_f1,0.39427386366155087,runs/common_fields/conventional_off_axis/metrics_test.json,seg_boundary_f1,source[key],yes,direct
classical/classical.json::off_axis_107_common_fields.seg_n_images,107,runs/common_fields/conventional_off_axis/metrics_test.json,seg_n_images,source[key],yes,direct
classical/classical.json::off_axis_107_common_fields.seg_instance_count_mape,0.5737404110429515,runs/common_fields/conventional_off_axis/metrics_test.json,seg_instance_count_mape,source[key],yes,direct
classical/classical.json::off_axis_107_common_fields.area_mape,0.15759931460620635,runs/common_fields/conventional_off_axis/metrics_test.json,area_mape,source[key],yes,direct
classical/classical.json::off_axis_107_common_fields.area_mae,61.68521134130342,runs/common_fields/conventional_off_axis/metrics_test.json,area_mae,source[key],yes,direct
classical/classical.json::off_axis_107_common_fields.area_cell_pearson_r,0.8992659483401406,runs/common_fields/conventional_off_axis/metrics_test.json,area_cell_pearson_r,source[key],yes,direct
classical/classical.json::off_axis_107_common_fields.area_n_cells,1787,runs/common_fields/conventional_off_axis/metrics_test.json,area_n_cells,source[key],yes,direct
classical/classical.json::off_axis_107_common_fields.area_bootstrap_fields,106,runs/common_fields/conventional_off_axis/metrics_test.json,area_bootstrap_fields,source[key],yes,direct
classical/classical.json::off_axis_107_common_fields.area_bootstrap_resamples,2000,runs/common_fields/conventional_off_axis/metrics_test.json,area_bootstrap_resamples,source[key],yes,direct
classical/classical.json::off_axis_107_common_fields.area_mape_ci_lower,0.1489802030790084,runs/common_fields/conventional_off_axis/metrics_test.json,area_mape_ci_lower,source[key],yes,direct
classical/classical.json::off_axis_107_common_fields.area_mape_ci_upper,0.16600445870135244,runs/common_fields/conventional_off_axis/metrics_test.json,area_mape_ci_upper,source[key],yes,direct
classical/classical.json::off_axis_107_common_fields.area_cell_pearson_r_ci_lower,0.8822949420853557,runs/common_fields/conventional_off_axis/metrics_test.json,area_cell_pearson_r_ci_lower,source[key],yes,direct
classical/classical.json::off_axis_107_common_fields.area_cell_pearson_r_ci_upper,0.9139379186359075,runs/common_fields/conventional_off_axis/metrics_test.json,area_cell_pearson_r_ci_upper,source[key],yes,direct
classical/classical.json::off_axis_107_common_fields.area_image_pearson_r,0.8958727361403103,runs/common_fields/conventional_off_axis/metrics_test.json,area_image_pearson_r,source[key],yes,direct
classical/classical.json::off_axis_107_common_fields.area_relative_bias,-0.007304201458570539,runs/common_fields/conventional_off_axis/metrics_test.json,area_relative_bias,source[key],yes,direct
classical/classical.json::off_axis_107_common_fields.area_median_relative_bias,-0.015768049097280558,runs/common_fields/conventional_off_axis/metrics_test.json,area_median_relative_bias,source[key],yes,direct
classical/classical.json::off_axis_107_common_fields.area_loa_lower,-0.20524535055679677,runs/common_fields/conventional_off_axis/metrics_test.json,area_loa_lower,source[key],yes,direct
classical/classical.json::off_axis_107_common_fields.area_loa_upper,0.19063694763965566,runs/common_fields/conventional_off_axis/metrics_test.json,area_loa_upper,source[key],yes,direct
classical/classical.json::off_axis_107_common_fields.optical_volume_mape,0.22042459834301242,runs/common_fields/conventional_off_axis/metrics_test.json,optical_volume_mape,source[key],yes,direct
classical/classical.json::off_axis_107_common_fields.optical_volume_mae,84.63587136609411,runs/common_fields/conventional_off_axis/metrics_test.json,optical_volume_mae,source[key],yes,direct
classical/classical.json::off_axis_107_common_fields.optical_volume_cell_pearson_r,0.8939580281206219,runs/common_fields/conventional_off_axis/metrics_test.json,optical_volume_cell_pearson_r,source[key],yes,direct
classical/classical.json::off_axis_107_common_fields.optical_volume_n_cells,1787,runs/common_fields/conventional_off_axis/metrics_test.json,optical_volume_n_cells,source[key],yes,direct
classical/classical.json::off_axis_107_common_fields.optical_volume_bootstrap_fields,106,runs/common_fields/conventional_off_axis/metrics_test.json,optical_volume_bootstrap_fields,source[key],yes,direct
classical/classical.json::off_axis_107_common_fields.optical_volume_bootstrap_resamples,2000,runs/common_fields/conventional_off_axis/metrics_test.json,optical_volume_bootstrap_resamples,source[key],yes,direct
classical/classical.json::off_axis_107_common_fields.optical_volume_mape_ci_lower,0.20676321037755327,runs/common_fields/conventional_off_axis/metrics_test.json,optical_volume_mape_ci_lower,source[key],yes,direct
classical/classical.json::off_axis_107_common_fields.optical_volume_mape_ci_upper,0.23460890854365904,runs/common_fields/conventional_off_axis/metrics_test.json,optical_volume_mape_ci_upper,source[key],yes,direct
classical/classical.json::off_axis_107_common_fields.optical_volume_cell_pearson_r_ci_lower,0.8728061790739797,runs/common_fields/conventional_off_axis/metrics_test.json,optical_volume_cell_pearson_r_ci_lower,source[key],yes,direct
classical/classical.json::off_axis_107_common_fields.optical_volume_cell_pearson_r_ci_upper,0.9132672685732195,runs/common_fields/conventional_off_axis/metrics_test.json,optical_volume_cell_pearson_r_ci_upper,source[key],yes,direct
classical/classical.json::off_axis_107_common_fields.optical_volume_image_pearson_r,0.9185363590941396,runs/common_fields/conventional_off_axis/metrics_test.json,optical_volume_image_pearson_r,source[key],yes,direct
classical/classical.json::off_axis_107_common_fields.optical_volume_relative_bias,0.002892885947431861,runs/common_fields/conventional_off_axis/metrics_test.json,optical_volume_relative_bias,source[key],yes,direct
classical/classical.json::off_axis_107_common_fields.optical_volume_median_relative_bias,-0.005762360063547675,runs/common_fields/conventional_off_axis/metrics_test.json,optical_volume_median_relative_bias,source[key],yes,direct
classical/classical.json::off_axis_107_common_fields.optical_volume_loa_lower,-0.23750994926112054,runs/common_fields/conventional_off_axis/metrics_test.json,optical_volume_loa_lower,source[key],yes,direct
classical/classical.json::off_axis_107_common_fields.optical_volume_loa_upper,0.24329572115598427,runs/common_fields/conventional_off_axis/metrics_test.json,optical_volume_loa_upper,source[key],yes,direct
classical/classical.json::off_axis_107_common_fields.dry_mass_mape,0.22042459834301242,runs/common_fields/conventional_off_axis/metrics_test.json,dry_mass_mape,source[key],yes,direct
classical/classical.json::off_axis_107_common_fields.dry_mass_mae,44.85582357837626,runs/common_fields/conventional_off_axis/metrics_test.json,dry_mass_mae,source[key],yes,direct
classical/classical.json::off_axis_107_common_fields.dry_mass_cell_pearson_r,0.8939580281206216,runs/common_fields/conventional_off_axis/metrics_test.json,dry_mass_cell_pearson_r,source[key],yes,direct
classical/classical.json::off_axis_107_common_fields.dry_mass_n_cells,1787,runs/common_fields/conventional_off_axis/metrics_test.json,dry_mass_n_cells,source[key],yes,direct
classical/classical.json::off_axis_107_common_fields.dry_mass_bootstrap_fields,106,runs/common_fields/conventional_off_axis/metrics_test.json,dry_mass_bootstrap_fields,source[key],yes,direct
classical/classical.json::off_axis_107_common_fields.dry_mass_bootstrap_resamples,2000,runs/common_fields/conventional_off_axis/metrics_test.json,dry_mass_bootstrap_resamples,source[key],yes,direct
classical/classical.json::off_axis_107_common_fields.dry_mass_mape_ci_lower,0.20676321037755324,runs/common_fields/conventional_off_axis/metrics_test.json,dry_mass_mape_ci_lower,source[key],yes,direct
classical/classical.json::off_axis_107_common_fields.dry_mass_mape_ci_upper,0.23460890854365907,runs/common_fields/conventional_off_axis/metrics_test.json,dry_mass_mape_ci_upper,source[key],yes,direct
classical/classical.json::off_axis_107_common_fields.dry_mass_cell_pearson_r_ci_lower,0.8728061790739797,runs/common_fields/conventional_off_axis/metrics_test.json,dry_mass_cell_pearson_r_ci_lower,source[key],yes,direct
classical/classical.json::off_axis_107_common_fields.dry_mass_cell_pearson_r_ci_upper,0.9132672685732193,runs/common_fields/conventional_off_axis/metrics_test.json,dry_mass_cell_pearson_r_ci_upper,source[key],yes,direct
classical/classical.json::off_axis_107_common_fields.dry_mass_image_pearson_r,0.9185363590941396,runs/common_fields/conventional_off_axis/metrics_test.json,dry_mass_image_pearson_r,source[key],yes,direct
classical/classical.json::off_axis_107_common_fields.dry_mass_relative_bias,0.0028928859474318586,runs/common_fields/conventional_off_axis/metrics_test.json,dry_mass_relative_bias,source[key],yes,direct
classical/classical.json::off_axis_107_common_fields.dry_mass_median_relative_bias,-0.005762360063547668,runs/common_fields/conventional_off_axis/metrics_test.json,dry_mass_median_relative_bias,source[key],yes,direct
classical/classical.json::off_axis_107_common_fields.dry_mass_loa_lower,-0.23750994926112054,runs/common_fields/conventional_off_axis/metrics_test.json,dry_mass_loa_lower,source[key],yes,direct
classical/classical.json::off_axis_107_common_fields.dry_mass_loa_upper,0.24329572115598427,runs/common_fields/conventional_off_axis/metrics_test.json,dry_mass_loa_upper,source[key],yes,direct
classical/classical.json::off_axis_107_common_fields.circularity_mape,0.06987980430503718,runs/common_fields/conventional_off_axis/metrics_test.json,circularity_mape,source[key],yes,direct
classical/classical.json::off_axis_107_common_fields.circularity_mae,0.05175461859989629,runs/common_fields/conventional_off_axis/metrics_test.json,circularity_mae,source[key],yes,direct
classical/classical.json::off_axis_107_common_fields.circularity_cell_pearson_r,0.7997095408136261,runs/common_fields/conventional_off_axis/metrics_test.json,circularity_cell_pearson_r,source[key],yes,direct
classical/classical.json::off_axis_107_common_fields.circularity_n_cells,1787,runs/common_fields/conventional_off_axis/metrics_test.json,circularity_n_cells,source[key],yes,direct
classical/classical.json::off_axis_107_common_fields.circularity_bootstrap_fields,106,runs/common_fields/conventional_off_axis/metrics_test.json,circularity_bootstrap_fields,source[key],yes,direct
classical/classical.json::off_axis_107_common_fields.circularity_bootstrap_resamples,2000,runs/common_fields/conventional_off_axis/metrics_test.json,circularity_bootstrap_resamples,source[key],yes,direct
classical/classical.json::off_axis_107_common_fields.circularity_mape_ci_lower,0.06405513184171263,runs/common_fields/conventional_off_axis/metrics_test.json,circularity_mape_ci_lower,source[key],yes,direct
classical/classical.json::off_axis_107_common_fields.circularity_mape_ci_upper,0.07616330943142319,runs/common_fields/conventional_off_axis/metrics_test.json,circularity_mape_ci_upper,source[key],yes,direct
classical/classical.json::off_axis_107_common_fields.circularity_cell_pearson_r_ci_lower,0.7720832149902145,runs/common_fields/conventional_off_axis/metrics_test.json,circularity_cell_pearson_r_ci_lower,source[key],yes,direct
classical/classical.json::off_axis_107_common_fields.circularity_cell_pearson_r_ci_upper,0.8265001021604463,runs/common_fields/conventional_off_axis/metrics_test.json,circularity_cell_pearson_r_ci_upper,source[key],yes,direct
classical/classical.json::off_axis_107_common_fields.circularity_image_pearson_r,0.9179854631371309,runs/common_fields/conventional_off_axis/metrics_test.json,circularity_image_pearson_r,source[key],yes,direct
classical/classical.json::off_axis_107_common_fields.circularity_relative_bias,-0.007125156533942721,runs/common_fields/conventional_off_axis/metrics_test.json,circularity_relative_bias,source[key],yes,direct
classical/classical.json::off_axis_107_common_fields.circularity_median_relative_bias,-0.005809468787729613,runs/common_fields/conventional_off_axis/metrics_test.json,circularity_median_relative_bias,source[key],yes,direct
classical/classical.json::off_axis_107_common_fields.circularity_loa_lower,-0.08576453815459377,runs/common_fields/conventional_off_axis/metrics_test.json,circularity_loa_lower,source[key],yes,direct
classical/classical.json::off_axis_107_common_fields.circularity_loa_upper,0.07151422508670834,runs/common_fields/conventional_off_axis/metrics_test.json,circularity_loa_upper,source[key],yes,direct
classical/classical.json::off_axis_107_common_fields.cells_detected,2267,runs/common_fields/conventional_off_axis/metrics_test.json,cells_detected,source[key],yes,direct
classical/classical.json::off_axis_107_common_fields.cells_reference,3055,runs/common_fields/conventional_off_axis/metrics_test.json,cells_reference,source[key],yes,direct
classical/classical.json::off_axis_107_common_fields.cells_matched,1787,runs/common_fields/conventional_off_axis/metrics_test.json,cells_matched,source[key],yes,direct
classical/classical.json::off_axis_107_common_fields.cell_count_ratio,0.742062193126023,runs/common_fields/conventional_off_axis/metrics_test.json,cell_count_ratio,source[key],yes,direct
classical/classical.json::off_axis_107_common_fields.detection_recall,0.5849427168576105,runs/common_fields/conventional_off_axis/metrics_test.json,detection_recall,source[key],yes,direct
classical/classical.json::off_axis_107_common_fields.detection_precision,0.788266431407146,runs/common_fields/conventional_off_axis/metrics_test.json,detection_precision,source[key],yes,direct
classical/classical.json::off_axis_107_common_fields.detection_f1,0.6715520481022171,runs/common_fields/conventional_off_axis/metrics_test.json,detection_f1,source[key],yes,direct
classical/classical.json::off_axis_107_common_fields.cells_missed,1268,runs/common_fields/conventional_off_axis/metrics_test.json,cells_missed,source[key],yes,direct
classical/classical.json::off_axis_107_common_fields.cells_false_positive,480,runs/common_fields/conventional_off_axis/metrics_test.json,cells_false_positive,source[key],yes,direct
classical/classical.json::off_axis_107_common_fields.missed_median_area_um2,100.384388974917,runs/common_fields/conventional_off_axis/metrics_test.json,missed_median_area_um2,source[key],yes,direct
classical/classical.json::off_axis_107_common_fields.false_positive_median_area_um2,108.6212648689785,runs/common_fields/conventional_off_axis/metrics_test.json,false_positive_median_area_um2,source[key],yes,direct
classical/classical.json::off_axis_107_common_fields.coverage,0.5849427168576105,runs/common_fields/conventional_off_axis/metrics_test.json,coverage,source[key],yes,direct
classical/classical.json::off_axis_107_common_fields.area_mape_coverage_adjusted,0.5072438544030412,runs/common_fields/conventional_off_axis/metrics_test.json,area_mape_coverage_adjusted,source[key],yes,direct
classical/classical.json::off_axis_107_common_fields.optical_volume_mape_coverage_adjusted,0.5439930465593987,runs/common_fields/conventional_off_axis/metrics_test.json,optical_volume_mape_coverage_adjusted,source[key],yes,direct
classical/classical.json::off_axis_107_common_fields.dry_mass_mape_coverage_adjusted,0.5439930465593987,runs/common_fields/conventional_off_axis/metrics_test.json,dry_mass_mape_coverage_adjusted,source[key],yes,direct
classical/classical.json::off_axis_107_common_fields.circularity_mape_coverage_adjusted,0.4559329657260561,runs/common_fields/conventional_off_axis/metrics_test.json,circularity_mape_coverage_adjusted,source[key],yes,direct
classical/classical.json::off_axis_107_common_fields.area_field_total_bias,-0.12472267298429492,runs/common_fields/conventional_off_axis/metrics_test.json,area_field_total_bias,source[key],yes,direct
classical/classical.json::off_axis_107_common_fields.area_field_total_mape,0.1556112826049927,runs/common_fields/conventional_off_axis/metrics_test.json,area_field_total_mape,source[key],yes,direct
classical/classical.json::off_axis_107_common_fields.area_field_total_pearson_r,0.956329516077639,runs/common_fields/conventional_off_axis/metrics_test.json,area_field_total_pearson_r,source[key],yes,direct
classical/classical.json::off_axis_107_common_fields.area_n_fields,107,runs/common_fields/conventional_off_axis/metrics_test.json,area_n_fields,source[key],yes,direct
classical/classical.json::off_axis_107_common_fields.optical_volume_field_total_bias,-0.0941961865401596,runs/common_fields/conventional_off_axis/metrics_test.json,optical_volume_field_total_bias,source[key],yes,direct
classical/classical.json::off_axis_107_common_fields.optical_volume_field_total_mape,0.11010262530805875,runs/common_fields/conventional_off_axis/metrics_test.json,optical_volume_field_total_mape,source[key],yes,direct
classical/classical.json::off_axis_107_common_fields.optical_volume_field_total_pearson_r,0.9800025823686936,runs/common_fields/conventional_off_axis/metrics_test.json,optical_volume_field_total_pearson_r,source[key],yes,direct
classical/classical.json::off_axis_107_common_fields.optical_volume_n_fields,107,runs/common_fields/conventional_off_axis/metrics_test.json,optical_volume_n_fields,source[key],yes,direct
classical/classical.json::off_axis_107_common_fields.dry_mass_field_total_bias,-0.09419618654015958,runs/common_fields/conventional_off_axis/metrics_test.json,dry_mass_field_total_bias,source[key],yes,direct
classical/classical.json::off_axis_107_common_fields.dry_mass_field_total_mape,0.11010262530805873,runs/common_fields/conventional_off_axis/metrics_test.json,dry_mass_field_total_mape,source[key],yes,direct
classical/classical.json::off_axis_107_common_fields.dry_mass_field_total_pearson_r,0.9800025823686938,runs/common_fields/conventional_off_axis/metrics_test.json,dry_mass_field_total_pearson_r,source[key],yes,direct
classical/classical.json::off_axis_107_common_fields.dry_mass_n_fields,107,runs/common_fields/conventional_off_axis/metrics_test.json,dry_mass_n_fields,source[key],yes,direct
classical/classical.json::off_axis_107_common_fields.forward_residual,0.8960261929815061,runs/common_fields/conventional_off_axis/metrics_test.json,forward_residual,source[key],yes,direct
classical/classical.json::off_axis_107_common_fields.forward_residual_n,107,runs/common_fields/conventional_off_axis/metrics_test.json,forward_residual_n,source[key],yes,direct
classical/classical.json::off_axis_107_common_fields.forward_distance_um,33.77,runs/common_fields/conventional_off_axis/metrics_test.json,forward_distance_um,source[key],yes,direct
classical/classical.json::off_axis_107_common_fields.forward_residual_reference,0.8864314859715577,runs/common_fields/conventional_off_axis/metrics_test.json,forward_residual_reference,source[key],yes,direct
classical/classical.json::off_axis_107_common_fields.forward_residual_ratio,1.0108239690960799,runs/common_fields/conventional_off_axis/metrics_test.json,forward_residual_ratio,source[key],yes,direct
classical/classical.json::off_axis_107_common_fields.distance_um,33.77,runs/common_fields/conventional_off_axis/metrics_test.json,distance_um,source[key],yes,direct
classical/classical.json::off_axis_107_common_fields.gs_iterations,20,runs/common_fields/conventional_off_axis/metrics_test.json,gs_iterations,source[key],yes,direct
classical/classical.json::off_axis_107_common_fields.aberration_order,3,runs/common_fields/conventional_off_axis/metrics_test.json,aberration_order,source[key],yes,direct
classical/classical.json::off_axis_107_common_fields.recovered_phase_contrast_rad,0.9215815663337708,runs/common_fields/conventional_off_axis/metrics_test.json,recovered_phase_contrast_rad,source[key],yes,direct
classical/classical.json::off_axis_107_common_fields.min_recovered_contrast_rad,0.1,runs/common_fields/conventional_off_axis/metrics_test.json,min_recovered_contrast_rad,source[key],yes,direct
classical/classical.json::in_line_107_common_fields.phase_mae_rad,0.3996107686902875,runs/common_fields/conventional_gabor/metrics_test.json,phase_mae_rad,source[key],yes,direct
classical/classical.json::in_line_107_common_fields.phase_rmse_rad,0.6022681539898372,runs/common_fields/conventional_gabor/metrics_test.json,phase_rmse_rad,source[key],yes,direct
classical/classical.json::in_line_107_common_fields.phase_bias_rad,0.04451402318234138,runs/common_fields/conventional_gabor/metrics_test.json,phase_bias_rad,source[key],yes,direct
classical/classical.json::in_line_107_common_fields.phase_psnr_db,23.469992494440767,runs/common_fields/conventional_gabor/metrics_test.json,phase_psnr_db,source[key],yes,direct
classical/classical.json::in_line_107_common_fields.phase_ssim,0.06388770646326436,runs/common_fields/conventional_gabor/metrics_test.json,phase_ssim,source[key],yes,direct
classical/classical.json::in_line_107_common_fields.phase_pearson_r,-0.20753599522269775,runs/common_fields/conventional_gabor/metrics_test.json,phase_pearson_r,source[key],yes,direct
classical/classical.json::in_line_107_common_fields.phase_n_images,107,runs/common_fields/conventional_gabor/metrics_test.json,phase_n_images,source[key],yes,direct
classical/classical.json::in_line_107_common_fields.phase_mae_rad_in_cell,1.0448215208320975,runs/common_fields/conventional_gabor/metrics_test.json,phase_mae_rad_in_cell,source[key],yes,direct
classical/classical.json::in_line_107_common_fields.phase_bias_rad_in_cell,-1.0345183382524508,runs/common_fields/conventional_gabor/metrics_test.json,phase_bias_rad_in_cell,source[key],yes,direct
classical/classical.json::in_line_107_common_fields.phase_mae_rad_background,0.31034099944284027,runs/common_fields/conventional_gabor/metrics_test.json,phase_mae_rad_background,source[key],yes,direct
classical/classical.json::in_line_107_common_fields.phase_bias_rad_background,0.2166171754214251,runs/common_fields/conventional_gabor/metrics_test.json,phase_bias_rad_background,source[key],yes,direct
classical/classical.json::in_line_107_common_fields.seg_dice,0.15833488374835994,runs/common_fields/conventional_gabor/metrics_test.json,seg_dice,source[key],yes,direct
classical/classical.json::in_line_107_common_fields.seg_iou,0.08597376491043109,runs/common_fields/conventional_gabor/metrics_test.json,seg_iou,source[key],yes,direct
classical/classical.json::in_line_107_common_fields.seg_dice_macro,0.15833488374835994,runs/common_fields/conventional_gabor/metrics_test.json,seg_dice_macro,source[key],yes,direct
classical/classical.json::in_line_107_common_fields.seg_aji,0.05490150483947841,runs/common_fields/conventional_gabor/metrics_test.json,seg_aji,source[key],yes,direct
classical/classical.json::in_line_107_common_fields.seg_boundary_f1,0.10868802601144072,runs/common_fields/conventional_gabor/metrics_test.json,seg_boundary_f1,source[key],yes,direct
classical/classical.json::in_line_107_common_fields.seg_n_images,107,runs/common_fields/conventional_gabor/metrics_test.json,seg_n_images,source[key],yes,direct
classical/classical.json::in_line_107_common_fields.seg_instance_count_mape,4.807374585771621,runs/common_fields/conventional_gabor/metrics_test.json,seg_instance_count_mape,source[key],yes,direct
classical/classical.json::in_line_107_common_fields.area_mape,0.531507445134638,runs/common_fields/conventional_gabor/metrics_test.json,area_mape,source[key],yes,direct
classical/classical.json::in_line_107_common_fields.area_mae,169.18400688510667,runs/common_fields/conventional_gabor/metrics_test.json,area_mae,source[key],yes,direct
classical/classical.json::in_line_107_common_fields.area_cell_pearson_r,0.8828232650329635,runs/common_fields/conventional_gabor/metrics_test.json,area_cell_pearson_r,source[key],yes,direct
classical/classical.json::in_line_107_common_fields.area_n_cells,106,runs/common_fields/conventional_gabor/metrics_test.json,area_n_cells,source[key],yes,direct
classical/classical.json::in_line_107_common_fields.area_bootstrap_fields,48,runs/common_fields/conventional_gabor/metrics_test.json,area_bootstrap_fields,source[key],yes,direct
classical/classical.json::in_line_107_common_fields.area_bootstrap_resamples,2000,runs/common_fields/conventional_gabor/metrics_test.json,area_bootstrap_resamples,source[key],yes,direct
classical/classical.json::in_line_107_common_fields.area_mape_ci_lower,0.4024461976118153,runs/common_fields/conventional_gabor/metrics_test.json,area_mape_ci_lower,source[key],yes,direct
classical/classical.json::in_line_107_common_fields.area_mape_ci_upper,0.645352824946117,runs/common_fields/conventional_gabor/metrics_test.json,area_mape_ci_upper,source[key],yes,direct
classical/classical.json::in_line_107_common_fields.area_cell_pearson_r_ci_lower,0.7808162752657509,runs/common_fields/conventional_gabor/metrics_test.json,area_cell_pearson_r_ci_lower,source[key],yes,direct
classical/classical.json::in_line_107_common_fields.area_cell_pearson_r_ci_upper,0.963358548475221,runs/common_fields/conventional_gabor/metrics_test.json,area_cell_pearson_r_ci_upper,source[key],yes,direct
classical/classical.json::in_line_107_common_fields.area_image_pearson_r,0.908132096665454,runs/common_fields/conventional_gabor/metrics_test.json,area_image_pearson_r,source[key],yes,direct
classical/classical.json::in_line_107_common_fields.area_relative_bias,0.1704035474529255,runs/common_fields/conventional_gabor/metrics_test.json,area_relative_bias,source[key],yes,direct
classical/classical.json::in_line_107_common_fields.area_median_relative_bias,0.2090576804449677,runs/common_fields/conventional_gabor/metrics_test.json,area_median_relative_bias,source[key],yes,direct
classical/classical.json::in_line_107_common_fields.area_loa_lower,-0.5857531360758806,runs/common_fields/conventional_gabor/metrics_test.json,area_loa_lower,source[key],yes,direct
classical/classical.json::in_line_107_common_fields.area_loa_upper,0.9265602309817317,runs/common_fields/conventional_gabor/metrics_test.json,area_loa_upper,source[key],yes,direct
classical/classical.json::in_line_107_common_fields.optical_volume_mape,0.694203088389677,runs/common_fields/conventional_gabor/metrics_test.json,optical_volume_mape,source[key],yes,direct
classical/classical.json::in_line_107_common_fields.optical_volume_mae,420.6437538687612,runs/common_fields/conventional_gabor/metrics_test.json,optical_volume_mae,source[key],yes,direct
classical/classical.json::in_line_107_common_fields.optical_volume_cell_pearson_r,0.8758275961450911,runs/common_fields/conventional_gabor/metrics_test.json,optical_volume_cell_pearson_r,source[key],yes,direct
classical/classical.json::in_line_107_common_fields.optical_volume_n_cells,106,runs/common_fields/conventional_gabor/metrics_test.json,optical_volume_n_cells,source[key],yes,direct
classical/classical.json::in_line_107_common_fields.optical_volume_bootstrap_fields,48,runs/common_fields/conventional_gabor/metrics_test.json,optical_volume_bootstrap_fields,source[key],yes,direct
classical/classical.json::in_line_107_common_fields.optical_volume_bootstrap_resamples,2000,runs/common_fields/conventional_gabor/metrics_test.json,optical_volume_bootstrap_resamples,source[key],yes,direct
classical/classical.json::in_line_107_common_fields.optical_volume_mape_ci_lower,0.6221242209430182,runs/common_fields/conventional_gabor/metrics_test.json,optical_volume_mape_ci_lower,source[key],yes,direct
classical/classical.json::in_line_107_common_fields.optical_volume_mape_ci_upper,0.7476429822795749,runs/common_fields/conventional_gabor/metrics_test.json,optical_volume_mape_ci_upper,source[key],yes,direct
classical/classical.json::in_line_107_common_fields.optical_volume_cell_pearson_r_ci_lower,0.8328901526910628,runs/common_fields/conventional_gabor/metrics_test.json,optical_volume_cell_pearson_r_ci_lower,source[key],yes,direct
classical/classical.json::in_line_107_common_fields.optical_volume_cell_pearson_r_ci_upper,0.9234631503037681,runs/common_fields/conventional_gabor/metrics_test.json,optical_volume_cell_pearson_r_ci_upper,source[key],yes,direct
classical/classical.json::in_line_107_common_fields.optical_volume_image_pearson_r,0.9097586438303766,runs/common_fields/conventional_gabor/metrics_test.json,optical_volume_image_pearson_r,source[key],yes,direct
classical/classical.json::in_line_107_common_fields.optical_volume_relative_bias,-0.9874877506170089,runs/common_fields/conventional_gabor/metrics_test.json,optical_volume_relative_bias,source[key],yes,direct
classical/classical.json::in_line_107_common_fields.optical_volume_median_relative_bias,-1.0933772345557502,runs/common_fields/conventional_gabor/metrics_test.json,optical_volume_median_relative_bias,source[key],yes,direct
classical/classical.json::in_line_107_common_fields.optical_volume_loa_lower,-1.9750663512836966,runs/common_fields/conventional_gabor/metrics_test.json,optical_volume_loa_lower,source[key],yes,direct
classical/classical.json::in_line_107_common_fields.optical_volume_loa_upper,9.085004967879229e-05,runs/common_fields/conventional_gabor/metrics_test.json,optical_volume_loa_upper,source[key],yes,direct
classical/classical.json::in_line_107_common_fields.dry_mass_mape,0.694203088389677,runs/common_fields/conventional_gabor/metrics_test.json,dry_mass_mape,source[key],yes,direct
classical/classical.json::in_line_107_common_fields.dry_mass_mae,222.9352839207833,runs/common_fields/conventional_gabor/metrics_test.json,dry_mass_mae,source[key],yes,direct
classical/classical.json::in_line_107_common_fields.dry_mass_cell_pearson_r,0.8758275961450909,runs/common_fields/conventional_gabor/metrics_test.json,dry_mass_cell_pearson_r,source[key],yes,direct
classical/classical.json::in_line_107_common_fields.dry_mass_n_cells,106,runs/common_fields/conventional_gabor/metrics_test.json,dry_mass_n_cells,source[key],yes,direct
classical/classical.json::in_line_107_common_fields.dry_mass_bootstrap_fields,48,runs/common_fields/conventional_gabor/metrics_test.json,dry_mass_bootstrap_fields,source[key],yes,direct
classical/classical.json::in_line_107_common_fields.dry_mass_bootstrap_resamples,2000,runs/common_fields/conventional_gabor/metrics_test.json,dry_mass_bootstrap_resamples,source[key],yes,direct
classical/classical.json::in_line_107_common_fields.dry_mass_mape_ci_lower,0.6221242209430183,runs/common_fields/conventional_gabor/metrics_test.json,dry_mass_mape_ci_lower,source[key],yes,direct
classical/classical.json::in_line_107_common_fields.dry_mass_mape_ci_upper,0.7476429822795749,runs/common_fields/conventional_gabor/metrics_test.json,dry_mass_mape_ci_upper,source[key],yes,direct
classical/classical.json::in_line_107_common_fields.dry_mass_cell_pearson_r_ci_lower,0.8328901526910629,runs/common_fields/conventional_gabor/metrics_test.json,dry_mass_cell_pearson_r_ci_lower,source[key],yes,direct
classical/classical.json::in_line_107_common_fields.dry_mass_cell_pearson_r_ci_upper,0.9234631503037684,runs/common_fields/conventional_gabor/metrics_test.json,dry_mass_cell_pearson_r_ci_upper,source[key],yes,direct
classical/classical.json::in_line_107_common_fields.dry_mass_image_pearson_r,0.9097586438303767,runs/common_fields/conventional_gabor/metrics_test.json,dry_mass_image_pearson_r,source[key],yes,direct
classical/classical.json::in_line_107_common_fields.dry_mass_relative_bias,-0.9874877506170089,runs/common_fields/conventional_gabor/metrics_test.json,dry_mass_relative_bias,source[key],yes,direct
classical/classical.json::in_line_107_common_fields.dry_mass_median_relative_bias,-1.0933772345557502,runs/common_fields/conventional_gabor/metrics_test.json,dry_mass_median_relative_bias,source[key],yes,direct
classical/classical.json::in_line_107_common_fields.dry_mass_loa_lower,-1.9750663512836963,runs/common_fields/conventional_gabor/metrics_test.json,dry_mass_loa_lower,source[key],yes,direct
classical/classical.json::in_line_107_common_fields.dry_mass_loa_upper,9.085004967857024e-05,runs/common_fields/conventional_gabor/metrics_test.json,dry_mass_loa_upper,source[key],yes,direct
classical/classical.json::in_line_107_common_fields.circularity_mape,0.16861113738574787,runs/common_fields/conventional_gabor/metrics_test.json,circularity_mape,source[key],yes,direct
classical/classical.json::in_line_107_common_fields.circularity_mae,0.12441867715250658,runs/common_fields/conventional_gabor/metrics_test.json,circularity_mae,source[key],yes,direct
classical/classical.json::in_line_107_common_fields.circularity_cell_pearson_r,0.5378714467140625,runs/common_fields/conventional_gabor/metrics_test.json,circularity_cell_pearson_r,source[key],yes,direct
classical/classical.json::in_line_107_common_fields.circularity_n_cells,106,runs/common_fields/conventional_gabor/metrics_test.json,circularity_n_cells,source[key],yes,direct
classical/classical.json::in_line_107_common_fields.circularity_bootstrap_fields,48,runs/common_fields/conventional_gabor/metrics_test.json,circularity_bootstrap_fields,source[key],yes,direct
classical/classical.json::in_line_107_common_fields.circularity_bootstrap_resamples,2000,runs/common_fields/conventional_gabor/metrics_test.json,circularity_bootstrap_resamples,source[key],yes,direct
classical/classical.json::in_line_107_common_fields.circularity_mape_ci_lower,0.13028146622619988,runs/common_fields/conventional_gabor/metrics_test.json,circularity_mape_ci_lower,source[key],yes,direct
classical/classical.json::in_line_107_common_fields.circularity_mape_ci_upper,0.2232151578402628,runs/common_fields/conventional_gabor/metrics_test.json,circularity_mape_ci_upper,source[key],yes,direct
classical/classical.json::in_line_107_common_fields.circularity_cell_pearson_r_ci_lower,0.30605340751233967,runs/common_fields/conventional_gabor/metrics_test.json,circularity_cell_pearson_r_ci_lower,source[key],yes,direct
classical/classical.json::in_line_107_common_fields.circularity_cell_pearson_r_ci_upper,0.697640555450719,runs/common_fields/conventional_gabor/metrics_test.json,circularity_cell_pearson_r_ci_upper,source[key],yes,direct
classical/classical.json::in_line_107_common_fields.circularity_image_pearson_r,0.381888014474094,runs/common_fields/conventional_gabor/metrics_test.json,circularity_image_pearson_r,source[key],yes,direct
classical/classical.json::in_line_107_common_fields.circularity_relative_bias,-0.058080794099363016,runs/common_fields/conventional_gabor/metrics_test.json,circularity_relative_bias,source[key],yes,direct
classical/classical.json::in_line_107_common_fields.circularity_median_relative_bias,-0.07593985896195307,runs/common_fields/conventional_gabor/metrics_test.json,circularity_median_relative_bias,source[key],yes,direct
classical/classical.json::in_line_107_common_fields.circularity_loa_lower,-0.5020174539209741,runs/common_fields/conventional_gabor/metrics_test.json,circularity_loa_lower,source[key],yes,direct
classical/classical.json::in_line_107_common_fields.circularity_loa_upper,0.38585586572224806,runs/common_fields/conventional_gabor/metrics_test.json,circularity_loa_upper,source[key],yes,direct
classical/classical.json::in_line_107_common_fields.cells_detected,13841,runs/common_fields/conventional_gabor/metrics_test.json,cells_detected,source[key],yes,direct
classical/classical.json::in_line_107_common_fields.cells_reference,3055,runs/common_fields/conventional_gabor/metrics_test.json,cells_reference,source[key],yes,direct
classical/classical.json::in_line_107_common_fields.cells_matched,106,runs/common_fields/conventional_gabor/metrics_test.json,cells_matched,source[key],yes,direct
classical/classical.json::in_line_107_common_fields.cell_count_ratio,4.530605564648118,runs/common_fields/conventional_gabor/metrics_test.json,cell_count_ratio,source[key],yes,direct
classical/classical.json::in_line_107_common_fields.detection_recall,0.03469721767594108,runs/common_fields/conventional_gabor/metrics_test.json,detection_recall,source[key],yes,direct
classical/classical.json::in_line_107_common_fields.detection_precision,0.007658406184524239,runs/common_fields/conventional_gabor/metrics_test.json,detection_precision,source[key],yes,direct
classical/classical.json::in_line_107_common_fields.detection_f1,0.012547348484848486,runs/common_fields/conventional_gabor/metrics_test.json,detection_f1,source[key],yes,direct
classical/classical.json::in_line_107_common_fields.cells_missed,2949,runs/common_fields/conventional_gabor/metrics_test.json,cells_missed,source[key],yes,direct
classical/classical.json::in_line_107_common_fields.cells_false_positive,13735,runs/common_fields/conventional_gabor/metrics_test.json,cells_false_positive,source[key],yes,direct
classical/classical.json::in_line_107_common_fields.missed_median_area_um2,310.81019383503,runs/common_fields/conventional_gabor/metrics_test.json,missed_median_area_um2,source[key],yes,direct
classical/classical.json::in_line_107_common_fields.false_positive_median_area_um2,72.143671623849,runs/common_fields/conventional_gabor/metrics_test.json,false_positive_median_area_um2,source[key],yes,direct
classical/classical.json::in_line_107_common_fields.coverage,0.03469721767594108,runs/common_fields/conventional_gabor/metrics_test.json,coverage,source[key],yes,direct
classical/classical.json::in_line_107_common_fields.area_mape_coverage_adjusted,0.9837446118442789,runs/common_fields/conventional_gabor/metrics_test.json,area_mape_coverage_adjusted,source[key],yes,direct
classical/classical.json::in_line_107_common_fields.optical_volume_mape_coverage_adjusted,0.9893896979932262,runs/common_fields/conventional_gabor/metrics_test.json,optical_volume_mape_coverage_adjusted,source[key],yes,direct
classical/classical.json::in_line_107_common_fields.dry_mass_mape_coverage_adjusted,0.9893896979932262,runs/common_fields/conventional_gabor/metrics_test.json,dry_mass_mape_coverage_adjusted,source[key],yes,direct
classical/classical.json::in_line_107_common_fields.circularity_mape_coverage_adjusted,0.9711531196605203,runs/common_fields/conventional_gabor/metrics_test.json,circularity_mape_coverage_adjusted,source[key],yes,direct
classical/classical.json::in_line_107_common_fields.area_field_total_bias,0.668000725283562,runs/common_fields/conventional_gabor/metrics_test.json,area_field_total_bias,source[key],yes,direct
classical/classical.json::in_line_107_common_fields.area_field_total_mape,0.9049883823207051,runs/common_fields/conventional_gabor/metrics_test.json,area_field_total_mape,source[key],yes,direct
classical/classical.json::in_line_107_common_fields.area_field_total_pearson_r,0.13398003952993479,runs/common_fields/conventional_gabor/metrics_test.json,area_field_total_pearson_r,source[key],yes,direct
classical/classical.json::in_line_107_common_fields.area_n_fields,107,runs/common_fields/conventional_gabor/metrics_test.json,area_n_fields,source[key],yes,direct
classical/classical.json::in_line_107_common_fields.optical_volume_field_total_bias,-0.6533958266573637,runs/common_fields/conventional_gabor/metrics_test.json,optical_volume_field_total_bias,source[key],yes,direct
classical/classical.json::in_line_107_common_fields.optical_volume_field_total_mape,0.6602021634833809,runs/common_fields/conventional_gabor/metrics_test.json,optical_volume_field_total_mape,source[key],yes,direct
classical/classical.json::in_line_107_common_fields.optical_volume_field_total_pearson_r,0.6113937269300468,runs/common_fields/conventional_gabor/metrics_test.json,optical_volume_field_total_pearson_r,source[key],yes,direct
classical/classical.json::in_line_107_common_fields.optical_volume_n_fields,107,runs/common_fields/conventional_gabor/metrics_test.json,optical_volume_n_fields,source[key],yes,direct
classical/classical.json::in_line_107_common_fields.dry_mass_field_total_bias,-0.6533958266573637,runs/common_fields/conventional_gabor/metrics_test.json,dry_mass_field_total_bias,source[key],yes,direct
classical/classical.json::in_line_107_common_fields.dry_mass_field_total_mape,0.660202163483381,runs/common_fields/conventional_gabor/metrics_test.json,dry_mass_field_total_mape,source[key],yes,direct
classical/classical.json::in_line_107_common_fields.dry_mass_field_total_pearson_r,0.6113937269300467,runs/common_fields/conventional_gabor/metrics_test.json,dry_mass_field_total_pearson_r,source[key],yes,direct
classical/classical.json::in_line_107_common_fields.dry_mass_n_fields,107,runs/common_fields/conventional_gabor/metrics_test.json,dry_mass_n_fields,source[key],yes,direct
classical/classical.json::in_line_107_common_fields.forward_residual,0.8259213126708413,runs/common_fields/conventional_gabor/metrics_test.json,forward_residual,source[key],yes,direct
classical/classical.json::in_line_107_common_fields.forward_residual_n,107,runs/common_fields/conventional_gabor/metrics_test.json,forward_residual_n,source[key],yes,direct
classical/classical.json::in_line_107_common_fields.forward_distance_um,33.77,runs/common_fields/conventional_gabor/metrics_test.json,forward_distance_um,source[key],yes,direct
classical/classical.json::in_line_107_common_fields.forward_residual_reference,0.7654254578541373,runs/common_fields/conventional_gabor/metrics_test.json,forward_residual_reference,source[key],yes,direct
classical/classical.json::in_line_107_common_fields.forward_residual_ratio,1.0790355928143591,runs/common_fields/conventional_gabor/metrics_test.json,forward_residual_ratio,source[key],yes,direct
classical/classical.json::in_line_107_common_fields.distance_um,33.77,runs/common_fields/conventional_gabor/metrics_test.json,distance_um,source[key],yes,direct
classical/classical.json::in_line_107_common_fields.gs_iterations,20,runs/common_fields/conventional_gabor/metrics_test.json,gs_iterations,source[key],yes,direct
classical/classical.json::in_line_107_common_fields.aberration_order,3,runs/common_fields/conventional_gabor/metrics_test.json,aberration_order,source[key],yes,direct
classical/classical.json::in_line_107_common_fields.recovered_phase_contrast_rad,-0.08357414603233337,runs/common_fields/conventional_gabor/metrics_test.json,recovered_phase_contrast_rad,source[key],yes,direct
classical/classical.json::in_line_107_common_fields.min_recovered_contrast_rad,0.1,runs/common_fields/conventional_gabor/metrics_test.json,min_recovered_contrast_rad,source[key],yes,direct
classical/classical.json::reconstruction_distance_um,33.77,runs/conventional_off_axis/metrics_test.json,distance_um,source[key],yes,direct
classical/classical.json::in_line_reconstruction_valid,False,runs/common_fields/conventional_gabor/metrics_test.json,reconstruction_valid,,n/a,non-numeric value
classical/classical.json::table_4.phase_mae_rad.neural,0.15679374702033042,runs/v2_baseline_off_axis/metrics_test.json; runs/v2_A_seed1337_off_axis/metrics_test.json; runs/v2_A_seed2024_off_axis/metrics_test.json,phase_mae_rad,mean and sample SD (ddof=1) over training runs,yes,mean of 3 source files; SD (ddof=1) recomputed
classical/classical.json::table_4.phase_mae_rad.classical,0.19676522673231311,runs/conventional_off_axis/metrics_test.json,phase_mae_rad,source[key],yes,direct
classical/classical.json::table_4.phase_mae_rad.delta_neural_minus_classical,-0.0399714797119827,derived,phase_mae_rad,mean(neural over 3 seeds) - classical,yes,delta recomputed from source files
classical/classical.json::table_4.phase_mae_rad_in_cell.neural,0.2689294574622911,runs/v2_baseline_off_axis/metrics_test.json; runs/v2_A_seed1337_off_axis/metrics_test.json; runs/v2_A_seed2024_off_axis/metrics_test.json,phase_mae_rad_in_cell,mean and sample SD (ddof=1) over training runs,yes,mean of 3 source files; SD (ddof=1) recomputed
classical/classical.json::table_4.phase_mae_rad_in_cell.classical,0.3112234502239565,runs/conventional_off_axis/metrics_test.json,phase_mae_rad_in_cell,source[key],yes,direct
classical/classical.json::table_4.phase_mae_rad_in_cell.delta_neural_minus_classical,-0.0422939927616654,derived,phase_mae_rad_in_cell,mean(neural over 3 seeds) - classical,yes,delta recomputed from source files
classical/classical.json::table_4.phase_pearson_r.neural,0.8741126907082787,runs/v2_baseline_off_axis/metrics_test.json; runs/v2_A_seed1337_off_axis/metrics_test.json; runs/v2_A_seed2024_off_axis/metrics_test.json,phase_pearson_r,mean and sample SD (ddof=1) over training runs,yes,mean of 3 source files; SD (ddof=1) recomputed
classical/classical.json::table_4.phase_pearson_r.classical,0.7850669261760417,runs/conventional_off_axis/metrics_test.json,phase_pearson_r,source[key],yes,direct
classical/classical.json::table_4.phase_pearson_r.delta_neural_minus_classical,0.089045764532237,derived,phase_pearson_r,mean(neural over 3 seeds) - classical,yes,delta recomputed from source files
classical/classical.json::table_4.phase_ssim.neural,0.6386138951752037,runs/v2_baseline_off_axis/metrics_test.json; runs/v2_A_seed1337_off_axis/metrics_test.json; runs/v2_A_seed2024_off_axis/metrics_test.json,phase_ssim,mean and sample SD (ddof=1) over training runs,yes,mean of 3 source files; SD (ddof=1) recomputed
classical/classical.json::table_4.phase_ssim.classical,0.529890722405594,runs/conventional_off_axis/metrics_test.json,phase_ssim,source[key],yes,direct
classical/classical.json::table_4.phase_ssim.delta_neural_minus_classical,0.10872317276960974,derived,phase_ssim,mean(neural over 3 seeds) - classical,yes,delta recomputed from source files
classical/classical.json::table_4.seg_dice.neural,0.8337458751814576,runs/v2_baseline_off_axis/metrics_test.json; runs/v2_A_seed1337_off_axis/metrics_test.json; runs/v2_A_seed2024_off_axis/metrics_test.json,seg_dice,mean and sample SD (ddof=1) over training runs,yes,mean of 3 source files; SD (ddof=1) recomputed
classical/classical.json::table_4.seg_dice.classical,0.8252547276104372,runs/conventional_off_axis/metrics_test.json,seg_dice,source[key],yes,direct
classical/classical.json::table_4.seg_dice.delta_neural_minus_classical,0.00849114757102043,derived,seg_dice,mean(neural over 3 seeds) - classical,yes,delta recomputed from source files
classical/classical.json::table_4.seg_aji.neural,0.6709657600452449,runs/v2_baseline_off_axis/metrics_test.json; runs/v2_A_seed1337_off_axis/metrics_test.json; runs/v2_A_seed2024_off_axis/metrics_test.json,seg_aji,mean and sample SD (ddof=1) over training runs,yes,mean of 3 source files; SD (ddof=1) recomputed
classical/classical.json::table_4.seg_aji.classical,0.63871697875796,runs/conventional_off_axis/metrics_test.json,seg_aji,source[key],yes,direct
classical/classical.json::table_4.seg_aji.delta_neural_minus_classical,0.03224878128728492,derived,seg_aji,mean(neural over 3 seeds) - classical,yes,delta recomputed from source files
classical/classical.json::table_4.seg_boundary_f1.neural,0.4686802510669446,runs/v2_baseline_off_axis/metrics_test.json; runs/v2_A_seed1337_off_axis/metrics_test.json; runs/v2_A_seed2024_off_axis/metrics_test.json,seg_boundary_f1,mean and sample SD (ddof=1) over training runs,yes,mean of 3 source files; SD (ddof=1) recomputed
classical/classical.json::table_4.seg_boundary_f1.classical,0.39537012466573257,runs/conventional_off_axis/metrics_test.json,seg_boundary_f1,source[key],yes,direct
classical/classical.json::table_4.seg_boundary_f1.delta_neural_minus_classical,0.07331012640121204,derived,seg_boundary_f1,mean(neural over 3 seeds) - classical,yes,delta recomputed from source files
classical/classical.json::table_4.detection_recall.neural,0.5931157145846412,runs/v2_baseline_off_axis/metrics_test.json; runs/v2_A_seed1337_off_axis/metrics_test.json; runs/v2_A_seed2024_off_axis/metrics_test.json,detection_recall,mean and sample SD (ddof=1) over training runs,yes,mean of 3 source files; SD (ddof=1) recomputed
classical/classical.json::table_4.detection_recall.classical,0.5869428750784683,runs/conventional_off_axis/metrics_test.json,detection_recall,source[key],yes,direct
classical/classical.json::table_4.detection_recall.delta_neural_minus_classical,0.006172839506172867,derived,detection_recall,mean(neural over 3 seeds) - classical,yes,delta recomputed from source files
classical/classical.json::table_4.detection_precision.neural,0.8487571417143531,runs/v2_baseline_off_axis/metrics_test.json; runs/v2_A_seed1337_off_axis/metrics_test.json; runs/v2_A_seed2024_off_axis/metrics_test.json,detection_precision,mean and sample SD (ddof=1) over training runs,yes,mean of 3 source files; SD (ddof=1) recomputed
classical/classical.json::table_4.detection_precision.classical,0.7910321489001692,runs/conventional_off_axis/metrics_test.json,detection_precision,source[key],yes,direct
classical/classical.json::table_4.detection_precision.delta_neural_minus_classical,0.05772499281418397,derived,detection_precision,mean(neural over 3 seeds) - classical,yes,delta recomputed from source files
classical/classical.json::table_4.area_mape.neural,0.15677843737686237,runs/v2_baseline_off_axis/metrics_test.json; runs/v2_A_seed1337_off_axis/metrics_test.json; runs/v2_A_seed2024_off_axis/metrics_test.json,area_mape,mean and sample SD (ddof=1) over training runs,yes,mean of 3 source files; SD (ddof=1) recomputed
classical/classical.json::table_4.area_mape.classical,0.15776911254105397,runs/conventional_off_axis/metrics_test.json,area_mape,source[key],yes,direct
classical/classical.json::table_4.area_mape.delta_neural_minus_classical,-0.0009906751641916012,derived,area_mape,mean(neural over 3 seeds) - classical,yes,delta recomputed from source files
classical/classical.json::table_4.dry_mass_mape.neural,0.17420637709436515,runs/v2_baseline_off_axis/metrics_test.json; runs/v2_A_seed1337_off_axis/metrics_test.json; runs/v2_A_seed2024_off_axis/metrics_test.json,dry_mass_mape,mean and sample SD (ddof=1) over training runs,yes,mean of 3 source files; SD (ddof=1) recomputed
classical/classical.json::table_4.dry_mass_mape.classical,0.22033939890203486,runs/conventional_off_axis/metrics_test.json,dry_mass_mape,source[key],yes,direct
classical/classical.json::table_4.dry_mass_mape.delta_neural_minus_classical,-0.046133021807669705,derived,dry_mass_mape,mean(neural over 3 seeds) - classical,yes,delta recomputed from source files
classical/classical.json::table_4.dry_mass_cell_pearson_r.neural,0.9363406529467363,runs/v2_baseline_off_axis/metrics_test.json; runs/v2_A_seed1337_off_axis/metrics_test.json; runs/v2_A_seed2024_off_axis/metrics_test.json,dry_mass_cell_pearson_r,mean and sample SD (ddof=1) over training runs,yes,mean of 3 source files; SD (ddof=1) recomputed
classical/classical.json::table_4.dry_mass_cell_pearson_r.classical,0.8936873395896491,runs/conventional_off_axis/metrics_test.json,dry_mass_cell_pearson_r,source[key],yes,direct
classical/classical.json::table_4.dry_mass_cell_pearson_r.delta_neural_minus_classical,0.04265331335708722,derived,dry_mass_cell_pearson_r,mean(neural over 3 seeds) - classical,yes,delta recomputed from source files
classical/classical.json::table_4.dry_mass_field_total_mape.neural,0.16310050655996677,runs/v2_baseline_off_axis/metrics_test.json; runs/v2_A_seed1337_off_axis/metrics_test.json; runs/v2_A_seed2024_off_axis/metrics_test.json,dry_mass_field_total_mape,mean and sample SD (ddof=1) over training runs,yes,mean of 3 source files; SD (ddof=1) recomputed
classical/classical.json::table_4.dry_mass_field_total_mape.classical,0.10938239775698252,runs/conventional_off_axis/metrics_test.json,dry_mass_field_total_mape,source[key],yes,direct
classical/classical.json::table_4.dry_mass_field_total_mape.delta_neural_minus_classical,0.05371810880298425,derived,dry_mass_field_total_mape,mean(neural over 3 seeds) - classical,yes,delta recomputed from source files
classical/classical.json::table_4.cells_matched.neural,1889.6666666666667,runs/v2_baseline_off_axis/metrics_test.json; runs/v2_A_seed1337_off_axis/metrics_test.json; runs/v2_A_seed2024_off_axis/metrics_test.json,cells_matched,mean and sample SD (ddof=1) over training runs,yes,mean of 3 source files; SD (ddof=1) recomputed
classical/classical.json::table_4.cells_matched.classical,1870,runs/conventional_off_axis/metrics_test.json,cells_matched,source[key],yes,direct
classical/classical.json::table_4.cells_matched.delta_neural_minus_classical,19.666666666666742,derived,cells_matched,mean(neural over 3 seeds) - classical,yes,delta recomputed from source files
forward_model/forward_model.json::recording_distance_um,33.77,runs/v2_baseline_off_axis/resolved_config.yaml,loss.forward_model.distance_um,,"derived, not recomputed here","derived quantity; independent recomputation is performed by compile_results.py consistency checks (decomposition, split counts, matched-cell reconciliation)"
forward_model/forward_model.json::z_calibration.off_axis.grid_minimum_z_um,33.68407094594592,runs/z_calibration.json,off_axis.curve.distances_um[argmin forward_residual],distance at the minimum of the pooled forward residual,"derived, not recomputed here","derived quantity; independent recomputation is performed by compile_results.py consistency checks (decomposition, split counts, matched-cell reconciliation)"
forward_model/forward_model.json::z_calibration.off_axis.grid_step_um,4.812010135135139,runs/z_calibration.json,off_axis.grid_step_um,source[key],yes,direct
forward_model/forward_model.json::z_calibration.off_axis.per_image_best_z_um,"[-96.24020270270269, 96.24020270270269, 33.68407094594592, 33.68407094594592]",runs/z_calibration.json,off_axis.curve.per_image_best_z_um,,n/a,non-numeric value
forward_model/forward_model.json::z_calibration.off_axis.per_image_median_z_um,33.68407094594592,runs/z_calibration.json,off_axis.per_image_median_z_um,source[key],yes,direct
forward_model/forward_model.json::z_calibration.off_axis.per_image_iqr_um,48.120101351351344,runs/z_calibration.json,off_axis.per_image_iqr_um,source[key],yes,direct
forward_model/forward_model.json::z_calibration.off_axis.reference_residual_validation,0.9146810993552208,runs/z_calibration.json,off_axis.discrimination.floor,source[key],yes,direct
forward_model/forward_model.json::z_calibration.off_axis.residual_margin_0.9x,0.00034572556614875793,runs/z_calibration.json,off_axis.discrimination.margins.scaled_0.9,,"derived, not recomputed here","derived quantity; independent recomputation is performed by compile_results.py consistency checks (decomposition, split counts, matched-cell reconciliation)"
forward_model/forward_model.json::z_calibration.off_axis.residual_margin_0.5x,0.007992720231413841,runs/z_calibration.json,off_axis.discrimination.margins.scaled_0.5,,"derived, not recomputed here","derived quantity; independent recomputation is performed by compile_results.py consistency checks (decomposition, split counts, matched-cell reconciliation)"
forward_model/forward_model.json::z_calibration.gabor.grid_minimum_z_um,33.68407094594592,runs/z_calibration.json,gabor.curve.distances_um[argmin forward_residual],distance at the minimum of the pooled forward residual,"derived, not recomputed here","derived quantity; independent recomputation is performed by compile_results.py consistency checks (decomposition, split counts, matched-cell reconciliation)"
forward_model/forward_model.json::z_calibration.gabor.grid_step_um,4.812010135135139,runs/z_calibration.json,gabor.grid_step_um,source[key],yes,direct
forward_model/forward_model.json::z_calibration.gabor.per_image_best_z_um,"[33.68407094594592, 33.68407094594592, 33.68407094594592, 33.68407094594592]",runs/z_calibration.json,gabor.curve.per_image_best_z_um,,n/a,non-numeric value
forward_model/forward_model.json::z_calibration.gabor.per_image_median_z_um,33.68407094594592,runs/z_calibration.json,gabor.per_image_median_z_um,source[key],yes,direct
forward_model/forward_model.json::z_calibration.gabor.per_image_iqr_um,0.0,runs/z_calibration.json,gabor.per_image_iqr_um,source[key],yes,direct
forward_model/forward_model.json::z_calibration.gabor.reference_residual_validation,0.6993121644482017,runs/z_calibration.json,gabor.discrimination.floor,source[key],yes,direct
forward_model/forward_model.json::z_calibration.gabor.residual_margin_0.9x,0.004318851977586746,runs/z_calibration.json,gabor.discrimination.margins.scaled_0.9,,"derived, not recomputed here","derived quantity; independent recomputation is performed by compile_results.py consistency checks (decomposition, split counts, matched-cell reconciliation)"
forward_model/forward_model.json::z_calibration.gabor.residual_margin_0.5x,0.06224722322076559,runs/z_calibration.json,gabor.discrimination.margins.scaled_0.5,,"derived, not recomputed here","derived quantity; independent recomputation is performed by compile_results.py consistency checks (decomposition, split counts, matched-cell reconciliation)"
forward_model/forward_model.json::free_z.learned_distance_at_selected_checkpoint_um,33.40824890136719,runs/v2_learned_z_off_axis/metrics_test.json,forward_distance_um,source[key],yes,direct
forward_model/forward_model.json::free_z.selected_checkpoint_epoch,44,runs/benchmark_results/results_arm_D2.json,runs[0].checkpoint_epoch,source[key],yes,direct
forward_model/forward_model.json::free_z.fixed_z_distance_um,33.77,runs/v2_forward_amplitude_off_axis/metrics_test.json,forward_distance_um,source[key],yes,direct
forward_model/forward_model.json::free_z.trajectory_initial_after_epoch1_um,34.103,runs/RESULTS.md,"learned propagation distance, initial",,"derived, not recomputed here","derived quantity; independent recomputation is performed by compile_results.py consistency checks (decomposition, split counts, matched-cell reconciliation)"
forward_model/forward_model.json::free_z.trajectory_final_um,33.407,runs/RESULTS.md,"learned propagation distance, final",,"derived, not recomputed here","derived quantity; independent recomputation is performed by compile_results.py consistency checks (decomposition, split counts, matched-cell reconciliation)"
inline/inline.json::table_5.phase_mae_rad.in_line_neural,0.1625362087354482,runs/v2_baseline_gabor/metrics_test_common.json,phase_mae_rad,source[key],yes,direct
inline/inline.json::table_5.phase_mae_rad.off_axis_neural,0.1585833578605518,runs/v2_baseline_off_axis/metrics_test_common.json; runs/v2_A_seed1337_off_axis/metrics_test_common.json; runs/v2_A_seed2024_off_axis/metrics_test_common.json,phase_mae_rad,mean and sample SD (ddof=1) over training runs,yes,mean of 3 source files; SD (ddof=1) recomputed
inline/inline.json::table_5.phase_mae_rad.classical_off_axis,0.19904151962739286,runs/common_fields/conventional_off_axis/metrics_test.json,phase_mae_rad,source[key],yes,direct
inline/inline.json::table_5.phase_mae_rad.classical_in_line,0.3996107686902875,runs/common_fields/conventional_gabor/metrics_test.json,phase_mae_rad,source[key],yes,direct
inline/inline.json::table_5.phase_mae_rad_in_cell.in_line_neural,0.3005485987273332,runs/v2_baseline_gabor/metrics_test_common.json,phase_mae_rad_in_cell,source[key],yes,direct
inline/inline.json::table_5.phase_mae_rad_in_cell.off_axis_neural,0.2726280594540534,runs/v2_baseline_off_axis/metrics_test_common.json; runs/v2_A_seed1337_off_axis/metrics_test_common.json; runs/v2_A_seed2024_off_axis/metrics_test_common.json,phase_mae_rad_in_cell,mean and sample SD (ddof=1) over training runs,yes,mean of 3 source files; SD (ddof=1) recomputed
inline/inline.json::table_5.phase_mae_rad_in_cell.classical_off_axis,0.31573429035249156,runs/common_fields/conventional_off_axis/metrics_test.json,phase_mae_rad_in_cell,source[key],yes,direct
inline/inline.json::table_5.phase_mae_rad_in_cell.classical_in_line,1.0448215208320975,runs/common_fields/conventional_gabor/metrics_test.json,phase_mae_rad_in_cell,source[key],yes,direct
inline/inline.json::table_5.phase_pearson_r.in_line_neural,0.8667298677925751,runs/v2_baseline_gabor/metrics_test_common.json,phase_pearson_r,source[key],yes,direct
inline/inline.json::table_5.phase_pearson_r.off_axis_neural,0.8745034995294434,runs/v2_baseline_off_axis/metrics_test_common.json; runs/v2_A_seed1337_off_axis/metrics_test_common.json; runs/v2_A_seed2024_off_axis/metrics_test_common.json,phase_pearson_r,mean and sample SD (ddof=1) over training runs,yes,mean of 3 source files; SD (ddof=1) recomputed
inline/inline.json::table_5.phase_pearson_r.classical_off_axis,0.7849157405930145,runs/common_fields/conventional_off_axis/metrics_test.json,phase_pearson_r,source[key],yes,direct
inline/inline.json::table_5.phase_pearson_r.classical_in_line,-0.20753599522269775,runs/common_fields/conventional_gabor/metrics_test.json,phase_pearson_r,source[key],yes,direct
inline/inline.json::table_5.phase_ssim.in_line_neural,0.6295758675192004,runs/v2_baseline_gabor/metrics_test_common.json,phase_ssim,source[key],yes,direct
inline/inline.json::table_5.phase_ssim.off_axis_neural,0.6377411767190491,runs/v2_baseline_off_axis/metrics_test_common.json; runs/v2_A_seed1337_off_axis/metrics_test_common.json; runs/v2_A_seed2024_off_axis/metrics_test_common.json,phase_ssim,mean and sample SD (ddof=1) over training runs,yes,mean of 3 source files; SD (ddof=1) recomputed
inline/inline.json::table_5.phase_ssim.classical_off_axis,0.5296505032298721,runs/common_fields/conventional_off_axis/metrics_test.json,phase_ssim,source[key],yes,direct
inline/inline.json::table_5.phase_ssim.classical_in_line,0.06388770646326436,runs/common_fields/conventional_gabor/metrics_test.json,phase_ssim,source[key],yes,direct
inline/inline.json::table_5.seg_dice.in_line_neural,0.814808696094374,runs/v2_baseline_gabor/metrics_test_common.json,seg_dice,source[key],yes,direct
inline/inline.json::table_5.seg_dice.off_axis_neural,0.8330475208493926,runs/v2_baseline_off_axis/metrics_test_common.json; runs/v2_A_seed1337_off_axis/metrics_test_common.json; runs/v2_A_seed2024_off_axis/metrics_test_common.json,seg_dice,mean and sample SD (ddof=1) over training runs,yes,mean of 3 source files; SD (ddof=1) recomputed
inline/inline.json::table_5.seg_dice.classical_off_axis,0.8239530754629008,runs/common_fields/conventional_off_axis/metrics_test.json,seg_dice,source[key],yes,direct
inline/inline.json::table_5.seg_dice.classical_in_line,0.15833488374835994,runs/common_fields/conventional_gabor/metrics_test.json,seg_dice,source[key],yes,direct
inline/inline.json::table_5.seg_aji.in_line_neural,0.6398729407536774,runs/v2_baseline_gabor/metrics_test_common.json,seg_aji,source[key],yes,direct
inline/inline.json::table_5.seg_aji.off_axis_neural,0.6696530825405226,runs/v2_baseline_off_axis/metrics_test_common.json; runs/v2_A_seed1337_off_axis/metrics_test_common.json; runs/v2_A_seed2024_off_axis/metrics_test_common.json,seg_aji,mean and sample SD (ddof=1) over training runs,yes,mean of 3 source files; SD (ddof=1) recomputed
inline/inline.json::table_5.seg_aji.classical_off_axis,0.6355183155649254,runs/common_fields/conventional_off_axis/metrics_test.json,seg_aji,source[key],yes,direct
inline/inline.json::table_5.seg_aji.classical_in_line,0.05490150483947841,runs/common_fields/conventional_gabor/metrics_test.json,seg_aji,source[key],yes,direct
inline/inline.json::table_5.seg_boundary_f1.in_line_neural,0.4164888170672219,runs/v2_baseline_gabor/metrics_test_common.json,seg_boundary_f1,source[key],yes,direct
inline/inline.json::table_5.seg_boundary_f1.off_axis_neural,0.47058425349132316,runs/v2_baseline_off_axis/metrics_test_common.json; runs/v2_A_seed1337_off_axis/metrics_test_common.json; runs/v2_A_seed2024_off_axis/metrics_test_common.json,seg_boundary_f1,mean and sample SD (ddof=1) over training runs,yes,mean of 3 source files; SD (ddof=1) recomputed
inline/inline.json::table_5.seg_boundary_f1.classical_off_axis,0.39427386366155087,runs/common_fields/conventional_off_axis/metrics_test.json,seg_boundary_f1,source[key],yes,direct
inline/inline.json::table_5.seg_boundary_f1.classical_in_line,0.10868802601144072,runs/common_fields/conventional_gabor/metrics_test.json,seg_boundary_f1,source[key],yes,direct
inline/inline.json::table_5.detection_recall.in_line_neural,0.5885433715220949,runs/v2_baseline_gabor/metrics_test_common.json,detection_recall,source[key],yes,direct
inline/inline.json::table_5.detection_recall.off_axis_neural,0.5935624659028914,runs/v2_baseline_off_axis/metrics_test_common.json; runs/v2_A_seed1337_off_axis/metrics_test_common.json; runs/v2_A_seed2024_off_axis/metrics_test_common.json,detection_recall,mean and sample SD (ddof=1) over training runs,yes,mean of 3 source files; SD (ddof=1) recomputed
inline/inline.json::table_5.detection_recall.classical_off_axis,0.5849427168576105,runs/common_fields/conventional_off_axis/metrics_test.json,detection_recall,source[key],yes,direct
inline/inline.json::table_5.detection_recall.classical_in_line,0.03469721767594108,runs/common_fields/conventional_gabor/metrics_test.json,detection_recall,source[key],yes,direct
inline/inline.json::table_5.detection_precision.in_line_neural,0.8405797101449275,runs/v2_baseline_gabor/metrics_test_common.json,detection_precision,source[key],yes,direct
inline/inline.json::table_5.detection_precision.off_axis_neural,0.8486725160248065,runs/v2_baseline_off_axis/metrics_test_common.json; runs/v2_A_seed1337_off_axis/metrics_test_common.json; runs/v2_A_seed2024_off_axis/metrics_test_common.json,detection_precision,mean and sample SD (ddof=1) over training runs,yes,mean of 3 source files; SD (ddof=1) recomputed
inline/inline.json::table_5.detection_precision.classical_off_axis,0.788266431407146,runs/common_fields/conventional_off_axis/metrics_test.json,detection_precision,source[key],yes,direct
inline/inline.json::table_5.detection_precision.classical_in_line,0.007658406184524239,runs/common_fields/conventional_gabor/metrics_test.json,detection_precision,source[key],yes,direct
inline/inline.json::table_5.area_mape.in_line_neural,0.16691030908839152,runs/v2_baseline_gabor/metrics_test_common.json,area_mape,source[key],yes,direct
inline/inline.json::table_5.area_mape.off_axis_neural,0.15521593625922583,runs/v2_baseline_off_axis/metrics_test_common.json; runs/v2_A_seed1337_off_axis/metrics_test_common.json; runs/v2_A_seed2024_off_axis/metrics_test_common.json,area_mape,mean and sample SD (ddof=1) over training runs,yes,mean of 3 source files; SD (ddof=1) recomputed
inline/inline.json::table_5.area_mape.classical_off_axis,0.15759931460620635,runs/common_fields/conventional_off_axis/metrics_test.json,area_mape,source[key],yes,direct
inline/inline.json::table_5.area_mape.classical_in_line,0.531507445134638,runs/common_fields/conventional_gabor/metrics_test.json,area_mape,source[key],yes,direct
inline/inline.json::table_5.dry_mass_mape.in_line_neural,0.2129129171420357,runs/v2_baseline_gabor/metrics_test_common.json,dry_mass_mape,source[key],yes,direct
inline/inline.json::table_5.dry_mass_mape.off_axis_neural,0.17399887953868098,runs/v2_baseline_off_axis/metrics_test_common.json; runs/v2_A_seed1337_off_axis/metrics_test_common.json; runs/v2_A_seed2024_off_axis/metrics_test_common.json,dry_mass_mape,mean and sample SD (ddof=1) over training runs,yes,mean of 3 source files; SD (ddof=1) recomputed
inline/inline.json::table_5.dry_mass_mape.classical_off_axis,0.22042459834301242,runs/common_fields/conventional_off_axis/metrics_test.json,dry_mass_mape,source[key],yes,direct
inline/inline.json::table_5.dry_mass_mape.classical_in_line,0.694203088389677,runs/common_fields/conventional_gabor/metrics_test.json,dry_mass_mape,source[key],yes,direct
inline/inline.json::table_5.dry_mass_field_total_mape.in_line_neural,0.13556284763306833,runs/v2_baseline_gabor/metrics_test_common.json,dry_mass_field_total_mape,source[key],yes,direct
inline/inline.json::table_5.dry_mass_field_total_mape.off_axis_neural,0.16568248480702352,runs/v2_baseline_off_axis/metrics_test_common.json; runs/v2_A_seed1337_off_axis/metrics_test_common.json; runs/v2_A_seed2024_off_axis/metrics_test_common.json,dry_mass_field_total_mape,mean and sample SD (ddof=1) over training runs,yes,mean of 3 source files; SD (ddof=1) recomputed
inline/inline.json::table_5.dry_mass_field_total_mape.classical_off_axis,0.11010262530805873,runs/common_fields/conventional_off_axis/metrics_test.json,dry_mass_field_total_mape,source[key],yes,direct
inline/inline.json::table_5.dry_mass_field_total_mape.classical_in_line,0.660202163483381,runs/common_fields/conventional_gabor/metrics_test.json,dry_mass_field_total_mape,source[key],yes,direct
inline/inline.json::table_5.dry_mass_cell_pearson_r.in_line_neural,0.9028822251645099,runs/v2_baseline_gabor/metrics_test_common.json,dry_mass_cell_pearson_r,source[key],yes,direct
inline/inline.json::table_5.dry_mass_cell_pearson_r.off_axis_neural,0.9373732086557208,runs/v2_baseline_off_axis/metrics_test_common.json; runs/v2_A_seed1337_off_axis/metrics_test_common.json; runs/v2_A_seed2024_off_axis/metrics_test_common.json,dry_mass_cell_pearson_r,mean and sample SD (ddof=1) over training runs,yes,mean of 3 source files; SD (ddof=1) recomputed
inline/inline.json::table_5.dry_mass_cell_pearson_r.classical_off_axis,0.8939580281206216,runs/common_fields/conventional_off_axis/metrics_test.json,dry_mass_cell_pearson_r,source[key],yes,direct
inline/inline.json::table_5.dry_mass_cell_pearson_r.classical_in_line,0.8758275961450909,runs/common_fields/conventional_gabor/metrics_test.json,dry_mass_cell_pearson_r,source[key],yes,direct
inline/inline.json::table_5.cells_matched.in_line_neural,1798,runs/v2_baseline_gabor/metrics_test_common.json,cells_matched,source[key],yes,direct
inline/inline.json::table_5.cells_matched.off_axis_neural,1813.3333333333333,runs/v2_baseline_off_axis/metrics_test_common.json; runs/v2_A_seed1337_off_axis/metrics_test_common.json; runs/v2_A_seed2024_off_axis/metrics_test_common.json,cells_matched,mean and sample SD (ddof=1) over training runs,yes,mean of 3 source files; SD (ddof=1) recomputed
inline/inline.json::table_5.cells_matched.classical_off_axis,1787,runs/common_fields/conventional_off_axis/metrics_test.json,cells_matched,source[key],yes,direct
inline/inline.json::table_5.cells_matched.classical_in_line,106,runs/common_fields/conventional_gabor/metrics_test.json,cells_matched,source[key],yes,direct
inline/inline.json::table_5.recovered_in_cell_phase_contrast.classical_off_axis,0.9215815663337708,runs/common_fields/conventional_off_axis/metrics_test.json,recovered_phase_contrast_rad,source[key],yes,direct
inline/inline.json::table_5.recovered_in_cell_phase_contrast.classical_in_line,-0.08357414603233337,runs/common_fields/conventional_gabor/metrics_test.json,recovered_phase_contrast_rad,source[key],yes,direct
inline/inline.json::split.train_excluded,39,logs/v2_20260930_074055_gpu3/train_G.log,train_excluded,,"derived, not recomputed here","derived quantity; independent recomputation is performed by compile_results.py consistency checks (decomposition, split counts, matched-cell reconciliation)"
inline/inline.json::split.train,521,logs/v2_20260930_074055_gpu3/train_G.log,train,,"derived, not recomputed here","derived quantity; independent recomputation is performed by compile_results.py consistency checks (decomposition, split counts, matched-cell reconciliation)"
inline/inline.json::split.val_excluded,5,logs/v2_20260930_074055_gpu3/train_G.log,val_excluded,,"derived, not recomputed here","derived quantity; independent recomputation is performed by compile_results.py consistency checks (decomposition, split counts, matched-cell reconciliation)"
inline/inline.json::split.val,122,logs/v2_20260930_074055_gpu3/train_G.log,val,,"derived, not recomputed here","derived quantity; independent recomputation is performed by compile_results.py consistency checks (decomposition, split counts, matched-cell reconciliation)"
inline/inline.json::split.test,107,logs/v2_20260930_074055_gpu3/train_G.log,test,,"derived, not recomputed here","derived quantity; independent recomputation is performed by compile_results.py consistency checks (decomposition, split counts, matched-cell reconciliation)"
inline/inline.json::split.test_reference_cells,3055,logs/v2_20260930_074055_gpu3/train_G.log,test_reference_cells,,"derived, not recomputed here","derived quantity; independent recomputation is performed by compile_results.py consistency checks (decomposition, split counts, matched-cell reconciliation)"
inline/inline.json::split.test_excluded,6,logs/v2_20260930_074055_gpu3/train_G.log,test_excluded,,"derived, not recomputed here","derived quantity; independent recomputation is performed by compile_results.py consistency checks (decomposition, split counts, matched-cell reconciliation)"
ipp/ipp.json::table_9.A.dry_mass_mape,0.17420637709436515,runs/v2_baseline_off_axis/metrics_test.json; runs/v2_A_seed1337_off_axis/metrics_test.json; runs/v2_A_seed2024_off_axis/metrics_test.json,dry_mass_mape,mean and sample SD (ddof=1) over training runs,yes,mean of 3 source files; SD (ddof=1) recomputed
ipp/ipp.json::table_9.A.dry_mass_mape_coverage_adjusted,0.5102056927075126,runs/v2_baseline_off_axis/metrics_test.json; runs/v2_A_seed1337_off_axis/metrics_test.json; runs/v2_A_seed2024_off_axis/metrics_test.json,dry_mass_mape_coverage_adjusted,mean and sample SD (ddof=1) over training runs,yes,mean of 3 source files; SD (ddof=1) recomputed
ipp/ipp.json::table_9.A.dry_mass_field_total_mape,0.16310050655996677,runs/v2_baseline_off_axis/metrics_test.json; runs/v2_A_seed1337_off_axis/metrics_test.json; runs/v2_A_seed2024_off_axis/metrics_test.json,dry_mass_field_total_mape,mean and sample SD (ddof=1) over training runs,yes,mean of 3 source files; SD (ddof=1) recomputed
ipp/ipp.json::table_9.A.area_mape,0.15677843737686237,runs/v2_baseline_off_axis/metrics_test.json; runs/v2_A_seed1337_off_axis/metrics_test.json; runs/v2_A_seed2024_off_axis/metrics_test.json,area_mape,mean and sample SD (ddof=1) over training runs,yes,mean of 3 source files; SD (ddof=1) recomputed
ipp/ipp.json::table_9.A.detection_recall,0.5931157145846412,runs/v2_baseline_off_axis/metrics_test.json; runs/v2_A_seed1337_off_axis/metrics_test.json; runs/v2_A_seed2024_off_axis/metrics_test.json,detection_recall,mean and sample SD (ddof=1) over training runs,yes,mean of 3 source files; SD (ddof=1) recomputed
ipp/ipp.json::table_9.A.detection_precision,0.8487571417143531,runs/v2_baseline_off_axis/metrics_test.json; runs/v2_A_seed1337_off_axis/metrics_test.json; runs/v2_A_seed2024_off_axis/metrics_test.json,detection_precision,mean and sample SD (ddof=1) over training runs,yes,mean of 3 source files; SD (ddof=1) recomputed
ipp/ipp.json::table_9.A.seg_dice,0.8337458751814576,runs/v2_baseline_off_axis/metrics_test.json; runs/v2_A_seed1337_off_axis/metrics_test.json; runs/v2_A_seed2024_off_axis/metrics_test.json,seg_dice,mean and sample SD (ddof=1) over training runs,yes,mean of 3 source files; SD (ddof=1) recomputed
ipp/ipp.json::table_9.A.phase_mae_rad,0.15679374702033042,runs/v2_baseline_off_axis/metrics_test.json; runs/v2_A_seed1337_off_axis/metrics_test.json; runs/v2_A_seed2024_off_axis/metrics_test.json,phase_mae_rad,mean and sample SD (ddof=1) over training runs,yes,mean of 3 source files; SD (ddof=1) recomputed
ipp/ipp.json::table_9.B.dry_mass_mape,0.18830453431459573,runs/v2_cell_ipp_off_axis/metrics_test.json; runs/v2_B_seed1337_off_axis/metrics_test.json; runs/v2_B_seed2024_off_axis/metrics_test.json,dry_mass_mape,mean and sample SD (ddof=1) over training runs,yes,mean of 3 source files; SD (ddof=1) recomputed
ipp/ipp.json::table_9.B.dry_mass_mape_coverage_adjusted,0.5124675329477589,runs/v2_cell_ipp_off_axis/metrics_test.json; runs/v2_B_seed1337_off_axis/metrics_test.json; runs/v2_B_seed2024_off_axis/metrics_test.json,dry_mass_mape_coverage_adjusted,mean and sample SD (ddof=1) over training runs,yes,mean of 3 source files; SD (ddof=1) recomputed
ipp/ipp.json::table_9.B.dry_mass_field_total_mape,0.16759711699232693,runs/v2_cell_ipp_off_axis/metrics_test.json; runs/v2_B_seed1337_off_axis/metrics_test.json; runs/v2_B_seed2024_off_axis/metrics_test.json,dry_mass_field_total_mape,mean and sample SD (ddof=1) over training runs,yes,mean of 3 source files; SD (ddof=1) recomputed
ipp/ipp.json::table_9.B.area_mape,0.1678563395691409,runs/v2_cell_ipp_off_axis/metrics_test.json; runs/v2_B_seed1337_off_axis/metrics_test.json; runs/v2_B_seed2024_off_axis/metrics_test.json,area_mape,mean and sample SD (ddof=1) over training runs,yes,mean of 3 source files; SD (ddof=1) recomputed
ipp/ipp.json::table_9.B.detection_recall,0.6006486712701401,runs/v2_cell_ipp_off_axis/metrics_test.json; runs/v2_B_seed1337_off_axis/metrics_test.json; runs/v2_B_seed2024_off_axis/metrics_test.json,detection_recall,mean and sample SD (ddof=1) over training runs,yes,mean of 3 source files; SD (ddof=1) recomputed
ipp/ipp.json::table_9.B.detection_precision,0.8077091600001408,runs/v2_cell_ipp_off_axis/metrics_test.json; runs/v2_B_seed1337_off_axis/metrics_test.json; runs/v2_B_seed2024_off_axis/metrics_test.json,detection_precision,mean and sample SD (ddof=1) over training runs,yes,mean of 3 source files; SD (ddof=1) recomputed
ipp/ipp.json::table_9.B.seg_dice,0.8294052923743043,runs/v2_cell_ipp_off_axis/metrics_test.json; runs/v2_B_seed1337_off_axis/metrics_test.json; runs/v2_B_seed2024_off_axis/metrics_test.json,seg_dice,mean and sample SD (ddof=1) over training runs,yes,mean of 3 source files; SD (ddof=1) recomputed
ipp/ipp.json::table_9.B.phase_mae_rad,0.16559997950419567,runs/v2_cell_ipp_off_axis/metrics_test.json; runs/v2_B_seed1337_off_axis/metrics_test.json; runs/v2_B_seed2024_off_axis/metrics_test.json,phase_mae_rad,mean and sample SD (ddof=1) over training runs,yes,mean of 3 source files; SD (ddof=1) recomputed
ipp/ipp.json::table_9.B1.dry_mass_mape,0.1886938793534839,runs/v2_image_volume_off_axis/metrics_test.json; runs/v2_B1_seed1337_off_axis/metrics_test.json; runs/v2_B1_seed2024_off_axis/metrics_test.json,dry_mass_mape,mean and sample SD (ddof=1) over training runs,yes,mean of 3 source files; SD (ddof=1) recomputed
ipp/ipp.json::table_9.B1.dry_mass_mape_coverage_adjusted,0.5221975724353128,runs/v2_image_volume_off_axis/metrics_test.json; runs/v2_B1_seed1337_off_axis/metrics_test.json; runs/v2_B1_seed2024_off_axis/metrics_test.json,dry_mass_mape_coverage_adjusted,mean and sample SD (ddof=1) over training runs,yes,mean of 3 source files; SD (ddof=1) recomputed
ipp/ipp.json::table_9.B1.dry_mass_field_total_mape,0.17216569860009603,runs/v2_image_volume_off_axis/metrics_test.json; runs/v2_B1_seed1337_off_axis/metrics_test.json; runs/v2_B1_seed2024_off_axis/metrics_test.json,dry_mass_field_total_mape,mean and sample SD (ddof=1) over training runs,yes,mean of 3 source files; SD (ddof=1) recomputed
ipp/ipp.json::table_9.B1.area_mape,0.1596642221726051,runs/v2_image_volume_off_axis/metrics_test.json; runs/v2_B1_seed1337_off_axis/metrics_test.json; runs/v2_B1_seed2024_off_axis/metrics_test.json,area_mape,mean and sample SD (ddof=1) over training runs,yes,mean of 3 source files; SD (ddof=1) recomputed
ipp/ipp.json::table_9.B1.detection_recall,0.5889307386482528,runs/v2_image_volume_off_axis/metrics_test.json; runs/v2_B1_seed1337_off_axis/metrics_test.json; runs/v2_B1_seed2024_off_axis/metrics_test.json,detection_recall,mean and sample SD (ddof=1) over training runs,yes,mean of 3 source files; SD (ddof=1) recomputed
ipp/ipp.json::table_9.B1.detection_precision,0.8460496637846746,runs/v2_image_volume_off_axis/metrics_test.json; runs/v2_B1_seed1337_off_axis/metrics_test.json; runs/v2_B1_seed2024_off_axis/metrics_test.json,detection_precision,mean and sample SD (ddof=1) over training runs,yes,mean of 3 source files; SD (ddof=1) recomputed
ipp/ipp.json::table_9.B1.seg_dice,0.8293958152706802,runs/v2_image_volume_off_axis/metrics_test.json; runs/v2_B1_seed1337_off_axis/metrics_test.json; runs/v2_B1_seed2024_off_axis/metrics_test.json,seg_dice,mean and sample SD (ddof=1) over training runs,yes,mean of 3 source files; SD (ddof=1) recomputed
ipp/ipp.json::table_9.B1.phase_mae_rad,0.16444739503758496,runs/v2_image_volume_off_axis/metrics_test.json; runs/v2_B1_seed1337_off_axis/metrics_test.json; runs/v2_B1_seed2024_off_axis/metrics_test.json,phase_mae_rad,mean and sample SD (ddof=1) over training runs,yes,mean of 3 source files; SD (ddof=1) recomputed
ipp/ipp.json::table_9.B2.dry_mass_mape,0.1849549765924266,runs/v2_cell_ipp_area_off_axis/metrics_test.json,dry_mass_mape,source[key],yes,direct
ipp/ipp.json::table_9.B2.dry_mass_mape_coverage_adjusted,0.507544987426372,runs/v2_cell_ipp_area_off_axis/metrics_test.json,dry_mass_mape_coverage_adjusted,source[key],yes,direct
ipp/ipp.json::table_9.B2.dry_mass_field_total_mape,0.1696059553008951,runs/v2_cell_ipp_area_off_axis/metrics_test.json,dry_mass_field_total_mape,source[key],yes,direct
ipp/ipp.json::table_9.B2.area_mape,0.17790516106653226,runs/v2_cell_ipp_area_off_axis/metrics_test.json,area_mape,source[key],yes,direct
ipp/ipp.json::table_9.B2.detection_recall,0.6042059008160703,runs/v2_cell_ipp_area_off_axis/metrics_test.json,detection_recall,source[key],yes,direct
ipp/ipp.json::table_9.B2.detection_precision,0.7957833815626292,runs/v2_cell_ipp_area_off_axis/metrics_test.json,detection_precision,source[key],yes,direct
ipp/ipp.json::table_9.B2.seg_dice,0.8293935252497245,runs/v2_cell_ipp_area_off_axis/metrics_test.json,seg_dice,source[key],yes,direct
ipp/ipp.json::table_9.B2.phase_mae_rad,0.1646352097128345,runs/v2_cell_ipp_area_off_axis/metrics_test.json,phase_mae_rad,source[key],yes,direct
ipp/ipp.json::table_9.C.dry_mass_mape,0.1920954548933096,runs/v2_cell_ipp_bga_off_axis/metrics_test.json,dry_mass_mape,source[key],yes,direct
ipp/ipp.json::table_9.C.dry_mass_mape_coverage_adjusted,0.5181987960757339,runs/v2_cell_ipp_bga_off_axis/metrics_test.json,dry_mass_mape_coverage_adjusted,source[key],yes,direct
ipp/ipp.json::table_9.C.dry_mass_field_total_mape,0.16505810664060305,runs/v2_cell_ipp_bga_off_axis/metrics_test.json,dry_mass_field_total_mape,source[key],yes,direct
ipp/ipp.json::table_9.C.area_mape,0.16520754411400174,runs/v2_cell_ipp_bga_off_axis/metrics_test.json,area_mape,source[key],yes,direct
ipp/ipp.json::table_9.C.detection_recall,0.5963590709353421,runs/v2_cell_ipp_bga_off_axis/metrics_test.json,detection_recall,source[key],yes,direct
ipp/ipp.json::table_9.C.detection_precision,0.818260120585702,runs/v2_cell_ipp_bga_off_axis/metrics_test.json,detection_precision,source[key],yes,direct
ipp/ipp.json::table_9.C.seg_dice,0.8308831533498945,runs/v2_cell_ipp_bga_off_axis/metrics_test.json,seg_dice,source[key],yes,direct
ipp/ipp.json::table_9.C.phase_mae_rad,0.16541830845902453,runs/v2_cell_ipp_bga_off_axis/metrics_test.json,phase_mae_rad,source[key],yes,direct
ipp/ipp.json::table_9.W01.dry_mass_mape,0.17542075698424575,runs/v2_ipp_w01_off_axis/metrics_test.json,dry_mass_mape,source[key],yes,direct
ipp/ipp.json::table_9.W01.dry_mass_mape_coverage_adjusted,0.5157602750525812,runs/v2_ipp_w01_off_axis/metrics_test.json,dry_mass_mape_coverage_adjusted,source[key],yes,direct
ipp/ipp.json::table_9.W01.dry_mass_field_total_mape,0.18295632757638006,runs/v2_ipp_w01_off_axis/metrics_test.json,dry_mass_field_total_mape,source[key],yes,direct
ipp/ipp.json::table_9.W01.area_mape,0.15044354535435034,runs/v2_ipp_w01_off_axis/metrics_test.json,area_mape,source[key],yes,direct
ipp/ipp.json::table_9.W01.detection_recall,0.5872567482736974,runs/v2_ipp_w01_off_axis/metrics_test.json,detection_recall,source[key],yes,direct
ipp/ipp.json::table_9.W01.detection_precision,0.8427927927927928,runs/v2_ipp_w01_off_axis/metrics_test.json,detection_precision,source[key],yes,direct
ipp/ipp.json::table_9.W01.seg_dice,0.8330896452247895,runs/v2_ipp_w01_off_axis/metrics_test.json,seg_dice,source[key],yes,direct
ipp/ipp.json::table_9.W01.phase_mae_rad,0.15665839210284493,runs/v2_ipp_w01_off_axis/metrics_test.json,phase_mae_rad,source[key],yes,direct
ipp/ipp.json::table_9.W03.dry_mass_mape,0.1880525632705589,runs/v2_ipp_w03_off_axis/metrics_test.json,dry_mass_mape,source[key],yes,direct
ipp/ipp.json::table_9.W03.dry_mass_mape_coverage_adjusted,0.5196105090285636,runs/v2_ipp_w03_off_axis/metrics_test.json,dry_mass_mape_coverage_adjusted,source[key],yes,direct
ipp/ipp.json::table_9.W03.dry_mass_field_total_mape,0.1952756196227511,runs/v2_ipp_w03_off_axis/metrics_test.json,dry_mass_field_total_mape,source[key],yes,direct
ipp/ipp.json::table_9.W03.area_mape,0.15640130426726243,runs/v2_ipp_w03_off_axis/metrics_test.json,area_mape,source[key],yes,direct
ipp/ipp.json::table_9.W03.detection_recall,0.5916509730069052,runs/v2_ipp_w03_off_axis/metrics_test.json,detection_recall,source[key],yes,direct
ipp/ipp.json::table_9.W03.detection_precision,0.8388963061860258,runs/v2_ipp_w03_off_axis/metrics_test.json,detection_precision,source[key],yes,direct
ipp/ipp.json::table_9.W03.seg_dice,0.832767975701129,runs/v2_ipp_w03_off_axis/metrics_test.json,seg_dice,source[key],yes,direct
ipp/ipp.json::table_9.W03.phase_mae_rad,0.16195135959218035,runs/v2_ipp_w03_off_axis/metrics_test.json,phase_mae_rad,source[key],yes,direct
ipp/ipp.json::table_9.W30.dry_mass_mape,0.1962773988172371,runs/v2_ipp_w30_off_axis/metrics_test.json,dry_mass_mape,source[key],yes,direct
ipp/ipp.json::table_9.W30.dry_mass_mape_coverage_adjusted,0.5196836683452666,runs/v2_ipp_w30_off_axis/metrics_test.json,dry_mass_mape_coverage_adjusted,source[key],yes,direct
ipp/ipp.json::table_9.W30.dry_mass_field_total_mape,0.13164720474125952,runs/v2_ipp_w30_off_axis/metrics_test.json,dry_mass_field_total_mape,source[key],yes,direct
ipp/ipp.json::table_9.W30.area_mape,0.17293658861120667,runs/v2_ipp_w30_off_axis/metrics_test.json,area_mape,source[key],yes,direct
ipp/ipp.json::table_9.W30.detection_recall,0.5976145637162587,runs/v2_ipp_w30_off_axis/metrics_test.json,detection_recall,source[key],yes,direct
ipp/ipp.json::table_9.W30.detection_precision,0.7854785478547854,runs/v2_ipp_w30_off_axis/metrics_test.json,detection_precision,source[key],yes,direct
ipp/ipp.json::table_9.W30.seg_dice,0.8164448057330084,runs/v2_ipp_w30_off_axis/metrics_test.json,seg_dice,source[key],yes,direct
ipp/ipp.json::table_9.W30.phase_mae_rad,0.18128903309064628,runs/v2_ipp_w30_off_axis/metrics_test.json,phase_mae_rad,source[key],yes,direct
ipp/ipp.json::table_9.D0.dry_mass_mape,0.18569838092909868,runs/v2_amplitude_off_axis/metrics_test.json,dry_mass_mape,source[key],yes,direct
ipp/ipp.json::table_9.D0.dry_mass_mape_coverage_adjusted,0.5156617802450226,runs/v2_amplitude_off_axis/metrics_test.json,dry_mass_mape_coverage_adjusted,source[key],yes,direct
ipp/ipp.json::table_9.D0.dry_mass_field_total_mape,0.15279041190885095,runs/v2_amplitude_off_axis/metrics_test.json,dry_mass_field_total_mape,source[key],yes,direct
ipp/ipp.json::table_9.D0.area_mape,0.15907378128011326,runs/v2_amplitude_off_axis/metrics_test.json,area_mape,source[key],yes,direct
ipp/ipp.json::table_9.D0.detection_recall,0.5947897049591965,runs/v2_amplitude_off_axis/metrics_test.json,detection_recall,source[key],yes,direct
ipp/ipp.json::table_9.D0.detection_precision,0.8282342657342657,runs/v2_amplitude_off_axis/metrics_test.json,detection_precision,source[key],yes,direct
ipp/ipp.json::table_9.D0.seg_dice,0.8297258898882734,runs/v2_amplitude_off_axis/metrics_test.json,seg_dice,source[key],yes,direct
ipp/ipp.json::table_9.D0.phase_mae_rad,0.16329540556247255,runs/v2_amplitude_off_axis/metrics_test.json,phase_mae_rad,source[key],yes,direct
ipp/ipp.json::table_9.D1.dry_mass_mape,0.18546513472406215,runs/v2_forward_amplitude_off_axis/metrics_test.json,dry_mass_mape,source[key],yes,direct
ipp/ipp.json::table_9.D1.dry_mass_mape_coverage_adjusted,0.5081088886406452,runs/v2_forward_amplitude_off_axis/metrics_test.json,dry_mass_mape_coverage_adjusted,source[key],yes,direct
ipp/ipp.json::table_9.D1.dry_mass_field_total_mape,0.15734338919966265,runs/v2_forward_amplitude_off_axis/metrics_test.json,dry_mass_field_total_mape,source[key],yes,direct
ipp/ipp.json::table_9.D1.area_mape,0.16850753674727895,runs/v2_forward_amplitude_off_axis/metrics_test.json,area_mape,source[key],yes,direct
ipp/ipp.json::table_9.D1.detection_recall,0.6038920276208412,runs/v2_forward_amplitude_off_axis/metrics_test.json,detection_recall,source[key],yes,direct
ipp/ipp.json::table_9.D1.detection_precision,0.8296679603277275,runs/v2_forward_amplitude_off_axis/metrics_test.json,detection_precision,source[key],yes,direct
ipp/ipp.json::table_9.D1.seg_dice,0.8317859208176824,runs/v2_forward_amplitude_off_axis/metrics_test.json,seg_dice,source[key],yes,direct
ipp/ipp.json::table_9.D1.phase_mae_rad,0.1647409099129449,runs/v2_forward_amplitude_off_axis/metrics_test.json,phase_mae_rad,source[key],yes,direct
ipp/ipp.json::table_9.D2.dry_mass_mape,0.19198360520601848,runs/v2_learned_z_off_axis/metrics_test.json,dry_mass_mape,source[key],yes,direct
ipp/ipp.json::table_9.D2.dry_mass_mape_coverage_adjusted,0.5211754697517147,runs/v2_learned_z_off_axis/metrics_test.json,dry_mass_mape_coverage_adjusted,source[key],yes,direct
ipp/ipp.json::table_9.D2.dry_mass_field_total_mape,0.15989186591821203,runs/v2_learned_z_off_axis/metrics_test.json,dry_mass_field_total_mape,source[key],yes,direct
ipp/ipp.json::table_9.D2.area_mape,0.1583394332764806,runs/v2_learned_z_off_axis/metrics_test.json,area_mape,source[key],yes,direct
ipp/ipp.json::table_9.D2.detection_recall,0.5925925925925926,runs/v2_learned_z_off_axis/metrics_test.json,detection_recall,source[key],yes,direct
ipp/ipp.json::table_9.D2.detection_precision,0.8248143294014854,runs/v2_learned_z_off_axis/metrics_test.json,detection_precision,source[key],yes,direct
ipp/ipp.json::table_9.D2.seg_dice,0.828980436352749,runs/v2_learned_z_off_axis/metrics_test.json,seg_dice,source[key],yes,direct
ipp/ipp.json::table_9.D2.phase_mae_rad,0.16361874058447054,runs/v2_learned_z_off_axis/metrics_test.json,phase_mae_rad,source[key],yes,direct
ipp/ipp.json::table_9.KA.dry_mass_mape,0.17401405370837444,runs/v2_compact_baseline_off_axis/metrics_test.json,dry_mass_mape,source[key],yes,direct
ipp/ipp.json::table_9.KA.dry_mass_mape_coverage_adjusted,0.512341630579238,runs/v2_compact_baseline_off_axis/metrics_test.json,dry_mass_mape_coverage_adjusted,source[key],yes,direct
ipp/ipp.json::table_9.KA.dry_mass_field_total_mape,0.17380798283748022,runs/v2_compact_baseline_off_axis/metrics_test.json,dry_mass_field_total_mape,source[key],yes,direct
ipp/ipp.json::table_9.KA.area_mape,0.15084148783351653,runs/v2_compact_baseline_off_axis/metrics_test.json,area_mape,source[key],yes,direct
ipp/ipp.json::table_9.KA.detection_recall,0.5903954802259888,runs/v2_compact_baseline_off_axis/metrics_test.json,detection_recall,source[key],yes,direct
ipp/ipp.json::table_9.KA.detection_precision,0.8495934959349594,runs/v2_compact_baseline_off_axis/metrics_test.json,detection_precision,source[key],yes,direct
ipp/ipp.json::table_9.KA.seg_dice,0.834473815305315,runs/v2_compact_baseline_off_axis/metrics_test.json,seg_dice,source[key],yes,direct
ipp/ipp.json::table_9.KA.phase_mae_rad,0.1561635750453029,runs/v2_compact_baseline_off_axis/metrics_test.json,phase_mae_rad,source[key],yes,direct
ipp/ipp.json::table_9.KB.dry_mass_mape,0.18865331612344374,runs/v2_compact_cell_ipp_off_axis/metrics_test.json,dry_mass_mape,source[key],yes,direct
ipp/ipp.json::table_9.KB.dry_mass_mape_coverage_adjusted,0.5087609060898064,runs/v2_compact_cell_ipp_off_axis/metrics_test.json,dry_mass_mape_coverage_adjusted,source[key],yes,direct
ipp/ipp.json::table_9.KB.dry_mass_field_total_mape,0.15389444049998646,runs/v2_compact_cell_ipp_off_axis/metrics_test.json,dry_mass_field_total_mape,source[key],yes,direct
ipp/ipp.json::table_9.KB.area_mape,0.16557198230442588,runs/v2_compact_cell_ipp_off_axis/metrics_test.json,area_mape,source[key],yes,direct
ipp/ipp.json::table_9.KB.detection_recall,0.6054613935969868,runs/v2_compact_cell_ipp_off_axis/metrics_test.json,detection_recall,source[key],yes,direct
ipp/ipp.json::table_9.KB.detection_precision,0.8173728813559322,runs/v2_compact_cell_ipp_off_axis/metrics_test.json,detection_precision,source[key],yes,direct
ipp/ipp.json::table_9.KB.seg_dice,0.8306227193167138,runs/v2_compact_cell_ipp_off_axis/metrics_test.json,seg_dice,source[key],yes,direct
ipp/ipp.json::table_9.KB.phase_mae_rad,0.16524306064949626,runs/v2_compact_cell_ipp_off_axis/metrics_test.json,phase_mae_rad,source[key],yes,direct
ipp/ipp.json::gradient_path.median,0.3734543885703245,runs/gradient_path_b_cell_ipp_512.csv,ratio_at_weight_1,median over rows,yes,recomputed from CSV
ipp/ipp.json::gradient_path.min,0.2430508267730263,runs/gradient_path_b_cell_ipp_512.csv,ratio_at_weight_1,min over rows,yes,recomputed from CSV
ipp/ipp.json::gradient_path.max,0.6552427302095863,runs/gradient_path_b_cell_ipp_512.csv,ratio_at_weight_1,max over rows,yes,recomputed from CSV
ipp/ipp.json::gradient_path.batches,30,runs/gradient_path_b_cell_ipp_512.csv,rows,row count,yes,recomputed from CSV
metadata/gradient_registration_crop.json::gradient_path.median,0.3734543885703245,runs/gradient_path_b_cell_ipp_512.csv,ratio_at_weight_1,median over rows,yes,recomputed from CSV
metadata/gradient_registration_crop.json::gradient_path.min,0.2430508267730263,runs/gradient_path_b_cell_ipp_512.csv,ratio_at_weight_1,min over rows,yes,recomputed from CSV
metadata/gradient_registration_crop.json::gradient_path.max,0.6552427302095863,runs/gradient_path_b_cell_ipp_512.csv,ratio_at_weight_1,max over rows,yes,recomputed from CSV
metadata/gradient_registration_crop.json::gradient_path.batches,30,runs/gradient_path_b_cell_ipp_512.csv,rows,row count,yes,recomputed from CSV
metadata/gradient_registration_crop.json::crop.configured_offset_px,"[-6, -2]",runs/v2_baseline_off_axis/resolved_config.yaml,data.crop_offset_px,,n/a,non-numeric value
ipp/ipp.json::table_10[0] +IPP (per-cell) vs End-to-End Neural Baseline / dry_mass_mape,0.014098157220230584,runs/v2_cell_ipp_off_axis/metrics_test.json; runs/v2_B_seed1337_off_axis/metrics_test.json; runs/v2_B_seed2024_off_axis/metrics_test.json; runs/v2_baseline_off_axis/metrics_test.json; runs/v2_A_seed1337_off_axis/metrics_test.json; runs/v2_A_seed2024_off_axis/metrics_test.json,dry_mass_mape,"delta, 2 x pooled SD, evaluability, assessment recomputed",yes,Exceeds 2x pooled SD; runs 3 vs 3
ipp/ipp.json::table_10[1] +IPP (per-cell) vs End-to-End Neural Baseline / dry_mass_field_total_mape,0.00449661043236016,runs/v2_cell_ipp_off_axis/metrics_test.json; runs/v2_B_seed1337_off_axis/metrics_test.json; runs/v2_B_seed2024_off_axis/metrics_test.json; runs/v2_baseline_off_axis/metrics_test.json; runs/v2_A_seed1337_off_axis/metrics_test.json; runs/v2_A_seed2024_off_axis/metrics_test.json,dry_mass_field_total_mape,"delta, 2 x pooled SD, evaluability, assessment recomputed",yes,Within 2x pooled SD; runs 3 vs 3
ipp/ipp.json::table_10[2] +IPP (per-cell) vs End-to-End Neural Baseline / dry_mass_field_total_bias,0.006425920080355335,runs/v2_cell_ipp_off_axis/metrics_test.json; runs/v2_B_seed1337_off_axis/metrics_test.json; runs/v2_B_seed2024_off_axis/metrics_test.json; runs/v2_baseline_off_axis/metrics_test.json; runs/v2_A_seed1337_off_axis/metrics_test.json; runs/v2_A_seed2024_off_axis/metrics_test.json,dry_mass_field_total_bias,"delta, 2 x pooled SD, evaluability, assessment recomputed",yes,Within 2x pooled SD; runs 3 vs 3
ipp/ipp.json::table_10[3] +IPP (per-cell) vs End-to-End Neural Baseline / area_mape,0.011077902192278527,runs/v2_cell_ipp_off_axis/metrics_test.json; runs/v2_B_seed1337_off_axis/metrics_test.json; runs/v2_B_seed2024_off_axis/metrics_test.json; runs/v2_baseline_off_axis/metrics_test.json; runs/v2_A_seed1337_off_axis/metrics_test.json; runs/v2_A_seed2024_off_axis/metrics_test.json,area_mape,"delta, 2 x pooled SD, evaluability, assessment recomputed",yes,Exceeds 2x pooled SD; runs 3 vs 3
ipp/ipp.json::table_10[4] +IPP (per-cell) vs End-to-End Neural Baseline / phase_mae_rad,0.00880623248386525,runs/v2_cell_ipp_off_axis/metrics_test.json; runs/v2_B_seed1337_off_axis/metrics_test.json; runs/v2_B_seed2024_off_axis/metrics_test.json; runs/v2_baseline_off_axis/metrics_test.json; runs/v2_A_seed1337_off_axis/metrics_test.json; runs/v2_A_seed2024_off_axis/metrics_test.json,phase_mae_rad,"delta, 2 x pooled SD, evaluability, assessment recomputed",yes,Exceeds 2x pooled SD; runs 3 vs 3
ipp/ipp.json::table_10[5] +IPP (per-cell) vs End-to-End Neural Baseline / phase_mae_rad_in_cell,0.018718816933378735,runs/v2_cell_ipp_off_axis/metrics_test.json; runs/v2_B_seed1337_off_axis/metrics_test.json; runs/v2_B_seed2024_off_axis/metrics_test.json; runs/v2_baseline_off_axis/metrics_test.json; runs/v2_A_seed1337_off_axis/metrics_test.json; runs/v2_A_seed2024_off_axis/metrics_test.json,phase_mae_rad_in_cell,"delta, 2 x pooled SD, evaluability, assessment recomputed",yes,Exceeds 2x pooled SD; runs 3 vs 3
ipp/ipp.json::table_10[6] +IPP (per-cell) vs End-to-End Neural Baseline / phase_pearson_r,-0.01055341651306052,runs/v2_cell_ipp_off_axis/metrics_test.json; runs/v2_B_seed1337_off_axis/metrics_test.json; runs/v2_B_seed2024_off_axis/metrics_test.json; runs/v2_baseline_off_axis/metrics_test.json; runs/v2_A_seed1337_off_axis/metrics_test.json; runs/v2_A_seed2024_off_axis/metrics_test.json,phase_pearson_r,"delta, 2 x pooled SD, evaluability, assessment recomputed",yes,Exceeds 2x pooled SD; runs 3 vs 3
ipp/ipp.json::table_10[7] +IPP (per-cell) vs End-to-End Neural Baseline / seg_dice,-0.004340582807153326,runs/v2_cell_ipp_off_axis/metrics_test.json; runs/v2_B_seed1337_off_axis/metrics_test.json; runs/v2_B_seed2024_off_axis/metrics_test.json; runs/v2_baseline_off_axis/metrics_test.json; runs/v2_A_seed1337_off_axis/metrics_test.json; runs/v2_A_seed2024_off_axis/metrics_test.json,seg_dice,"delta, 2 x pooled SD, evaluability, assessment recomputed",yes,Within 2x pooled SD; runs 3 vs 3
ipp/ipp.json::table_10[8] +IPP (per-cell) vs End-to-End Neural Baseline / seg_aji,-0.009380130658296348,runs/v2_cell_ipp_off_axis/metrics_test.json; runs/v2_B_seed1337_off_axis/metrics_test.json; runs/v2_B_seed2024_off_axis/metrics_test.json; runs/v2_baseline_off_axis/metrics_test.json; runs/v2_A_seed1337_off_axis/metrics_test.json; runs/v2_A_seed2024_off_axis/metrics_test.json,seg_aji,"delta, 2 x pooled SD, evaluability, assessment recomputed",yes,Exceeds 2x pooled SD; runs 3 vs 3
ipp/ipp.json::table_10[9] +IPP (per-cell) vs End-to-End Neural Baseline / seg_boundary_f1,-0.016884006300364574,runs/v2_cell_ipp_off_axis/metrics_test.json; runs/v2_B_seed1337_off_axis/metrics_test.json; runs/v2_B_seed2024_off_axis/metrics_test.json; runs/v2_baseline_off_axis/metrics_test.json; runs/v2_A_seed1337_off_axis/metrics_test.json; runs/v2_A_seed2024_off_axis/metrics_test.json,seg_boundary_f1,"delta, 2 x pooled SD, evaluability, assessment recomputed",yes,Exceeds 2x pooled SD; runs 3 vs 3
ipp/ipp.json::table_10[10] +IPP (per-cell) vs End-to-End Neural Baseline / detection_recall,0.007532956685498915,runs/v2_cell_ipp_off_axis/metrics_test.json; runs/v2_B_seed1337_off_axis/metrics_test.json; runs/v2_B_seed2024_off_axis/metrics_test.json; runs/v2_baseline_off_axis/metrics_test.json; runs/v2_A_seed1337_off_axis/metrics_test.json; runs/v2_A_seed2024_off_axis/metrics_test.json,detection_recall,"delta, 2 x pooled SD, evaluability, assessment recomputed",yes,Exceeds 2x pooled SD; runs 3 vs 3
ipp/ipp.json::table_10[11] +IPP (per-cell) vs End-to-End Neural Baseline / detection_precision,-0.04104798171421231,runs/v2_cell_ipp_off_axis/metrics_test.json; runs/v2_B_seed1337_off_axis/metrics_test.json; runs/v2_B_seed2024_off_axis/metrics_test.json; runs/v2_baseline_off_axis/metrics_test.json; runs/v2_A_seed1337_off_axis/metrics_test.json; runs/v2_A_seed2024_off_axis/metrics_test.json,detection_precision,"delta, 2 x pooled SD, evaluability, assessment recomputed",yes,Exceeds 2x pooled SD; runs 3 vs 3
ipp/ipp.json::table_10[12] +IPP (per-cell) vs End-to-End Neural Baseline / dry_mass_mape_coverage_adjusted,0.002261840240246338,runs/v2_cell_ipp_off_axis/metrics_test.json; runs/v2_B_seed1337_off_axis/metrics_test.json; runs/v2_B_seed2024_off_axis/metrics_test.json; runs/v2_baseline_off_axis/metrics_test.json; runs/v2_A_seed1337_off_axis/metrics_test.json; runs/v2_A_seed2024_off_axis/metrics_test.json,dry_mass_mape_coverage_adjusted,"delta, 2 x pooled SD, evaluability, assessment recomputed",yes,Within 2x pooled SD; runs 3 vs 3
ipp/ipp.json::table_10[13] +IPP (per-cell) vs End-to-End Neural Baseline / cells_false_positive,119.0,runs/v2_cell_ipp_off_axis/metrics_test.json; runs/v2_B_seed1337_off_axis/metrics_test.json; runs/v2_B_seed2024_off_axis/metrics_test.json; runs/v2_baseline_off_axis/metrics_test.json; runs/v2_A_seed1337_off_axis/metrics_test.json; runs/v2_A_seed2024_off_axis/metrics_test.json,cells_false_positive,"delta, 2 x pooled SD, evaluability, assessment recomputed",yes,Exceeds 2x pooled SD; runs 3 vs 3
ipp/ipp.json::table_10[14] +IPP (per-cell) vs End-to-End Neural Baseline / dry_mass_cell_pearson_r,-0.007139828133316151,runs/v2_cell_ipp_off_axis/metrics_test.json; runs/v2_B_seed1337_off_axis/metrics_test.json; runs/v2_B_seed2024_off_axis/metrics_test.json; runs/v2_baseline_off_axis/metrics_test.json; runs/v2_A_seed1337_off_axis/metrics_test.json; runs/v2_A_seed2024_off_axis/metrics_test.json,dry_mass_cell_pearson_r,"delta, 2 x pooled SD, evaluability, assessment recomputed",yes,Within 2x pooled SD; runs 3 vs 3
ipp/ipp.json::table_10[15] +IPP (image) vs End-to-End Neural Baseline / dry_mass_mape,0.01448750225911874,runs/v2_image_volume_off_axis/metrics_test.json; runs/v2_B1_seed1337_off_axis/metrics_test.json; runs/v2_B1_seed2024_off_axis/metrics_test.json; runs/v2_baseline_off_axis/metrics_test.json; runs/v2_A_seed1337_off_axis/metrics_test.json; runs/v2_A_seed2024_off_axis/metrics_test.json,dry_mass_mape,"delta, 2 x pooled SD, evaluability, assessment recomputed",yes,Exceeds 2x pooled SD; runs 3 vs 3
ipp/ipp.json::table_10[16] +IPP (image) vs End-to-End Neural Baseline / dry_mass_field_total_mape,0.00906519204012926,runs/v2_image_volume_off_axis/metrics_test.json; runs/v2_B1_seed1337_off_axis/metrics_test.json; runs/v2_B1_seed2024_off_axis/metrics_test.json; runs/v2_baseline_off_axis/metrics_test.json; runs/v2_A_seed1337_off_axis/metrics_test.json; runs/v2_A_seed2024_off_axis/metrics_test.json,dry_mass_field_total_mape,"delta, 2 x pooled SD, evaluability, assessment recomputed",yes,Within 2x pooled SD; runs 3 vs 3
ipp/ipp.json::table_10[17] +IPP (image) vs End-to-End Neural Baseline / dry_mass_field_total_bias,-0.010659192825495906,runs/v2_image_volume_off_axis/metrics_test.json; runs/v2_B1_seed1337_off_axis/metrics_test.json; runs/v2_B1_seed2024_off_axis/metrics_test.json; runs/v2_baseline_off_axis/metrics_test.json; runs/v2_A_seed1337_off_axis/metrics_test.json; runs/v2_A_seed2024_off_axis/metrics_test.json,dry_mass_field_total_bias,"delta, 2 x pooled SD, evaluability, assessment recomputed",yes,Within 2x pooled SD; runs 3 vs 3
ipp/ipp.json::table_10[18] +IPP (image) vs End-to-End Neural Baseline / area_mape,0.002885784795742724,runs/v2_image_volume_off_axis/metrics_test.json; runs/v2_B1_seed1337_off_axis/metrics_test.json; runs/v2_B1_seed2024_off_axis/metrics_test.json; runs/v2_baseline_off_axis/metrics_test.json; runs/v2_A_seed1337_off_axis/metrics_test.json; runs/v2_A_seed2024_off_axis/metrics_test.json,area_mape,"delta, 2 x pooled SD, evaluability, assessment recomputed",yes,Within 2x pooled SD; runs 3 vs 3
ipp/ipp.json::table_10[19] +IPP (image) vs End-to-End Neural Baseline / phase_mae_rad,0.007653648017254544,runs/v2_image_volume_off_axis/metrics_test.json; runs/v2_B1_seed1337_off_axis/metrics_test.json; runs/v2_B1_seed2024_off_axis/metrics_test.json; runs/v2_baseline_off_axis/metrics_test.json; runs/v2_A_seed1337_off_axis/metrics_test.json; runs/v2_A_seed2024_off_axis/metrics_test.json,phase_mae_rad,"delta, 2 x pooled SD, evaluability, assessment recomputed",yes,Exceeds 2x pooled SD; runs 3 vs 3
ipp/ipp.json::table_10[20] +IPP (image) vs End-to-End Neural Baseline / phase_mae_rad_in_cell,0.02571847239250985,runs/v2_image_volume_off_axis/metrics_test.json; runs/v2_B1_seed1337_off_axis/metrics_test.json; runs/v2_B1_seed2024_off_axis/metrics_test.json; runs/v2_baseline_off_axis/metrics_test.json; runs/v2_A_seed1337_off_axis/metrics_test.json; runs/v2_A_seed2024_off_axis/metrics_test.json,phase_mae_rad_in_cell,"delta, 2 x pooled SD, evaluability, assessment recomputed",yes,Exceeds 2x pooled SD; runs 3 vs 3
ipp/ipp.json::table_10[21] +IPP (image) vs End-to-End Neural Baseline / phase_pearson_r,-0.008658779845477027,runs/v2_image_volume_off_axis/metrics_test.json; runs/v2_B1_seed1337_off_axis/metrics_test.json; runs/v2_B1_seed2024_off_axis/metrics_test.json; runs/v2_baseline_off_axis/metrics_test.json; runs/v2_A_seed1337_off_axis/metrics_test.json; runs/v2_A_seed2024_off_axis/metrics_test.json,phase_pearson_r,"delta, 2 x pooled SD, evaluability, assessment recomputed",yes,Exceeds 2x pooled SD; runs 3 vs 3
ipp/ipp.json::table_10[22] +IPP (image) vs End-to-End Neural Baseline / seg_dice,-0.004350059910777415,runs/v2_image_volume_off_axis/metrics_test.json; runs/v2_B1_seed1337_off_axis/metrics_test.json; runs/v2_B1_seed2024_off_axis/metrics_test.json; runs/v2_baseline_off_axis/metrics_test.json; runs/v2_A_seed1337_off_axis/metrics_test.json; runs/v2_A_seed2024_off_axis/metrics_test.json,seg_dice,"delta, 2 x pooled SD, evaluability, assessment recomputed",yes,Exceeds 2x pooled SD; runs 3 vs 3
ipp/ipp.json::table_10[23] +IPP (image) vs End-to-End Neural Baseline / seg_aji,-0.007784640711531177,runs/v2_image_volume_off_axis/metrics_test.json; runs/v2_B1_seed1337_off_axis/metrics_test.json; runs/v2_B1_seed2024_off_axis/metrics_test.json; runs/v2_baseline_off_axis/metrics_test.json; runs/v2_A_seed1337_off_axis/metrics_test.json; runs/v2_A_seed2024_off_axis/metrics_test.json,seg_aji,"delta, 2 x pooled SD, evaluability, assessment recomputed",yes,Exceeds 2x pooled SD; runs 3 vs 3
ipp/ipp.json::table_10[24] +IPP (image) vs End-to-End Neural Baseline / seg_boundary_f1,-0.02101903530256588,runs/v2_image_volume_off_axis/metrics_test.json; runs/v2_B1_seed1337_off_axis/metrics_test.json; runs/v2_B1_seed2024_off_axis/metrics_test.json; runs/v2_baseline_off_axis/metrics_test.json; runs/v2_A_seed1337_off_axis/metrics_test.json; runs/v2_A_seed2024_off_axis/metrics_test.json,seg_boundary_f1,"delta, 2 x pooled SD, evaluability, assessment recomputed",yes,Exceeds 2x pooled SD; runs 3 vs 3
ipp/ipp.json::table_10[25] +IPP (image) vs End-to-End Neural Baseline / detection_recall,-0.004184975936388335,runs/v2_image_volume_off_axis/metrics_test.json; runs/v2_B1_seed1337_off_axis/metrics_test.json; runs/v2_B1_seed2024_off_axis/metrics_test.json; runs/v2_baseline_off_axis/metrics_test.json; runs/v2_A_seed1337_off_axis/metrics_test.json; runs/v2_A_seed2024_off_axis/metrics_test.json,detection_recall,"delta, 2 x pooled SD, evaluability, assessment recomputed",yes,Within 2x pooled SD; runs 3 vs 3
ipp/ipp.json::table_10[26] +IPP (image) vs End-to-End Neural Baseline / detection_precision,-0.0027074779296785145,runs/v2_image_volume_off_axis/metrics_test.json; runs/v2_B1_seed1337_off_axis/metrics_test.json; runs/v2_B1_seed2024_off_axis/metrics_test.json; runs/v2_baseline_off_axis/metrics_test.json; runs/v2_A_seed1337_off_axis/metrics_test.json; runs/v2_A_seed2024_off_axis/metrics_test.json,detection_precision,"delta, 2 x pooled SD, evaluability, assessment recomputed",yes,Within 2x pooled SD; runs 3 vs 3
ipp/ipp.json::table_10[27] +IPP (image) vs End-to-End Neural Baseline / dry_mass_mape_coverage_adjusted,0.011991879727800248,runs/v2_image_volume_off_axis/metrics_test.json; runs/v2_B1_seed1337_off_axis/metrics_test.json; runs/v2_B1_seed2024_off_axis/metrics_test.json; runs/v2_baseline_off_axis/metrics_test.json; runs/v2_A_seed1337_off_axis/metrics_test.json; runs/v2_A_seed2024_off_axis/metrics_test.json,dry_mass_mape_coverage_adjusted,"delta, 2 x pooled SD, evaluability, assessment recomputed",yes,Exceeds 2x pooled SD; runs 3 vs 3
ipp/ipp.json::table_10[28] +IPP (image) vs End-to-End Neural Baseline / cells_false_positive,4.666666666666686,runs/v2_image_volume_off_axis/metrics_test.json; runs/v2_B1_seed1337_off_axis/metrics_test.json; runs/v2_B1_seed2024_off_axis/metrics_test.json; runs/v2_baseline_off_axis/metrics_test.json; runs/v2_A_seed1337_off_axis/metrics_test.json; runs/v2_A_seed2024_off_axis/metrics_test.json,cells_false_positive,"delta, 2 x pooled SD, evaluability, assessment recomputed",yes,Within 2x pooled SD; runs 3 vs 3
ipp/ipp.json::table_10[29] +IPP (image) vs End-to-End Neural Baseline / dry_mass_cell_pearson_r,-0.01488262122565498,runs/v2_image_volume_off_axis/metrics_test.json; runs/v2_B1_seed1337_off_axis/metrics_test.json; runs/v2_B1_seed2024_off_axis/metrics_test.json; runs/v2_baseline_off_axis/metrics_test.json; runs/v2_A_seed1337_off_axis/metrics_test.json; runs/v2_A_seed2024_off_axis/metrics_test.json,dry_mass_cell_pearson_r,"delta, 2 x pooled SD, evaluability, assessment recomputed",yes,Exceeds 2x pooled SD; runs 3 vs 3
ipp/ipp.json::table_10[30] +Area vs +IPP (per-cell) / dry_mass_mape,-0.003349557722169133,runs/v2_cell_ipp_area_off_axis/metrics_test.json; runs/v2_cell_ipp_off_axis/metrics_test.json; runs/v2_B_seed1337_off_axis/metrics_test.json; runs/v2_B_seed2024_off_axis/metrics_test.json,dry_mass_mape,"delta, 2 x pooled SD, evaluability, assessment recomputed",yes,Not estimable from the available runs; runs 1 vs 3
ipp/ipp.json::table_10[31] +Area vs +IPP (per-cell) / dry_mass_field_total_mape,0.002008838308568156,runs/v2_cell_ipp_area_off_axis/metrics_test.json; runs/v2_cell_ipp_off_axis/metrics_test.json; runs/v2_B_seed1337_off_axis/metrics_test.json; runs/v2_B_seed2024_off_axis/metrics_test.json,dry_mass_field_total_mape,"delta, 2 x pooled SD, evaluability, assessment recomputed",yes,Not estimable from the available runs; runs 1 vs 3
ipp/ipp.json::table_10[32] +Area vs +IPP (per-cell) / dry_mass_field_total_bias,0.025193202867956732,runs/v2_cell_ipp_area_off_axis/metrics_test.json; runs/v2_cell_ipp_off_axis/metrics_test.json; runs/v2_B_seed1337_off_axis/metrics_test.json; runs/v2_B_seed2024_off_axis/metrics_test.json,dry_mass_field_total_bias,"delta, 2 x pooled SD, evaluability, assessment recomputed",yes,Not estimable from the available runs; runs 1 vs 3
ipp/ipp.json::table_10[33] +Area vs +IPP (per-cell) / area_mape,0.010048821497391364,runs/v2_cell_ipp_area_off_axis/metrics_test.json; runs/v2_cell_ipp_off_axis/metrics_test.json; runs/v2_B_seed1337_off_axis/metrics_test.json; runs/v2_B_seed2024_off_axis/metrics_test.json,area_mape,"delta, 2 x pooled SD, evaluability, assessment recomputed",yes,Not estimable from the available runs; runs 1 vs 3
ipp/ipp.json::table_10[34] +Area vs +IPP (per-cell) / phase_mae_rad,-0.0009647697913611752,runs/v2_cell_ipp_area_off_axis/metrics_test.json; runs/v2_cell_ipp_off_axis/metrics_test.json; runs/v2_B_seed1337_off_axis/metrics_test.json; runs/v2_B_seed2024_off_axis/metrics_test.json,phase_mae_rad,"delta, 2 x pooled SD, evaluability, assessment recomputed",yes,Not estimable from the available runs; runs 1 vs 3
ipp/ipp.json::table_10[35] +Area vs +IPP (per-cell) / phase_mae_rad_in_cell,0.006120248090552727,runs/v2_cell_ipp_area_off_axis/metrics_test.json; runs/v2_cell_ipp_off_axis/metrics_test.json; runs/v2_B_seed1337_off_axis/metrics_test.json; runs/v2_B_seed2024_off_axis/metrics_test.json,phase_mae_rad_in_cell,"delta, 2 x pooled SD, evaluability, assessment recomputed",yes,Not estimable from the available runs; runs 1 vs 3
ipp/ipp.json::table_10[36] +Area vs +IPP (per-cell) / phase_pearson_r,0.0011418681580760426,runs/v2_cell_ipp_area_off_axis/metrics_test.json; runs/v2_cell_ipp_off_axis/metrics_test.json; runs/v2_B_seed1337_off_axis/metrics_test.json; runs/v2_B_seed2024_off_axis/metrics_test.json,phase_pearson_r,"delta, 2 x pooled SD, evaluability, assessment recomputed",yes,Not estimable from the available runs; runs 1 vs 3
ipp/ipp.json::table_10[37] +Area vs +IPP (per-cell) / seg_dice,-1.176712457973128e-05,runs/v2_cell_ipp_area_off_axis/metrics_test.json; runs/v2_cell_ipp_off_axis/metrics_test.json; runs/v2_B_seed1337_off_axis/metrics_test.json; runs/v2_B_seed2024_off_axis/metrics_test.json,seg_dice,"delta, 2 x pooled SD, evaluability, assessment recomputed",yes,Not estimable from the available runs; runs 1 vs 3
ipp/ipp.json::table_10[38] +Area vs +IPP (per-cell) / seg_aji,-0.00240102564040956,runs/v2_cell_ipp_area_off_axis/metrics_test.json; runs/v2_cell_ipp_off_axis/metrics_test.json; runs/v2_B_seed1337_off_axis/metrics_test.json; runs/v2_B_seed2024_off_axis/metrics_test.json,seg_aji,"delta, 2 x pooled SD, evaluability, assessment recomputed",yes,Not estimable from the available runs; runs 1 vs 3
ipp/ipp.json::table_10[39] +Area vs +IPP (per-cell) / seg_boundary_f1,-0.0012860761022914224,runs/v2_cell_ipp_area_off_axis/metrics_test.json; runs/v2_cell_ipp_off_axis/metrics_test.json; runs/v2_B_seed1337_off_axis/metrics_test.json; runs/v2_B_seed2024_off_axis/metrics_test.json,seg_boundary_f1,"delta, 2 x pooled SD, evaluability, assessment recomputed",yes,Not estimable from the available runs; runs 1 vs 3
ipp/ipp.json::table_10[40] +Area vs +IPP (per-cell) / detection_recall,0.003557229545930185,runs/v2_cell_ipp_area_off_axis/metrics_test.json; runs/v2_cell_ipp_off_axis/metrics_test.json; runs/v2_B_seed1337_off_axis/metrics_test.json; runs/v2_B_seed2024_off_axis/metrics_test.json,detection_recall,"delta, 2 x pooled SD, evaluability, assessment recomputed",yes,Not estimable from the available runs; runs 1 vs 3
ipp/ipp.json::table_10[41] +Area vs +IPP (per-cell) / detection_precision,-0.011925778437511636,runs/v2_cell_ipp_area_off_axis/metrics_test.json; runs/v2_cell_ipp_off_axis/metrics_test.json; runs/v2_B_seed1337_off_axis/metrics_test.json; runs/v2_B_seed2024_off_axis/metrics_test.json,detection_precision,"delta, 2 x pooled SD, evaluability, assessment recomputed",yes,Not estimable from the available runs; runs 1 vs 3
ipp/ipp.json::table_10[42] +Area vs +IPP (per-cell) / dry_mass_mape_coverage_adjusted,-0.004922545521386934,runs/v2_cell_ipp_area_off_axis/metrics_test.json; runs/v2_cell_ipp_off_axis/metrics_test.json; runs/v2_B_seed1337_off_axis/metrics_test.json; runs/v2_B_seed2024_off_axis/metrics_test.json,dry_mass_mape_coverage_adjusted,"delta, 2 x pooled SD, evaluability, assessment recomputed",yes,Not estimable from the available runs; runs 1 vs 3
ipp/ipp.json::table_10[43] +Area vs +IPP (per-cell) / cells_false_positive,38.0,runs/v2_cell_ipp_area_off_axis/metrics_test.json; runs/v2_cell_ipp_off_axis/metrics_test.json; runs/v2_B_seed1337_off_axis/metrics_test.json; runs/v2_B_seed2024_off_axis/metrics_test.json,cells_false_positive,"delta, 2 x pooled SD, evaluability, assessment recomputed",yes,Not estimable from the available runs; runs 1 vs 3
ipp/ipp.json::table_10[44] +Area vs +IPP (per-cell) / dry_mass_cell_pearson_r,-0.0006532714716880328,runs/v2_cell_ipp_area_off_axis/metrics_test.json; runs/v2_cell_ipp_off_axis/metrics_test.json; runs/v2_B_seed1337_off_axis/metrics_test.json; runs/v2_B_seed2024_off_axis/metrics_test.json,dry_mass_cell_pearson_r,"delta, 2 x pooled SD, evaluability, assessment recomputed",yes,Not estimable from the available runs; runs 1 vs 3
ipp/ipp.json::table_10[45] +BGA vs +IPP (per-cell) / dry_mass_mape,0.003790920578713858,runs/v2_cell_ipp_bga_off_axis/metrics_test.json; runs/v2_cell_ipp_off_axis/metrics_test.json; runs/v2_B_seed1337_off_axis/metrics_test.json; runs/v2_B_seed2024_off_axis/metrics_test.json,dry_mass_mape,"delta, 2 x pooled SD, evaluability, assessment recomputed",yes,Not estimable from the available runs; runs 1 vs 3
ipp/ipp.json::table_10[46] +BGA vs +IPP (per-cell) / dry_mass_field_total_mape,-0.0025390103517238805,runs/v2_cell_ipp_bga_off_axis/metrics_test.json; runs/v2_cell_ipp_off_axis/metrics_test.json; runs/v2_B_seed1337_off_axis/metrics_test.json; runs/v2_B_seed2024_off_axis/metrics_test.json,dry_mass_field_total_mape,"delta, 2 x pooled SD, evaluability, assessment recomputed",yes,Not estimable from the available runs; runs 1 vs 3
ipp/ipp.json::table_10[47] +BGA vs +IPP (per-cell) / dry_mass_field_total_bias,-0.0056990576274153215,runs/v2_cell_ipp_bga_off_axis/metrics_test.json; runs/v2_cell_ipp_off_axis/metrics_test.json; runs/v2_B_seed1337_off_axis/metrics_test.json; runs/v2_B_seed2024_off_axis/metrics_test.json,dry_mass_field_total_bias,"delta, 2 x pooled SD, evaluability, assessment recomputed",yes,Not estimable from the available runs; runs 1 vs 3
ipp/ipp.json::table_10[48] +BGA vs +IPP (per-cell) / area_mape,-0.002648795455139158,runs/v2_cell_ipp_bga_off_axis/metrics_test.json; runs/v2_cell_ipp_off_axis/metrics_test.json; runs/v2_B_seed1337_off_axis/metrics_test.json; runs/v2_B_seed2024_off_axis/metrics_test.json,area_mape,"delta, 2 x pooled SD, evaluability, assessment recomputed",yes,Not estimable from the available runs; runs 1 vs 3
ipp/ipp.json::table_10[49] +BGA vs +IPP (per-cell) / phase_mae_rad,-0.00018167104517113897,runs/v2_cell_ipp_bga_off_axis/metrics_test.json; runs/v2_cell_ipp_off_axis/metrics_test.json; runs/v2_B_seed1337_off_axis/metrics_test.json; runs/v2_B_seed2024_off_axis/metrics_test.json,phase_mae_rad,"delta, 2 x pooled SD, evaluability, assessment recomputed",yes,Not estimable from the available runs; runs 1 vs 3
ipp/ipp.json::table_10[50] +BGA vs +IPP (per-cell) / phase_mae_rad_in_cell,0.005982276788503382,runs/v2_cell_ipp_bga_off_axis/metrics_test.json; runs/v2_cell_ipp_off_axis/metrics_test.json; runs/v2_B_seed1337_off_axis/metrics_test.json; runs/v2_B_seed2024_off_axis/metrics_test.json,phase_mae_rad_in_cell,"delta, 2 x pooled SD, evaluability, assessment recomputed",yes,Not estimable from the available runs; runs 1 vs 3
ipp/ipp.json::table_10[51] +BGA vs +IPP (per-cell) / phase_pearson_r,-1.5361294985472007e-05,runs/v2_cell_ipp_bga_off_axis/metrics_test.json; runs/v2_cell_ipp_off_axis/metrics_test.json; runs/v2_B_seed1337_off_axis/metrics_test.json; runs/v2_B_seed2024_off_axis/metrics_test.json,phase_pearson_r,"delta, 2 x pooled SD, evaluability, assessment recomputed",yes,Not estimable from the available runs; runs 1 vs 3
ipp/ipp.json::table_10[52] +BGA vs +IPP (per-cell) / seg_dice,0.0014778609755902172,runs/v2_cell_ipp_bga_off_axis/metrics_test.json; runs/v2_cell_ipp_off_axis/metrics_test.json; runs/v2_B_seed1337_off_axis/metrics_test.json; runs/v2_B_seed2024_off_axis/metrics_test.json,seg_dice,"delta, 2 x pooled SD, evaluability, assessment recomputed",yes,Not estimable from the available runs; runs 1 vs 3
ipp/ipp.json::table_10[53] +BGA vs +IPP (per-cell) / seg_aji,0.0008393742747421218,runs/v2_cell_ipp_bga_off_axis/metrics_test.json; runs/v2_cell_ipp_off_axis/metrics_test.json; runs/v2_B_seed1337_off_axis/metrics_test.json; runs/v2_B_seed2024_off_axis/metrics_test.json,seg_aji,"delta, 2 x pooled SD, evaluability, assessment recomputed",yes,Not estimable from the available runs; runs 1 vs 3
ipp/ipp.json::table_10[54] +BGA vs +IPP (per-cell) / seg_boundary_f1,-9.664629443517647e-05,runs/v2_cell_ipp_bga_off_axis/metrics_test.json; runs/v2_cell_ipp_off_axis/metrics_test.json; runs/v2_B_seed1337_off_axis/metrics_test.json; runs/v2_B_seed2024_off_axis/metrics_test.json,seg_boundary_f1,"delta, 2 x pooled SD, evaluability, assessment recomputed",yes,Not estimable from the available runs; runs 1 vs 3
ipp/ipp.json::table_10[55] +BGA vs +IPP (per-cell) / detection_recall,-0.004289600334797972,runs/v2_cell_ipp_bga_off_axis/metrics_test.json; runs/v2_cell_ipp_off_axis/metrics_test.json; runs/v2_B_seed1337_off_axis/metrics_test.json; runs/v2_B_seed2024_off_axis/metrics_test.json,detection_recall,"delta, 2 x pooled SD, evaluability, assessment recomputed",yes,Not estimable from the available runs; runs 1 vs 3
ipp/ipp.json::table_10[56] +BGA vs +IPP (per-cell) / detection_precision,0.010550960585561153,runs/v2_cell_ipp_bga_off_axis/metrics_test.json; runs/v2_cell_ipp_off_axis/metrics_test.json; runs/v2_B_seed1337_off_axis/metrics_test.json; runs/v2_B_seed2024_off_axis/metrics_test.json,detection_precision,"delta, 2 x pooled SD, evaluability, assessment recomputed",yes,Not estimable from the available runs; runs 1 vs 3
ipp/ipp.json::table_10[57] +BGA vs +IPP (per-cell) / dry_mass_mape_coverage_adjusted,0.005731263127975006,runs/v2_cell_ipp_bga_off_axis/metrics_test.json; runs/v2_cell_ipp_off_axis/metrics_test.json; runs/v2_B_seed1337_off_axis/metrics_test.json; runs/v2_B_seed2024_off_axis/metrics_test.json,dry_mass_mape_coverage_adjusted,"delta, 2 x pooled SD, evaluability, assessment recomputed",yes,Not estimable from the available runs; runs 1 vs 3
ipp/ipp.json::table_10[58] +BGA vs +IPP (per-cell) / cells_false_positive,-34.0,runs/v2_cell_ipp_bga_off_axis/metrics_test.json; runs/v2_cell_ipp_off_axis/metrics_test.json; runs/v2_B_seed1337_off_axis/metrics_test.json; runs/v2_B_seed2024_off_axis/metrics_test.json,cells_false_positive,"delta, 2 x pooled SD, evaluability, assessment recomputed",yes,Not estimable from the available runs; runs 1 vs 3
ipp/ipp.json::table_10[59] +BGA vs +IPP (per-cell) / dry_mass_cell_pearson_r,-0.007483481871119246,runs/v2_cell_ipp_bga_off_axis/metrics_test.json; runs/v2_cell_ipp_off_axis/metrics_test.json; runs/v2_B_seed1337_off_axis/metrics_test.json; runs/v2_B_seed2024_off_axis/metrics_test.json,dry_mass_cell_pearson_r,"delta, 2 x pooled SD, evaluability, assessment recomputed",yes,Not estimable from the available runs; runs 1 vs 3
"ipp/ipp.json::table_10[60] +IPP (per-cell), w=0.1 vs End-to-End Neural Baseline / dry_mass_mape",0.0012143798898806013,runs/v2_ipp_w01_off_axis/metrics_test.json; runs/v2_baseline_off_axis/metrics_test.json; runs/v2_A_seed1337_off_axis/metrics_test.json; runs/v2_A_seed2024_off_axis/metrics_test.json,dry_mass_mape,"delta, 2 x pooled SD, evaluability, assessment recomputed",yes,Not estimable from the available runs; runs 1 vs 3
"ipp/ipp.json::table_10[61] +IPP (per-cell), w=0.1 vs End-to-End Neural Baseline / dry_mass_field_total_mape",0.019855821016413283,runs/v2_ipp_w01_off_axis/metrics_test.json; runs/v2_baseline_off_axis/metrics_test.json; runs/v2_A_seed1337_off_axis/metrics_test.json; runs/v2_A_seed2024_off_axis/metrics_test.json,dry_mass_field_total_mape,"delta, 2 x pooled SD, evaluability, assessment recomputed",yes,Not estimable from the available runs; runs 1 vs 3
"ipp/ipp.json::table_10[62] +IPP (per-cell), w=0.1 vs End-to-End Neural Baseline / dry_mass_field_total_bias",-0.025006606533052367,runs/v2_ipp_w01_off_axis/metrics_test.json; runs/v2_baseline_off_axis/metrics_test.json; runs/v2_A_seed1337_off_axis/metrics_test.json; runs/v2_A_seed2024_off_axis/metrics_test.json,dry_mass_field_total_bias,"delta, 2 x pooled SD, evaluability, assessment recomputed",yes,Not estimable from the available runs; runs 1 vs 3
"ipp/ipp.json::table_10[63] +IPP (per-cell), w=0.1 vs End-to-End Neural Baseline / area_mape",-0.006334892022512029,runs/v2_ipp_w01_off_axis/metrics_test.json; runs/v2_baseline_off_axis/metrics_test.json; runs/v2_A_seed1337_off_axis/metrics_test.json; runs/v2_A_seed2024_off_axis/metrics_test.json,area_mape,"delta, 2 x pooled SD, evaluability, assessment recomputed",yes,Not estimable from the available runs; runs 1 vs 3
"ipp/ipp.json::table_10[64] +IPP (per-cell), w=0.1 vs End-to-End Neural Baseline / phase_mae_rad",-0.00013535491748548067,runs/v2_ipp_w01_off_axis/metrics_test.json; runs/v2_baseline_off_axis/metrics_test.json; runs/v2_A_seed1337_off_axis/metrics_test.json; runs/v2_A_seed2024_off_axis/metrics_test.json,phase_mae_rad,"delta, 2 x pooled SD, evaluability, assessment recomputed",yes,Not estimable from the available runs; runs 1 vs 3
"ipp/ipp.json::table_10[65] +IPP (per-cell), w=0.1 vs End-to-End Neural Baseline / phase_mae_rad_in_cell",0.004095584725559986,runs/v2_ipp_w01_off_axis/metrics_test.json; runs/v2_baseline_off_axis/metrics_test.json; runs/v2_A_seed1337_off_axis/metrics_test.json; runs/v2_A_seed2024_off_axis/metrics_test.json,phase_mae_rad_in_cell,"delta, 2 x pooled SD, evaluability, assessment recomputed",yes,Not estimable from the available runs; runs 1 vs 3
"ipp/ipp.json::table_10[66] +IPP (per-cell), w=0.1 vs End-to-End Neural Baseline / phase_pearson_r",0.0012337568059430648,runs/v2_ipp_w01_off_axis/metrics_test.json; runs/v2_baseline_off_axis/metrics_test.json; runs/v2_A_seed1337_off_axis/metrics_test.json; runs/v2_A_seed2024_off_axis/metrics_test.json,phase_pearson_r,"delta, 2 x pooled SD, evaluability, assessment recomputed",yes,Not estimable from the available runs; runs 1 vs 3
"ipp/ipp.json::table_10[67] +IPP (per-cell), w=0.1 vs End-to-End Neural Baseline / seg_dice",-0.0006562299566681418,runs/v2_ipp_w01_off_axis/metrics_test.json; runs/v2_baseline_off_axis/metrics_test.json; runs/v2_A_seed1337_off_axis/metrics_test.json; runs/v2_A_seed2024_off_axis/metrics_test.json,seg_dice,"delta, 2 x pooled SD, evaluability, assessment recomputed",yes,Not estimable from the available runs; runs 1 vs 3
"ipp/ipp.json::table_10[68] +IPP (per-cell), w=0.1 vs End-to-End Neural Baseline / seg_aji",-0.003557266724597996,runs/v2_ipp_w01_off_axis/metrics_test.json; runs/v2_baseline_off_axis/metrics_test.json; runs/v2_A_seed1337_off_axis/metrics_test.json; runs/v2_A_seed2024_off_axis/metrics_test.json,seg_aji,"delta, 2 x pooled SD, evaluability, assessment recomputed",yes,Not estimable from the available runs; runs 1 vs 3
"ipp/ipp.json::table_10[69] +IPP (per-cell), w=0.1 vs End-to-End Neural Baseline / seg_boundary_f1",0.0015594350008533708,runs/v2_ipp_w01_off_axis/metrics_test.json; runs/v2_baseline_off_axis/metrics_test.json; runs/v2_A_seed1337_off_axis/metrics_test.json; runs/v2_A_seed2024_off_axis/metrics_test.json,seg_boundary_f1,"delta, 2 x pooled SD, evaluability, assessment recomputed",yes,Not estimable from the available runs; runs 1 vs 3
"ipp/ipp.json::table_10[70] +IPP (per-cell), w=0.1 vs End-to-End Neural Baseline / detection_recall",-0.005858966310943736,runs/v2_ipp_w01_off_axis/metrics_test.json; runs/v2_baseline_off_axis/metrics_test.json; runs/v2_A_seed1337_off_axis/metrics_test.json; runs/v2_A_seed2024_off_axis/metrics_test.json,detection_recall,"delta, 2 x pooled SD, evaluability, assessment recomputed",yes,Not estimable from the available runs; runs 1 vs 3
"ipp/ipp.json::table_10[71] +IPP (per-cell), w=0.1 vs End-to-End Neural Baseline / detection_precision",-0.005964348921560281,runs/v2_ipp_w01_off_axis/metrics_test.json; runs/v2_baseline_off_axis/metrics_test.json; runs/v2_A_seed1337_off_axis/metrics_test.json; runs/v2_A_seed2024_off_axis/metrics_test.json,detection_precision,"delta, 2 x pooled SD, evaluability, assessment recomputed",yes,Not estimable from the available runs; runs 1 vs 3
"ipp/ipp.json::table_10[72] +IPP (per-cell), w=0.1 vs End-to-End Neural Baseline / dry_mass_mape_coverage_adjusted",0.005554582345068559,runs/v2_ipp_w01_off_axis/metrics_test.json; runs/v2_baseline_off_axis/metrics_test.json; runs/v2_A_seed1337_off_axis/metrics_test.json; runs/v2_A_seed2024_off_axis/metrics_test.json,dry_mass_mape_coverage_adjusted,"delta, 2 x pooled SD, evaluability, assessment recomputed",yes,Not estimable from the available runs; runs 1 vs 3
"ipp/ipp.json::table_10[73] +IPP (per-cell), w=0.1 vs End-to-End Neural Baseline / cells_false_positive",12.0,runs/v2_ipp_w01_off_axis/metrics_test.json; runs/v2_baseline_off_axis/metrics_test.json; runs/v2_A_seed1337_off_axis/metrics_test.json; runs/v2_A_seed2024_off_axis/metrics_test.json,cells_false_positive,"delta, 2 x pooled SD, evaluability, assessment recomputed",yes,Not estimable from the available runs; runs 1 vs 3
"ipp/ipp.json::table_10[74] +IPP (per-cell), w=0.1 vs End-to-End Neural Baseline / dry_mass_cell_pearson_r",0.003575843098909459,runs/v2_ipp_w01_off_axis/metrics_test.json; runs/v2_baseline_off_axis/metrics_test.json; runs/v2_A_seed1337_off_axis/metrics_test.json; runs/v2_A_seed2024_off_axis/metrics_test.json,dry_mass_cell_pearson_r,"delta, 2 x pooled SD, evaluability, assessment recomputed",yes,Not estimable from the available runs; runs 1 vs 3
"ipp/ipp.json::table_10[75] +IPP (per-cell), w=0.3 vs End-to-End Neural Baseline / dry_mass_mape",0.013846186176193737,runs/v2_ipp_w03_off_axis/metrics_test.json; runs/v2_baseline_off_axis/metrics_test.json; runs/v2_A_seed1337_off_axis/metrics_test.json; runs/v2_A_seed2024_off_axis/metrics_test.json,dry_mass_mape,"delta, 2 x pooled SD, evaluability, assessment recomputed",yes,Not estimable from the available runs; runs 1 vs 3
"ipp/ipp.json::table_10[76] +IPP (per-cell), w=0.3 vs End-to-End Neural Baseline / dry_mass_field_total_mape",0.03217511306278434,runs/v2_ipp_w03_off_axis/metrics_test.json; runs/v2_baseline_off_axis/metrics_test.json; runs/v2_A_seed1337_off_axis/metrics_test.json; runs/v2_A_seed2024_off_axis/metrics_test.json,dry_mass_field_total_mape,"delta, 2 x pooled SD, evaluability, assessment recomputed",yes,Not estimable from the available runs; runs 1 vs 3
"ipp/ipp.json::table_10[77] +IPP (per-cell), w=0.3 vs End-to-End Neural Baseline / dry_mass_field_total_bias",-0.02923969795216358,runs/v2_ipp_w03_off_axis/metrics_test.json; runs/v2_baseline_off_axis/metrics_test.json; runs/v2_A_seed1337_off_axis/metrics_test.json; runs/v2_A_seed2024_off_axis/metrics_test.json,dry_mass_field_total_bias,"delta, 2 x pooled SD, evaluability, assessment recomputed",yes,Not estimable from the available runs; runs 1 vs 3
"ipp/ipp.json::table_10[78] +IPP (per-cell), w=0.3 vs End-to-End Neural Baseline / area_mape",-0.00037713310959994195,runs/v2_ipp_w03_off_axis/metrics_test.json; runs/v2_baseline_off_axis/metrics_test.json; runs/v2_A_seed1337_off_axis/metrics_test.json; runs/v2_A_seed2024_off_axis/metrics_test.json,area_mape,"delta, 2 x pooled SD, evaluability, assessment recomputed",yes,Not estimable from the available runs; runs 1 vs 3
"ipp/ipp.json::table_10[79] +IPP (per-cell), w=0.3 vs End-to-End Neural Baseline / phase_mae_rad",0.005157612571849934,runs/v2_ipp_w03_off_axis/metrics_test.json; runs/v2_baseline_off_axis/metrics_test.json; runs/v2_A_seed1337_off_axis/metrics_test.json; runs/v2_A_seed2024_off_axis/metrics_test.json,phase_mae_rad,"delta, 2 x pooled SD, evaluability, assessment recomputed",yes,Not estimable from the available runs; runs 1 vs 3
"ipp/ipp.json::table_10[80] +IPP (per-cell), w=0.3 vs End-to-End Neural Baseline / phase_mae_rad_in_cell",0.017569825097171254,runs/v2_ipp_w03_off_axis/metrics_test.json; runs/v2_baseline_off_axis/metrics_test.json; runs/v2_A_seed1337_off_axis/metrics_test.json; runs/v2_A_seed2024_off_axis/metrics_test.json,phase_mae_rad_in_cell,"delta, 2 x pooled SD, evaluability, assessment recomputed",yes,Not estimable from the available runs; runs 1 vs 3
"ipp/ipp.json::table_10[81] +IPP (per-cell), w=0.3 vs End-to-End Neural Baseline / phase_pearson_r",-0.0027870274750533275,runs/v2_ipp_w03_off_axis/metrics_test.json; runs/v2_baseline_off_axis/metrics_test.json; runs/v2_A_seed1337_off_axis/metrics_test.json; runs/v2_A_seed2024_off_axis/metrics_test.json,phase_pearson_r,"delta, 2 x pooled SD, evaluability, assessment recomputed",yes,Not estimable from the available runs; runs 1 vs 3
"ipp/ipp.json::table_10[82] +IPP (per-cell), w=0.3 vs End-to-End Neural Baseline / seg_dice",-0.000977899480328559,runs/v2_ipp_w03_off_axis/metrics_test.json; runs/v2_baseline_off_axis/metrics_test.json; runs/v2_A_seed1337_off_axis/metrics_test.json; runs/v2_A_seed2024_off_axis/metrics_test.json,seg_dice,"delta, 2 x pooled SD, evaluability, assessment recomputed",yes,Not estimable from the available runs; runs 1 vs 3
"ipp/ipp.json::table_10[83] +IPP (per-cell), w=0.3 vs End-to-End Neural Baseline / seg_aji",-0.003015438894787059,runs/v2_ipp_w03_off_axis/metrics_test.json; runs/v2_baseline_off_axis/metrics_test.json; runs/v2_A_seed1337_off_axis/metrics_test.json; runs/v2_A_seed2024_off_axis/metrics_test.json,seg_aji,"delta, 2 x pooled SD, evaluability, assessment recomputed",yes,Not estimable from the available runs; runs 1 vs 3
"ipp/ipp.json::table_10[84] +IPP (per-cell), w=0.3 vs End-to-End Neural Baseline / seg_boundary_f1",-0.002372769499342675,runs/v2_ipp_w03_off_axis/metrics_test.json; runs/v2_baseline_off_axis/metrics_test.json; runs/v2_A_seed1337_off_axis/metrics_test.json; runs/v2_A_seed2024_off_axis/metrics_test.json,seg_boundary_f1,"delta, 2 x pooled SD, evaluability, assessment recomputed",yes,Not estimable from the available runs; runs 1 vs 3
"ipp/ipp.json::table_10[85] +IPP (per-cell), w=0.3 vs End-to-End Neural Baseline / detection_recall",-0.0014647415777360173,runs/v2_ipp_w03_off_axis/metrics_test.json; runs/v2_baseline_off_axis/metrics_test.json; runs/v2_A_seed1337_off_axis/metrics_test.json; runs/v2_A_seed2024_off_axis/metrics_test.json,detection_recall,"delta, 2 x pooled SD, evaluability, assessment recomputed",yes,Not estimable from the available runs; runs 1 vs 3
"ipp/ipp.json::table_10[86] +IPP (per-cell), w=0.3 vs End-to-End Neural Baseline / detection_precision",-0.009860835528327283,runs/v2_ipp_w03_off_axis/metrics_test.json; runs/v2_baseline_off_axis/metrics_test.json; runs/v2_A_seed1337_off_axis/metrics_test.json; runs/v2_A_seed2024_off_axis/metrics_test.json,detection_precision,"delta, 2 x pooled SD, evaluability, assessment recomputed",yes,Not estimable from the available runs; runs 1 vs 3
"ipp/ipp.json::table_10[87] +IPP (per-cell), w=0.3 vs End-to-End Neural Baseline / dry_mass_mape_coverage_adjusted",0.009404816321051057,runs/v2_ipp_w03_off_axis/metrics_test.json; runs/v2_baseline_off_axis/metrics_test.json; runs/v2_A_seed1337_off_axis/metrics_test.json; runs/v2_A_seed2024_off_axis/metrics_test.json,dry_mass_mape_coverage_adjusted,"delta, 2 x pooled SD, evaluability, assessment recomputed",yes,Not estimable from the available runs; runs 1 vs 3
"ipp/ipp.json::table_10[88] +IPP (per-cell), w=0.3 vs End-to-End Neural Baseline / cells_false_positive",25.0,runs/v2_ipp_w03_off_axis/metrics_test.json; runs/v2_baseline_off_axis/metrics_test.json; runs/v2_A_seed1337_off_axis/metrics_test.json; runs/v2_A_seed2024_off_axis/metrics_test.json,cells_false_positive,"delta, 2 x pooled SD, evaluability, assessment recomputed",yes,Not estimable from the available runs; runs 1 vs 3
"ipp/ipp.json::table_10[89] +IPP (per-cell), w=0.3 vs End-to-End Neural Baseline / dry_mass_cell_pearson_r",-0.00588570402655042,runs/v2_ipp_w03_off_axis/metrics_test.json; runs/v2_baseline_off_axis/metrics_test.json; runs/v2_A_seed1337_off_axis/metrics_test.json; runs/v2_A_seed2024_off_axis/metrics_test.json,dry_mass_cell_pearson_r,"delta, 2 x pooled SD, evaluability, assessment recomputed",yes,Not estimable from the available runs; runs 1 vs 3
"ipp/ipp.json::table_10[90] +IPP (per-cell), w=3.0 vs End-to-End Neural Baseline / dry_mass_mape",0.022071021722871953,runs/v2_ipp_w30_off_axis/metrics_test.json; runs/v2_baseline_off_axis/metrics_test.json; runs/v2_A_seed1337_off_axis/metrics_test.json; runs/v2_A_seed2024_off_axis/metrics_test.json,dry_mass_mape,"delta, 2 x pooled SD, evaluability, assessment recomputed",yes,Not estimable from the available runs; runs 1 vs 3
"ipp/ipp.json::table_10[91] +IPP (per-cell), w=3.0 vs End-to-End Neural Baseline / dry_mass_field_total_mape",-0.03145330181870726,runs/v2_ipp_w30_off_axis/metrics_test.json; runs/v2_baseline_off_axis/metrics_test.json; runs/v2_A_seed1337_off_axis/metrics_test.json; runs/v2_A_seed2024_off_axis/metrics_test.json,dry_mass_field_total_mape,"delta, 2 x pooled SD, evaluability, assessment recomputed",yes,Not estimable from the available runs; runs 1 vs 3
"ipp/ipp.json::table_10[92] +IPP (per-cell), w=3.0 vs End-to-End Neural Baseline / dry_mass_field_total_bias",0.037918730421361804,runs/v2_ipp_w30_off_axis/metrics_test.json; runs/v2_baseline_off_axis/metrics_test.json; runs/v2_A_seed1337_off_axis/metrics_test.json; runs/v2_A_seed2024_off_axis/metrics_test.json,dry_mass_field_total_bias,"delta, 2 x pooled SD, evaluability, assessment recomputed",yes,Not estimable from the available runs; runs 1 vs 3
"ipp/ipp.json::table_10[93] +IPP (per-cell), w=3.0 vs End-to-End Neural Baseline / area_mape",0.016158151234344303,runs/v2_ipp_w30_off_axis/metrics_test.json; runs/v2_baseline_off_axis/metrics_test.json; runs/v2_A_seed1337_off_axis/metrics_test.json; runs/v2_A_seed2024_off_axis/metrics_test.json,area_mape,"delta, 2 x pooled SD, evaluability, assessment recomputed",yes,Not estimable from the available runs; runs 1 vs 3
"ipp/ipp.json::table_10[94] +IPP (per-cell), w=3.0 vs End-to-End Neural Baseline / phase_mae_rad",0.02449528607031587,runs/v2_ipp_w30_off_axis/metrics_test.json; runs/v2_baseline_off_axis/metrics_test.json; runs/v2_A_seed1337_off_axis/metrics_test.json; runs/v2_A_seed2024_off_axis/metrics_test.json,phase_mae_rad,"delta, 2 x pooled SD, evaluability, assessment recomputed",yes,Not estimable from the available runs; runs 1 vs 3
"ipp/ipp.json::table_10[95] +IPP (per-cell), w=3.0 vs End-to-End Neural Baseline / phase_mae_rad_in_cell",0.0656500957620531,runs/v2_ipp_w30_off_axis/metrics_test.json; runs/v2_baseline_off_axis/metrics_test.json; runs/v2_A_seed1337_off_axis/metrics_test.json; runs/v2_A_seed2024_off_axis/metrics_test.json,phase_mae_rad_in_cell,"delta, 2 x pooled SD, evaluability, assessment recomputed",yes,Not estimable from the available runs; runs 1 vs 3
"ipp/ipp.json::table_10[96] +IPP (per-cell), w=3.0 vs End-to-End Neural Baseline / phase_pearson_r",-0.059037051897133486,runs/v2_ipp_w30_off_axis/metrics_test.json; runs/v2_baseline_off_axis/metrics_test.json; runs/v2_A_seed1337_off_axis/metrics_test.json; runs/v2_A_seed2024_off_axis/metrics_test.json,phase_pearson_r,"delta, 2 x pooled SD, evaluability, assessment recomputed",yes,Not estimable from the available runs; runs 1 vs 3
"ipp/ipp.json::table_10[97] +IPP (per-cell), w=3.0 vs End-to-End Neural Baseline / seg_dice",-0.017301069448449224,runs/v2_ipp_w30_off_axis/metrics_test.json; runs/v2_baseline_off_axis/metrics_test.json; runs/v2_A_seed1337_off_axis/metrics_test.json; runs/v2_A_seed2024_off_axis/metrics_test.json,seg_dice,"delta, 2 x pooled SD, evaluability, assessment recomputed",yes,Not estimable from the available runs; runs 1 vs 3
"ipp/ipp.json::table_10[98] +IPP (per-cell), w=3.0 vs End-to-End Neural Baseline / seg_aji",-0.03138705453902835,runs/v2_ipp_w30_off_axis/metrics_test.json; runs/v2_baseline_off_axis/metrics_test.json; runs/v2_A_seed1337_off_axis/metrics_test.json; runs/v2_A_seed2024_off_axis/metrics_test.json,seg_aji,"delta, 2 x pooled SD, evaluability, assessment recomputed",yes,Not estimable from the available runs; runs 1 vs 3
"ipp/ipp.json::table_10[99] +IPP (per-cell), w=3.0 vs End-to-End Neural Baseline / seg_boundary_f1",-0.04090505177727055,runs/v2_ipp_w30_off_axis/metrics_test.json; runs/v2_baseline_off_axis/metrics_test.json; runs/v2_A_seed1337_off_axis/metrics_test.json; runs/v2_A_seed2024_off_axis/metrics_test.json,seg_boundary_f1,"delta, 2 x pooled SD, evaluability, assessment recomputed",yes,Not estimable from the available runs; runs 1 vs 3
"ipp/ipp.json::table_10[100] +IPP (per-cell), w=3.0 vs End-to-End Neural Baseline / detection_recall",0.004498849131617466,runs/v2_ipp_w30_off_axis/metrics_test.json; runs/v2_baseline_off_axis/metrics_test.json; runs/v2_A_seed1337_off_axis/metrics_test.json; runs/v2_A_seed2024_off_axis/metrics_test.json,detection_recall,"delta, 2 x pooled SD, evaluability, assessment recomputed",yes,Not estimable from the available runs; runs 1 vs 3
"ipp/ipp.json::table_10[101] +IPP (per-cell), w=3.0 vs End-to-End Neural Baseline / detection_precision",-0.06327859385956769,runs/v2_ipp_w30_off_axis/metrics_test.json; runs/v2_baseline_off_axis/metrics_test.json; runs/v2_A_seed1337_off_axis/metrics_test.json; runs/v2_A_seed2024_off_axis/metrics_test.json,detection_precision,"delta, 2 x pooled SD, evaluability, assessment recomputed",yes,Not estimable from the available runs; runs 1 vs 3
"ipp/ipp.json::table_10[102] +IPP (per-cell), w=3.0 vs End-to-End Neural Baseline / dry_mass_mape_coverage_adjusted",0.009477975637753988,runs/v2_ipp_w30_off_axis/metrics_test.json; runs/v2_baseline_off_axis/metrics_test.json; runs/v2_A_seed1337_off_axis/metrics_test.json; runs/v2_A_seed2024_off_axis/metrics_test.json,dry_mass_mape_coverage_adjusted,"delta, 2 x pooled SD, evaluability, assessment recomputed",yes,Not estimable from the available runs; runs 1 vs 3
"ipp/ipp.json::table_10[103] +IPP (per-cell), w=3.0 vs End-to-End Neural Baseline / cells_false_positive",183.0,runs/v2_ipp_w30_off_axis/metrics_test.json; runs/v2_baseline_off_axis/metrics_test.json; runs/v2_A_seed1337_off_axis/metrics_test.json; runs/v2_A_seed2024_off_axis/metrics_test.json,cells_false_positive,"delta, 2 x pooled SD, evaluability, assessment recomputed",yes,Not estimable from the available runs; runs 1 vs 3
"ipp/ipp.json::table_10[104] +IPP (per-cell), w=3.0 vs End-to-End Neural Baseline / dry_mass_cell_pearson_r",-0.016094601849607648,runs/v2_ipp_w30_off_axis/metrics_test.json; runs/v2_baseline_off_axis/metrics_test.json; runs/v2_A_seed1337_off_axis/metrics_test.json; runs/v2_A_seed2024_off_axis/metrics_test.json,dry_mass_cell_pearson_r,"delta, 2 x pooled SD, evaluability, assessment recomputed",yes,Not estimable from the available runs; runs 1 vs 3
ipp/ipp.json::table_10[105] +Amplitude vs +IPP (per-cell) / dry_mass_mape,-0.002606153385497051,runs/v2_amplitude_off_axis/metrics_test.json; runs/v2_cell_ipp_off_axis/metrics_test.json; runs/v2_B_seed1337_off_axis/metrics_test.json; runs/v2_B_seed2024_off_axis/metrics_test.json,dry_mass_mape,"delta, 2 x pooled SD, evaluability, assessment recomputed",yes,Not estimable from the available runs; runs 1 vs 3
ipp/ipp.json::table_10[106] +Amplitude vs +IPP (per-cell) / dry_mass_field_total_mape,-0.01480670508347598,runs/v2_amplitude_off_axis/metrics_test.json; runs/v2_cell_ipp_off_axis/metrics_test.json; runs/v2_B_seed1337_off_axis/metrics_test.json; runs/v2_B_seed2024_off_axis/metrics_test.json,dry_mass_field_total_mape,"delta, 2 x pooled SD, evaluability, assessment recomputed",yes,Not estimable from the available runs; runs 1 vs 3
ipp/ipp.json::table_10[107] +Amplitude vs +IPP (per-cell) / dry_mass_field_total_bias,0.003588901531779154,runs/v2_amplitude_off_axis/metrics_test.json; runs/v2_cell_ipp_off_axis/metrics_test.json; runs/v2_B_seed1337_off_axis/metrics_test.json; runs/v2_B_seed2024_off_axis/metrics_test.json,dry_mass_field_total_bias,"delta, 2 x pooled SD, evaluability, assessment recomputed",yes,Not estimable from the available runs; runs 1 vs 3
ipp/ipp.json::table_10[108] +Amplitude vs +IPP (per-cell) / area_mape,-0.008782558289027631,runs/v2_amplitude_off_axis/metrics_test.json; runs/v2_cell_ipp_off_axis/metrics_test.json; runs/v2_B_seed1337_off_axis/metrics_test.json; runs/v2_B_seed2024_off_axis/metrics_test.json,area_mape,"delta, 2 x pooled SD, evaluability, assessment recomputed",yes,Not estimable from the available runs; runs 1 vs 3
ipp/ipp.json::table_10[109] +Amplitude vs +IPP (per-cell) / phase_mae_rad,-0.0023045739417231204,runs/v2_amplitude_off_axis/metrics_test.json; runs/v2_cell_ipp_off_axis/metrics_test.json; runs/v2_B_seed1337_off_axis/metrics_test.json; runs/v2_B_seed2024_off_axis/metrics_test.json,phase_mae_rad,"delta, 2 x pooled SD, evaluability, assessment recomputed",yes,Not estimable from the available runs; runs 1 vs 3
ipp/ipp.json::table_10[110] +Amplitude vs +IPP (per-cell) / phase_mae_rad_in_cell,-0.0014232089385873836,runs/v2_amplitude_off_axis/metrics_test.json; runs/v2_cell_ipp_off_axis/metrics_test.json; runs/v2_B_seed1337_off_axis/metrics_test.json; runs/v2_B_seed2024_off_axis/metrics_test.json,phase_mae_rad_in_cell,"delta, 2 x pooled SD, evaluability, assessment recomputed",yes,Not estimable from the available runs; runs 1 vs 3
ipp/ipp.json::table_10[111] +Amplitude vs +IPP (per-cell) / phase_pearson_r,-0.00041109815811335437,runs/v2_amplitude_off_axis/metrics_test.json; runs/v2_cell_ipp_off_axis/metrics_test.json; runs/v2_B_seed1337_off_axis/metrics_test.json; runs/v2_B_seed2024_off_axis/metrics_test.json,phase_pearson_r,"delta, 2 x pooled SD, evaluability, assessment recomputed",yes,Not estimable from the available runs; runs 1 vs 3
ipp/ipp.json::table_10[112] +Amplitude vs +IPP (per-cell) / seg_dice,0.00032059751396917857,runs/v2_amplitude_off_axis/metrics_test.json; runs/v2_cell_ipp_off_axis/metrics_test.json; runs/v2_B_seed1337_off_axis/metrics_test.json; runs/v2_B_seed2024_off_axis/metrics_test.json,seg_dice,"delta, 2 x pooled SD, evaluability, assessment recomputed",yes,Not estimable from the available runs; runs 1 vs 3
ipp/ipp.json::table_10[113] +Amplitude vs +IPP (per-cell) / seg_aji,0.0019348141014913223,runs/v2_amplitude_off_axis/metrics_test.json; runs/v2_cell_ipp_off_axis/metrics_test.json; runs/v2_B_seed1337_off_axis/metrics_test.json; runs/v2_B_seed2024_off_axis/metrics_test.json,seg_aji,"delta, 2 x pooled SD, evaluability, assessment recomputed",yes,Not estimable from the available runs; runs 1 vs 3
ipp/ipp.json::table_10[114] +Amplitude vs +IPP (per-cell) / seg_boundary_f1,0.004301880613762743,runs/v2_amplitude_off_axis/metrics_test.json; runs/v2_cell_ipp_off_axis/metrics_test.json; runs/v2_B_seed1337_off_axis/metrics_test.json; runs/v2_B_seed2024_off_axis/metrics_test.json,seg_boundary_f1,"delta, 2 x pooled SD, evaluability, assessment recomputed",yes,Not estimable from the available runs; runs 1 vs 3
ipp/ipp.json::table_10[115] +Amplitude vs +IPP (per-cell) / detection_recall,-0.005858966310943625,runs/v2_amplitude_off_axis/metrics_test.json; runs/v2_cell_ipp_off_axis/metrics_test.json; runs/v2_B_seed1337_off_axis/metrics_test.json; runs/v2_B_seed2024_off_axis/metrics_test.json,detection_recall,"delta, 2 x pooled SD, evaluability, assessment recomputed",yes,Not estimable from the available runs; runs 1 vs 3
ipp/ipp.json::table_10[116] +Amplitude vs +IPP (per-cell) / detection_precision,0.020525105734124915,runs/v2_amplitude_off_axis/metrics_test.json; runs/v2_cell_ipp_off_axis/metrics_test.json; runs/v2_B_seed1337_off_axis/metrics_test.json; runs/v2_B_seed2024_off_axis/metrics_test.json,detection_precision,"delta, 2 x pooled SD, evaluability, assessment recomputed",yes,Not estimable from the available runs; runs 1 vs 3
ipp/ipp.json::table_10[117] +Amplitude vs +IPP (per-cell) / dry_mass_mape_coverage_adjusted,0.003194247297263697,runs/v2_amplitude_off_axis/metrics_test.json; runs/v2_cell_ipp_off_axis/metrics_test.json; runs/v2_B_seed1337_off_axis/metrics_test.json; runs/v2_B_seed2024_off_axis/metrics_test.json,dry_mass_mape_coverage_adjusted,"delta, 2 x pooled SD, evaluability, assessment recomputed",yes,Not estimable from the available runs; runs 1 vs 3
ipp/ipp.json::table_10[118] +Amplitude vs +IPP (per-cell) / cells_false_positive,-63.0,runs/v2_amplitude_off_axis/metrics_test.json; runs/v2_cell_ipp_off_axis/metrics_test.json; runs/v2_B_seed1337_off_axis/metrics_test.json; runs/v2_B_seed2024_off_axis/metrics_test.json,cells_false_positive,"delta, 2 x pooled SD, evaluability, assessment recomputed",yes,Not estimable from the available runs; runs 1 vs 3
ipp/ipp.json::table_10[119] +Amplitude vs +IPP (per-cell) / dry_mass_cell_pearson_r,-0.00814866221937638,runs/v2_amplitude_off_axis/metrics_test.json; runs/v2_cell_ipp_off_axis/metrics_test.json; runs/v2_B_seed1337_off_axis/metrics_test.json; runs/v2_B_seed2024_off_axis/metrics_test.json,dry_mass_cell_pearson_r,"delta, 2 x pooled SD, evaluability, assessment recomputed",yes,Not estimable from the available runs; runs 1 vs 3
ipp/ipp.json::table_10[120] +Fwd (fixed z) vs +Amplitude / dry_mass_mape,-0.00023324620503653581,runs/v2_forward_amplitude_off_axis/metrics_test.json; runs/v2_amplitude_off_axis/metrics_test.json,dry_mass_mape,"delta, 2 x pooled SD, evaluability, assessment recomputed",yes,Not estimable from the available runs; runs 1 vs 1
ipp/ipp.json::table_10[121] +Fwd (fixed z) vs +Amplitude / dry_mass_field_total_mape,0.004552977290811694,runs/v2_forward_amplitude_off_axis/metrics_test.json; runs/v2_amplitude_off_axis/metrics_test.json,dry_mass_field_total_mape,"delta, 2 x pooled SD, evaluability, assessment recomputed",yes,Not estimable from the available runs; runs 1 vs 1
ipp/ipp.json::table_10[122] +Fwd (fixed z) vs +Amplitude / dry_mass_field_total_bias,0.006299906617906664,runs/v2_forward_amplitude_off_axis/metrics_test.json; runs/v2_amplitude_off_axis/metrics_test.json,dry_mass_field_total_bias,"delta, 2 x pooled SD, evaluability, assessment recomputed",yes,Not estimable from the available runs; runs 1 vs 1
ipp/ipp.json::table_10[123] +Fwd (fixed z) vs +Amplitude / area_mape,0.009433755467165683,runs/v2_forward_amplitude_off_axis/metrics_test.json; runs/v2_amplitude_off_axis/metrics_test.json,area_mape,"delta, 2 x pooled SD, evaluability, assessment recomputed",yes,Not estimable from the available runs; runs 1 vs 1
ipp/ipp.json::table_10[124] +Fwd (fixed z) vs +Amplitude / phase_mae_rad,0.0014455043504723597,runs/v2_forward_amplitude_off_axis/metrics_test.json; runs/v2_amplitude_off_axis/metrics_test.json,phase_mae_rad,"delta, 2 x pooled SD, evaluability, assessment recomputed",yes,Not estimable from the available runs; runs 1 vs 1
ipp/ipp.json::table_10[125] +Fwd (fixed z) vs +Amplitude / phase_mae_rad_in_cell,0.003028180483168219,runs/v2_forward_amplitude_off_axis/metrics_test.json; runs/v2_amplitude_off_axis/metrics_test.json,phase_mae_rad_in_cell,"delta, 2 x pooled SD, evaluability, assessment recomputed",yes,Not estimable from the available runs; runs 1 vs 1
ipp/ipp.json::table_10[126] +Fwd (fixed z) vs +Amplitude / phase_pearson_r,0.0015332830690704125,runs/v2_forward_amplitude_off_axis/metrics_test.json; runs/v2_amplitude_off_axis/metrics_test.json,phase_pearson_r,"delta, 2 x pooled SD, evaluability, assessment recomputed",yes,Not estimable from the available runs; runs 1 vs 1
ipp/ipp.json::table_10[127] +Fwd (fixed z) vs +Amplitude / seg_dice,0.0020600309294089847,runs/v2_forward_amplitude_off_axis/metrics_test.json; runs/v2_amplitude_off_axis/metrics_test.json,seg_dice,"delta, 2 x pooled SD, evaluability, assessment recomputed",yes,Not estimable from the available runs; runs 1 vs 1
ipp/ipp.json::table_10[128] +Fwd (fixed z) vs +Amplitude / seg_aji,0.004589905400284144,runs/v2_forward_amplitude_off_axis/metrics_test.json; runs/v2_amplitude_off_axis/metrics_test.json,seg_aji,"delta, 2 x pooled SD, evaluability, assessment recomputed",yes,Not estimable from the available runs; runs 1 vs 1
ipp/ipp.json::table_10[129] +Fwd (fixed z) vs +Amplitude / seg_boundary_f1,-0.0003230252180908555,runs/v2_forward_amplitude_off_axis/metrics_test.json; runs/v2_amplitude_off_axis/metrics_test.json,seg_boundary_f1,"delta, 2 x pooled SD, evaluability, assessment recomputed",yes,Not estimable from the available runs; runs 1 vs 1
ipp/ipp.json::table_10[130] +Fwd (fixed z) vs +Amplitude / detection_recall,0.00910232266164468,runs/v2_forward_amplitude_off_axis/metrics_test.json; runs/v2_amplitude_off_axis/metrics_test.json,detection_recall,"delta, 2 x pooled SD, evaluability, assessment recomputed",yes,Not estimable from the available runs; runs 1 vs 1
ipp/ipp.json::table_10[131] +Fwd (fixed z) vs +Amplitude / detection_precision,0.001433694593461765,runs/v2_forward_amplitude_off_axis/metrics_test.json; runs/v2_amplitude_off_axis/metrics_test.json,detection_precision,"delta, 2 x pooled SD, evaluability, assessment recomputed",yes,Not estimable from the available runs; runs 1 vs 1
ipp/ipp.json::table_10[132] +Fwd (fixed z) vs +Amplitude / dry_mass_mape_coverage_adjusted,-0.007552891604377443,runs/v2_forward_amplitude_off_axis/metrics_test.json; runs/v2_amplitude_off_axis/metrics_test.json,dry_mass_mape_coverage_adjusted,"delta, 2 x pooled SD, evaluability, assessment recomputed",yes,Not estimable from the available runs; runs 1 vs 1
ipp/ipp.json::table_10[133] +Fwd (fixed z) vs +Amplitude / cells_false_positive,2.0,runs/v2_forward_amplitude_off_axis/metrics_test.json; runs/v2_amplitude_off_axis/metrics_test.json,cells_false_positive,"delta, 2 x pooled SD, evaluability, assessment recomputed",yes,Not estimable from the available runs; runs 1 vs 1
ipp/ipp.json::table_10[134] +Fwd (fixed z) vs +Amplitude / dry_mass_cell_pearson_r,0.004556233726239367,runs/v2_forward_amplitude_off_axis/metrics_test.json; runs/v2_amplitude_off_axis/metrics_test.json,dry_mass_cell_pearson_r,"delta, 2 x pooled SD, evaluability, assessment recomputed",yes,Not estimable from the available runs; runs 1 vs 1
ipp/ipp.json::table_10[135] +Fwd (free z) vs +Fwd (fixed z) / dry_mass_mape,0.006518470481956334,runs/v2_learned_z_off_axis/metrics_test.json; runs/v2_forward_amplitude_off_axis/metrics_test.json,dry_mass_mape,"delta, 2 x pooled SD, evaluability, assessment recomputed",yes,Not estimable from the available runs; runs 1 vs 1
ipp/ipp.json::table_10[136] +Fwd (free z) vs +Fwd (fixed z) / dry_mass_field_total_mape,0.0025484767185493806,runs/v2_learned_z_off_axis/metrics_test.json; runs/v2_forward_amplitude_off_axis/metrics_test.json,dry_mass_field_total_mape,"delta, 2 x pooled SD, evaluability, assessment recomputed",yes,Not estimable from the available runs; runs 1 vs 1
ipp/ipp.json::table_10[137] +Fwd (free z) vs +Fwd (fixed z) / dry_mass_field_total_bias,0.004641766421338678,runs/v2_learned_z_off_axis/metrics_test.json; runs/v2_forward_amplitude_off_axis/metrics_test.json,dry_mass_field_total_bias,"delta, 2 x pooled SD, evaluability, assessment recomputed",yes,Not estimable from the available runs; runs 1 vs 1
ipp/ipp.json::table_10[138] +Fwd (free z) vs +Fwd (fixed z) / area_mape,-0.010168103470798356,runs/v2_learned_z_off_axis/metrics_test.json; runs/v2_forward_amplitude_off_axis/metrics_test.json,area_mape,"delta, 2 x pooled SD, evaluability, assessment recomputed",yes,Not estimable from the available runs; runs 1 vs 1
ipp/ipp.json::table_10[139] +Fwd (free z) vs +Fwd (fixed z) / phase_mae_rad,-0.001122169328474365,runs/v2_learned_z_off_axis/metrics_test.json; runs/v2_forward_amplitude_off_axis/metrics_test.json,phase_mae_rad,"delta, 2 x pooled SD, evaluability, assessment recomputed",yes,Not estimable from the available runs; runs 1 vs 1
ipp/ipp.json::table_10[140] +Fwd (free z) vs +Fwd (fixed z) / phase_mae_rad_in_cell,-0.000621953105504558,runs/v2_learned_z_off_axis/metrics_test.json; runs/v2_forward_amplitude_off_axis/metrics_test.json,phase_mae_rad_in_cell,"delta, 2 x pooled SD, evaluability, assessment recomputed",yes,Not estimable from the available runs; runs 1 vs 1
ipp/ipp.json::table_10[141] +Fwd (free z) vs +Fwd (fixed z) / phase_pearson_r,-0.0009175755281364273,runs/v2_learned_z_off_axis/metrics_test.json; runs/v2_forward_amplitude_off_axis/metrics_test.json,phase_pearson_r,"delta, 2 x pooled SD, evaluability, assessment recomputed",yes,Not estimable from the available runs; runs 1 vs 1
ipp/ipp.json::table_10[142] +Fwd (free z) vs +Fwd (fixed z) / seg_dice,-0.00280548446493345,runs/v2_learned_z_off_axis/metrics_test.json; runs/v2_forward_amplitude_off_axis/metrics_test.json,seg_dice,"delta, 2 x pooled SD, evaluability, assessment recomputed",yes,Not estimable from the available runs; runs 1 vs 1
ipp/ipp.json::table_10[143] +Fwd (free z) vs +Fwd (fixed z) / seg_aji,-0.005476492193469351,runs/v2_learned_z_off_axis/metrics_test.json; runs/v2_forward_amplitude_off_axis/metrics_test.json,seg_aji,"delta, 2 x pooled SD, evaluability, assessment recomputed",yes,Not estimable from the available runs; runs 1 vs 1
ipp/ipp.json::table_10[144] +Fwd (free z) vs +Fwd (fixed z) / seg_boundary_f1,0.0007439851437414657,runs/v2_learned_z_off_axis/metrics_test.json; runs/v2_forward_amplitude_off_axis/metrics_test.json,seg_boundary_f1,"delta, 2 x pooled SD, evaluability, assessment recomputed",yes,Not estimable from the available runs; runs 1 vs 1
ipp/ipp.json::table_10[145] +Fwd (free z) vs +Fwd (fixed z) / detection_recall,-0.011299435028248594,runs/v2_learned_z_off_axis/metrics_test.json; runs/v2_forward_amplitude_off_axis/metrics_test.json,detection_recall,"delta, 2 x pooled SD, evaluability, assessment recomputed",yes,Not estimable from the available runs; runs 1 vs 1
ipp/ipp.json::table_10[146] +Fwd (free z) vs +Fwd (fixed z) / detection_precision,-0.004853630926242136,runs/v2_learned_z_off_axis/metrics_test.json; runs/v2_forward_amplitude_off_axis/metrics_test.json,detection_precision,"delta, 2 x pooled SD, evaluability, assessment recomputed",yes,Not estimable from the available runs; runs 1 vs 1
ipp/ipp.json::table_10[147] +Fwd (free z) vs +Fwd (fixed z) / dry_mass_mape_coverage_adjusted,0.013066581111069508,runs/v2_learned_z_off_axis/metrics_test.json; runs/v2_forward_amplitude_off_axis/metrics_test.json,dry_mass_mape_coverage_adjusted,"delta, 2 x pooled SD, evaluability, assessment recomputed",yes,Not estimable from the available runs; runs 1 vs 1
ipp/ipp.json::table_10[148] +Fwd (free z) vs +Fwd (fixed z) / cells_false_positive,6.0,runs/v2_learned_z_off_axis/metrics_test.json; runs/v2_forward_amplitude_off_axis/metrics_test.json,cells_false_positive,"delta, 2 x pooled SD, evaluability, assessment recomputed",yes,Not estimable from the available runs; runs 1 vs 1
ipp/ipp.json::table_10[149] +Fwd (free z) vs +Fwd (fixed z) / dry_mass_cell_pearson_r,-0.007596400303736872,runs/v2_learned_z_off_axis/metrics_test.json; runs/v2_forward_amplitude_off_axis/metrics_test.json,dry_mass_cell_pearson_r,"delta, 2 x pooled SD, evaluability, assessment recomputed",yes,Not estimable from the available runs; runs 1 vs 1
ipp/ipp.json::table_10[150] Compact Baseline vs End-to-End Neural Baseline / dry_mass_mape,-0.00019232338599070586,runs/v2_compact_baseline_off_axis/metrics_test.json; runs/v2_baseline_off_axis/metrics_test.json; runs/v2_A_seed1337_off_axis/metrics_test.json; runs/v2_A_seed2024_off_axis/metrics_test.json,dry_mass_mape,"delta, 2 x pooled SD, evaluability, assessment recomputed",yes,Not estimable from the available runs; runs 1 vs 3
ipp/ipp.json::table_10[151] Compact Baseline vs End-to-End Neural Baseline / dry_mass_field_total_mape,0.01070747627751345,runs/v2_compact_baseline_off_axis/metrics_test.json; runs/v2_baseline_off_axis/metrics_test.json; runs/v2_A_seed1337_off_axis/metrics_test.json; runs/v2_A_seed2024_off_axis/metrics_test.json,dry_mass_field_total_mape,"delta, 2 x pooled SD, evaluability, assessment recomputed",yes,Not estimable from the available runs; runs 1 vs 3
ipp/ipp.json::table_10[152] Compact Baseline vs End-to-End Neural Baseline / dry_mass_field_total_bias,-0.007232214712210139,runs/v2_compact_baseline_off_axis/metrics_test.json; runs/v2_baseline_off_axis/metrics_test.json; runs/v2_A_seed1337_off_axis/metrics_test.json; runs/v2_A_seed2024_off_axis/metrics_test.json,dry_mass_field_total_bias,"delta, 2 x pooled SD, evaluability, assessment recomputed",yes,Not estimable from the available runs; runs 1 vs 3
ipp/ipp.json::table_10[153] Compact Baseline vs End-to-End Neural Baseline / area_mape,-0.0059369495433458375,runs/v2_compact_baseline_off_axis/metrics_test.json; runs/v2_baseline_off_axis/metrics_test.json; runs/v2_A_seed1337_off_axis/metrics_test.json; runs/v2_A_seed2024_off_axis/metrics_test.json,area_mape,"delta, 2 x pooled SD, evaluability, assessment recomputed",yes,Not estimable from the available runs; runs 1 vs 3
ipp/ipp.json::table_10[154] Compact Baseline vs End-to-End Neural Baseline / phase_mae_rad,-0.0006301719750275159,runs/v2_compact_baseline_off_axis/metrics_test.json; runs/v2_baseline_off_axis/metrics_test.json; runs/v2_A_seed1337_off_axis/metrics_test.json; runs/v2_A_seed2024_off_axis/metrics_test.json,phase_mae_rad,"delta, 2 x pooled SD, evaluability, assessment recomputed",yes,Not estimable from the available runs; runs 1 vs 3
ipp/ipp.json::table_10[155] Compact Baseline vs End-to-End Neural Baseline / phase_mae_rad_in_cell,-0.002163626934926388,runs/v2_compact_baseline_off_axis/metrics_test.json; runs/v2_baseline_off_axis/metrics_test.json; runs/v2_A_seed1337_off_axis/metrics_test.json; runs/v2_A_seed2024_off_axis/metrics_test.json,phase_mae_rad_in_cell,"delta, 2 x pooled SD, evaluability, assessment recomputed",yes,Not estimable from the available runs; runs 1 vs 3
ipp/ipp.json::table_10[156] Compact Baseline vs End-to-End Neural Baseline / phase_pearson_r,0.0011327411748665028,runs/v2_compact_baseline_off_axis/metrics_test.json; runs/v2_baseline_off_axis/metrics_test.json; runs/v2_A_seed1337_off_axis/metrics_test.json; runs/v2_A_seed2024_off_axis/metrics_test.json,phase_pearson_r,"delta, 2 x pooled SD, evaluability, assessment recomputed",yes,Not estimable from the available runs; runs 1 vs 3
ipp/ipp.json::table_10[157] Compact Baseline vs End-to-End Neural Baseline / seg_dice,0.0007279401238573513,runs/v2_compact_baseline_off_axis/metrics_test.json; runs/v2_baseline_off_axis/metrics_test.json; runs/v2_A_seed1337_off_axis/metrics_test.json; runs/v2_A_seed2024_off_axis/metrics_test.json,seg_dice,"delta, 2 x pooled SD, evaluability, assessment recomputed",yes,Not estimable from the available runs; runs 1 vs 3
ipp/ipp.json::table_10[158] Compact Baseline vs End-to-End Neural Baseline / seg_aji,0.0016691487335782629,runs/v2_compact_baseline_off_axis/metrics_test.json; runs/v2_baseline_off_axis/metrics_test.json; runs/v2_A_seed1337_off_axis/metrics_test.json; runs/v2_A_seed2024_off_axis/metrics_test.json,seg_aji,"delta, 2 x pooled SD, evaluability, assessment recomputed",yes,Not estimable from the available runs; runs 1 vs 3
ipp/ipp.json::table_10[159] Compact Baseline vs End-to-End Neural Baseline / seg_boundary_f1,0.006691746926079323,runs/v2_compact_baseline_off_axis/metrics_test.json; runs/v2_baseline_off_axis/metrics_test.json; runs/v2_A_seed1337_off_axis/metrics_test.json; runs/v2_A_seed2024_off_axis/metrics_test.json,seg_boundary_f1,"delta, 2 x pooled SD, evaluability, assessment recomputed",yes,Not estimable from the available runs; runs 1 vs 3
ipp/ipp.json::table_10[160] Compact Baseline vs End-to-End Neural Baseline / detection_recall,-0.002720234358652429,runs/v2_compact_baseline_off_axis/metrics_test.json; runs/v2_baseline_off_axis/metrics_test.json; runs/v2_A_seed1337_off_axis/metrics_test.json; runs/v2_A_seed2024_off_axis/metrics_test.json,detection_recall,"delta, 2 x pooled SD, evaluability, assessment recomputed",yes,Not estimable from the available runs; runs 1 vs 3
ipp/ipp.json::table_10[161] Compact Baseline vs End-to-End Neural Baseline / detection_precision,0.0008363542206062391,runs/v2_compact_baseline_off_axis/metrics_test.json; runs/v2_baseline_off_axis/metrics_test.json; runs/v2_A_seed1337_off_axis/metrics_test.json; runs/v2_A_seed2024_off_axis/metrics_test.json,detection_precision,"delta, 2 x pooled SD, evaluability, assessment recomputed",yes,Not estimable from the available runs; runs 1 vs 3
ipp/ipp.json::table_10[162] Compact Baseline vs End-to-End Neural Baseline / dry_mass_mape_coverage_adjusted,0.0021359378717253907,runs/v2_compact_baseline_off_axis/metrics_test.json; runs/v2_baseline_off_axis/metrics_test.json; runs/v2_A_seed1337_off_axis/metrics_test.json; runs/v2_A_seed2024_off_axis/metrics_test.json,dry_mass_mape_coverage_adjusted,"delta, 2 x pooled SD, evaluability, assessment recomputed",yes,Not estimable from the available runs; runs 1 vs 3
ipp/ipp.json::table_10[163] Compact Baseline vs End-to-End Neural Baseline / cells_false_positive,-4.0,runs/v2_compact_baseline_off_axis/metrics_test.json; runs/v2_baseline_off_axis/metrics_test.json; runs/v2_A_seed1337_off_axis/metrics_test.json; runs/v2_A_seed2024_off_axis/metrics_test.json,cells_false_positive,"delta, 2 x pooled SD, evaluability, assessment recomputed",yes,Not estimable from the available runs; runs 1 vs 3
ipp/ipp.json::table_10[164] Compact Baseline vs End-to-End Neural Baseline / dry_mass_cell_pearson_r,0.002490137090374378,runs/v2_compact_baseline_off_axis/metrics_test.json; runs/v2_baseline_off_axis/metrics_test.json; runs/v2_A_seed1337_off_axis/metrics_test.json; runs/v2_A_seed2024_off_axis/metrics_test.json,dry_mass_cell_pearson_r,"delta, 2 x pooled SD, evaluability, assessment recomputed",yes,Not estimable from the available runs; runs 1 vs 3
ipp/ipp.json::table_10[165] Compact +IPP vs +IPP (per-cell) / dry_mass_mape,0.0003487818088480088,runs/v2_compact_cell_ipp_off_axis/metrics_test.json; runs/v2_cell_ipp_off_axis/metrics_test.json; runs/v2_B_seed1337_off_axis/metrics_test.json; runs/v2_B_seed2024_off_axis/metrics_test.json,dry_mass_mape,"delta, 2 x pooled SD, evaluability, assessment recomputed",yes,Not estimable from the available runs; runs 1 vs 3
ipp/ipp.json::table_10[166] Compact +IPP vs +IPP (per-cell) / dry_mass_field_total_mape,-0.013702676492340471,runs/v2_compact_cell_ipp_off_axis/metrics_test.json; runs/v2_cell_ipp_off_axis/metrics_test.json; runs/v2_B_seed1337_off_axis/metrics_test.json; runs/v2_B_seed2024_off_axis/metrics_test.json,dry_mass_field_total_mape,"delta, 2 x pooled SD, evaluability, assessment recomputed",yes,Not estimable from the available runs; runs 1 vs 3
ipp/ipp.json::table_10[167] Compact +IPP vs +IPP (per-cell) / dry_mass_field_total_bias,0.010481344747042293,runs/v2_compact_cell_ipp_off_axis/metrics_test.json; runs/v2_cell_ipp_off_axis/metrics_test.json; runs/v2_B_seed1337_off_axis/metrics_test.json; runs/v2_B_seed2024_off_axis/metrics_test.json,dry_mass_field_total_bias,"delta, 2 x pooled SD, evaluability, assessment recomputed",yes,Not estimable from the available runs; runs 1 vs 3
ipp/ipp.json::table_10[168] Compact +IPP vs +IPP (per-cell) / area_mape,-0.0022843572647150145,runs/v2_compact_cell_ipp_off_axis/metrics_test.json; runs/v2_cell_ipp_off_axis/metrics_test.json; runs/v2_B_seed1337_off_axis/metrics_test.json; runs/v2_B_seed2024_off_axis/metrics_test.json,area_mape,"delta, 2 x pooled SD, evaluability, assessment recomputed",yes,Not estimable from the available runs; runs 1 vs 3
ipp/ipp.json::table_10[169] Compact +IPP vs +IPP (per-cell) / phase_mae_rad,-0.0003569188546994062,runs/v2_compact_cell_ipp_off_axis/metrics_test.json; runs/v2_cell_ipp_off_axis/metrics_test.json; runs/v2_B_seed1337_off_axis/metrics_test.json; runs/v2_B_seed2024_off_axis/metrics_test.json,phase_mae_rad,"delta, 2 x pooled SD, evaluability, assessment recomputed",yes,Not estimable from the available runs; runs 1 vs 3
ipp/ipp.json::table_10[170] Compact +IPP vs +IPP (per-cell) / phase_mae_rad_in_cell,-0.00021142132338519692,runs/v2_compact_cell_ipp_off_axis/metrics_test.json; runs/v2_cell_ipp_off_axis/metrics_test.json; runs/v2_B_seed1337_off_axis/metrics_test.json; runs/v2_B_seed2024_off_axis/metrics_test.json,phase_mae_rad_in_cell,"delta, 2 x pooled SD, evaluability, assessment recomputed",yes,Not estimable from the available runs; runs 1 vs 3
ipp/ipp.json::table_10[171] Compact +IPP vs +IPP (per-cell) / phase_pearson_r,0.0007937717578404557,runs/v2_compact_cell_ipp_off_axis/metrics_test.json; runs/v2_cell_ipp_off_axis/metrics_test.json; runs/v2_B_seed1337_off_axis/metrics_test.json; runs/v2_B_seed2024_off_axis/metrics_test.json,phase_pearson_r,"delta, 2 x pooled SD, evaluability, assessment recomputed",yes,Not estimable from the available runs; runs 1 vs 3
ipp/ipp.json::table_10[172] Compact +IPP vs +IPP (per-cell) / seg_dice,0.0012174269424095607,runs/v2_compact_cell_ipp_off_axis/metrics_test.json; runs/v2_cell_ipp_off_axis/metrics_test.json; runs/v2_B_seed1337_off_axis/metrics_test.json; runs/v2_B_seed2024_off_axis/metrics_test.json,seg_dice,"delta, 2 x pooled SD, evaluability, assessment recomputed",yes,Not estimable from the available runs; runs 1 vs 3
ipp/ipp.json::table_10[173] Compact +IPP vs +IPP (per-cell) / seg_aji,0.003848880532986265,runs/v2_compact_cell_ipp_off_axis/metrics_test.json; runs/v2_cell_ipp_off_axis/metrics_test.json; runs/v2_B_seed1337_off_axis/metrics_test.json; runs/v2_B_seed2024_off_axis/metrics_test.json,seg_aji,"delta, 2 x pooled SD, evaluability, assessment recomputed",yes,Not estimable from the available runs; runs 1 vs 3
ipp/ipp.json::table_10[174] Compact +IPP vs +IPP (per-cell) / seg_boundary_f1,0.0015842987286022736,runs/v2_compact_cell_ipp_off_axis/metrics_test.json; runs/v2_cell_ipp_off_axis/metrics_test.json; runs/v2_B_seed1337_off_axis/metrics_test.json; runs/v2_B_seed2024_off_axis/metrics_test.json,seg_boundary_f1,"delta, 2 x pooled SD, evaluability, assessment recomputed",yes,Not estimable from the available runs; runs 1 vs 3
ipp/ipp.json::table_10[175] Compact +IPP vs +IPP (per-cell) / detection_recall,0.004812722326846708,runs/v2_compact_cell_ipp_off_axis/metrics_test.json; runs/v2_cell_ipp_off_axis/metrics_test.json; runs/v2_B_seed1337_off_axis/metrics_test.json; runs/v2_B_seed2024_off_axis/metrics_test.json,detection_recall,"delta, 2 x pooled SD, evaluability, assessment recomputed",yes,Not estimable from the available runs; runs 1 vs 3
ipp/ipp.json::table_10[176] Compact +IPP vs +IPP (per-cell) / detection_precision,0.00966372135579141,runs/v2_compact_cell_ipp_off_axis/metrics_test.json; runs/v2_cell_ipp_off_axis/metrics_test.json; runs/v2_B_seed1337_off_axis/metrics_test.json; runs/v2_B_seed2024_off_axis/metrics_test.json,detection_precision,"delta, 2 x pooled SD, evaluability, assessment recomputed",yes,Not estimable from the available runs; runs 1 vs 3
ipp/ipp.json::table_10[177] Compact +IPP vs +IPP (per-cell) / dry_mass_mape_coverage_adjusted,-0.003706626857952533,runs/v2_compact_cell_ipp_off_axis/metrics_test.json; runs/v2_cell_ipp_off_axis/metrics_test.json; runs/v2_B_seed1337_off_axis/metrics_test.json; runs/v2_B_seed2024_off_axis/metrics_test.json,dry_mass_mape_coverage_adjusted,"delta, 2 x pooled SD, evaluability, assessment recomputed",yes,Not estimable from the available runs; runs 1 vs 3
ipp/ipp.json::table_10[178] Compact +IPP vs +IPP (per-cell) / cells_false_positive,-25.0,runs/v2_compact_cell_ipp_off_axis/metrics_test.json; runs/v2_cell_ipp_off_axis/metrics_test.json; runs/v2_B_seed1337_off_axis/metrics_test.json; runs/v2_B_seed2024_off_axis/metrics_test.json,cells_false_positive,"delta, 2 x pooled SD, evaluability, assessment recomputed",yes,Not estimable from the available runs; runs 1 vs 3
ipp/ipp.json::table_10[179] Compact +IPP vs +IPP (per-cell) / dry_mass_cell_pearson_r,-0.005586398543747539,runs/v2_compact_cell_ipp_off_axis/metrics_test.json; runs/v2_cell_ipp_off_axis/metrics_test.json; runs/v2_B_seed1337_off_axis/metrics_test.json; runs/v2_B_seed2024_off_axis/metrics_test.json,dry_mass_cell_pearson_r,"delta, 2 x pooled SD, evaluability, assessment recomputed",yes,Not estimable from the available runs; runs 1 vs 3
ipp/ipp.json::table_10[180] +IPP (image) vs +IPP (per-cell) / dry_mass_mape,0.00038934503888815586,runs/v2_image_volume_off_axis/metrics_test.json; runs/v2_B1_seed1337_off_axis/metrics_test.json; runs/v2_B1_seed2024_off_axis/metrics_test.json; runs/v2_cell_ipp_off_axis/metrics_test.json; runs/v2_B_seed1337_off_axis/metrics_test.json; runs/v2_B_seed2024_off_axis/metrics_test.json,dry_mass_mape,"delta, 2 x pooled SD, evaluability, assessment recomputed",yes,Within 2x pooled SD; runs 3 vs 3
ipp/ipp.json::table_10[181] +IPP (image) vs +IPP (per-cell) / dry_mass_field_total_mape,0.004568581607769101,runs/v2_image_volume_off_axis/metrics_test.json; runs/v2_B1_seed1337_off_axis/metrics_test.json; runs/v2_B1_seed2024_off_axis/metrics_test.json; runs/v2_cell_ipp_off_axis/metrics_test.json; runs/v2_B_seed1337_off_axis/metrics_test.json; runs/v2_B_seed2024_off_axis/metrics_test.json,dry_mass_field_total_mape,"delta, 2 x pooled SD, evaluability, assessment recomputed",yes,Within 2x pooled SD; runs 3 vs 3
ipp/ipp.json::table_10[182] +IPP (image) vs +IPP (per-cell) / dry_mass_field_total_bias,-0.01708511290585124,runs/v2_image_volume_off_axis/metrics_test.json; runs/v2_B1_seed1337_off_axis/metrics_test.json; runs/v2_B1_seed2024_off_axis/metrics_test.json; runs/v2_cell_ipp_off_axis/metrics_test.json; runs/v2_B_seed1337_off_axis/metrics_test.json; runs/v2_B_seed2024_off_axis/metrics_test.json,dry_mass_field_total_bias,"delta, 2 x pooled SD, evaluability, assessment recomputed",yes,Within 2x pooled SD; runs 3 vs 3
ipp/ipp.json::table_10[183] +IPP (image) vs +IPP (per-cell) / area_mape,-0.008192117396535803,runs/v2_image_volume_off_axis/metrics_test.json; runs/v2_B1_seed1337_off_axis/metrics_test.json; runs/v2_B1_seed2024_off_axis/metrics_test.json; runs/v2_cell_ipp_off_axis/metrics_test.json; runs/v2_B_seed1337_off_axis/metrics_test.json; runs/v2_B_seed2024_off_axis/metrics_test.json,area_mape,"delta, 2 x pooled SD, evaluability, assessment recomputed",yes,Within 2x pooled SD; runs 3 vs 3
ipp/ipp.json::table_10[184] +IPP (image) vs +IPP (per-cell) / phase_mae_rad,-0.0011525844666107066,runs/v2_image_volume_off_axis/metrics_test.json; runs/v2_B1_seed1337_off_axis/metrics_test.json; runs/v2_B1_seed2024_off_axis/metrics_test.json; runs/v2_cell_ipp_off_axis/metrics_test.json; runs/v2_B_seed1337_off_axis/metrics_test.json; runs/v2_B_seed2024_off_axis/metrics_test.json,phase_mae_rad,"delta, 2 x pooled SD, evaluability, assessment recomputed",yes,Within 2x pooled SD; runs 3 vs 3
ipp/ipp.json::table_10[185] +IPP (image) vs +IPP (per-cell) / phase_mae_rad_in_cell,0.0069996554591311155,runs/v2_image_volume_off_axis/metrics_test.json; runs/v2_B1_seed1337_off_axis/metrics_test.json; runs/v2_B1_seed2024_off_axis/metrics_test.json; runs/v2_cell_ipp_off_axis/metrics_test.json; runs/v2_B_seed1337_off_axis/metrics_test.json; runs/v2_B_seed2024_off_axis/metrics_test.json,phase_mae_rad_in_cell,"delta, 2 x pooled SD, evaluability, assessment recomputed",yes,Within 2x pooled SD; runs 3 vs 3
ipp/ipp.json::table_10[186] +IPP (image) vs +IPP (per-cell) / phase_pearson_r,0.0018946366675834936,runs/v2_image_volume_off_axis/metrics_test.json; runs/v2_B1_seed1337_off_axis/metrics_test.json; runs/v2_B1_seed2024_off_axis/metrics_test.json; runs/v2_cell_ipp_off_axis/metrics_test.json; runs/v2_B_seed1337_off_axis/metrics_test.json; runs/v2_B_seed2024_off_axis/metrics_test.json,phase_pearson_r,"delta, 2 x pooled SD, evaluability, assessment recomputed",yes,Within 2x pooled SD; runs 3 vs 3
ipp/ipp.json::table_10[187] +IPP (image) vs +IPP (per-cell) / seg_dice,-9.477103624089267e-06,runs/v2_image_volume_off_axis/metrics_test.json; runs/v2_B1_seed1337_off_axis/metrics_test.json; runs/v2_B1_seed2024_off_axis/metrics_test.json; runs/v2_cell_ipp_off_axis/metrics_test.json; runs/v2_B_seed1337_off_axis/metrics_test.json; runs/v2_B_seed2024_off_axis/metrics_test.json,seg_dice,"delta, 2 x pooled SD, evaluability, assessment recomputed",yes,Within 2x pooled SD; runs 3 vs 3
ipp/ipp.json::table_10[188] +IPP (image) vs +IPP (per-cell) / seg_aji,0.0015954899467651718,runs/v2_image_volume_off_axis/metrics_test.json; runs/v2_B1_seed1337_off_axis/metrics_test.json; runs/v2_B1_seed2024_off_axis/metrics_test.json; runs/v2_cell_ipp_off_axis/metrics_test.json; runs/v2_B_seed1337_off_axis/metrics_test.json; runs/v2_B_seed2024_off_axis/metrics_test.json,seg_aji,"delta, 2 x pooled SD, evaluability, assessment recomputed",yes,Within 2x pooled SD; runs 3 vs 3
ipp/ipp.json::table_10[189] +IPP (image) vs +IPP (per-cell) / seg_boundary_f1,-0.004135029002201307,runs/v2_image_volume_off_axis/metrics_test.json; runs/v2_B1_seed1337_off_axis/metrics_test.json; runs/v2_B1_seed2024_off_axis/metrics_test.json; runs/v2_cell_ipp_off_axis/metrics_test.json; runs/v2_B_seed1337_off_axis/metrics_test.json; runs/v2_B_seed2024_off_axis/metrics_test.json,seg_boundary_f1,"delta, 2 x pooled SD, evaluability, assessment recomputed",yes,Within 2x pooled SD; runs 3 vs 3
ipp/ipp.json::table_10[190] +IPP (image) vs +IPP (per-cell) / detection_recall,-0.01171793262188725,runs/v2_image_volume_off_axis/metrics_test.json; runs/v2_B1_seed1337_off_axis/metrics_test.json; runs/v2_B1_seed2024_off_axis/metrics_test.json; runs/v2_cell_ipp_off_axis/metrics_test.json; runs/v2_B_seed1337_off_axis/metrics_test.json; runs/v2_B_seed2024_off_axis/metrics_test.json,detection_recall,"delta, 2 x pooled SD, evaluability, assessment recomputed",yes,Exceeds 2x pooled SD; runs 3 vs 3
ipp/ipp.json::table_10[191] +IPP (image) vs +IPP (per-cell) / detection_precision,0.0383405037845338,runs/v2_image_volume_off_axis/metrics_test.json; runs/v2_B1_seed1337_off_axis/metrics_test.json; runs/v2_B1_seed2024_off_axis/metrics_test.json; runs/v2_cell_ipp_off_axis/metrics_test.json; runs/v2_B_seed1337_off_axis/metrics_test.json; runs/v2_B_seed2024_off_axis/metrics_test.json,detection_precision,"delta, 2 x pooled SD, evaluability, assessment recomputed",yes,Exceeds 2x pooled SD; runs 3 vs 3
ipp/ipp.json::table_10[192] +IPP (image) vs +IPP (per-cell) / dry_mass_mape_coverage_adjusted,0.00973003948755391,runs/v2_image_volume_off_axis/metrics_test.json; runs/v2_B1_seed1337_off_axis/metrics_test.json; runs/v2_B1_seed2024_off_axis/metrics_test.json; runs/v2_cell_ipp_off_axis/metrics_test.json; runs/v2_B_seed1337_off_axis/metrics_test.json; runs/v2_B_seed2024_off_axis/metrics_test.json,dry_mass_mape_coverage_adjusted,"delta, 2 x pooled SD, evaluability, assessment recomputed",yes,Exceeds 2x pooled SD; runs 3 vs 3
ipp/ipp.json::table_10[193] +IPP (image) vs +IPP (per-cell) / cells_false_positive,-114.33333333333331,runs/v2_image_volume_off_axis/metrics_test.json; runs/v2_B1_seed1337_off_axis/metrics_test.json; runs/v2_B1_seed2024_off_axis/metrics_test.json; runs/v2_cell_ipp_off_axis/metrics_test.json; runs/v2_B_seed1337_off_axis/metrics_test.json; runs/v2_B_seed2024_off_axis/metrics_test.json,cells_false_positive,"delta, 2 x pooled SD, evaluability, assessment recomputed",yes,Exceeds 2x pooled SD; runs 3 vs 3
ipp/ipp.json::table_10[194] +IPP (image) vs +IPP (per-cell) / dry_mass_cell_pearson_r,-0.007742793092338829,runs/v2_image_volume_off_axis/metrics_test.json; runs/v2_B1_seed1337_off_axis/metrics_test.json; runs/v2_B1_seed2024_off_axis/metrics_test.json; runs/v2_cell_ipp_off_axis/metrics_test.json; runs/v2_B_seed1337_off_axis/metrics_test.json; runs/v2_B_seed2024_off_axis/metrics_test.json,dry_mass_cell_pearson_r,"delta, 2 x pooled SD, evaluability, assessment recomputed",yes,Exceeds 2x pooled SD; runs 3 vs 3
amplitude/amplitude.json,preregistered,,,banned-word scan,yes,word appears only as a negated instruction
HoloQPI_4.2/table_2.tex:14,0.666,results_for_manuscript/**/*.json,any numeric value (rounded to printed precision),rounded lookup (value or SD; differences and ratios are looked up as exported deltas),yes (rounded),
HoloQPI_4.2/table_2.tex:15,0.284871,results_for_manuscript/**/*.json,any numeric value (rounded to printed precision),rounded lookup (value or SD; differences and ratios are looked up as exported deltas),yes (rounded),
HoloQPI_4.2/table_2.tex:16,0.2,results_for_manuscript/**/*.json,any numeric value (rounded to printed precision),rounded lookup (value or SD; differences and ratios are looked up as exported deltas),yes (rounded),
HoloQPI_4.2/table_2.tex:17,33.77,results_for_manuscript/**/*.json,any numeric value (rounded to printed precision),rounded lookup (value or SD; differences and ratios are looked up as exported deltas),yes (rounded),
HoloQPI_4.2/table_2.tex:34,45.85,results_for_manuscript/**/*.json,any numeric value (rounded to printed precision),rounded lookup (value or SD; differences and ratios are looked up as exported deltas),yes (rounded),
HoloQPI_4.2/table_2.tex:35,47.87,results_for_manuscript/**/*.json,any numeric value (rounded to printed precision),rounded lookup (value or SD; differences and ratios are looked up as exported deltas),yes (rounded),
HoloQPI_4.2/table_2.tex:36,24.03,results_for_manuscript/**/*.json,any numeric value (rounded to printed precision),rounded lookup (value or SD; differences and ratios are looked up as exported deltas),yes (rounded),
HoloQPI_4.2/table_2.tex:41,0.9,results_for_manuscript/**/*.json,any numeric value (rounded to printed precision),rounded lookup (value or SD; differences and ratios are looked up as exported deltas),yes (rounded),
HoloQPI_4.2/table_2.tex:41,0.999,results_for_manuscript/**/*.json,any numeric value (rounded to printed precision),rounded lookup (value or SD; differences and ratios are looked up as exported deltas),yes (rounded),
HoloQPI_4.2/table_2.tex:47,1.0,results_for_manuscript/**/*.json,any numeric value (rounded to printed precision),rounded lookup (value or SD; differences and ratios are looked up as exported deltas),yes (rounded),
HoloQPI_4.2/table_3.tex:8,3.6,results_for_manuscript/**/*.json,any numeric value (rounded to printed precision),rounded lookup (value or SD; differences and ratios are looked up as exported deltas),yes (rounded),
HoloQPI_4.2/table_3.tex:8,3.6,results_for_manuscript/**/*.json,any numeric value (rounded to printed precision),rounded lookup (value or SD; differences and ratios are looked up as exported deltas),yes (rounded),
HoloQPI_4.2/table_3.tex:17,1.0,results_for_manuscript/**/*.json,any numeric value (rounded to printed precision),rounded lookup (value or SD; differences and ratios are looked up as exported deltas),yes (rounded),
HoloQPI_4.2/table_3.tex:18,1.0,results_for_manuscript/**/*.json,any numeric value (rounded to printed precision),rounded lookup (value or SD; differences and ratios are looked up as exported deltas),yes (rounded),
HoloQPI_4.2/table_3.tex:19,1.0,results_for_manuscript/**/*.json,any numeric value (rounded to printed precision),rounded lookup (value or SD; differences and ratios are looked up as exported deltas),yes (rounded),
HoloQPI_4.2/table_3.tex:20,0.05,results_for_manuscript/**/*.json,any numeric value (rounded to printed precision),rounded lookup (value or SD; differences and ratios are looked up as exported deltas),yes (rounded),
HoloQPI_4.2/table_3.tex:21,0.1,results_for_manuscript/**/*.json,any numeric value (rounded to printed precision),rounded lookup (value or SD; differences and ratios are looked up as exported deltas),yes (rounded),
HoloQPI_4.2/table_3.tex:21,0.3,results_for_manuscript/**/*.json,any numeric value (rounded to printed precision),rounded lookup (value or SD; differences and ratios are looked up as exported deltas),yes (rounded),
HoloQPI_4.2/table_3.tex:21,3.0,results_for_manuscript/**/*.json,any numeric value (rounded to printed precision),rounded lookup (value or SD; differences and ratios are looked up as exported deltas),yes (rounded),
HoloQPI_4.2/table_3.tex:21,0.1,results_for_manuscript/**/*.json,any numeric value (rounded to printed precision),rounded lookup (value or SD; differences and ratios are looked up as exported deltas),yes (rounded),
HoloQPI_4.2/table_3.tex:21,0.3,results_for_manuscript/**/*.json,any numeric value (rounded to printed precision),rounded lookup (value or SD; differences and ratios are looked up as exported deltas),yes (rounded),
HoloQPI_4.2/table_3.tex:21,3.0,results_for_manuscript/**/*.json,any numeric value (rounded to printed precision),rounded lookup (value or SD; differences and ratios are looked up as exported deltas),yes (rounded),
HoloQPI_4.2/table_3.tex:24,0.1,results_for_manuscript/**/*.json,any numeric value (rounded to printed precision),rounded lookup (value or SD; differences and ratios are looked up as exported deltas),yes (rounded),
HoloQPI_4.2/table_3.tex:25,0.02,results_for_manuscript/**/*.json,any numeric value (rounded to printed precision),rounded lookup (value or SD; differences and ratios are looked up as exported deltas),yes (rounded),
HoloQPI_4.2/table_3.tex:29,3.36,results_for_manuscript/**/*.json,any numeric value (rounded to printed precision),rounded lookup (value or SD; differences and ratios are looked up as exported deltas),yes (rounded),
HoloQPI_4.2/table_4.tex:14,0.1968,results_for_manuscript/**/*.json,any numeric value (rounded to printed precision),rounded lookup (value or SD; differences and ratios are looked up as exported deltas),yes (rounded),
HoloQPI_4.2/table_4.tex:14,0.1568,results_for_manuscript/**/*.json,any numeric value (rounded to printed precision),rounded lookup (value or SD; differences and ratios are looked up as exported deltas),yes (rounded),
HoloQPI_4.2/table_4.tex:14,0.0023,results_for_manuscript/**/*.json,any numeric value (rounded to printed precision),rounded lookup (value or SD; differences and ratios are looked up as exported deltas),yes (rounded),
HoloQPI_4.2/table_4.tex:14,-0.0400,results_for_manuscript/**/*.json,any numeric value (rounded to printed precision),rounded lookup (value or SD; differences and ratios are looked up as exported deltas),yes (rounded),
HoloQPI_4.2/table_4.tex:15,0.3112,results_for_manuscript/**/*.json,any numeric value (rounded to printed precision),rounded lookup (value or SD; differences and ratios are looked up as exported deltas),yes (rounded),
HoloQPI_4.2/table_4.tex:15,0.2689,results_for_manuscript/**/*.json,any numeric value (rounded to printed precision),rounded lookup (value or SD; differences and ratios are looked up as exported deltas),yes (rounded),
HoloQPI_4.2/table_4.tex:15,0.0056,results_for_manuscript/**/*.json,any numeric value (rounded to printed precision),rounded lookup (value or SD; differences and ratios are looked up as exported deltas),yes (rounded),
HoloQPI_4.2/table_4.tex:15,-0.0423,results_for_manuscript/**/*.json,any numeric value (rounded to printed precision),rounded lookup (value or SD; differences and ratios are looked up as exported deltas),yes (rounded),
HoloQPI_4.2/table_4.tex:16,0.7851,results_for_manuscript/**/*.json,any numeric value (rounded to printed precision),rounded lookup (value or SD; differences and ratios are looked up as exported deltas),yes (rounded),
HoloQPI_4.2/table_4.tex:16,0.8741,results_for_manuscript/**/*.json,any numeric value (rounded to printed precision),rounded lookup (value or SD; differences and ratios are looked up as exported deltas),yes (rounded),
HoloQPI_4.2/table_4.tex:16,0.0023,results_for_manuscript/**/*.json,any numeric value (rounded to printed precision),rounded lookup (value or SD; differences and ratios are looked up as exported deltas),yes (rounded),
HoloQPI_4.2/table_4.tex:16,0.0890,results_for_manuscript/**/*.json,any numeric value (rounded to printed precision),rounded lookup (value or SD; differences and ratios are looked up as exported deltas),yes (rounded),
HoloQPI_4.2/table_4.tex:17,0.5299,results_for_manuscript/**/*.json,any numeric value (rounded to printed precision),rounded lookup (value or SD; differences and ratios are looked up as exported deltas),yes (rounded),
HoloQPI_4.2/table_4.tex:17,0.6386,results_for_manuscript/**/*.json,any numeric value (rounded to printed precision),rounded lookup (value or SD; differences and ratios are looked up as exported deltas),yes (rounded),
HoloQPI_4.2/table_4.tex:17,0.0053,results_for_manuscript/**/*.json,any numeric value (rounded to printed precision),rounded lookup (value or SD; differences and ratios are looked up as exported deltas),yes (rounded),
HoloQPI_4.2/table_4.tex:17,0.1087,results_for_manuscript/**/*.json,any numeric value (rounded to printed precision),rounded lookup (value or SD; differences and ratios are looked up as exported deltas),yes (rounded),
HoloQPI_4.2/table_4.tex:19,0.8253,results_for_manuscript/**/*.json,any numeric value (rounded to printed precision),rounded lookup (value or SD; differences and ratios are looked up as exported deltas),yes (rounded),
HoloQPI_4.2/table_4.tex:19,0.8337,results_for_manuscript/**/*.json,any numeric value (rounded to printed precision),rounded lookup (value or SD; differences and ratios are looked up as exported deltas),yes (rounded),
HoloQPI_4.2/table_4.tex:19,0.0013,results_for_manuscript/**/*.json,any numeric value (rounded to printed precision),rounded lookup (value or SD; differences and ratios are looked up as exported deltas),yes (rounded),
HoloQPI_4.2/table_4.tex:19,0.0085,results_for_manuscript/**/*.json,any numeric value (rounded to printed precision),rounded lookup (value or SD; differences and ratios are looked up as exported deltas),yes (rounded),
HoloQPI_4.2/table_4.tex:20,0.6387,results_for_manuscript/**/*.json,any numeric value (rounded to printed precision),rounded lookup (value or SD; differences and ratios are looked up as exported deltas),yes (rounded),
HoloQPI_4.2/table_4.tex:20,0.6710,results_for_manuscript/**/*.json,any numeric value (rounded to printed precision),rounded lookup (value or SD; differences and ratios are looked up as exported deltas),yes (rounded),
HoloQPI_4.2/table_4.tex:20,0.0025,results_for_manuscript/**/*.json,any numeric value (rounded to printed precision),rounded lookup (value or SD; differences and ratios are looked up as exported deltas),yes (rounded),
HoloQPI_4.2/table_4.tex:20,0.0322,results_for_manuscript/**/*.json,any numeric value (rounded to printed precision),rounded lookup (value or SD; differences and ratios are looked up as exported deltas),yes (rounded),
HoloQPI_4.2/table_4.tex:21,0.3954,results_for_manuscript/**/*.json,any numeric value (rounded to printed precision),rounded lookup (value or SD; differences and ratios are looked up as exported deltas),yes (rounded),
HoloQPI_4.2/table_4.tex:21,0.4687,results_for_manuscript/**/*.json,any numeric value (rounded to printed precision),rounded lookup (value or SD; differences and ratios are looked up as exported deltas),yes (rounded),
HoloQPI_4.2/table_4.tex:21,0.0053,results_for_manuscript/**/*.json,any numeric value (rounded to printed precision),rounded lookup (value or SD; differences and ratios are looked up as exported deltas),yes (rounded),
HoloQPI_4.2/table_4.tex:21,0.0733,results_for_manuscript/**/*.json,any numeric value (rounded to printed precision),rounded lookup (value or SD; differences and ratios are looked up as exported deltas),yes (rounded),
HoloQPI_4.2/table_4.tex:22,0.5869,results_for_manuscript/**/*.json,any numeric value (rounded to printed precision),rounded lookup (value or SD; differences and ratios are looked up as exported deltas),yes (rounded),
HoloQPI_4.2/table_4.tex:22,0.5931,results_for_manuscript/**/*.json,any numeric value (rounded to printed precision),rounded lookup (value or SD; differences and ratios are looked up as exported deltas),yes (rounded),
HoloQPI_4.2/table_4.tex:22,0.0027,results_for_manuscript/**/*.json,any numeric value (rounded to printed precision),rounded lookup (value or SD; differences and ratios are looked up as exported deltas),yes (rounded),
HoloQPI_4.2/table_4.tex:22,0.0062,results_for_manuscript/**/*.json,any numeric value (rounded to printed precision),rounded lookup (value or SD; differences and ratios are looked up as exported deltas),yes (rounded),
HoloQPI_4.2/table_4.tex:23,0.7910,results_for_manuscript/**/*.json,any numeric value (rounded to printed precision),rounded lookup (value or SD; differences and ratios are looked up as exported deltas),yes (rounded),
HoloQPI_4.2/table_4.tex:23,0.8488,results_for_manuscript/**/*.json,any numeric value (rounded to printed precision),rounded lookup (value or SD; differences and ratios are looked up as exported deltas),yes (rounded),
HoloQPI_4.2/table_4.tex:23,0.0124,results_for_manuscript/**/*.json,any numeric value (rounded to printed precision),rounded lookup (value or SD; differences and ratios are looked up as exported deltas),yes (rounded),
HoloQPI_4.2/table_4.tex:23,0.0577,results_for_manuscript/**/*.json,any numeric value (rounded to printed precision),rounded lookup (value or SD; differences and ratios are looked up as exported deltas),yes (rounded),
HoloQPI_4.2/table_4.tex:25,0.1578,results_for_manuscript/**/*.json,any numeric value (rounded to printed precision),rounded lookup (value or SD; differences and ratios are looked up as exported deltas),yes (rounded),
HoloQPI_4.2/table_4.tex:25,0.1568,results_for_manuscript/**/*.json,any numeric value (rounded to printed precision),rounded lookup (value or SD; differences and ratios are looked up as exported deltas),yes (rounded),
HoloQPI_4.2/table_4.tex:25,0.0027,results_for_manuscript/**/*.json,any numeric value (rounded to printed precision),rounded lookup (value or SD; differences and ratios are looked up as exported deltas),yes (rounded),
HoloQPI_4.2/table_4.tex:25,-0.0010,results_for_manuscript/**/*.json,any numeric value (rounded to printed precision),rounded lookup (value or SD; differences and ratios are looked up as exported deltas),yes (rounded),
HoloQPI_4.2/table_4.tex:26,0.2203,results_for_manuscript/**/*.json,any numeric value (rounded to printed precision),rounded lookup (value or SD; differences and ratios are looked up as exported deltas),yes (rounded),
HoloQPI_4.2/table_4.tex:26,0.1742,results_for_manuscript/**/*.json,any numeric value (rounded to printed precision),rounded lookup (value or SD; differences and ratios are looked up as exported deltas),yes (rounded),
HoloQPI_4.2/table_4.tex:26,0.0045,results_for_manuscript/**/*.json,any numeric value (rounded to printed precision),rounded lookup (value or SD; differences and ratios are looked up as exported deltas),yes (rounded),
HoloQPI_4.2/table_4.tex:26,-0.0461,results_for_manuscript/**/*.json,any numeric value (rounded to printed precision),rounded lookup (value or SD; differences and ratios are looked up as exported deltas),yes (rounded),
HoloQPI_4.2/table_4.tex:27,0.8937,results_for_manuscript/**/*.json,any numeric value (rounded to printed precision),rounded lookup (value or SD; differences and ratios are looked up as exported deltas),yes (rounded),
HoloQPI_4.2/table_4.tex:27,0.9363,results_for_manuscript/**/*.json,any numeric value (rounded to printed precision),rounded lookup (value or SD; differences and ratios are looked up as exported deltas),yes (rounded),
HoloQPI_4.2/table_4.tex:27,0.0007,results_for_manuscript/**/*.json,any numeric value (rounded to printed precision),rounded lookup (value or SD; differences and ratios are looked up as exported deltas),yes (rounded),
HoloQPI_4.2/table_4.tex:27,0.0427,results_for_manuscript/**/*.json,any numeric value (rounded to printed precision),rounded lookup (value or SD; differences and ratios are looked up as exported deltas),yes (rounded),
HoloQPI_4.2/table_4.tex:28,0.1094,results_for_manuscript/**/*.json,any numeric value (rounded to printed precision),rounded lookup (value or SD; differences and ratios are looked up as exported deltas),yes (rounded),
HoloQPI_4.2/table_4.tex:28,0.1631,results_for_manuscript/**/*.json,any numeric value (rounded to printed precision),rounded lookup (value or SD; differences and ratios are looked up as exported deltas),yes (rounded),
HoloQPI_4.2/table_4.tex:28,0.0141,results_for_manuscript/**/*.json,any numeric value (rounded to printed precision),rounded lookup (value or SD; differences and ratios are looked up as exported deltas),yes (rounded),
HoloQPI_4.2/table_4.tex:28,0.0537,results_for_manuscript/**/*.json,any numeric value (rounded to printed precision),rounded lookup (value or SD; differences and ratios are looked up as exported deltas),yes (rounded),
HoloQPI_4.2/table_5.tex:17,0.922,results_for_manuscript/**/*.json,any numeric value (rounded to printed precision),rounded lookup (value or SD; differences and ratios are looked up as exported deltas),yes (rounded),
HoloQPI_4.2/table_5.tex:17,-0.084,results_for_manuscript/**/*.json,any numeric value (rounded to printed precision),rounded lookup (value or SD; differences and ratios are looked up as exported deltas),yes (rounded),
HoloQPI_4.2/table_5.tex:19,0.1625,results_for_manuscript/**/*.json,any numeric value (rounded to printed precision),rounded lookup (value or SD; differences and ratios are looked up as exported deltas),yes (rounded),
HoloQPI_4.2/table_5.tex:19,0.1586,results_for_manuscript/**/*.json,any numeric value (rounded to printed precision),rounded lookup (value or SD; differences and ratios are looked up as exported deltas),yes (rounded),
HoloQPI_4.2/table_5.tex:19,0.0024,results_for_manuscript/**/*.json,any numeric value (rounded to printed precision),rounded lookup (value or SD; differences and ratios are looked up as exported deltas),yes (rounded),
HoloQPI_4.2/table_5.tex:19,0.1990,results_for_manuscript/**/*.json,any numeric value (rounded to printed precision),rounded lookup (value or SD; differences and ratios are looked up as exported deltas),yes (rounded),
HoloQPI_4.2/table_5.tex:19,0.3996,results_for_manuscript/**/*.json,any numeric value (rounded to printed precision),rounded lookup (value or SD; differences and ratios are looked up as exported deltas),yes (rounded),
HoloQPI_4.2/table_5.tex:20,0.3005,results_for_manuscript/**/*.json,any numeric value (rounded to printed precision),rounded lookup (value or SD; differences and ratios are looked up as exported deltas),yes (rounded),
HoloQPI_4.2/table_5.tex:20,0.2726,results_for_manuscript/**/*.json,any numeric value (rounded to printed precision),rounded lookup (value or SD; differences and ratios are looked up as exported deltas),yes (rounded),
HoloQPI_4.2/table_5.tex:20,0.0057,results_for_manuscript/**/*.json,any numeric value (rounded to printed precision),rounded lookup (value or SD; differences and ratios are looked up as exported deltas),yes (rounded),
HoloQPI_4.2/table_5.tex:20,0.3157,results_for_manuscript/**/*.json,any numeric value (rounded to printed precision),rounded lookup (value or SD; differences and ratios are looked up as exported deltas),yes (rounded),
HoloQPI_4.2/table_5.tex:20,1.0448,results_for_manuscript/**/*.json,any numeric value (rounded to printed precision),rounded lookup (value or SD; differences and ratios are looked up as exported deltas),yes (rounded),
HoloQPI_4.2/table_5.tex:21,0.8667,results_for_manuscript/**/*.json,any numeric value (rounded to printed precision),rounded lookup (value or SD; differences and ratios are looked up as exported deltas),yes (rounded),
HoloQPI_4.2/table_5.tex:21,0.8745,results_for_manuscript/**/*.json,any numeric value (rounded to printed precision),rounded lookup (value or SD; differences and ratios are looked up as exported deltas),yes (rounded),
HoloQPI_4.2/table_5.tex:21,0.0023,results_for_manuscript/**/*.json,any numeric value (rounded to printed precision),rounded lookup (value or SD; differences and ratios are looked up as exported deltas),yes (rounded),
HoloQPI_4.2/table_5.tex:21,0.7849,results_for_manuscript/**/*.json,any numeric value (rounded to printed precision),rounded lookup (value or SD; differences and ratios are looked up as exported deltas),yes (rounded),
HoloQPI_4.2/table_5.tex:21,-0.2075,results_for_manuscript/**/*.json,any numeric value (rounded to printed precision),rounded lookup (value or SD; differences and ratios are looked up as exported deltas),yes (rounded),
HoloQPI_4.2/table_5.tex:22,0.6296,results_for_manuscript/**/*.json,any numeric value (rounded to printed precision),rounded lookup (value or SD; differences and ratios are looked up as exported deltas),yes (rounded),
HoloQPI_4.2/table_5.tex:22,0.6377,results_for_manuscript/**/*.json,any numeric value (rounded to printed precision),rounded lookup (value or SD; differences and ratios are looked up as exported deltas),yes (rounded),
HoloQPI_4.2/table_5.tex:22,0.0053,results_for_manuscript/**/*.json,any numeric value (rounded to printed precision),rounded lookup (value or SD; differences and ratios are looked up as exported deltas),yes (rounded),
HoloQPI_4.2/table_5.tex:22,0.5297,results_for_manuscript/**/*.json,any numeric value (rounded to printed precision),rounded lookup (value or SD; differences and ratios are looked up as exported deltas),yes (rounded),
HoloQPI_4.2/table_5.tex:22,0.0639,results_for_manuscript/**/*.json,any numeric value (rounded to printed precision),rounded lookup (value or SD; differences and ratios are looked up as exported deltas),yes (rounded),
HoloQPI_4.2/table_5.tex:24,0.8148,results_for_manuscript/**/*.json,any numeric value (rounded to printed precision),rounded lookup (value or SD; differences and ratios are looked up as exported deltas),yes (rounded),
HoloQPI_4.2/table_5.tex:24,0.8330,results_for_manuscript/**/*.json,any numeric value (rounded to printed precision),rounded lookup (value or SD; differences and ratios are looked up as exported deltas),yes (rounded),
HoloQPI_4.2/table_5.tex:24,0.0013,results_for_manuscript/**/*.json,any numeric value (rounded to printed precision),rounded lookup (value or SD; differences and ratios are looked up as exported deltas),yes (rounded),
HoloQPI_4.2/table_5.tex:24,0.8240,results_for_manuscript/**/*.json,any numeric value (rounded to printed precision),rounded lookup (value or SD; differences and ratios are looked up as exported deltas),yes (rounded),
HoloQPI_4.2/table_5.tex:24,0.1583,results_for_manuscript/**/*.json,any numeric value (rounded to printed precision),rounded lookup (value or SD; differences and ratios are looked up as exported deltas),yes (rounded),
HoloQPI_4.2/table_5.tex:25,0.6399,results_for_manuscript/**/*.json,any numeric value (rounded to printed precision),rounded lookup (value or SD; differences and ratios are looked up as exported deltas),yes (rounded),
HoloQPI_4.2/table_5.tex:25,0.6697,results_for_manuscript/**/*.json,any numeric value (rounded to printed precision),rounded lookup (value or SD; differences and ratios are looked up as exported deltas),yes (rounded),
HoloQPI_4.2/table_5.tex:25,0.0031,results_for_manuscript/**/*.json,any numeric value (rounded to printed precision),rounded lookup (value or SD; differences and ratios are looked up as exported deltas),yes (rounded),
HoloQPI_4.2/table_5.tex:25,0.6355,results_for_manuscript/**/*.json,any numeric value (rounded to printed precision),rounded lookup (value or SD; differences and ratios are looked up as exported deltas),yes (rounded),
HoloQPI_4.2/table_5.tex:25,0.0549,results_for_manuscript/**/*.json,any numeric value (rounded to printed precision),rounded lookup (value or SD; differences and ratios are looked up as exported deltas),yes (rounded),
HoloQPI_4.2/table_5.tex:26,0.4165,results_for_manuscript/**/*.json,any numeric value (rounded to printed precision),rounded lookup (value or SD; differences and ratios are looked up as exported deltas),yes (rounded),
HoloQPI_4.2/table_5.tex:26,0.4706,results_for_manuscript/**/*.json,any numeric value (rounded to printed precision),rounded lookup (value or SD; differences and ratios are looked up as exported deltas),yes (rounded),
HoloQPI_4.2/table_5.tex:26,0.0052,results_for_manuscript/**/*.json,any numeric value (rounded to printed precision),rounded lookup (value or SD; differences and ratios are looked up as exported deltas),yes (rounded),
HoloQPI_4.2/table_5.tex:26,0.3943,results_for_manuscript/**/*.json,any numeric value (rounded to printed precision),rounded lookup (value or SD; differences and ratios are looked up as exported deltas),yes (rounded),
HoloQPI_4.2/table_5.tex:26,0.1087,results_for_manuscript/**/*.json,any numeric value (rounded to printed precision),rounded lookup (value or SD; differences and ratios are looked up as exported deltas),yes (rounded),
HoloQPI_4.2/table_5.tex:27,0.5885,results_for_manuscript/**/*.json,any numeric value (rounded to printed precision),rounded lookup (value or SD; differences and ratios are looked up as exported deltas),yes (rounded),
HoloQPI_4.2/table_5.tex:27,0.5936,results_for_manuscript/**/*.json,any numeric value (rounded to printed precision),rounded lookup (value or SD; differences and ratios are looked up as exported deltas),yes (rounded),
HoloQPI_4.2/table_5.tex:27,0.0031,results_for_manuscript/**/*.json,any numeric value (rounded to printed precision),rounded lookup (value or SD; differences and ratios are looked up as exported deltas),yes (rounded),
HoloQPI_4.2/table_5.tex:27,0.5849,results_for_manuscript/**/*.json,any numeric value (rounded to printed precision),rounded lookup (value or SD; differences and ratios are looked up as exported deltas),yes (rounded),
HoloQPI_4.2/table_5.tex:27,0.0347,results_for_manuscript/**/*.json,any numeric value (rounded to printed precision),rounded lookup (value or SD; differences and ratios are looked up as exported deltas),yes (rounded),
HoloQPI_4.2/table_5.tex:28,0.8406,results_for_manuscript/**/*.json,any numeric value (rounded to printed precision),rounded lookup (value or SD; differences and ratios are looked up as exported deltas),yes (rounded),
HoloQPI_4.2/table_5.tex:28,0.8487,results_for_manuscript/**/*.json,any numeric value (rounded to printed precision),rounded lookup (value or SD; differences and ratios are looked up as exported deltas),yes (rounded),
HoloQPI_4.2/table_5.tex:28,0.0140,results_for_manuscript/**/*.json,any numeric value (rounded to printed precision),rounded lookup (value or SD; differences and ratios are looked up as exported deltas),yes (rounded),
HoloQPI_4.2/table_5.tex:28,0.7883,results_for_manuscript/**/*.json,any numeric value (rounded to printed precision),rounded lookup (value or SD; differences and ratios are looked up as exported deltas),yes (rounded),
HoloQPI_4.2/table_5.tex:28,0.0077,results_for_manuscript/**/*.json,any numeric value (rounded to printed precision),rounded lookup (value or SD; differences and ratios are looked up as exported deltas),yes (rounded),
HoloQPI_4.2/table_5.tex:30,0.1669,results_for_manuscript/**/*.json,any numeric value (rounded to printed precision),rounded lookup (value or SD; differences and ratios are looked up as exported deltas),yes (rounded),
HoloQPI_4.2/table_5.tex:30,0.1552,results_for_manuscript/**/*.json,any numeric value (rounded to printed precision),rounded lookup (value or SD; differences and ratios are looked up as exported deltas),yes (rounded),
HoloQPI_4.2/table_5.tex:30,0.0025,results_for_manuscript/**/*.json,any numeric value (rounded to printed precision),rounded lookup (value or SD; differences and ratios are looked up as exported deltas),yes (rounded),
HoloQPI_4.2/table_5.tex:30,0.1576,results_for_manuscript/**/*.json,any numeric value (rounded to printed precision),rounded lookup (value or SD; differences and ratios are looked up as exported deltas),yes (rounded),
HoloQPI_4.2/table_5.tex:30,0.5315,results_for_manuscript/**/*.json,any numeric value (rounded to printed precision),rounded lookup (value or SD; differences and ratios are looked up as exported deltas),yes (rounded),
HoloQPI_4.2/table_5.tex:31,0.2129,results_for_manuscript/**/*.json,any numeric value (rounded to printed precision),rounded lookup (value or SD; differences and ratios are looked up as exported deltas),yes (rounded),
HoloQPI_4.2/table_5.tex:31,0.1740,results_for_manuscript/**/*.json,any numeric value (rounded to printed precision),rounded lookup (value or SD; differences and ratios are looked up as exported deltas),yes (rounded),
HoloQPI_4.2/table_5.tex:31,0.0045,results_for_manuscript/**/*.json,any numeric value (rounded to printed precision),rounded lookup (value or SD; differences and ratios are looked up as exported deltas),yes (rounded),
HoloQPI_4.2/table_5.tex:31,0.2204,results_for_manuscript/**/*.json,any numeric value (rounded to printed precision),rounded lookup (value or SD; differences and ratios are looked up as exported deltas),yes (rounded),
HoloQPI_4.2/table_5.tex:31,0.6942,results_for_manuscript/**/*.json,any numeric value (rounded to printed precision),rounded lookup (value or SD; differences and ratios are looked up as exported deltas),yes (rounded),
HoloQPI_4.2/table_5.tex:32,0.1356,results_for_manuscript/**/*.json,any numeric value (rounded to printed precision),rounded lookup (value or SD; differences and ratios are looked up as exported deltas),yes (rounded),
HoloQPI_4.2/table_5.tex:32,0.1657,results_for_manuscript/**/*.json,any numeric value (rounded to printed precision),rounded lookup (value or SD; differences and ratios are looked up as exported deltas),yes (rounded),
HoloQPI_4.2/table_5.tex:32,0.0145,results_for_manuscript/**/*.json,any numeric value (rounded to printed precision),rounded lookup (value or SD; differences and ratios are looked up as exported deltas),yes (rounded),
HoloQPI_4.2/table_5.tex:32,0.1101,results_for_manuscript/**/*.json,any numeric value (rounded to printed precision),rounded lookup (value or SD; differences and ratios are looked up as exported deltas),yes (rounded),
HoloQPI_4.2/table_5.tex:32,0.6602,results_for_manuscript/**/*.json,any numeric value (rounded to printed precision),rounded lookup (value or SD; differences and ratios are looked up as exported deltas),yes (rounded),
HoloQPI_4.2/table_5.tex:34,0.9029,results_for_manuscript/**/*.json,any numeric value (rounded to printed precision),rounded lookup (value or SD; differences and ratios are looked up as exported deltas),yes (rounded),
HoloQPI_4.2/table_5.tex:34,0.9374,results_for_manuscript/**/*.json,any numeric value (rounded to printed precision),rounded lookup (value or SD; differences and ratios are looked up as exported deltas),yes (rounded),
HoloQPI_4.2/table_5.tex:34,0.0010,results_for_manuscript/**/*.json,any numeric value (rounded to printed precision),rounded lookup (value or SD; differences and ratios are looked up as exported deltas),yes (rounded),
HoloQPI_4.2/table_5.tex:34,0.8940,results_for_manuscript/**/*.json,any numeric value (rounded to printed precision),rounded lookup (value or SD; differences and ratios are looked up as exported deltas),yes (rounded),
HoloQPI_4.2/table_5.tex:34,0.8758,results_for_manuscript/**/*.json,any numeric value (rounded to printed precision),rounded lookup (value or SD; differences and ratios are looked up as exported deltas),yes (rounded),
HoloQPI_4.2/table_6.tex:16,0.1568,results_for_manuscript/**/*.json,any numeric value (rounded to printed precision),rounded lookup (value or SD; differences and ratios are looked up as exported deltas),yes (rounded),
HoloQPI_4.2/table_6.tex:16,0.0027,results_for_manuscript/**/*.json,any numeric value (rounded to printed precision),rounded lookup (value or SD; differences and ratios are looked up as exported deltas),yes (rounded),
HoloQPI_4.2/table_6.tex:16,0.1471,results_for_manuscript/**/*.json,any numeric value (rounded to printed precision),rounded lookup (value or SD; differences and ratios are looked up as exported deltas),yes (rounded),
HoloQPI_4.2/table_6.tex:16,-0.1663,results_for_manuscript/**/*.json,any numeric value (rounded to printed precision),rounded lookup (value or SD; differences and ratios are looked up as exported deltas),yes (rounded),
HoloQPI_4.2/table_6.tex:16,0.4999,results_for_manuscript/**/*.json,any numeric value (rounded to printed precision),rounded lookup (value or SD; differences and ratios are looked up as exported deltas),yes (rounded),
HoloQPI_4.2/table_6.tex:16,0.0036,results_for_manuscript/**/*.json,any numeric value (rounded to printed precision),rounded lookup (value or SD; differences and ratios are looked up as exported deltas),yes (rounded),
HoloQPI_4.2/table_6.tex:16,0.8986,results_for_manuscript/**/*.json,any numeric value (rounded to printed precision),rounded lookup (value or SD; differences and ratios are looked up as exported deltas),yes (rounded),
HoloQPI_4.2/table_6.tex:16,0.0011,results_for_manuscript/**/*.json,any numeric value (rounded to printed precision),rounded lookup (value or SD; differences and ratios are looked up as exported deltas),yes (rounded),
HoloQPI_4.2/table_6.tex:17,0.0571,results_for_manuscript/**/*.json,any numeric value (rounded to printed precision),rounded lookup (value or SD; differences and ratios are looked up as exported deltas),yes (rounded),
HoloQPI_4.2/table_6.tex:17,0.0027,results_for_manuscript/**/*.json,any numeric value (rounded to printed precision),rounded lookup (value or SD; differences and ratios are looked up as exported deltas),yes (rounded),
HoloQPI_4.2/table_6.tex:17,0.0493,results_for_manuscript/**/*.json,any numeric value (rounded to printed precision),rounded lookup (value or SD; differences and ratios are looked up as exported deltas),yes (rounded),
HoloQPI_4.2/table_6.tex:17,-0.0633,results_for_manuscript/**/*.json,any numeric value (rounded to printed precision),rounded lookup (value or SD; differences and ratios are looked up as exported deltas),yes (rounded),
HoloQPI_4.2/table_6.tex:17,0.4408,results_for_manuscript/**/*.json,any numeric value (rounded to printed precision),rounded lookup (value or SD; differences and ratios are looked up as exported deltas),yes (rounded),
HoloQPI_4.2/table_6.tex:17,0.0039,results_for_manuscript/**/*.json,any numeric value (rounded to printed precision),rounded lookup (value or SD; differences and ratios are looked up as exported deltas),yes (rounded),
HoloQPI_4.2/table_6.tex:17,0.8861,results_for_manuscript/**/*.json,any numeric value (rounded to printed precision),rounded lookup (value or SD; differences and ratios are looked up as exported deltas),yes (rounded),
HoloQPI_4.2/table_6.tex:17,0.0072,results_for_manuscript/**/*.json,any numeric value (rounded to printed precision),rounded lookup (value or SD; differences and ratios are looked up as exported deltas),yes (rounded),
HoloQPI_4.2/table_6.tex:18,0.1742,results_for_manuscript/**/*.json,any numeric value (rounded to printed precision),rounded lookup (value or SD; differences and ratios are looked up as exported deltas),yes (rounded),
HoloQPI_4.2/table_6.tex:18,0.0045,results_for_manuscript/**/*.json,any numeric value (rounded to printed precision),rounded lookup (value or SD; differences and ratios are looked up as exported deltas),yes (rounded),
HoloQPI_4.2/table_6.tex:18,0.1650,results_for_manuscript/**/*.json,any numeric value (rounded to printed precision),rounded lookup (value or SD; differences and ratios are looked up as exported deltas),yes (rounded),
HoloQPI_4.2/table_6.tex:18,-0.1849,results_for_manuscript/**/*.json,any numeric value (rounded to printed precision),rounded lookup (value or SD; differences and ratios are looked up as exported deltas),yes (rounded),
HoloQPI_4.2/table_6.tex:18,0.5102,results_for_manuscript/**/*.json,any numeric value (rounded to printed precision),rounded lookup (value or SD; differences and ratios are looked up as exported deltas),yes (rounded),
HoloQPI_4.2/table_6.tex:18,0.0041,results_for_manuscript/**/*.json,any numeric value (rounded to printed precision),rounded lookup (value or SD; differences and ratios are looked up as exported deltas),yes (rounded),
HoloQPI_4.2/table_6.tex:18,0.9363,results_for_manuscript/**/*.json,any numeric value (rounded to printed precision),rounded lookup (value or SD; differences and ratios are looked up as exported deltas),yes (rounded),
HoloQPI_4.2/table_6.tex:18,0.0007,results_for_manuscript/**/*.json,any numeric value (rounded to printed precision),rounded lookup (value or SD; differences and ratios are looked up as exported deltas),yes (rounded),
HoloQPI_4.2/table_6.tex:30,0.0649,results_for_manuscript/**/*.json,any numeric value (rounded to printed precision),rounded lookup (value or SD; differences and ratios are looked up as exported deltas),yes (rounded),
HoloQPI_4.2/table_6.tex:30,0.0028,results_for_manuscript/**/*.json,any numeric value (rounded to printed precision),rounded lookup (value or SD; differences and ratios are looked up as exported deltas),yes (rounded),
HoloQPI_4.2/table_6.tex:30,-0.162,results_for_manuscript/**/*.json,any numeric value (rounded to printed precision),rounded lookup (value or SD; differences and ratios are looked up as exported deltas),yes (rounded),
HoloQPI_4.2/table_6.tex:30,0.292,results_for_manuscript/**/*.json,any numeric value (rounded to printed precision),rounded lookup (value or SD; differences and ratios are looked up as exported deltas),yes (rounded),
HoloQPI_4.2/table_6.tex:30,-0.0901,results_for_manuscript/**/*.json,any numeric value (rounded to printed precision),rounded lookup (value or SD; differences and ratios are looked up as exported deltas),yes (rounded),
HoloQPI_4.2/table_6.tex:30,0.0037,results_for_manuscript/**/*.json,any numeric value (rounded to printed precision),rounded lookup (value or SD; differences and ratios are looked up as exported deltas),yes (rounded),
HoloQPI_4.2/table_6.tex:30,0.1553,results_for_manuscript/**/*.json,any numeric value (rounded to printed precision),rounded lookup (value or SD; differences and ratios are looked up as exported deltas),yes (rounded),
HoloQPI_4.2/table_6.tex:30,0.0047,results_for_manuscript/**/*.json,any numeric value (rounded to printed precision),rounded lookup (value or SD; differences and ratios are looked up as exported deltas),yes (rounded),
HoloQPI_4.2/table_6.tex:30,0.9341,results_for_manuscript/**/*.json,any numeric value (rounded to printed precision),rounded lookup (value or SD; differences and ratios are looked up as exported deltas),yes (rounded),
HoloQPI_4.2/table_6.tex:30,0.0043,results_for_manuscript/**/*.json,any numeric value (rounded to printed precision),rounded lookup (value or SD; differences and ratios are looked up as exported deltas),yes (rounded),
HoloQPI_4.2/table_6.tex:31,0.0217,results_for_manuscript/**/*.json,any numeric value (rounded to printed precision),rounded lookup (value or SD; differences and ratios are looked up as exported deltas),yes (rounded),
HoloQPI_4.2/table_6.tex:31,0.0057,results_for_manuscript/**/*.json,any numeric value (rounded to printed precision),rounded lookup (value or SD; differences and ratios are looked up as exported deltas),yes (rounded),
HoloQPI_4.2/table_6.tex:31,-0.054,results_for_manuscript/**/*.json,any numeric value (rounded to printed precision),rounded lookup (value or SD; differences and ratios are looked up as exported deltas),yes (rounded),
HoloQPI_4.2/table_6.tex:31,0.097,results_for_manuscript/**/*.json,any numeric value (rounded to printed precision),rounded lookup (value or SD; differences and ratios are looked up as exported deltas),yes (rounded),
HoloQPI_4.2/table_6.tex:32,-0.0372,results_for_manuscript/**/*.json,any numeric value (rounded to printed precision),rounded lookup (value or SD; differences and ratios are looked up as exported deltas),yes (rounded),
HoloQPI_4.2/table_6.tex:32,0.0172,results_for_manuscript/**/*.json,any numeric value (rounded to printed precision),rounded lookup (value or SD; differences and ratios are looked up as exported deltas),yes (rounded),
HoloQPI_4.2/table_6.tex:32,-0.247,results_for_manuscript/**/*.json,any numeric value (rounded to printed precision),rounded lookup (value or SD; differences and ratios are looked up as exported deltas),yes (rounded),
HoloQPI_4.2/table_6.tex:32,0.172,results_for_manuscript/**/*.json,any numeric value (rounded to printed precision),rounded lookup (value or SD; differences and ratios are looked up as exported deltas),yes (rounded),
HoloQPI_4.2/table_6.tex:32,-0.1560,results_for_manuscript/**/*.json,any numeric value (rounded to printed precision),rounded lookup (value or SD; differences and ratios are looked up as exported deltas),yes (rounded),
HoloQPI_4.2/table_6.tex:32,0.0174,results_for_manuscript/**/*.json,any numeric value (rounded to printed precision),rounded lookup (value or SD; differences and ratios are looked up as exported deltas),yes (rounded),
HoloQPI_4.2/table_6.tex:32,0.1631,results_for_manuscript/**/*.json,any numeric value (rounded to printed precision),rounded lookup (value or SD; differences and ratios are looked up as exported deltas),yes (rounded),
HoloQPI_4.2/table_6.tex:32,0.0141,results_for_manuscript/**/*.json,any numeric value (rounded to printed precision),rounded lookup (value or SD; differences and ratios are looked up as exported deltas),yes (rounded),
HoloQPI_4.2/table_6.tex:32,0.9883,results_for_manuscript/**/*.json,any numeric value (rounded to printed precision),rounded lookup (value or SD; differences and ratios are looked up as exported deltas),yes (rounded),
HoloQPI_4.2/table_6.tex:32,0.0007,results_for_manuscript/**/*.json,any numeric value (rounded to printed precision),rounded lookup (value or SD; differences and ratios are looked up as exported deltas),yes (rounded),
HoloQPI_4.2/table_7.tex:18,0.593,results_for_manuscript/**/*.json,any numeric value (rounded to printed precision),rounded lookup (value or SD; differences and ratios are looked up as exported deltas),yes (rounded),
HoloQPI_4.2/table_7.tex:18,1.002,results_for_manuscript/**/*.json,any numeric value (rounded to printed precision),rounded lookup (value or SD; differences and ratios are looked up as exported deltas),yes (rounded),
HoloQPI_4.2/table_7.tex:18,0.002,results_for_manuscript/**/*.json,any numeric value (rounded to printed precision),rounded lookup (value or SD; differences and ratios are looked up as exported deltas),yes (rounded),
HoloQPI_4.2/table_7.tex:18,0.929,results_for_manuscript/**/*.json,any numeric value (rounded to printed precision),rounded lookup (value or SD; differences and ratios are looked up as exported deltas),yes (rounded),
HoloQPI_4.2/table_7.tex:18,0.016,results_for_manuscript/**/*.json,any numeric value (rounded to printed precision),rounded lookup (value or SD; differences and ratios are looked up as exported deltas),yes (rounded),
HoloQPI_4.2/table_7.tex:18,0.931,results_for_manuscript/**/*.json,any numeric value (rounded to printed precision),rounded lookup (value or SD; differences and ratios are looked up as exported deltas),yes (rounded),
HoloQPI_4.2/table_7.tex:18,0.014,results_for_manuscript/**/*.json,any numeric value (rounded to printed precision),rounded lookup (value or SD; differences and ratios are looked up as exported deltas),yes (rounded),
HoloQPI_4.2/table_7.tex:18,0.042,results_for_manuscript/**/*.json,any numeric value (rounded to printed precision),rounded lookup (value or SD; differences and ratios are looked up as exported deltas),yes (rounded),
HoloQPI_4.2/table_7.tex:18,0.102,results_for_manuscript/**/*.json,any numeric value (rounded to printed precision),rounded lookup (value or SD; differences and ratios are looked up as exported deltas),yes (rounded),
HoloQPI_4.2/table_7.tex:18,0.132,results_for_manuscript/**/*.json,any numeric value (rounded to printed precision),rounded lookup (value or SD; differences and ratios are looked up as exported deltas),yes (rounded),
HoloQPI_4.2/table_7.tex:19,0.912,results_for_manuscript/**/*.json,any numeric value (rounded to printed precision),rounded lookup (value or SD; differences and ratios are looked up as exported deltas),yes (rounded),
HoloQPI_4.2/table_7.tex:19,1.006,results_for_manuscript/**/*.json,any numeric value (rounded to printed precision),rounded lookup (value or SD; differences and ratios are looked up as exported deltas),yes (rounded),
HoloQPI_4.2/table_7.tex:19,0.002,results_for_manuscript/**/*.json,any numeric value (rounded to printed precision),rounded lookup (value or SD; differences and ratios are looked up as exported deltas),yes (rounded),
HoloQPI_4.2/table_7.tex:19,0.957,results_for_manuscript/**/*.json,any numeric value (rounded to printed precision),rounded lookup (value or SD; differences and ratios are looked up as exported deltas),yes (rounded),
HoloQPI_4.2/table_7.tex:19,0.017,results_for_manuscript/**/*.json,any numeric value (rounded to printed precision),rounded lookup (value or SD; differences and ratios are looked up as exported deltas),yes (rounded),
HoloQPI_4.2/table_7.tex:19,0.963,results_for_manuscript/**/*.json,any numeric value (rounded to printed precision),rounded lookup (value or SD; differences and ratios are looked up as exported deltas),yes (rounded),
HoloQPI_4.2/table_7.tex:19,0.015,results_for_manuscript/**/*.json,any numeric value (rounded to printed precision),rounded lookup (value or SD; differences and ratios are looked up as exported deltas),yes (rounded),
HoloQPI_4.2/table_7.tex:19,0.038,results_for_manuscript/**/*.json,any numeric value (rounded to printed precision),rounded lookup (value or SD; differences and ratios are looked up as exported deltas),yes (rounded),
HoloQPI_4.2/table_7.tex:19,0.090,results_for_manuscript/**/*.json,any numeric value (rounded to printed precision),rounded lookup (value or SD; differences and ratios are looked up as exported deltas),yes (rounded),
HoloQPI_4.2/table_7.tex:19,0.116,results_for_manuscript/**/*.json,any numeric value (rounded to printed precision),rounded lookup (value or SD; differences and ratios are looked up as exported deltas),yes (rounded),
HoloQPI_4.2/table_7.tex:20,0.212,results_for_manuscript/**/*.json,any numeric value (rounded to printed precision),rounded lookup (value or SD; differences and ratios are looked up as exported deltas),yes (rounded),
HoloQPI_4.2/table_7.tex:20,0.982,results_for_manuscript/**/*.json,any numeric value (rounded to printed precision),rounded lookup (value or SD; differences and ratios are looked up as exported deltas),yes (rounded),
HoloQPI_4.2/table_7.tex:20,0.004,results_for_manuscript/**/*.json,any numeric value (rounded to printed precision),rounded lookup (value or SD; differences and ratios are looked up as exported deltas),yes (rounded),
HoloQPI_4.2/table_7.tex:20,0.797,results_for_manuscript/**/*.json,any numeric value (rounded to printed precision),rounded lookup (value or SD; differences and ratios are looked up as exported deltas),yes (rounded),
HoloQPI_4.2/table_7.tex:20,0.014,results_for_manuscript/**/*.json,any numeric value (rounded to printed precision),rounded lookup (value or SD; differences and ratios are looked up as exported deltas),yes (rounded),
HoloQPI_4.2/table_7.tex:20,0.782,results_for_manuscript/**/*.json,any numeric value (rounded to printed precision),rounded lookup (value or SD; differences and ratios are looked up as exported deltas),yes (rounded),
HoloQPI_4.2/table_7.tex:20,0.014,results_for_manuscript/**/*.json,any numeric value (rounded to printed precision),rounded lookup (value or SD; differences and ratios are looked up as exported deltas),yes (rounded),
HoloQPI_4.2/table_7.tex:20,0.076,results_for_manuscript/**/*.json,any numeric value (rounded to printed precision),rounded lookup (value or SD; differences and ratios are looked up as exported deltas),yes (rounded),
HoloQPI_4.2/table_7.tex:20,0.267,results_for_manuscript/**/*.json,any numeric value (rounded to printed precision),rounded lookup (value or SD; differences and ratios are looked up as exported deltas),yes (rounded),
HoloQPI_4.2/table_7.tex:20,0.303,results_for_manuscript/**/*.json,any numeric value (rounded to printed precision),rounded lookup (value or SD; differences and ratios are looked up as exported deltas),yes (rounded),
HoloQPI_4.2/table_7.tex:21,0.897,results_for_manuscript/**/*.json,any numeric value (rounded to printed precision),rounded lookup (value or SD; differences and ratios are looked up as exported deltas),yes (rounded),
HoloQPI_4.2/table_7.tex:21,0.002,results_for_manuscript/**/*.json,any numeric value (rounded to printed precision),rounded lookup (value or SD; differences and ratios are looked up as exported deltas),yes (rounded),
HoloQPI_4.2/table_7.tex:21,0.933,results_for_manuscript/**/*.json,any numeric value (rounded to printed precision),rounded lookup (value or SD; differences and ratios are looked up as exported deltas),yes (rounded),
HoloQPI_4.2/table_7.tex:21,0.021,results_for_manuscript/**/*.json,any numeric value (rounded to printed precision),rounded lookup (value or SD; differences and ratios are looked up as exported deltas),yes (rounded),
HoloQPI_4.2/table_7.tex:21,0.838,results_for_manuscript/**/*.json,any numeric value (rounded to printed precision),rounded lookup (value or SD; differences and ratios are looked up as exported deltas),yes (rounded),
HoloQPI_4.2/table_7.tex:21,0.017,results_for_manuscript/**/*.json,any numeric value (rounded to printed precision),rounded lookup (value or SD; differences and ratios are looked up as exported deltas),yes (rounded),
HoloQPI_4.2/table_7.tex:21,0.105,results_for_manuscript/**/*.json,any numeric value (rounded to printed precision),rounded lookup (value or SD; differences and ratios are looked up as exported deltas),yes (rounded),
HoloQPI_4.2/table_7.tex:21,0.073,results_for_manuscript/**/*.json,any numeric value (rounded to printed precision),rounded lookup (value or SD; differences and ratios are looked up as exported deltas),yes (rounded),
HoloQPI_4.2/table_7.tex:21,0.179,results_for_manuscript/**/*.json,any numeric value (rounded to printed precision),rounded lookup (value or SD; differences and ratios are looked up as exported deltas),yes (rounded),
HoloQPI_4.2/table_7.tex:24,0.587,results_for_manuscript/**/*.json,any numeric value (rounded to printed precision),rounded lookup (value or SD; differences and ratios are looked up as exported deltas),yes (rounded),
HoloQPI_4.2/table_7.tex:24,0.966,results_for_manuscript/**/*.json,any numeric value (rounded to printed precision),rounded lookup (value or SD; differences and ratios are looked up as exported deltas),yes (rounded),
HoloQPI_4.2/table_7.tex:24,1.014,results_for_manuscript/**/*.json,any numeric value (rounded to printed precision),rounded lookup (value or SD; differences and ratios are looked up as exported deltas),yes (rounded),
HoloQPI_4.2/table_7.tex:24,0.980,results_for_manuscript/**/*.json,any numeric value (rounded to printed precision),rounded lookup (value or SD; differences and ratios are looked up as exported deltas),yes (rounded),
HoloQPI_4.2/table_7.tex:24,0.046,results_for_manuscript/**/*.json,any numeric value (rounded to printed precision),rounded lookup (value or SD; differences and ratios are looked up as exported deltas),yes (rounded),
HoloQPI_4.2/table_7.tex:24,0.119,results_for_manuscript/**/*.json,any numeric value (rounded to printed precision),rounded lookup (value or SD; differences and ratios are looked up as exported deltas),yes (rounded),
HoloQPI_4.2/table_7.tex:24,0.169,results_for_manuscript/**/*.json,any numeric value (rounded to printed precision),rounded lookup (value or SD; differences and ratios are looked up as exported deltas),yes (rounded),
HoloQPI_4.2/table_7.tex:25,0.890,results_for_manuscript/**/*.json,any numeric value (rounded to printed precision),rounded lookup (value or SD; differences and ratios are looked up as exported deltas),yes (rounded),
HoloQPI_4.2/table_7.tex:25,0.977,results_for_manuscript/**/*.json,any numeric value (rounded to printed precision),rounded lookup (value or SD; differences and ratios are looked up as exported deltas),yes (rounded),
HoloQPI_4.2/table_7.tex:25,1.028,results_for_manuscript/**/*.json,any numeric value (rounded to printed precision),rounded lookup (value or SD; differences and ratios are looked up as exported deltas),yes (rounded),
HoloQPI_4.2/table_7.tex:25,1.004,results_for_manuscript/**/*.json,any numeric value (rounded to printed precision),rounded lookup (value or SD; differences and ratios are looked up as exported deltas),yes (rounded),
HoloQPI_4.2/table_7.tex:25,0.041,results_for_manuscript/**/*.json,any numeric value (rounded to printed precision),rounded lookup (value or SD; differences and ratios are looked up as exported deltas),yes (rounded),
HoloQPI_4.2/table_7.tex:25,0.106,results_for_manuscript/**/*.json,any numeric value (rounded to printed precision),rounded lookup (value or SD; differences and ratios are looked up as exported deltas),yes (rounded),
HoloQPI_4.2/table_7.tex:25,0.152,results_for_manuscript/**/*.json,any numeric value (rounded to printed precision),rounded lookup (value or SD; differences and ratios are looked up as exported deltas),yes (rounded),
HoloQPI_4.2/table_7.tex:26,0.225,results_for_manuscript/**/*.json,any numeric value (rounded to printed precision),rounded lookup (value or SD; differences and ratios are looked up as exported deltas),yes (rounded),
HoloQPI_4.2/table_7.tex:26,0.919,results_for_manuscript/**/*.json,any numeric value (rounded to printed precision),rounded lookup (value or SD; differences and ratios are looked up as exported deltas),yes (rounded),
HoloQPI_4.2/table_7.tex:26,0.952,results_for_manuscript/**/*.json,any numeric value (rounded to printed precision),rounded lookup (value or SD; differences and ratios are looked up as exported deltas),yes (rounded),
HoloQPI_4.2/table_7.tex:26,0.875,results_for_manuscript/**/*.json,any numeric value (rounded to printed precision),rounded lookup (value or SD; differences and ratios are looked up as exported deltas),yes (rounded),
HoloQPI_4.2/table_7.tex:26,0.095,results_for_manuscript/**/*.json,any numeric value (rounded to printed precision),rounded lookup (value or SD; differences and ratios are looked up as exported deltas),yes (rounded),
HoloQPI_4.2/table_7.tex:26,0.212,results_for_manuscript/**/*.json,any numeric value (rounded to printed precision),rounded lookup (value or SD; differences and ratios are looked up as exported deltas),yes (rounded),
HoloQPI_4.2/table_7.tex:26,0.308,results_for_manuscript/**/*.json,any numeric value (rounded to printed precision),rounded lookup (value or SD; differences and ratios are looked up as exported deltas),yes (rounded),
HoloQPI_4.2/table_7.tex:27,0.857,results_for_manuscript/**/*.json,any numeric value (rounded to printed precision),rounded lookup (value or SD; differences and ratios are looked up as exported deltas),yes (rounded),
HoloQPI_4.2/table_7.tex:27,1.055,results_for_manuscript/**/*.json,any numeric value (rounded to printed precision),rounded lookup (value or SD; differences and ratios are looked up as exported deltas),yes (rounded),
HoloQPI_4.2/table_7.tex:27,0.905,results_for_manuscript/**/*.json,any numeric value (rounded to printed precision),rounded lookup (value or SD; differences and ratios are looked up as exported deltas),yes (rounded),
HoloQPI_4.2/table_7.tex:27,0.141,results_for_manuscript/**/*.json,any numeric value (rounded to printed precision),rounded lookup (value or SD; differences and ratios are looked up as exported deltas),yes (rounded),
HoloQPI_4.2/table_7.tex:27,0.061,results_for_manuscript/**/*.json,any numeric value (rounded to printed precision),rounded lookup (value or SD; differences and ratios are looked up as exported deltas),yes (rounded),
HoloQPI_4.2/table_7.tex:27,0.095,results_for_manuscript/**/*.json,any numeric value (rounded to printed precision),rounded lookup (value or SD; differences and ratios are looked up as exported deltas),yes (rounded),
HoloQPI_4.2/table_8.tex:16,0.212,results_for_manuscript/**/*.json,any numeric value (rounded to printed precision),rounded lookup (value or SD; differences and ratios are looked up as exported deltas),yes (rounded),
HoloQPI_4.2/table_8.tex:16,0.003,results_for_manuscript/**/*.json,any numeric value (rounded to printed precision),rounded lookup (value or SD; differences and ratios are looked up as exported deltas),yes (rounded),
HoloQPI_4.2/table_8.tex:16,0.912,results_for_manuscript/**/*.json,any numeric value (rounded to printed precision),rounded lookup (value or SD; differences and ratios are looked up as exported deltas),yes (rounded),
HoloQPI_4.2/table_8.tex:16,0.002,results_for_manuscript/**/*.json,any numeric value (rounded to printed precision),rounded lookup (value or SD; differences and ratios are looked up as exported deltas),yes (rounded),
HoloQPI_4.2/table_8.tex:16,0.305,results_for_manuscript/**/*.json,any numeric value (rounded to printed precision),rounded lookup (value or SD; differences and ratios are looked up as exported deltas),yes (rounded),
HoloQPI_4.2/table_8.tex:16,0.010,results_for_manuscript/**/*.json,any numeric value (rounded to printed precision),rounded lookup (value or SD; differences and ratios are looked up as exported deltas),yes (rounded),
HoloQPI_4.2/table_8.tex:16,0.149,results_for_manuscript/**/*.json,any numeric value (rounded to printed precision),rounded lookup (value or SD; differences and ratios are looked up as exported deltas),yes (rounded),
HoloQPI_4.2/table_8.tex:16,0.004,results_for_manuscript/**/*.json,any numeric value (rounded to printed precision),rounded lookup (value or SD; differences and ratios are looked up as exported deltas),yes (rounded),
HoloQPI_4.2/table_8.tex:17,0.220,results_for_manuscript/**/*.json,any numeric value (rounded to printed precision),rounded lookup (value or SD; differences and ratios are looked up as exported deltas),yes (rounded),
HoloQPI_4.2/table_8.tex:17,0.005,results_for_manuscript/**/*.json,any numeric value (rounded to printed precision),rounded lookup (value or SD; differences and ratios are looked up as exported deltas),yes (rounded),
HoloQPI_4.2/table_8.tex:17,0.919,results_for_manuscript/**/*.json,any numeric value (rounded to printed precision),rounded lookup (value or SD; differences and ratios are looked up as exported deltas),yes (rounded),
HoloQPI_4.2/table_8.tex:17,0.002,results_for_manuscript/**/*.json,any numeric value (rounded to printed precision),rounded lookup (value or SD; differences and ratios are looked up as exported deltas),yes (rounded),
HoloQPI_4.2/table_8.tex:17,0.315,results_for_manuscript/**/*.json,any numeric value (rounded to printed precision),rounded lookup (value or SD; differences and ratios are looked up as exported deltas),yes (rounded),
HoloQPI_4.2/table_8.tex:17,0.012,results_for_manuscript/**/*.json,any numeric value (rounded to printed precision),rounded lookup (value or SD; differences and ratios are looked up as exported deltas),yes (rounded),
HoloQPI_4.2/table_8.tex:17,0.163,results_for_manuscript/**/*.json,any numeric value (rounded to printed precision),rounded lookup (value or SD; differences and ratios are looked up as exported deltas),yes (rounded),
HoloQPI_4.2/table_8.tex:17,0.003,results_for_manuscript/**/*.json,any numeric value (rounded to printed precision),rounded lookup (value or SD; differences and ratios are looked up as exported deltas),yes (rounded),
HoloQPI_4.2/table_8.tex:18,0.208,results_for_manuscript/**/*.json,any numeric value (rounded to printed precision),rounded lookup (value or SD; differences and ratios are looked up as exported deltas),yes (rounded),
HoloQPI_4.2/table_8.tex:18,0.000,results_for_manuscript/**/*.json,any numeric value (rounded to printed precision),rounded lookup (value or SD; differences and ratios are looked up as exported deltas),yes (rounded),
HoloQPI_4.2/table_8.tex:18,0.907,results_for_manuscript/**/*.json,any numeric value (rounded to printed precision),rounded lookup (value or SD; differences and ratios are looked up as exported deltas),yes (rounded),
HoloQPI_4.2/table_8.tex:18,0.003,results_for_manuscript/**/*.json,any numeric value (rounded to printed precision),rounded lookup (value or SD; differences and ratios are looked up as exported deltas),yes (rounded),
HoloQPI_4.2/table_8.tex:18,0.299,results_for_manuscript/**/*.json,any numeric value (rounded to printed precision),rounded lookup (value or SD; differences and ratios are looked up as exported deltas),yes (rounded),
HoloQPI_4.2/table_8.tex:18,0.009,results_for_manuscript/**/*.json,any numeric value (rounded to printed precision),rounded lookup (value or SD; differences and ratios are looked up as exported deltas),yes (rounded),
HoloQPI_4.2/table_8.tex:18,0.167,results_for_manuscript/**/*.json,any numeric value (rounded to printed precision),rounded lookup (value or SD; differences and ratios are looked up as exported deltas),yes (rounded),
HoloQPI_4.2/table_8.tex:18,0.003,results_for_manuscript/**/*.json,any numeric value (rounded to printed precision),rounded lookup (value or SD; differences and ratios are looked up as exported deltas),yes (rounded),
HoloQPI_4.2/table_8.tex:20,0.225,results_for_manuscript/**/*.json,any numeric value (rounded to printed precision),rounded lookup (value or SD; differences and ratios are looked up as exported deltas),yes (rounded),
HoloQPI_4.2/table_8.tex:20,0.890,results_for_manuscript/**/*.json,any numeric value (rounded to printed precision),rounded lookup (value or SD; differences and ratios are looked up as exported deltas),yes (rounded),
HoloQPI_4.2/table_8.tex:20,0.322,results_for_manuscript/**/*.json,any numeric value (rounded to printed precision),rounded lookup (value or SD; differences and ratios are looked up as exported deltas),yes (rounded),
HoloQPI_4.2/table_8.tex:20,0.199,results_for_manuscript/**/*.json,any numeric value (rounded to printed precision),rounded lookup (value or SD; differences and ratios are looked up as exported deltas),yes (rounded),
HoloQPI_4.2/table_9.tex:15,0.1742,results_for_manuscript/**/*.json,any numeric value (rounded to printed precision),rounded lookup (value or SD; differences and ratios are looked up as exported deltas),yes (rounded),
HoloQPI_4.2/table_9.tex:15,0.5102,results_for_manuscript/**/*.json,any numeric value (rounded to printed precision),rounded lookup (value or SD; differences and ratios are looked up as exported deltas),yes (rounded),
HoloQPI_4.2/table_9.tex:15,0.1631,results_for_manuscript/**/*.json,any numeric value (rounded to printed precision),rounded lookup (value or SD; differences and ratios are looked up as exported deltas),yes (rounded),
HoloQPI_4.2/table_9.tex:15,0.1568,results_for_manuscript/**/*.json,any numeric value (rounded to printed precision),rounded lookup (value or SD; differences and ratios are looked up as exported deltas),yes (rounded),
HoloQPI_4.2/table_9.tex:15,0.5931,results_for_manuscript/**/*.json,any numeric value (rounded to printed precision),rounded lookup (value or SD; differences and ratios are looked up as exported deltas),yes (rounded),
HoloQPI_4.2/table_9.tex:15,0.8488,results_for_manuscript/**/*.json,any numeric value (rounded to printed precision),rounded lookup (value or SD; differences and ratios are looked up as exported deltas),yes (rounded),
HoloQPI_4.2/table_9.tex:15,0.8337,results_for_manuscript/**/*.json,any numeric value (rounded to printed precision),rounded lookup (value or SD; differences and ratios are looked up as exported deltas),yes (rounded),
HoloQPI_4.2/table_9.tex:15,0.1568,results_for_manuscript/**/*.json,any numeric value (rounded to printed precision),rounded lookup (value or SD; differences and ratios are looked up as exported deltas),yes (rounded),
HoloQPI_4.2/table_9.tex:17,0.1883,results_for_manuscript/**/*.json,any numeric value (rounded to printed precision),rounded lookup (value or SD; differences and ratios are looked up as exported deltas),yes (rounded),
HoloQPI_4.2/table_9.tex:17,0.5125,results_for_manuscript/**/*.json,any numeric value (rounded to printed precision),rounded lookup (value or SD; differences and ratios are looked up as exported deltas),yes (rounded),
HoloQPI_4.2/table_9.tex:17,0.1676,results_for_manuscript/**/*.json,any numeric value (rounded to printed precision),rounded lookup (value or SD; differences and ratios are looked up as exported deltas),yes (rounded),
HoloQPI_4.2/table_9.tex:17,0.1679,results_for_manuscript/**/*.json,any numeric value (rounded to printed precision),rounded lookup (value or SD; differences and ratios are looked up as exported deltas),yes (rounded),
HoloQPI_4.2/table_9.tex:17,0.6006,results_for_manuscript/**/*.json,any numeric value (rounded to printed precision),rounded lookup (value or SD; differences and ratios are looked up as exported deltas),yes (rounded),
HoloQPI_4.2/table_9.tex:17,0.8077,results_for_manuscript/**/*.json,any numeric value (rounded to printed precision),rounded lookup (value or SD; differences and ratios are looked up as exported deltas),yes (rounded),
HoloQPI_4.2/table_9.tex:17,0.8294,results_for_manuscript/**/*.json,any numeric value (rounded to printed precision),rounded lookup (value or SD; differences and ratios are looked up as exported deltas),yes (rounded),
HoloQPI_4.2/table_9.tex:17,0.1656,results_for_manuscript/**/*.json,any numeric value (rounded to printed precision),rounded lookup (value or SD; differences and ratios are looked up as exported deltas),yes (rounded),
HoloQPI_4.2/table_9.tex:18,0.1887,results_for_manuscript/**/*.json,any numeric value (rounded to printed precision),rounded lookup (value or SD; differences and ratios are looked up as exported deltas),yes (rounded),
HoloQPI_4.2/table_9.tex:18,0.5222,results_for_manuscript/**/*.json,any numeric value (rounded to printed precision),rounded lookup (value or SD; differences and ratios are looked up as exported deltas),yes (rounded),
HoloQPI_4.2/table_9.tex:18,0.1722,results_for_manuscript/**/*.json,any numeric value (rounded to printed precision),rounded lookup (value or SD; differences and ratios are looked up as exported deltas),yes (rounded),
HoloQPI_4.2/table_9.tex:18,0.1597,results_for_manuscript/**/*.json,any numeric value (rounded to printed precision),rounded lookup (value or SD; differences and ratios are looked up as exported deltas),yes (rounded),
HoloQPI_4.2/table_9.tex:18,0.5889,results_for_manuscript/**/*.json,any numeric value (rounded to printed precision),rounded lookup (value or SD; differences and ratios are looked up as exported deltas),yes (rounded),
HoloQPI_4.2/table_9.tex:18,0.8460,results_for_manuscript/**/*.json,any numeric value (rounded to printed precision),rounded lookup (value or SD; differences and ratios are looked up as exported deltas),yes (rounded),
HoloQPI_4.2/table_9.tex:18,0.8294,results_for_manuscript/**/*.json,any numeric value (rounded to printed precision),rounded lookup (value or SD; differences and ratios are looked up as exported deltas),yes (rounded),
HoloQPI_4.2/table_9.tex:18,0.1644,results_for_manuscript/**/*.json,any numeric value (rounded to printed precision),rounded lookup (value or SD; differences and ratios are looked up as exported deltas),yes (rounded),
HoloQPI_4.2/table_9.tex:19,0.1850,results_for_manuscript/**/*.json,any numeric value (rounded to printed precision),rounded lookup (value or SD; differences and ratios are looked up as exported deltas),yes (rounded),
HoloQPI_4.2/table_9.tex:19,0.5075,results_for_manuscript/**/*.json,any numeric value (rounded to printed precision),rounded lookup (value or SD; differences and ratios are looked up as exported deltas),yes (rounded),
HoloQPI_4.2/table_9.tex:19,0.1696,results_for_manuscript/**/*.json,any numeric value (rounded to printed precision),rounded lookup (value or SD; differences and ratios are looked up as exported deltas),yes (rounded),
HoloQPI_4.2/table_9.tex:19,0.1779,results_for_manuscript/**/*.json,any numeric value (rounded to printed precision),rounded lookup (value or SD; differences and ratios are looked up as exported deltas),yes (rounded),
HoloQPI_4.2/table_9.tex:19,0.6042,results_for_manuscript/**/*.json,any numeric value (rounded to printed precision),rounded lookup (value or SD; differences and ratios are looked up as exported deltas),yes (rounded),
HoloQPI_4.2/table_9.tex:19,0.7958,results_for_manuscript/**/*.json,any numeric value (rounded to printed precision),rounded lookup (value or SD; differences and ratios are looked up as exported deltas),yes (rounded),
HoloQPI_4.2/table_9.tex:19,0.8294,results_for_manuscript/**/*.json,any numeric value (rounded to printed precision),rounded lookup (value or SD; differences and ratios are looked up as exported deltas),yes (rounded),
HoloQPI_4.2/table_9.tex:19,0.1646,results_for_manuscript/**/*.json,any numeric value (rounded to printed precision),rounded lookup (value or SD; differences and ratios are looked up as exported deltas),yes (rounded),
HoloQPI_4.2/table_9.tex:20,0.1921,results_for_manuscript/**/*.json,any numeric value (rounded to printed precision),rounded lookup (value or SD; differences and ratios are looked up as exported deltas),yes (rounded),
HoloQPI_4.2/table_9.tex:20,0.5182,results_for_manuscript/**/*.json,any numeric value (rounded to printed precision),rounded lookup (value or SD; differences and ratios are looked up as exported deltas),yes (rounded),
HoloQPI_4.2/table_9.tex:20,0.1651,results_for_manuscript/**/*.json,any numeric value (rounded to printed precision),rounded lookup (value or SD; differences and ratios are looked up as exported deltas),yes (rounded),
HoloQPI_4.2/table_9.tex:20,0.1652,results_for_manuscript/**/*.json,any numeric value (rounded to printed precision),rounded lookup (value or SD; differences and ratios are looked up as exported deltas),yes (rounded),
HoloQPI_4.2/table_9.tex:20,0.5964,results_for_manuscript/**/*.json,any numeric value (rounded to printed precision),rounded lookup (value or SD; differences and ratios are looked up as exported deltas),yes (rounded),
HoloQPI_4.2/table_9.tex:20,0.8183,results_for_manuscript/**/*.json,any numeric value (rounded to printed precision),rounded lookup (value or SD; differences and ratios are looked up as exported deltas),yes (rounded),
HoloQPI_4.2/table_9.tex:20,0.8309,results_for_manuscript/**/*.json,any numeric value (rounded to printed precision),rounded lookup (value or SD; differences and ratios are looked up as exported deltas),yes (rounded),
HoloQPI_4.2/table_9.tex:20,0.1654,results_for_manuscript/**/*.json,any numeric value (rounded to printed precision),rounded lookup (value or SD; differences and ratios are looked up as exported deltas),yes (rounded),
HoloQPI_4.2/table_9.tex:22,0.1,results_for_manuscript/**/*.json,any numeric value (rounded to printed precision),rounded lookup (value or SD; differences and ratios are looked up as exported deltas),yes (rounded),
HoloQPI_4.2/table_9.tex:22,0.1754,results_for_manuscript/**/*.json,any numeric value (rounded to printed precision),rounded lookup (value or SD; differences and ratios are looked up as exported deltas),yes (rounded),
HoloQPI_4.2/table_9.tex:22,0.5158,results_for_manuscript/**/*.json,any numeric value (rounded to printed precision),rounded lookup (value or SD; differences and ratios are looked up as exported deltas),yes (rounded),
HoloQPI_4.2/table_9.tex:22,0.1830,results_for_manuscript/**/*.json,any numeric value (rounded to printed precision),rounded lookup (value or SD; differences and ratios are looked up as exported deltas),yes (rounded),
HoloQPI_4.2/table_9.tex:22,0.1504,results_for_manuscript/**/*.json,any numeric value (rounded to printed precision),rounded lookup (value or SD; differences and ratios are looked up as exported deltas),yes (rounded),
HoloQPI_4.2/table_9.tex:22,0.5873,results_for_manuscript/**/*.json,any numeric value (rounded to printed precision),rounded lookup (value or SD; differences and ratios are looked up as exported deltas),yes (rounded),
HoloQPI_4.2/table_9.tex:22,0.8428,results_for_manuscript/**/*.json,any numeric value (rounded to printed precision),rounded lookup (value or SD; differences and ratios are looked up as exported deltas),yes (rounded),
HoloQPI_4.2/table_9.tex:22,0.8331,results_for_manuscript/**/*.json,any numeric value (rounded to printed precision),rounded lookup (value or SD; differences and ratios are looked up as exported deltas),yes (rounded),
HoloQPI_4.2/table_9.tex:22,0.1567,results_for_manuscript/**/*.json,any numeric value (rounded to printed precision),rounded lookup (value or SD; differences and ratios are looked up as exported deltas),yes (rounded),
HoloQPI_4.2/table_9.tex:23,0.3,results_for_manuscript/**/*.json,any numeric value (rounded to printed precision),rounded lookup (value or SD; differences and ratios are looked up as exported deltas),yes (rounded),
HoloQPI_4.2/table_9.tex:23,0.1881,results_for_manuscript/**/*.json,any numeric value (rounded to printed precision),rounded lookup (value or SD; differences and ratios are looked up as exported deltas),yes (rounded),
HoloQPI_4.2/table_9.tex:23,0.5196,results_for_manuscript/**/*.json,any numeric value (rounded to printed precision),rounded lookup (value or SD; differences and ratios are looked up as exported deltas),yes (rounded),
HoloQPI_4.2/table_9.tex:23,0.1953,results_for_manuscript/**/*.json,any numeric value (rounded to printed precision),rounded lookup (value or SD; differences and ratios are looked up as exported deltas),yes (rounded),
HoloQPI_4.2/table_9.tex:23,0.1564,results_for_manuscript/**/*.json,any numeric value (rounded to printed precision),rounded lookup (value or SD; differences and ratios are looked up as exported deltas),yes (rounded),
HoloQPI_4.2/table_9.tex:23,0.5917,results_for_manuscript/**/*.json,any numeric value (rounded to printed precision),rounded lookup (value or SD; differences and ratios are looked up as exported deltas),yes (rounded),
HoloQPI_4.2/table_9.tex:23,0.8389,results_for_manuscript/**/*.json,any numeric value (rounded to printed precision),rounded lookup (value or SD; differences and ratios are looked up as exported deltas),yes (rounded),
HoloQPI_4.2/table_9.tex:23,0.8328,results_for_manuscript/**/*.json,any numeric value (rounded to printed precision),rounded lookup (value or SD; differences and ratios are looked up as exported deltas),yes (rounded),
HoloQPI_4.2/table_9.tex:23,0.1620,results_for_manuscript/**/*.json,any numeric value (rounded to printed precision),rounded lookup (value or SD; differences and ratios are looked up as exported deltas),yes (rounded),
HoloQPI_4.2/table_9.tex:24,1.0,results_for_manuscript/**/*.json,any numeric value (rounded to printed precision),rounded lookup (value or SD; differences and ratios are looked up as exported deltas),yes (rounded),
HoloQPI_4.2/table_9.tex:24,0.1883,results_for_manuscript/**/*.json,any numeric value (rounded to printed precision),rounded lookup (value or SD; differences and ratios are looked up as exported deltas),yes (rounded),
HoloQPI_4.2/table_9.tex:24,0.5125,results_for_manuscript/**/*.json,any numeric value (rounded to printed precision),rounded lookup (value or SD; differences and ratios are looked up as exported deltas),yes (rounded),
HoloQPI_4.2/table_9.tex:24,0.1676,results_for_manuscript/**/*.json,any numeric value (rounded to printed precision),rounded lookup (value or SD; differences and ratios are looked up as exported deltas),yes (rounded),
HoloQPI_4.2/table_9.tex:24,0.1679,results_for_manuscript/**/*.json,any numeric value (rounded to printed precision),rounded lookup (value or SD; differences and ratios are looked up as exported deltas),yes (rounded),
HoloQPI_4.2/table_9.tex:24,0.6006,results_for_manuscript/**/*.json,any numeric value (rounded to printed precision),rounded lookup (value or SD; differences and ratios are looked up as exported deltas),yes (rounded),
HoloQPI_4.2/table_9.tex:24,0.8077,results_for_manuscript/**/*.json,any numeric value (rounded to printed precision),rounded lookup (value or SD; differences and ratios are looked up as exported deltas),yes (rounded),
HoloQPI_4.2/table_9.tex:24,0.8294,results_for_manuscript/**/*.json,any numeric value (rounded to printed precision),rounded lookup (value or SD; differences and ratios are looked up as exported deltas),yes (rounded),
HoloQPI_4.2/table_9.tex:24,0.1656,results_for_manuscript/**/*.json,any numeric value (rounded to printed precision),rounded lookup (value or SD; differences and ratios are looked up as exported deltas),yes (rounded),
HoloQPI_4.2/table_9.tex:25,3.0,results_for_manuscript/**/*.json,any numeric value (rounded to printed precision),rounded lookup (value or SD; differences and ratios are looked up as exported deltas),yes (rounded),
HoloQPI_4.2/table_9.tex:25,0.1963,results_for_manuscript/**/*.json,any numeric value (rounded to printed precision),rounded lookup (value or SD; differences and ratios are looked up as exported deltas),yes (rounded),
HoloQPI_4.2/table_9.tex:25,0.5197,results_for_manuscript/**/*.json,any numeric value (rounded to printed precision),rounded lookup (value or SD; differences and ratios are looked up as exported deltas),yes (rounded),
HoloQPI_4.2/table_9.tex:25,0.1316,results_for_manuscript/**/*.json,any numeric value (rounded to printed precision),rounded lookup (value or SD; differences and ratios are looked up as exported deltas),yes (rounded),
HoloQPI_4.2/table_9.tex:25,0.1729,results_for_manuscript/**/*.json,any numeric value (rounded to printed precision),rounded lookup (value or SD; differences and ratios are looked up as exported deltas),yes (rounded),
HoloQPI_4.2/table_9.tex:25,0.5976,results_for_manuscript/**/*.json,any numeric value (rounded to printed precision),rounded lookup (value or SD; differences and ratios are looked up as exported deltas),yes (rounded),
HoloQPI_4.2/table_9.tex:25,0.7855,results_for_manuscript/**/*.json,any numeric value (rounded to printed precision),rounded lookup (value or SD; differences and ratios are looked up as exported deltas),yes (rounded),
HoloQPI_4.2/table_9.tex:25,0.8164,results_for_manuscript/**/*.json,any numeric value (rounded to printed precision),rounded lookup (value or SD; differences and ratios are looked up as exported deltas),yes (rounded),
HoloQPI_4.2/table_9.tex:25,0.1813,results_for_manuscript/**/*.json,any numeric value (rounded to printed precision),rounded lookup (value or SD; differences and ratios are looked up as exported deltas),yes (rounded),
HoloQPI_4.2/table_9.tex:27,0.1857,results_for_manuscript/**/*.json,any numeric value (rounded to printed precision),rounded lookup (value or SD; differences and ratios are looked up as exported deltas),yes (rounded),
HoloQPI_4.2/table_9.tex:27,0.5157,results_for_manuscript/**/*.json,any numeric value (rounded to printed precision),rounded lookup (value or SD; differences and ratios are looked up as exported deltas),yes (rounded),
HoloQPI_4.2/table_9.tex:27,0.1528,results_for_manuscript/**/*.json,any numeric value (rounded to printed precision),rounded lookup (value or SD; differences and ratios are looked up as exported deltas),yes (rounded),
HoloQPI_4.2/table_9.tex:27,0.1591,results_for_manuscript/**/*.json,any numeric value (rounded to printed precision),rounded lookup (value or SD; differences and ratios are looked up as exported deltas),yes (rounded),
HoloQPI_4.2/table_9.tex:27,0.5948,results_for_manuscript/**/*.json,any numeric value (rounded to printed precision),rounded lookup (value or SD; differences and ratios are looked up as exported deltas),yes (rounded),
HoloQPI_4.2/table_9.tex:27,0.8282,results_for_manuscript/**/*.json,any numeric value (rounded to printed precision),rounded lookup (value or SD; differences and ratios are looked up as exported deltas),yes (rounded),
HoloQPI_4.2/table_9.tex:27,0.8297,results_for_manuscript/**/*.json,any numeric value (rounded to printed precision),rounded lookup (value or SD; differences and ratios are looked up as exported deltas),yes (rounded),
HoloQPI_4.2/table_9.tex:27,0.1633,results_for_manuscript/**/*.json,any numeric value (rounded to printed precision),rounded lookup (value or SD; differences and ratios are looked up as exported deltas),yes (rounded),
HoloQPI_4.2/table_9.tex:28,0.1855,results_for_manuscript/**/*.json,any numeric value (rounded to printed precision),rounded lookup (value or SD; differences and ratios are looked up as exported deltas),yes (rounded),
HoloQPI_4.2/table_9.tex:28,0.5081,results_for_manuscript/**/*.json,any numeric value (rounded to printed precision),rounded lookup (value or SD; differences and ratios are looked up as exported deltas),yes (rounded),
HoloQPI_4.2/table_9.tex:28,0.1573,results_for_manuscript/**/*.json,any numeric value (rounded to printed precision),rounded lookup (value or SD; differences and ratios are looked up as exported deltas),yes (rounded),
HoloQPI_4.2/table_9.tex:28,0.1685,results_for_manuscript/**/*.json,any numeric value (rounded to printed precision),rounded lookup (value or SD; differences and ratios are looked up as exported deltas),yes (rounded),
HoloQPI_4.2/table_9.tex:28,0.6039,results_for_manuscript/**/*.json,any numeric value (rounded to printed precision),rounded lookup (value or SD; differences and ratios are looked up as exported deltas),yes (rounded),
HoloQPI_4.2/table_9.tex:28,0.8297,results_for_manuscript/**/*.json,any numeric value (rounded to printed precision),rounded lookup (value or SD; differences and ratios are looked up as exported deltas),yes (rounded),
HoloQPI_4.2/table_9.tex:28,0.8318,results_for_manuscript/**/*.json,any numeric value (rounded to printed precision),rounded lookup (value or SD; differences and ratios are looked up as exported deltas),yes (rounded),
HoloQPI_4.2/table_9.tex:28,0.1647,results_for_manuscript/**/*.json,any numeric value (rounded to printed precision),rounded lookup (value or SD; differences and ratios are looked up as exported deltas),yes (rounded),
HoloQPI_4.2/table_9.tex:29,0.1920,results_for_manuscript/**/*.json,any numeric value (rounded to printed precision),rounded lookup (value or SD; differences and ratios are looked up as exported deltas),yes (rounded),
HoloQPI_4.2/table_9.tex:29,0.5212,results_for_manuscript/**/*.json,any numeric value (rounded to printed precision),rounded lookup (value or SD; differences and ratios are looked up as exported deltas),yes (rounded),
HoloQPI_4.2/table_9.tex:29,0.1599,results_for_manuscript/**/*.json,any numeric value (rounded to printed precision),rounded lookup (value or SD; differences and ratios are looked up as exported deltas),yes (rounded),
HoloQPI_4.2/table_9.tex:29,0.1583,results_for_manuscript/**/*.json,any numeric value (rounded to printed precision),rounded lookup (value or SD; differences and ratios are looked up as exported deltas),yes (rounded),
HoloQPI_4.2/table_9.tex:29,0.5926,results_for_manuscript/**/*.json,any numeric value (rounded to printed precision),rounded lookup (value or SD; differences and ratios are looked up as exported deltas),yes (rounded),
HoloQPI_4.2/table_9.tex:29,0.8248,results_for_manuscript/**/*.json,any numeric value (rounded to printed precision),rounded lookup (value or SD; differences and ratios are looked up as exported deltas),yes (rounded),
HoloQPI_4.2/table_9.tex:29,0.8290,results_for_manuscript/**/*.json,any numeric value (rounded to printed precision),rounded lookup (value or SD; differences and ratios are looked up as exported deltas),yes (rounded),
HoloQPI_4.2/table_9.tex:29,0.1636,results_for_manuscript/**/*.json,any numeric value (rounded to printed precision),rounded lookup (value or SD; differences and ratios are looked up as exported deltas),yes (rounded),
HoloQPI_4.2/table_9.tex:31,0.1740,results_for_manuscript/**/*.json,any numeric value (rounded to printed precision),rounded lookup (value or SD; differences and ratios are looked up as exported deltas),yes (rounded),
HoloQPI_4.2/table_9.tex:31,0.5123,results_for_manuscript/**/*.json,any numeric value (rounded to printed precision),rounded lookup (value or SD; differences and ratios are looked up as exported deltas),yes (rounded),
HoloQPI_4.2/table_9.tex:31,0.1738,results_for_manuscript/**/*.json,any numeric value (rounded to printed precision),rounded lookup (value or SD; differences and ratios are looked up as exported deltas),yes (rounded),
HoloQPI_4.2/table_9.tex:31,0.1508,results_for_manuscript/**/*.json,any numeric value (rounded to printed precision),rounded lookup (value or SD; differences and ratios are looked up as exported deltas),yes (rounded),
HoloQPI_4.2/table_9.tex:31,0.5904,results_for_manuscript/**/*.json,any numeric value (rounded to printed precision),rounded lookup (value or SD; differences and ratios are looked up as exported deltas),yes (rounded),
HoloQPI_4.2/table_9.tex:31,0.8496,results_for_manuscript/**/*.json,any numeric value (rounded to printed precision),rounded lookup (value or SD; differences and ratios are looked up as exported deltas),yes (rounded),
HoloQPI_4.2/table_9.tex:31,0.8345,results_for_manuscript/**/*.json,any numeric value (rounded to printed precision),rounded lookup (value or SD; differences and ratios are looked up as exported deltas),yes (rounded),
HoloQPI_4.2/table_9.tex:31,0.1562,results_for_manuscript/**/*.json,any numeric value (rounded to printed precision),rounded lookup (value or SD; differences and ratios are looked up as exported deltas),yes (rounded),
HoloQPI_4.2/table_9.tex:32,0.1887,results_for_manuscript/**/*.json,any numeric value (rounded to printed precision),rounded lookup (value or SD; differences and ratios are looked up as exported deltas),yes (rounded),
HoloQPI_4.2/table_9.tex:32,0.5088,results_for_manuscript/**/*.json,any numeric value (rounded to printed precision),rounded lookup (value or SD; differences and ratios are looked up as exported deltas),yes (rounded),
HoloQPI_4.2/table_9.tex:32,0.1539,results_for_manuscript/**/*.json,any numeric value (rounded to printed precision),rounded lookup (value or SD; differences and ratios are looked up as exported deltas),yes (rounded),
HoloQPI_4.2/table_9.tex:32,0.1656,results_for_manuscript/**/*.json,any numeric value (rounded to printed precision),rounded lookup (value or SD; differences and ratios are looked up as exported deltas),yes (rounded),
HoloQPI_4.2/table_9.tex:32,0.6055,results_for_manuscript/**/*.json,any numeric value (rounded to printed precision),rounded lookup (value or SD; differences and ratios are looked up as exported deltas),yes (rounded),
HoloQPI_4.2/table_9.tex:32,0.8174,results_for_manuscript/**/*.json,any numeric value (rounded to printed precision),rounded lookup (value or SD; differences and ratios are looked up as exported deltas),yes (rounded),
HoloQPI_4.2/table_9.tex:32,0.8306,results_for_manuscript/**/*.json,any numeric value (rounded to printed precision),rounded lookup (value or SD; differences and ratios are looked up as exported deltas),yes (rounded),
HoloQPI_4.2/table_9.tex:32,0.1652,results_for_manuscript/**/*.json,any numeric value (rounded to printed precision),rounded lookup (value or SD; differences and ratios are looked up as exported deltas),yes (rounded),
HoloQPI_4.2/table_9.tex:39,1.0,results_for_manuscript/**/*.json,any numeric value (rounded to printed precision),rounded lookup (value or SD; differences and ratios are looked up as exported deltas),yes (rounded),
HoloQPI_4.2/table_9.tex:41,0.1872,results_for_manuscript/**/*.json,any numeric value (rounded to printed precision),rounded lookup (value or SD; differences and ratios are looked up as exported deltas),yes (rounded),
HoloQPI_4.2/table_9.tex:41,0.1875,results_for_manuscript/**/*.json,any numeric value (rounded to printed precision),rounded lookup (value or SD; differences and ratios are looked up as exported deltas),yes (rounded),
HoloQPI_4.2/table_10.tex:15,0.1742,results_for_manuscript/**/*.json,any numeric value (rounded to printed precision),rounded lookup (value or SD; differences and ratios are looked up as exported deltas),yes (rounded),
HoloQPI_4.2/table_10.tex:15,0.0045,results_for_manuscript/**/*.json,any numeric value (rounded to printed precision),rounded lookup (value or SD; differences and ratios are looked up as exported deltas),yes (rounded),
HoloQPI_4.2/table_10.tex:15,0.1883,results_for_manuscript/**/*.json,any numeric value (rounded to printed precision),rounded lookup (value or SD; differences and ratios are looked up as exported deltas),yes (rounded),
HoloQPI_4.2/table_10.tex:15,0.0052,results_for_manuscript/**/*.json,any numeric value (rounded to printed precision),rounded lookup (value or SD; differences and ratios are looked up as exported deltas),yes (rounded),
HoloQPI_4.2/table_10.tex:15,0.1887,results_for_manuscript/**/*.json,any numeric value (rounded to printed precision),rounded lookup (value or SD; differences and ratios are looked up as exported deltas),yes (rounded),
HoloQPI_4.2/table_10.tex:15,0.0013,results_for_manuscript/**/*.json,any numeric value (rounded to printed precision),rounded lookup (value or SD; differences and ratios are looked up as exported deltas),yes (rounded),
HoloQPI_4.2/table_10.tex:16,0.1631,results_for_manuscript/**/*.json,any numeric value (rounded to printed precision),rounded lookup (value or SD; differences and ratios are looked up as exported deltas),yes (rounded),
HoloQPI_4.2/table_10.tex:16,0.0141,results_for_manuscript/**/*.json,any numeric value (rounded to printed precision),rounded lookup (value or SD; differences and ratios are looked up as exported deltas),yes (rounded),
HoloQPI_4.2/table_10.tex:16,0.1676,results_for_manuscript/**/*.json,any numeric value (rounded to printed precision),rounded lookup (value or SD; differences and ratios are looked up as exported deltas),yes (rounded),
HoloQPI_4.2/table_10.tex:16,0.0084,results_for_manuscript/**/*.json,any numeric value (rounded to printed precision),rounded lookup (value or SD; differences and ratios are looked up as exported deltas),yes (rounded),
HoloQPI_4.2/table_10.tex:16,0.1722,results_for_manuscript/**/*.json,any numeric value (rounded to printed precision),rounded lookup (value or SD; differences and ratios are looked up as exported deltas),yes (rounded),
HoloQPI_4.2/table_10.tex:16,0.0107,results_for_manuscript/**/*.json,any numeric value (rounded to printed precision),rounded lookup (value or SD; differences and ratios are looked up as exported deltas),yes (rounded),
HoloQPI_4.2/table_10.tex:17,-0.1560,results_for_manuscript/**/*.json,any numeric value (rounded to printed precision),rounded lookup (value or SD; differences and ratios are looked up as exported deltas),yes (rounded),
HoloQPI_4.2/table_10.tex:17,0.0174,results_for_manuscript/**/*.json,any numeric value (rounded to printed precision),rounded lookup (value or SD; differences and ratios are looked up as exported deltas),yes (rounded),
HoloQPI_4.2/table_10.tex:17,-0.1496,results_for_manuscript/**/*.json,any numeric value (rounded to printed precision),rounded lookup (value or SD; differences and ratios are looked up as exported deltas),yes (rounded),
HoloQPI_4.2/table_10.tex:17,0.0181,results_for_manuscript/**/*.json,any numeric value (rounded to printed precision),rounded lookup (value or SD; differences and ratios are looked up as exported deltas),yes (rounded),
HoloQPI_4.2/table_10.tex:17,-0.1667,results_for_manuscript/**/*.json,any numeric value (rounded to printed precision),rounded lookup (value or SD; differences and ratios are looked up as exported deltas),yes (rounded),
HoloQPI_4.2/table_10.tex:17,0.0078,results_for_manuscript/**/*.json,any numeric value (rounded to printed precision),rounded lookup (value or SD; differences and ratios are looked up as exported deltas),yes (rounded),
HoloQPI_4.2/table_10.tex:18,0.1568,results_for_manuscript/**/*.json,any numeric value (rounded to printed precision),rounded lookup (value or SD; differences and ratios are looked up as exported deltas),yes (rounded),
HoloQPI_4.2/table_10.tex:18,0.0027,results_for_manuscript/**/*.json,any numeric value (rounded to printed precision),rounded lookup (value or SD; differences and ratios are looked up as exported deltas),yes (rounded),
HoloQPI_4.2/table_10.tex:18,0.1679,results_for_manuscript/**/*.json,any numeric value (rounded to printed precision),rounded lookup (value or SD; differences and ratios are looked up as exported deltas),yes (rounded),
HoloQPI_4.2/table_10.tex:18,0.0059,results_for_manuscript/**/*.json,any numeric value (rounded to printed precision),rounded lookup (value or SD; differences and ratios are looked up as exported deltas),yes (rounded),
HoloQPI_4.2/table_10.tex:18,0.1597,results_for_manuscript/**/*.json,any numeric value (rounded to printed precision),rounded lookup (value or SD; differences and ratios are looked up as exported deltas),yes (rounded),
HoloQPI_4.2/table_10.tex:18,0.0014,results_for_manuscript/**/*.json,any numeric value (rounded to printed precision),rounded lookup (value or SD; differences and ratios are looked up as exported deltas),yes (rounded),
HoloQPI_4.2/table_10.tex:19,0.1568,results_for_manuscript/**/*.json,any numeric value (rounded to printed precision),rounded lookup (value or SD; differences and ratios are looked up as exported deltas),yes (rounded),
HoloQPI_4.2/table_10.tex:19,0.0023,results_for_manuscript/**/*.json,any numeric value (rounded to printed precision),rounded lookup (value or SD; differences and ratios are looked up as exported deltas),yes (rounded),
HoloQPI_4.2/table_10.tex:19,0.1656,results_for_manuscript/**/*.json,any numeric value (rounded to printed precision),rounded lookup (value or SD; differences and ratios are looked up as exported deltas),yes (rounded),
HoloQPI_4.2/table_10.tex:19,0.0032,results_for_manuscript/**/*.json,any numeric value (rounded to printed precision),rounded lookup (value or SD; differences and ratios are looked up as exported deltas),yes (rounded),
HoloQPI_4.2/table_10.tex:19,0.1644,results_for_manuscript/**/*.json,any numeric value (rounded to printed precision),rounded lookup (value or SD; differences and ratios are looked up as exported deltas),yes (rounded),
HoloQPI_4.2/table_10.tex:19,0.0015,results_for_manuscript/**/*.json,any numeric value (rounded to printed precision),rounded lookup (value or SD; differences and ratios are looked up as exported deltas),yes (rounded),
HoloQPI_4.2/table_10.tex:20,0.2689,results_for_manuscript/**/*.json,any numeric value (rounded to printed precision),rounded lookup (value or SD; differences and ratios are looked up as exported deltas),yes (rounded),
HoloQPI_4.2/table_10.tex:20,0.0056,results_for_manuscript/**/*.json,any numeric value (rounded to printed precision),rounded lookup (value or SD; differences and ratios are looked up as exported deltas),yes (rounded),
HoloQPI_4.2/table_10.tex:20,0.2876,results_for_manuscript/**/*.json,any numeric value (rounded to printed precision),rounded lookup (value or SD; differences and ratios are looked up as exported deltas),yes (rounded),
HoloQPI_4.2/table_10.tex:20,0.0064,results_for_manuscript/**/*.json,any numeric value (rounded to printed precision),rounded lookup (value or SD; differences and ratios are looked up as exported deltas),yes (rounded),
HoloQPI_4.2/table_10.tex:20,0.2946,results_for_manuscript/**/*.json,any numeric value (rounded to printed precision),rounded lookup (value or SD; differences and ratios are looked up as exported deltas),yes (rounded),
HoloQPI_4.2/table_10.tex:20,0.0039,results_for_manuscript/**/*.json,any numeric value (rounded to printed precision),rounded lookup (value or SD; differences and ratios are looked up as exported deltas),yes (rounded),
HoloQPI_4.2/table_10.tex:21,0.8741,results_for_manuscript/**/*.json,any numeric value (rounded to printed precision),rounded lookup (value or SD; differences and ratios are looked up as exported deltas),yes (rounded),
HoloQPI_4.2/table_10.tex:21,0.0023,results_for_manuscript/**/*.json,any numeric value (rounded to printed precision),rounded lookup (value or SD; differences and ratios are looked up as exported deltas),yes (rounded),
HoloQPI_4.2/table_10.tex:21,0.8636,results_for_manuscript/**/*.json,any numeric value (rounded to printed precision),rounded lookup (value or SD; differences and ratios are looked up as exported deltas),yes (rounded),
HoloQPI_4.2/table_10.tex:21,0.0019,results_for_manuscript/**/*.json,any numeric value (rounded to printed precision),rounded lookup (value or SD; differences and ratios are looked up as exported deltas),yes (rounded),
HoloQPI_4.2/table_10.tex:21,0.8655,results_for_manuscript/**/*.json,any numeric value (rounded to printed precision),rounded lookup (value or SD; differences and ratios are looked up as exported deltas),yes (rounded),
HoloQPI_4.2/table_10.tex:21,0.0005,results_for_manuscript/**/*.json,any numeric value (rounded to printed precision),rounded lookup (value or SD; differences and ratios are looked up as exported deltas),yes (rounded),
HoloQPI_4.2/table_10.tex:22,0.8337,results_for_manuscript/**/*.json,any numeric value (rounded to printed precision),rounded lookup (value or SD; differences and ratios are looked up as exported deltas),yes (rounded),
HoloQPI_4.2/table_10.tex:22,0.0013,results_for_manuscript/**/*.json,any numeric value (rounded to printed precision),rounded lookup (value or SD; differences and ratios are looked up as exported deltas),yes (rounded),
HoloQPI_4.2/table_10.tex:22,0.8294,results_for_manuscript/**/*.json,any numeric value (rounded to printed precision),rounded lookup (value or SD; differences and ratios are looked up as exported deltas),yes (rounded),
HoloQPI_4.2/table_10.tex:22,0.0032,results_for_manuscript/**/*.json,any numeric value (rounded to printed precision),rounded lookup (value or SD; differences and ratios are looked up as exported deltas),yes (rounded),
HoloQPI_4.2/table_10.tex:22,0.8294,results_for_manuscript/**/*.json,any numeric value (rounded to printed precision),rounded lookup (value or SD; differences and ratios are looked up as exported deltas),yes (rounded),
HoloQPI_4.2/table_10.tex:22,0.0004,results_for_manuscript/**/*.json,any numeric value (rounded to printed precision),rounded lookup (value or SD; differences and ratios are looked up as exported deltas),yes (rounded),
HoloQPI_4.2/table_10.tex:23,0.6710,results_for_manuscript/**/*.json,any numeric value (rounded to printed precision),rounded lookup (value or SD; differences and ratios are looked up as exported deltas),yes (rounded),
HoloQPI_4.2/table_10.tex:23,0.0025,results_for_manuscript/**/*.json,any numeric value (rounded to printed precision),rounded lookup (value or SD; differences and ratios are looked up as exported deltas),yes (rounded),
HoloQPI_4.2/table_10.tex:23,0.6616,results_for_manuscript/**/*.json,any numeric value (rounded to printed precision),rounded lookup (value or SD; differences and ratios are looked up as exported deltas),yes (rounded),
HoloQPI_4.2/table_10.tex:23,0.0059,results_for_manuscript/**/*.json,any numeric value (rounded to printed precision),rounded lookup (value or SD; differences and ratios are looked up as exported deltas),yes (rounded),
HoloQPI_4.2/table_10.tex:23,0.6632,results_for_manuscript/**/*.json,any numeric value (rounded to printed precision),rounded lookup (value or SD; differences and ratios are looked up as exported deltas),yes (rounded),
HoloQPI_4.2/table_10.tex:23,0.0009,results_for_manuscript/**/*.json,any numeric value (rounded to printed precision),rounded lookup (value or SD; differences and ratios are looked up as exported deltas),yes (rounded),
HoloQPI_4.2/table_10.tex:24,0.4687,results_for_manuscript/**/*.json,any numeric value (rounded to printed precision),rounded lookup (value or SD; differences and ratios are looked up as exported deltas),yes (rounded),
HoloQPI_4.2/table_10.tex:24,0.0053,results_for_manuscript/**/*.json,any numeric value (rounded to printed precision),rounded lookup (value or SD; differences and ratios are looked up as exported deltas),yes (rounded),
HoloQPI_4.2/table_10.tex:24,0.4518,results_for_manuscript/**/*.json,any numeric value (rounded to printed precision),rounded lookup (value or SD; differences and ratios are looked up as exported deltas),yes (rounded),
HoloQPI_4.2/table_10.tex:24,0.0093,results_for_manuscript/**/*.json,any numeric value (rounded to printed precision),rounded lookup (value or SD; differences and ratios are looked up as exported deltas),yes (rounded),
HoloQPI_4.2/table_10.tex:24,0.4477,results_for_manuscript/**/*.json,any numeric value (rounded to printed precision),rounded lookup (value or SD; differences and ratios are looked up as exported deltas),yes (rounded),
HoloQPI_4.2/table_10.tex:24,0.0028,results_for_manuscript/**/*.json,any numeric value (rounded to printed precision),rounded lookup (value or SD; differences and ratios are looked up as exported deltas),yes (rounded),
HoloQPI_4.2/table_10.tex:25,0.5931,results_for_manuscript/**/*.json,any numeric value (rounded to printed precision),rounded lookup (value or SD; differences and ratios are looked up as exported deltas),yes (rounded),
HoloQPI_4.2/table_10.tex:25,0.0027,results_for_manuscript/**/*.json,any numeric value (rounded to printed precision),rounded lookup (value or SD; differences and ratios are looked up as exported deltas),yes (rounded),
HoloQPI_4.2/table_10.tex:25,0.6006,results_for_manuscript/**/*.json,any numeric value (rounded to printed precision),rounded lookup (value or SD; differences and ratios are looked up as exported deltas),yes (rounded),
HoloQPI_4.2/table_10.tex:25,0.0034,results_for_manuscript/**/*.json,any numeric value (rounded to printed precision),rounded lookup (value or SD; differences and ratios are looked up as exported deltas),yes (rounded),
HoloQPI_4.2/table_10.tex:25,0.5889,results_for_manuscript/**/*.json,any numeric value (rounded to printed precision),rounded lookup (value or SD; differences and ratios are looked up as exported deltas),yes (rounded),
HoloQPI_4.2/table_10.tex:25,0.0013,results_for_manuscript/**/*.json,any numeric value (rounded to printed precision),rounded lookup (value or SD; differences and ratios are looked up as exported deltas),yes (rounded),
HoloQPI_4.2/table_10.tex:26,0.8488,results_for_manuscript/**/*.json,any numeric value (rounded to printed precision),rounded lookup (value or SD; differences and ratios are looked up as exported deltas),yes (rounded),
HoloQPI_4.2/table_10.tex:26,0.0124,results_for_manuscript/**/*.json,any numeric value (rounded to printed precision),rounded lookup (value or SD; differences and ratios are looked up as exported deltas),yes (rounded),
HoloQPI_4.2/table_10.tex:26,0.8077,results_for_manuscript/**/*.json,any numeric value (rounded to printed precision),rounded lookup (value or SD; differences and ratios are looked up as exported deltas),yes (rounded),
HoloQPI_4.2/table_10.tex:26,0.0138,results_for_manuscript/**/*.json,any numeric value (rounded to printed precision),rounded lookup (value or SD; differences and ratios are looked up as exported deltas),yes (rounded),
HoloQPI_4.2/table_10.tex:26,0.8460,results_for_manuscript/**/*.json,any numeric value (rounded to printed precision),rounded lookup (value or SD; differences and ratios are looked up as exported deltas),yes (rounded),
HoloQPI_4.2/table_10.tex:26,0.0100,results_for_manuscript/**/*.json,any numeric value (rounded to printed precision),rounded lookup (value or SD; differences and ratios are looked up as exported deltas),yes (rounded),
HoloQPI_4.2/table_10.tex:40,0.0141,results_for_manuscript/**/*.json,any numeric value (rounded to printed precision),rounded lookup (value or SD; differences and ratios are looked up as exported deltas),yes (rounded),
HoloQPI_4.2/table_10.tex:40,0.0097,results_for_manuscript/**/*.json,any numeric value (rounded to printed precision),rounded lookup (value or SD; differences and ratios are looked up as exported deltas),yes (rounded),
HoloQPI_4.2/table_10.tex:40,0.0045,results_for_manuscript/**/*.json,any numeric value (rounded to printed precision),rounded lookup (value or SD; differences and ratios are looked up as exported deltas),yes (rounded),
HoloQPI_4.2/table_10.tex:40,0.0232,results_for_manuscript/**/*.json,any numeric value (rounded to printed precision),rounded lookup (value or SD; differences and ratios are looked up as exported deltas),yes (rounded),
HoloQPI_4.2/table_10.tex:41,0.0145,results_for_manuscript/**/*.json,any numeric value (rounded to printed precision),rounded lookup (value or SD; differences and ratios are looked up as exported deltas),yes (rounded),
HoloQPI_4.2/table_10.tex:41,0.0066,results_for_manuscript/**/*.json,any numeric value (rounded to printed precision),rounded lookup (value or SD; differences and ratios are looked up as exported deltas),yes (rounded),
HoloQPI_4.2/table_10.tex:41,0.0091,results_for_manuscript/**/*.json,any numeric value (rounded to printed precision),rounded lookup (value or SD; differences and ratios are looked up as exported deltas),yes (rounded),
HoloQPI_4.2/table_10.tex:41,0.0250,results_for_manuscript/**/*.json,any numeric value (rounded to printed precision),rounded lookup (value or SD; differences and ratios are looked up as exported deltas),yes (rounded),
HoloQPI_4.2/table_10.tex:42,0.0004,results_for_manuscript/**/*.json,any numeric value (rounded to printed precision),rounded lookup (value or SD; differences and ratios are looked up as exported deltas),yes (rounded),
HoloQPI_4.2/table_10.tex:42,0.0076,results_for_manuscript/**/*.json,any numeric value (rounded to printed precision),rounded lookup (value or SD; differences and ratios are looked up as exported deltas),yes (rounded),
HoloQPI_4.2/table_10.tex:42,0.0046,results_for_manuscript/**/*.json,any numeric value (rounded to printed precision),rounded lookup (value or SD; differences and ratios are looked up as exported deltas),yes (rounded),
HoloQPI_4.2/table_10.tex:42,0.0193,results_for_manuscript/**/*.json,any numeric value (rounded to printed precision),rounded lookup (value or SD; differences and ratios are looked up as exported deltas),yes (rounded),
HoloQPI_4.2/table_10.tex:45,-0.0033,results_for_manuscript/**/*.json,any numeric value (rounded to printed precision),rounded lookup (value or SD; differences and ratios are looked up as exported deltas),yes (rounded),
HoloQPI_4.2/table_10.tex:45,0.0020,results_for_manuscript/**/*.json,any numeric value (rounded to printed precision),rounded lookup (value or SD; differences and ratios are looked up as exported deltas),yes (rounded),
HoloQPI_4.2/table_10.tex:46,0.0038,results_for_manuscript/**/*.json,any numeric value (rounded to printed precision),rounded lookup (value or SD; differences and ratios are looked up as exported deltas),yes (rounded),
HoloQPI_4.2/table_10.tex:46,-0.0025,results_for_manuscript/**/*.json,any numeric value (rounded to printed precision),rounded lookup (value or SD; differences and ratios are looked up as exported deltas),yes (rounded),
HoloQPI_4.2/table_10.tex:47,0.1,results_for_manuscript/**/*.json,any numeric value (rounded to printed precision),rounded lookup (value or SD; differences and ratios are looked up as exported deltas),yes (rounded),
HoloQPI_4.2/table_10.tex:47,0.0012,results_for_manuscript/**/*.json,any numeric value (rounded to printed precision),rounded lookup (value or SD; differences and ratios are looked up as exported deltas),yes (rounded),
HoloQPI_4.2/table_10.tex:47,0.0199,results_for_manuscript/**/*.json,any numeric value (rounded to printed precision),rounded lookup (value or SD; differences and ratios are looked up as exported deltas),yes (rounded),
HoloQPI_4.2/table_10.tex:48,0.3,results_for_manuscript/**/*.json,any numeric value (rounded to printed precision),rounded lookup (value or SD; differences and ratios are looked up as exported deltas),yes (rounded),
HoloQPI_4.2/table_10.tex:48,0.0138,results_for_manuscript/**/*.json,any numeric value (rounded to printed precision),rounded lookup (value or SD; differences and ratios are looked up as exported deltas),yes (rounded),
HoloQPI_4.2/table_10.tex:48,0.0322,results_for_manuscript/**/*.json,any numeric value (rounded to printed precision),rounded lookup (value or SD; differences and ratios are looked up as exported deltas),yes (rounded),
HoloQPI_4.2/table_10.tex:49,3.0,results_for_manuscript/**/*.json,any numeric value (rounded to printed precision),rounded lookup (value or SD; differences and ratios are looked up as exported deltas),yes (rounded),
HoloQPI_4.2/table_10.tex:49,0.0221,results_for_manuscript/**/*.json,any numeric value (rounded to printed precision),rounded lookup (value or SD; differences and ratios are looked up as exported deltas),yes (rounded),
HoloQPI_4.2/table_10.tex:49,-0.0315,results_for_manuscript/**/*.json,any numeric value (rounded to printed precision),rounded lookup (value or SD; differences and ratios are looked up as exported deltas),yes (rounded),
HoloQPI_4.2/table_10.tex:50,-0.0026,results_for_manuscript/**/*.json,any numeric value (rounded to printed precision),rounded lookup (value or SD; differences and ratios are looked up as exported deltas),yes (rounded),
HoloQPI_4.2/table_10.tex:50,-0.0148,results_for_manuscript/**/*.json,any numeric value (rounded to printed precision),rounded lookup (value or SD; differences and ratios are looked up as exported deltas),yes (rounded),
HoloQPI_4.2/table_10.tex:51,-0.0002,results_for_manuscript/**/*.json,any numeric value (rounded to printed precision),rounded lookup (value or SD; differences and ratios are looked up as exported deltas),yes (rounded),
HoloQPI_4.2/table_10.tex:51,0.0046,results_for_manuscript/**/*.json,any numeric value (rounded to printed precision),rounded lookup (value or SD; differences and ratios are looked up as exported deltas),yes (rounded),
HoloQPI_4.2/table_10.tex:52,0.0065,results_for_manuscript/**/*.json,any numeric value (rounded to printed precision),rounded lookup (value or SD; differences and ratios are looked up as exported deltas),yes (rounded),
HoloQPI_4.2/table_10.tex:52,0.0025,results_for_manuscript/**/*.json,any numeric value (rounded to printed precision),rounded lookup (value or SD; differences and ratios are looked up as exported deltas),yes (rounded),
HoloQPI_4.2/table_10.tex:53,-0.0002,results_for_manuscript/**/*.json,any numeric value (rounded to printed precision),rounded lookup (value or SD; differences and ratios are looked up as exported deltas),yes (rounded),
HoloQPI_4.2/table_10.tex:53,0.0107,results_for_manuscript/**/*.json,any numeric value (rounded to printed precision),rounded lookup (value or SD; differences and ratios are looked up as exported deltas),yes (rounded),
HoloQPI_4.2/table_10.tex:54,0.0003,results_for_manuscript/**/*.json,any numeric value (rounded to printed precision),rounded lookup (value or SD; differences and ratios are looked up as exported deltas),yes (rounded),
HoloQPI_4.2/table_10.tex:54,-0.0137,results_for_manuscript/**/*.json,any numeric value (rounded to printed precision),rounded lookup (value or SD; differences and ratios are looked up as exported deltas),yes (rounded),
HoloQPI_4.2/table_11.tex:8,0.9,results_for_manuscript/**/*.json,any numeric value (rounded to printed precision),rounded lookup (value or SD; differences and ratios are looked up as exported deltas),yes (rounded),
HoloQPI_4.2/table_11.tex:8,0.5,results_for_manuscript/**/*.json,any numeric value (rounded to printed precision),rounded lookup (value or SD; differences and ratios are looked up as exported deltas),yes (rounded),
HoloQPI_4.2/table_11.tex:17,0.0651,results_for_manuscript/**/*.json,any numeric value (rounded to printed precision),rounded lookup (value or SD; differences and ratios are looked up as exported deltas),yes (rounded),
HoloQPI_4.2/table_11.tex:17,0.0665,results_for_manuscript/**/*.json,any numeric value (rounded to printed precision),rounded lookup (value or SD; differences and ratios are looked up as exported deltas),yes (rounded),
HoloQPI_4.2/table_11.tex:17,0.0651,results_for_manuscript/**/*.json,any numeric value (rounded to printed precision),rounded lookup (value or SD; differences and ratios are looked up as exported deltas),yes (rounded),
HoloQPI_4.2/table_11.tex:18,0.1469,results_for_manuscript/**/*.json,any numeric value (rounded to printed precision),rounded lookup (value or SD; differences and ratios are looked up as exported deltas),yes (rounded),
HoloQPI_4.2/table_11.tex:18,0.1469,results_for_manuscript/**/*.json,any numeric value (rounded to printed precision),rounded lookup (value or SD; differences and ratios are looked up as exported deltas),yes (rounded),
HoloQPI_4.2/table_11.tex:18,0.1469,results_for_manuscript/**/*.json,any numeric value (rounded to printed precision),rounded lookup (value or SD; differences and ratios are looked up as exported deltas),yes (rounded),
HoloQPI_4.2/table_11.tex:19,0.4429,results_for_manuscript/**/*.json,any numeric value (rounded to printed precision),rounded lookup (value or SD; differences and ratios are looked up as exported deltas),yes (rounded),
HoloQPI_4.2/table_11.tex:19,0.4526,results_for_manuscript/**/*.json,any numeric value (rounded to printed precision),rounded lookup (value or SD; differences and ratios are looked up as exported deltas),yes (rounded),
HoloQPI_4.2/table_11.tex:19,0.4436,results_for_manuscript/**/*.json,any numeric value (rounded to printed precision),rounded lookup (value or SD; differences and ratios are looked up as exported deltas),yes (rounded),
HoloQPI_4.2/table_11.tex:20,0.0906,results_for_manuscript/**/*.json,any numeric value (rounded to printed precision),rounded lookup (value or SD; differences and ratios are looked up as exported deltas),yes (rounded),
HoloQPI_4.2/table_11.tex:20,0.0922,results_for_manuscript/**/*.json,any numeric value (rounded to printed precision),rounded lookup (value or SD; differences and ratios are looked up as exported deltas),yes (rounded),
HoloQPI_4.2/table_11.tex:20,0.0898,results_for_manuscript/**/*.json,any numeric value (rounded to printed precision),rounded lookup (value or SD; differences and ratios are looked up as exported deltas),yes (rounded),
HoloQPI_4.2/table_11.tex:21,0.0339,results_for_manuscript/**/*.json,any numeric value (rounded to printed precision),rounded lookup (value or SD; differences and ratios are looked up as exported deltas),yes (rounded),
HoloQPI_4.2/table_11.tex:21,0.0378,results_for_manuscript/**/*.json,any numeric value (rounded to printed precision),rounded lookup (value or SD; differences and ratios are looked up as exported deltas),yes (rounded),
HoloQPI_4.2/table_11.tex:21,0.0323,results_for_manuscript/**/*.json,any numeric value (rounded to printed precision),rounded lookup (value or SD; differences and ratios are looked up as exported deltas),yes (rounded),
HoloQPI_4.2/table_11.tex:22,0.9047,results_for_manuscript/**/*.json,any numeric value (rounded to printed precision),rounded lookup (value or SD; differences and ratios are looked up as exported deltas),yes (rounded),
HoloQPI_4.2/table_11.tex:22,0.9064,results_for_manuscript/**/*.json,any numeric value (rounded to printed precision),rounded lookup (value or SD; differences and ratios are looked up as exported deltas),yes (rounded),
HoloQPI_4.2/table_11.tex:22,0.9045,results_for_manuscript/**/*.json,any numeric value (rounded to printed precision),rounded lookup (value or SD; differences and ratios are looked up as exported deltas),yes (rounded),
HoloQPI_4.2/table_11.tex:23,1.0324,results_for_manuscript/**/*.json,any numeric value (rounded to printed precision),rounded lookup (value or SD; differences and ratios are looked up as exported deltas),yes (rounded),
HoloQPI_4.2/table_11.tex:23,1.0363,results_for_manuscript/**/*.json,any numeric value (rounded to printed precision),rounded lookup (value or SD; differences and ratios are looked up as exported deltas),yes (rounded),
HoloQPI_4.2/table_11.tex:23,1.0308,results_for_manuscript/**/*.json,any numeric value (rounded to printed precision),rounded lookup (value or SD; differences and ratios are looked up as exported deltas),yes (rounded),
HoloQPI_4.2/table_11.tex:24,0.1207,results_for_manuscript/**/*.json,any numeric value (rounded to printed precision),rounded lookup (value or SD; differences and ratios are looked up as exported deltas),yes (rounded),
HoloQPI_4.2/table_11.tex:24,0.1223,results_for_manuscript/**/*.json,any numeric value (rounded to printed precision),rounded lookup (value or SD; differences and ratios are looked up as exported deltas),yes (rounded),
HoloQPI_4.2/table_11.tex:24,0.1200,results_for_manuscript/**/*.json,any numeric value (rounded to printed precision),rounded lookup (value or SD; differences and ratios are looked up as exported deltas),yes (rounded),
HoloQPI_4.2/table_11.tex:25,0.9985,results_for_manuscript/**/*.json,any numeric value (rounded to printed precision),rounded lookup (value or SD; differences and ratios are looked up as exported deltas),yes (rounded),
HoloQPI_4.2/table_11.tex:25,0.9985,results_for_manuscript/**/*.json,any numeric value (rounded to printed precision),rounded lookup (value or SD; differences and ratios are looked up as exported deltas),yes (rounded),
HoloQPI_4.2/table_11.tex:25,0.9985,results_for_manuscript/**/*.json,any numeric value (rounded to printed precision),rounded lookup (value or SD; differences and ratios are looked up as exported deltas),yes (rounded),
HoloQPI_4.2/table_11.tex:35,0.8948,results_for_manuscript/**/*.json,any numeric value (rounded to printed precision),rounded lookup (value or SD; differences and ratios are looked up as exported deltas),yes (rounded),
HoloQPI_4.2/table_11.tex:35,0.0002,results_for_manuscript/**/*.json,any numeric value (rounded to printed precision),rounded lookup (value or SD; differences and ratios are looked up as exported deltas),yes (rounded),
HoloQPI_4.2/table_11.tex:35,0.8968,results_for_manuscript/**/*.json,any numeric value (rounded to printed precision),rounded lookup (value or SD; differences and ratios are looked up as exported deltas),yes (rounded),
HoloQPI_4.2/table_11.tex:35,0.0005,results_for_manuscript/**/*.json,any numeric value (rounded to printed precision),rounded lookup (value or SD; differences and ratios are looked up as exported deltas),yes (rounded),
HoloQPI_4.2/table_11.tex:35,0.8699,results_for_manuscript/**/*.json,any numeric value (rounded to printed precision),rounded lookup (value or SD; differences and ratios are looked up as exported deltas),yes (rounded),
HoloQPI_4.2/table_11.tex:35,0.8702,results_for_manuscript/**/*.json,any numeric value (rounded to printed precision),rounded lookup (value or SD; differences and ratios are looked up as exported deltas),yes (rounded),
HoloQPI_4.2/table_11.tex:35,0.8699,results_for_manuscript/**/*.json,any numeric value (rounded to printed precision),rounded lookup (value or SD; differences and ratios are looked up as exported deltas),yes (rounded),
HoloQPI_4.2/table_11.tex:36,0.8914,results_for_manuscript/**/*.json,any numeric value (rounded to printed precision),rounded lookup (value or SD; differences and ratios are looked up as exported deltas),yes (rounded),
HoloQPI_4.2/table_11.tex:36,0.0000,results_for_manuscript/**/*.json,any numeric value (rounded to printed precision),rounded lookup (value or SD; differences and ratios are looked up as exported deltas),yes (rounded),
HoloQPI_4.2/table_11.tex:36,0.8914,results_for_manuscript/**/*.json,any numeric value (rounded to printed precision),rounded lookup (value or SD; differences and ratios are looked up as exported deltas),yes (rounded),
HoloQPI_4.2/table_11.tex:36,0.0000,results_for_manuscript/**/*.json,any numeric value (rounded to printed precision),rounded lookup (value or SD; differences and ratios are looked up as exported deltas),yes (rounded),
HoloQPI_4.2/table_11.tex:36,0.8647,results_for_manuscript/**/*.json,any numeric value (rounded to printed precision),rounded lookup (value or SD; differences and ratios are looked up as exported deltas),yes (rounded),
HoloQPI_4.2/table_11.tex:36,0.8643,results_for_manuscript/**/*.json,any numeric value (rounded to printed precision),rounded lookup (value or SD; differences and ratios are looked up as exported deltas),yes (rounded),
HoloQPI_4.2/table_11.tex:36,0.8640,results_for_manuscript/**/*.json,any numeric value (rounded to printed precision),rounded lookup (value or SD; differences and ratios are looked up as exported deltas),yes (rounded),
HoloQPI_4.2/table_11.tex:37,1.0,results_for_manuscript/**/*.json,any numeric value (rounded to printed precision),rounded lookup (value or SD; differences and ratios are looked up as exported deltas),yes (rounded),
HoloQPI_4.2/table_11.tex:37,1.0039,results_for_manuscript/**/*.json,any numeric value (rounded to printed precision),rounded lookup (value or SD; differences and ratios are looked up as exported deltas),yes (rounded),
HoloQPI_4.2/table_11.tex:37,0.0002,results_for_manuscript/**/*.json,any numeric value (rounded to printed precision),rounded lookup (value or SD; differences and ratios are looked up as exported deltas),yes (rounded),
HoloQPI_4.2/table_11.tex:37,1.0061,results_for_manuscript/**/*.json,any numeric value (rounded to printed precision),rounded lookup (value or SD; differences and ratios are looked up as exported deltas),yes (rounded),
HoloQPI_4.2/table_11.tex:37,0.0005,results_for_manuscript/**/*.json,any numeric value (rounded to printed precision),rounded lookup (value or SD; differences and ratios are looked up as exported deltas),yes (rounded),
HoloQPI_4.2/table_11.tex:37,1.0061,results_for_manuscript/**/*.json,any numeric value (rounded to printed precision),rounded lookup (value or SD; differences and ratios are looked up as exported deltas),yes (rounded),
HoloQPI_4.2/table_11.tex:37,1.0068,results_for_manuscript/**/*.json,any numeric value (rounded to printed precision),rounded lookup (value or SD; differences and ratios are looked up as exported deltas),yes (rounded),
HoloQPI_4.2/table_11.tex:37,1.0068,results_for_manuscript/**/*.json,any numeric value (rounded to printed precision),rounded lookup (value or SD; differences and ratios are looked up as exported deltas),yes (rounded),
HoloQPI_4.2/table_11.tex:38,0.2689,results_for_manuscript/**/*.json,any numeric value (rounded to printed precision),rounded lookup (value or SD; differences and ratios are looked up as exported deltas),yes (rounded),
HoloQPI_4.2/table_11.tex:38,0.0056,results_for_manuscript/**/*.json,any numeric value (rounded to printed precision),rounded lookup (value or SD; differences and ratios are looked up as exported deltas),yes (rounded),
HoloQPI_4.2/table_11.tex:38,0.2876,results_for_manuscript/**/*.json,any numeric value (rounded to printed precision),rounded lookup (value or SD; differences and ratios are looked up as exported deltas),yes (rounded),
HoloQPI_4.2/table_11.tex:38,0.0064,results_for_manuscript/**/*.json,any numeric value (rounded to printed precision),rounded lookup (value or SD; differences and ratios are looked up as exported deltas),yes (rounded),
HoloQPI_4.2/table_11.tex:38,0.2862,results_for_manuscript/**/*.json,any numeric value (rounded to printed precision),rounded lookup (value or SD; differences and ratios are looked up as exported deltas),yes (rounded),
HoloQPI_4.2/table_11.tex:38,0.2893,results_for_manuscript/**/*.json,any numeric value (rounded to printed precision),rounded lookup (value or SD; differences and ratios are looked up as exported deltas),yes (rounded),
HoloQPI_4.2/table_11.tex:38,0.2886,results_for_manuscript/**/*.json,any numeric value (rounded to printed precision),rounded lookup (value or SD; differences and ratios are looked up as exported deltas),yes (rounded),
HoloQPI_4.2/table_11.tex:46,0.9,results_for_manuscript/**/*.json,any numeric value (rounded to printed precision),rounded lookup (value or SD; differences and ratios are looked up as exported deltas),yes (rounded),
HoloQPI_4.2/table_11.tex:46,0.5,results_for_manuscript/**/*.json,any numeric value (rounded to printed precision),rounded lookup (value or SD; differences and ratios are looked up as exported deltas),yes (rounded),
HoloQPI_4.2/table_11.tex:50,0.9147,results_for_manuscript/**/*.json,any numeric value (rounded to printed precision),rounded lookup (value or SD; differences and ratios are looked up as exported deltas),yes (rounded),
HoloQPI_4.2/table_11.tex:50,0.00035,results_for_manuscript/**/*.json,any numeric value (rounded to printed precision),rounded lookup (value or SD; differences and ratios are looked up as exported deltas),yes (rounded),
HoloQPI_4.2/table_11.tex:50,0.0080,results_for_manuscript/**/*.json,any numeric value (rounded to printed precision),rounded lookup (value or SD; differences and ratios are looked up as exported deltas),yes (rounded),
HoloQPI_4.2/table_11.tex:51,0.6993,results_for_manuscript/**/*.json,any numeric value (rounded to printed precision),rounded lookup (value or SD; differences and ratios are looked up as exported deltas),yes (rounded),
HoloQPI_4.2/table_11.tex:51,0.00432,results_for_manuscript/**/*.json,any numeric value (rounded to printed precision),rounded lookup (value or SD; differences and ratios are looked up as exported deltas),yes (rounded),
HoloQPI_4.2/table_11.tex:51,0.0622,results_for_manuscript/**/*.json,any numeric value (rounded to printed precision),rounded lookup (value or SD; differences and ratios are looked up as exported deltas),yes (rounded),
HoloQPI_4.2/table_11.tex:52,0.8914,results_for_manuscript/**/*.json,any numeric value (rounded to printed precision),rounded lookup (value or SD; differences and ratios are looked up as exported deltas),yes (rounded),
HoloQPI_4.2/table_11.tex:52,0.00027,results_for_manuscript/**/*.json,any numeric value (rounded to printed precision),rounded lookup (value or SD; differences and ratios are looked up as exported deltas),yes (rounded),
HoloQPI_4.2/table_11.tex:52,0.0070,results_for_manuscript/**/*.json,any numeric value (rounded to printed precision),rounded lookup (value or SD; differences and ratios are looked up as exported deltas),yes (rounded),
HoloQPI_4.2/table_11.tex:53,0.3906,results_for_manuscript/**/*.json,any numeric value (rounded to printed precision),rounded lookup (value or SD; differences and ratios are looked up as exported deltas),yes (rounded),
HoloQPI_4.2/table_11.tex:53,0.00110,results_for_manuscript/**/*.json,any numeric value (rounded to printed precision),rounded lookup (value or SD; differences and ratios are looked up as exported deltas),yes (rounded),
HoloQPI_4.2/table_11.tex:53,0.0359,results_for_manuscript/**/*.json,any numeric value (rounded to printed precision),rounded lookup (value or SD; differences and ratios are looked up as exported deltas),yes (rounded),
HoloQPI_4.2/table_11.tex:57,0.01,results_for_manuscript/**/*.json,any numeric value (rounded to printed precision),rounded lookup (value or SD; differences and ratios are looked up as exported deltas),yes (rounded),
HoloQPI_4.2/table_11.tex:64,0.8926,results_for_manuscript/**/*.json,any numeric value (rounded to printed precision),rounded lookup (value or SD; differences and ratios are looked up as exported deltas),yes (rounded),
HoloQPI_4.2/table_12.tex:15,-1.424,results_for_manuscript/**/*.json,any numeric value (rounded to printed precision),rounded lookup (value or SD; differences and ratios are looked up as exported deltas),yes (rounded),
HoloQPI_4.2/table_12.tex:15,0.8452,results_for_manuscript/**/*.json,any numeric value (rounded to printed precision),rounded lookup (value or SD; differences and ratios are looked up as exported deltas),yes (rounded),
HoloQPI_4.2/table_12.tex:15,-0.2748,results_for_manuscript/**/*.json,any numeric value (rounded to printed precision),rounded lookup (value or SD; differences and ratios are looked up as exported deltas),yes (rounded),
HoloQPI_4.2/table_12.tex:15,-0.1966,results_for_manuscript/**/*.json,any numeric value (rounded to printed precision),rounded lookup (value or SD; differences and ratios are looked up as exported deltas),yes (rounded),
HoloQPI_4.2/table_12.tex:15,0.717,results_for_manuscript/**/*.json,any numeric value (rounded to printed precision),rounded lookup (value or SD; differences and ratios are looked up as exported deltas),yes (rounded),
HoloQPI_4.2/table_12.tex:16,-1.139,results_for_manuscript/**/*.json,any numeric value (rounded to printed precision),rounded lookup (value or SD; differences and ratios are looked up as exported deltas),yes (rounded),
HoloQPI_4.2/table_12.tex:16,0.8831,results_for_manuscript/**/*.json,any numeric value (rounded to printed precision),rounded lookup (value or SD; differences and ratios are looked up as exported deltas),yes (rounded),
HoloQPI_4.2/table_12.tex:16,-0.2269,results_for_manuscript/**/*.json,any numeric value (rounded to printed precision),rounded lookup (value or SD; differences and ratios are looked up as exported deltas),yes (rounded),
HoloQPI_4.2/table_12.tex:16,-0.1651,results_for_manuscript/**/*.json,any numeric value (rounded to printed precision),rounded lookup (value or SD; differences and ratios are looked up as exported deltas),yes (rounded),
HoloQPI_4.2/table_12.tex:16,0.729,results_for_manuscript/**/*.json,any numeric value (rounded to printed precision),rounded lookup (value or SD; differences and ratios are looked up as exported deltas),yes (rounded),
HoloQPI_4.2/table_12.tex:17,-0.855,results_for_manuscript/**/*.json,any numeric value (rounded to printed precision),rounded lookup (value or SD; differences and ratios are looked up as exported deltas),yes (rounded),
HoloQPI_4.2/table_12.tex:17,0.9127,results_for_manuscript/**/*.json,any numeric value (rounded to printed precision),rounded lookup (value or SD; differences and ratios are looked up as exported deltas),yes (rounded),
HoloQPI_4.2/table_12.tex:17,-0.1818,results_for_manuscript/**/*.json,any numeric value (rounded to printed precision),rounded lookup (value or SD; differences and ratios are looked up as exported deltas),yes (rounded),
HoloQPI_4.2/table_12.tex:17,-0.1332,results_for_manuscript/**/*.json,any numeric value (rounded to printed precision),rounded lookup (value or SD; differences and ratios are looked up as exported deltas),yes (rounded),
HoloQPI_4.2/table_12.tex:17,0.733,results_for_manuscript/**/*.json,any numeric value (rounded to printed precision),rounded lookup (value or SD; differences and ratios are looked up as exported deltas),yes (rounded),
HoloQPI_4.2/table_12.tex:18,-0.570,results_for_manuscript/**/*.json,any numeric value (rounded to printed precision),rounded lookup (value or SD; differences and ratios are looked up as exported deltas),yes (rounded),
HoloQPI_4.2/table_12.tex:18,0.9453,results_for_manuscript/**/*.json,any numeric value (rounded to printed precision),rounded lookup (value or SD; differences and ratios are looked up as exported deltas),yes (rounded),
HoloQPI_4.2/table_12.tex:18,-0.1229,results_for_manuscript/**/*.json,any numeric value (rounded to printed precision),rounded lookup (value or SD; differences and ratios are looked up as exported deltas),yes (rounded),
HoloQPI_4.2/table_12.tex:18,-0.0902,results_for_manuscript/**/*.json,any numeric value (rounded to printed precision),rounded lookup (value or SD; differences and ratios are looked up as exported deltas),yes (rounded),
HoloQPI_4.2/table_12.tex:18,0.747,results_for_manuscript/**/*.json,any numeric value (rounded to printed precision),rounded lookup (value or SD; differences and ratios are looked up as exported deltas),yes (rounded),
HoloQPI_4.2/table_12.tex:19,-0.285,results_for_manuscript/**/*.json,any numeric value (rounded to printed precision),rounded lookup (value or SD; differences and ratios are looked up as exported deltas),yes (rounded),
HoloQPI_4.2/table_12.tex:19,0.9731,results_for_manuscript/**/*.json,any numeric value (rounded to printed precision),rounded lookup (value or SD; differences and ratios are looked up as exported deltas),yes (rounded),
HoloQPI_4.2/table_12.tex:19,-0.0649,results_for_manuscript/**/*.json,any numeric value (rounded to printed precision),rounded lookup (value or SD; differences and ratios are looked up as exported deltas),yes (rounded),
HoloQPI_4.2/table_12.tex:19,-0.0474,results_for_manuscript/**/*.json,any numeric value (rounded to printed precision),rounded lookup (value or SD; differences and ratios are looked up as exported deltas),yes (rounded),
HoloQPI_4.2/table_12.tex:19,0.735,results_for_manuscript/**/*.json,any numeric value (rounded to printed precision),rounded lookup (value or SD; differences and ratios are looked up as exported deltas),yes (rounded),
HoloQPI_4.2/table_12.tex:20,0.000,results_for_manuscript/**/*.json,any numeric value (rounded to printed precision),rounded lookup (value or SD; differences and ratios are looked up as exported deltas),yes (rounded),
HoloQPI_4.2/table_12.tex:20,1.0000,results_for_manuscript/**/*.json,any numeric value (rounded to printed precision),rounded lookup (value or SD; differences and ratios are looked up as exported deltas),yes (rounded),
HoloQPI_4.2/table_12.tex:20,0.0000,results_for_manuscript/**/*.json,any numeric value (rounded to printed precision),rounded lookup (value or SD; differences and ratios are looked up as exported deltas),yes (rounded),
HoloQPI_4.2/table_12.tex:20,0.0000,results_for_manuscript/**/*.json,any numeric value (rounded to printed precision),rounded lookup (value or SD; differences and ratios are looked up as exported deltas),yes (rounded),
HoloQPI_4.2/table_12.tex:21,0.285,results_for_manuscript/**/*.json,any numeric value (rounded to printed precision),rounded lookup (value or SD; differences and ratios are looked up as exported deltas),yes (rounded),
HoloQPI_4.2/table_12.tex:21,0.9741,results_for_manuscript/**/*.json,any numeric value (rounded to printed precision),rounded lookup (value or SD; differences and ratios are looked up as exported deltas),yes (rounded),
HoloQPI_4.2/table_12.tex:21,0.0693,results_for_manuscript/**/*.json,any numeric value (rounded to printed precision),rounded lookup (value or SD; differences and ratios are looked up as exported deltas),yes (rounded),
HoloQPI_4.2/table_12.tex:21,0.0484,results_for_manuscript/**/*.json,any numeric value (rounded to printed precision),rounded lookup (value or SD; differences and ratios are looked up as exported deltas),yes (rounded),
HoloQPI_4.2/table_12.tex:21,0.703,results_for_manuscript/**/*.json,any numeric value (rounded to printed precision),rounded lookup (value or SD; differences and ratios are looked up as exported deltas),yes (rounded),
HoloQPI_4.2/table_12.tex:22,0.570,results_for_manuscript/**/*.json,any numeric value (rounded to printed precision),rounded lookup (value or SD; differences and ratios are looked up as exported deltas),yes (rounded),
HoloQPI_4.2/table_12.tex:22,0.9493,results_for_manuscript/**/*.json,any numeric value (rounded to printed precision),rounded lookup (value or SD; differences and ratios are looked up as exported deltas),yes (rounded),
HoloQPI_4.2/table_12.tex:22,0.1503,results_for_manuscript/**/*.json,any numeric value (rounded to printed precision),rounded lookup (value or SD; differences and ratios are looked up as exported deltas),yes (rounded),
HoloQPI_4.2/table_12.tex:22,0.0964,results_for_manuscript/**/*.json,any numeric value (rounded to printed precision),rounded lookup (value or SD; differences and ratios are looked up as exported deltas),yes (rounded),
HoloQPI_4.2/table_12.tex:22,0.678,results_for_manuscript/**/*.json,any numeric value (rounded to printed precision),rounded lookup (value or SD; differences and ratios are looked up as exported deltas),yes (rounded),
HoloQPI_4.2/table_12.tex:23,0.855,results_for_manuscript/**/*.json,any numeric value (rounded to printed precision),rounded lookup (value or SD; differences and ratios are looked up as exported deltas),yes (rounded),
HoloQPI_4.2/table_12.tex:23,0.9255,results_for_manuscript/**/*.json,any numeric value (rounded to printed precision),rounded lookup (value or SD; differences and ratios are looked up as exported deltas),yes (rounded),
HoloQPI_4.2/table_12.tex:23,0.2138,results_for_manuscript/**/*.json,any numeric value (rounded to printed precision),rounded lookup (value or SD; differences and ratios are looked up as exported deltas),yes (rounded),
HoloQPI_4.2/table_12.tex:23,0.1194,results_for_manuscript/**/*.json,any numeric value (rounded to printed precision),rounded lookup (value or SD; differences and ratios are looked up as exported deltas),yes (rounded),
HoloQPI_4.2/table_12.tex:23,0.575,results_for_manuscript/**/*.json,any numeric value (rounded to printed precision),rounded lookup (value or SD; differences and ratios are looked up as exported deltas),yes (rounded),
HoloQPI_4.2/table_12.tex:24,1.139,results_for_manuscript/**/*.json,any numeric value (rounded to printed precision),rounded lookup (value or SD; differences and ratios are looked up as exported deltas),yes (rounded),
HoloQPI_4.2/table_12.tex:24,0.9056,results_for_manuscript/**/*.json,any numeric value (rounded to printed precision),rounded lookup (value or SD; differences and ratios are looked up as exported deltas),yes (rounded),
HoloQPI_4.2/table_12.tex:24,0.2636,results_for_manuscript/**/*.json,any numeric value (rounded to printed precision),rounded lookup (value or SD; differences and ratios are looked up as exported deltas),yes (rounded),
HoloQPI_4.2/table_12.tex:24,0.1317,results_for_manuscript/**/*.json,any numeric value (rounded to printed precision),rounded lookup (value or SD; differences and ratios are looked up as exported deltas),yes (rounded),
HoloQPI_4.2/table_12.tex:24,0.518,results_for_manuscript/**/*.json,any numeric value (rounded to printed precision),rounded lookup (value or SD; differences and ratios are looked up as exported deltas),yes (rounded),
HoloQPI_4.2/table_12.tex:25,1.424,results_for_manuscript/**/*.json,any numeric value (rounded to printed precision),rounded lookup (value or SD; differences and ratios are looked up as exported deltas),yes (rounded),
HoloQPI_4.2/table_12.tex:25,0.8808,results_for_manuscript/**/*.json,any numeric value (rounded to printed precision),rounded lookup (value or SD; differences and ratios are looked up as exported deltas),yes (rounded),
HoloQPI_4.2/table_12.tex:25,0.3262,results_for_manuscript/**/*.json,any numeric value (rounded to printed precision),rounded lookup (value or SD; differences and ratios are looked up as exported deltas),yes (rounded),
HoloQPI_4.2/table_12.tex:25,0.1416,results_for_manuscript/**/*.json,any numeric value (rounded to printed precision),rounded lookup (value or SD; differences and ratios are looked up as exported deltas),yes (rounded),
HoloQPI_4.2/table_12.tex:25,0.450,results_for_manuscript/**/*.json,any numeric value (rounded to printed precision),rounded lookup (value or SD; differences and ratios are looked up as exported deltas),yes (rounded),
HoloQPI_4.2/table_12.tex:35,0.036,results_for_manuscript/**/*.json,any numeric value (rounded to printed precision),rounded lookup (value or SD; differences and ratios are looked up as exported deltas),yes (rounded),
HoloQPI_4.2/table_12.tex:35,0.004,results_for_manuscript/**/*.json,any numeric value (rounded to printed precision),rounded lookup (value or SD; differences and ratios are looked up as exported deltas),yes (rounded),
HoloQPI_4.2/table_12.tex:36,0.224,results_for_manuscript/**/*.json,any numeric value (rounded to printed precision),rounded lookup (value or SD; differences and ratios are looked up as exported deltas),yes (rounded),
HoloQPI_4.2/table_12.tex:36,0.018,results_for_manuscript/**/*.json,any numeric value (rounded to printed precision),rounded lookup (value or SD; differences and ratios are looked up as exported deltas),yes (rounded),
HoloQPI_4.2/table_12.tex:37,-2.592,results_for_manuscript/**/*.json,any numeric value (rounded to printed precision),rounded lookup (value or SD; differences and ratios are looked up as exported deltas),yes (rounded),
HoloQPI_4.2/table_12.tex:37,0.889,results_for_manuscript/**/*.json,any numeric value (rounded to printed precision),rounded lookup (value or SD; differences and ratios are looked up as exported deltas),yes (rounded),
HoloQPI_4.2/table_13.tex:14,12.31,results_for_manuscript/**/*.json,any numeric value (rounded to printed precision),rounded lookup (value or SD; differences and ratios are looked up as exported deltas),yes (rounded),
HoloQPI_4.2/table_13.tex:14,0.12,results_for_manuscript/**/*.json,any numeric value (rounded to printed precision),rounded lookup (value or SD; differences and ratios are looked up as exported deltas),yes (rounded),
HoloQPI_4.2/table_13.tex:14,1.15,results_for_manuscript/**/*.json,any numeric value (rounded to printed precision),rounded lookup (value or SD; differences and ratios are looked up as exported deltas),yes (rounded),
HoloQPI_4.2/table_13.tex:14,0.03,results_for_manuscript/**/*.json,any numeric value (rounded to printed precision),rounded lookup (value or SD; differences and ratios are looked up as exported deltas),yes (rounded),
HoloQPI_4.2/table_13.tex:14,81.2,results_for_manuscript/**/*.json,any numeric value (rounded to printed precision),rounded lookup (value or SD; differences and ratios are looked up as exported deltas),yes (rounded),
HoloQPI_4.2/table_13.tex:14,0.8,results_for_manuscript/**/*.json,any numeric value (rounded to printed precision),rounded lookup (value or SD; differences and ratios are looked up as exported deltas),yes (rounded),
HoloQPI_4.2/table_13.tex:14,36.77,results_for_manuscript/**/*.json,any numeric value (rounded to printed precision),rounded lookup (value or SD; differences and ratios are looked up as exported deltas),yes (rounded),
HoloQPI_4.2/table_13.tex:14,223.9,results_for_manuscript/**/*.json,any numeric value (rounded to printed precision),rounded lookup (value or SD; differences and ratios are looked up as exported deltas),yes (rounded),
HoloQPI_4.2/table_13.tex:15,45.85,results_for_manuscript/**/*.json,any numeric value (rounded to printed precision),rounded lookup (value or SD; differences and ratios are looked up as exported deltas),yes (rounded),
HoloQPI_4.2/table_13.tex:15,14.21,results_for_manuscript/**/*.json,any numeric value (rounded to printed precision),rounded lookup (value or SD; differences and ratios are looked up as exported deltas),yes (rounded),
HoloQPI_4.2/table_13.tex:15,0.08,results_for_manuscript/**/*.json,any numeric value (rounded to printed precision),rounded lookup (value or SD; differences and ratios are looked up as exported deltas),yes (rounded),
HoloQPI_4.2/table_13.tex:15,1.08,results_for_manuscript/**/*.json,any numeric value (rounded to printed precision),rounded lookup (value or SD; differences and ratios are looked up as exported deltas),yes (rounded),
HoloQPI_4.2/table_13.tex:15,0.06,results_for_manuscript/**/*.json,any numeric value (rounded to printed precision),rounded lookup (value or SD; differences and ratios are looked up as exported deltas),yes (rounded),
HoloQPI_4.2/table_13.tex:15,70.4,results_for_manuscript/**/*.json,any numeric value (rounded to printed precision),rounded lookup (value or SD; differences and ratios are looked up as exported deltas),yes (rounded),
HoloQPI_4.2/table_13.tex:15,0.4,results_for_manuscript/**/*.json,any numeric value (rounded to printed precision),rounded lookup (value or SD; differences and ratios are looked up as exported deltas),yes (rounded),
HoloQPI_4.2/table_13.tex:16,9.19,results_for_manuscript/**/*.json,any numeric value (rounded to printed precision),rounded lookup (value or SD; differences and ratios are looked up as exported deltas),yes (rounded),
HoloQPI_4.2/table_13.tex:16,0.10,results_for_manuscript/**/*.json,any numeric value (rounded to printed precision),rounded lookup (value or SD; differences and ratios are looked up as exported deltas),yes (rounded),
HoloQPI_4.2/table_13.tex:16,1.11,results_for_manuscript/**/*.json,any numeric value (rounded to printed precision),rounded lookup (value or SD; differences and ratios are looked up as exported deltas),yes (rounded),
HoloQPI_4.2/table_13.tex:16,0.06,results_for_manuscript/**/*.json,any numeric value (rounded to printed precision),rounded lookup (value or SD; differences and ratios are looked up as exported deltas),yes (rounded),
HoloQPI_4.2/table_13.tex:16,108.9,results_for_manuscript/**/*.json,any numeric value (rounded to printed precision),rounded lookup (value or SD; differences and ratios are looked up as exported deltas),yes (rounded),
HoloQPI_4.2/table_13.tex:16,1.2,results_for_manuscript/**/*.json,any numeric value (rounded to printed precision),rounded lookup (value or SD; differences and ratios are looked up as exported deltas),yes (rounded),
HoloQPI_4.2/table_13.tex:16,18.38,results_for_manuscript/**/*.json,any numeric value (rounded to printed precision),rounded lookup (value or SD; differences and ratios are looked up as exported deltas),yes (rounded),
HoloQPI_4.2/table_13.tex:16,112.0,results_for_manuscript/**/*.json,any numeric value (rounded to printed precision),rounded lookup (value or SD; differences and ratios are looked up as exported deltas),yes (rounded),
HoloQPI_4.2/table_13.tex:17,8.42,results_for_manuscript/**/*.json,any numeric value (rounded to printed precision),rounded lookup (value or SD; differences and ratios are looked up as exported deltas),yes (rounded),
HoloQPI_4.2/table_13.tex:17,0.07,results_for_manuscript/**/*.json,any numeric value (rounded to printed precision),rounded lookup (value or SD; differences and ratios are looked up as exported deltas),yes (rounded),
HoloQPI_4.2/table_13.tex:17,1.01,results_for_manuscript/**/*.json,any numeric value (rounded to printed precision),rounded lookup (value or SD; differences and ratios are looked up as exported deltas),yes (rounded),
HoloQPI_4.2/table_13.tex:17,0.00,results_for_manuscript/**/*.json,any numeric value (rounded to printed precision),rounded lookup (value or SD; differences and ratios are looked up as exported deltas),yes (rounded),
HoloQPI_4.2/table_13.tex:17,118.8,results_for_manuscript/**/*.json,any numeric value (rounded to printed precision),rounded lookup (value or SD; differences and ratios are looked up as exported deltas),yes (rounded),
HoloQPI_4.2/table_13.tex:17,0.9,results_for_manuscript/**/*.json,any numeric value (rounded to printed precision),rounded lookup (value or SD; differences and ratios are looked up as exported deltas),yes (rounded),
HoloQPI_4.2/table_13.tex:19,12.97,results_for_manuscript/**/*.json,any numeric value (rounded to printed precision),rounded lookup (value or SD; differences and ratios are looked up as exported deltas),yes (rounded),
HoloQPI_4.2/table_13.tex:19,1.13,results_for_manuscript/**/*.json,any numeric value (rounded to printed precision),rounded lookup (value or SD; differences and ratios are looked up as exported deltas),yes (rounded),
HoloQPI_4.2/table_13.tex:19,77.1,results_for_manuscript/**/*.json,any numeric value (rounded to printed precision),rounded lookup (value or SD; differences and ratios are looked up as exported deltas),yes (rounded),
HoloQPI_4.2/table_13.tex:19,36.81,results_for_manuscript/**/*.json,any numeric value (rounded to printed precision),rounded lookup (value or SD; differences and ratios are looked up as exported deltas),yes (rounded),
HoloQPI_4.2/table_13.tex:19,223.9,results_for_manuscript/**/*.json,any numeric value (rounded to printed precision),rounded lookup (value or SD; differences and ratios are looked up as exported deltas),yes (rounded),
HoloQPI_4.2/table_13.tex:20,47.87,results_for_manuscript/**/*.json,any numeric value (rounded to printed precision),rounded lookup (value or SD; differences and ratios are looked up as exported deltas),yes (rounded),
HoloQPI_4.2/table_13.tex:20,15.45,results_for_manuscript/**/*.json,any numeric value (rounded to printed precision),rounded lookup (value or SD; differences and ratios are looked up as exported deltas),yes (rounded),
HoloQPI_4.2/table_13.tex:20,1.09,results_for_manuscript/**/*.json,any numeric value (rounded to printed precision),rounded lookup (value or SD; differences and ratios are looked up as exported deltas),yes (rounded),
HoloQPI_4.2/table_13.tex:20,64.7,results_for_manuscript/**/*.json,any numeric value (rounded to printed precision),rounded lookup (value or SD; differences and ratios are looked up as exported deltas),yes (rounded),
HoloQPI_4.2/table_13.tex:21,11.26,results_for_manuscript/**/*.json,any numeric value (rounded to printed precision),rounded lookup (value or SD; differences and ratios are looked up as exported deltas),yes (rounded),
HoloQPI_4.2/table_13.tex:21,1.12,results_for_manuscript/**/*.json,any numeric value (rounded to printed precision),rounded lookup (value or SD; differences and ratios are looked up as exported deltas),yes (rounded),
HoloQPI_4.2/table_13.tex:21,88.8,results_for_manuscript/**/*.json,any numeric value (rounded to printed precision),rounded lookup (value or SD; differences and ratios are looked up as exported deltas),yes (rounded),
HoloQPI_4.2/table_13.tex:21,18.40,results_for_manuscript/**/*.json,any numeric value (rounded to printed precision),rounded lookup (value or SD; differences and ratios are looked up as exported deltas),yes (rounded),
HoloQPI_4.2/table_13.tex:21,111.4,results_for_manuscript/**/*.json,any numeric value (rounded to printed precision),rounded lookup (value or SD; differences and ratios are looked up as exported deltas),yes (rounded),
HoloQPI_4.2/table_13.tex:22,9.18,results_for_manuscript/**/*.json,any numeric value (rounded to printed precision),rounded lookup (value or SD; differences and ratios are looked up as exported deltas),yes (rounded),
HoloQPI_4.2/table_13.tex:22,1.01,results_for_manuscript/**/*.json,any numeric value (rounded to printed precision),rounded lookup (value or SD; differences and ratios are looked up as exported deltas),yes (rounded),
HoloQPI_4.2/table_13.tex:22,109.0,results_for_manuscript/**/*.json,any numeric value (rounded to printed precision),rounded lookup (value or SD; differences and ratios are looked up as exported deltas),yes (rounded),
HoloQPI_4.2/table_13.tex:24,11.80,results_for_manuscript/**/*.json,any numeric value (rounded to printed precision),rounded lookup (value or SD; differences and ratios are looked up as exported deltas),yes (rounded),
HoloQPI_4.2/table_13.tex:24,1.20,results_for_manuscript/**/*.json,any numeric value (rounded to printed precision),rounded lookup (value or SD; differences and ratios are looked up as exported deltas),yes (rounded),
HoloQPI_4.2/table_13.tex:24,84.7,results_for_manuscript/**/*.json,any numeric value (rounded to printed precision),rounded lookup (value or SD; differences and ratios are looked up as exported deltas),yes (rounded),
HoloQPI_4.2/table_13.tex:24,12.97,results_for_manuscript/**/*.json,any numeric value (rounded to printed precision),rounded lookup (value or SD; differences and ratios are looked up as exported deltas),yes (rounded),
HoloQPI_4.2/table_13.tex:24,195.7,results_for_manuscript/**/*.json,any numeric value (rounded to printed precision),rounded lookup (value or SD; differences and ratios are looked up as exported deltas),yes (rounded),
HoloQPI_4.2/table_13.tex:25,24.03,results_for_manuscript/**/*.json,any numeric value (rounded to printed precision),rounded lookup (value or SD; differences and ratios are looked up as exported deltas),yes (rounded),
HoloQPI_4.2/table_13.tex:25,13.32,results_for_manuscript/**/*.json,any numeric value (rounded to printed precision),rounded lookup (value or SD; differences and ratios are looked up as exported deltas),yes (rounded),
HoloQPI_4.2/table_13.tex:25,1.10,results_for_manuscript/**/*.json,any numeric value (rounded to printed precision),rounded lookup (value or SD; differences and ratios are looked up as exported deltas),yes (rounded),
HoloQPI_4.2/table_13.tex:25,75.1,results_for_manuscript/**/*.json,any numeric value (rounded to printed precision),rounded lookup (value or SD; differences and ratios are looked up as exported deltas),yes (rounded),
HoloQPI_4.2/table_13.tex:26,9.21,results_for_manuscript/**/*.json,any numeric value (rounded to printed precision),rounded lookup (value or SD; differences and ratios are looked up as exported deltas),yes (rounded),
HoloQPI_4.2/table_13.tex:26,1.16,results_for_manuscript/**/*.json,any numeric value (rounded to printed precision),rounded lookup (value or SD; differences and ratios are looked up as exported deltas),yes (rounded),
HoloQPI_4.2/table_13.tex:26,108.5,results_for_manuscript/**/*.json,any numeric value (rounded to printed precision),rounded lookup (value or SD; differences and ratios are looked up as exported deltas),yes (rounded),
HoloQPI_4.2/table_13.tex:26,6.48,results_for_manuscript/**/*.json,any numeric value (rounded to printed precision),rounded lookup (value or SD; differences and ratios are looked up as exported deltas),yes (rounded),
HoloQPI_4.2/table_13.tex:26,98.7,results_for_manuscript/**/*.json,any numeric value (rounded to printed precision),rounded lookup (value or SD; differences and ratios are looked up as exported deltas),yes (rounded),
HoloQPI_4.2/table_13.tex:27,7.97,results_for_manuscript/**/*.json,any numeric value (rounded to printed precision),rounded lookup (value or SD; differences and ratios are looked up as exported deltas),yes (rounded),
HoloQPI_4.2/table_13.tex:27,1.01,results_for_manuscript/**/*.json,any numeric value (rounded to printed precision),rounded lookup (value or SD; differences and ratios are looked up as exported deltas),yes (rounded),
HoloQPI_4.2/table_13.tex:27,125.4,results_for_manuscript/**/*.json,any numeric value (rounded to printed precision),rounded lookup (value or SD; differences and ratios are looked up as exported deltas),yes (rounded),
