location,value,source_file,field_key_or_formula,inputs,match,context
Abstract,9.6,method parameter / count,params (9 598 099),,yes," reconstructed phase and on the cell boundary together. We trained a network of 9.6\,M parameters, a   encoder with two  -style decoders, that maps a raw digital h"
Abstract,113,runs/v2_baseline_off_axis/metrics_test.json; runs/v2_A_seed1337_off_axis/metrics_test.json; runs/v2_A_seed2024_off_axis/metrics_test.json,mean.A.area_bootstrap_fields (area_bootstrap_fields),run.A.s42.area_bootstrap_fields;run.A.s1337.area_bootstrap_fields;run.A.s2024.area_bootstrap_fields,yes,"ntation labels were derived from the reference phase. On the off-axis test set (113 fields, 3186 reference cells, three training seeds), the dry-mass mean absolute"
Abstract,3186,runs/v2_baseline_off_axis/metrics_test.json; runs/v2_A_seed1337_off_axis/metrics_test.json; runs/v2_A_seed2024_off_axis/metrics_test.json,mean.A.cells_reference (cells_reference),run.A.s42.cells_reference;run.A.s1337.cells_reference;run.A.s2024.cells_reference,yes,"ls were derived from the reference phase. On the off-axis test set (113 fields, 3186 reference cells, three training seeds), the dry-mass mean absolute percentage e"
Abstract,0.1742,runs/v2_baseline_off_axis/metrics_test.json; runs/v2_A_seed1337_off_axis/metrics_test.json; runs/v2_A_seed2024_off_axis/metrics_test.json,mean.A.dry_mass_mape (dry_mass_mape),run.A.s42.dry_mass_mape;run.A.s1337.dry_mass_mape;run.A.s2024.dry_mass_mape,yes,"ds), the dry-mass mean absolute percentage error (MAPE) over matched cells was $0.1742$, against $0.2203$ for the tested classical reconstruction pipeline, at similar"
Abstract,0.2203,runs/conventional_baseline_test.json,classical113.off_axis.dry_mass_mape (off_axis.dry_mass_mape),,yes,"mean absolute percentage error (MAPE) over matched cells was $0.1742$, against $0.2203$ for the tested classical reconstruction pipeline, at similar Dice ($0.8337$ an"
Abstract,0.8337,runs/v2_baseline_off_axis/metrics_test.json; runs/v2_A_seed1337_off_axis/metrics_test.json; runs/v2_A_seed2024_off_axis/metrics_test.json,mean.A.seg_dice (seg_dice),run.A.s42.seg_dice;run.A.s1337.seg_dice;run.A.s2024.seg_dice,yes,"st $0.2203$ for the tested classical reconstruction pipeline, at similar Dice ($0.8337$ and $0.8253$) and projected-area MAPE ($0.1568$ and $0.1578$). On the same tes"
Abstract,0.8253,runs/conventional_baseline_test.json,classical113.off_axis.seg_dice (off_axis.seg_dice),,yes,"or the tested classical reconstruction pipeline, at similar Dice ($0.8337$ and $0.8253$) and projected-area MAPE ($0.1568$ and $0.1578$). On the same test set, detect"
Abstract,0.1568,runs/v2_baseline_off_axis/metrics_test.json; runs/v2_A_seed1337_off_axis/metrics_test.json; runs/v2_A_seed2024_off_axis/metrics_test.json,mean.A.phase_mae_rad (phase_mae_rad),run.A.s42.phase_mae_rad;run.A.s1337.phase_mae_rad;run.A.s2024.phase_mae_rad,yes,"ion pipeline, at similar Dice ($0.8337$ and $0.8253$) and projected-area MAPE ($0.1568$ and $0.1578$). On the same test set, detection recall was $0.593$ overall, $0."
Abstract,0.1578,runs/conventional_baseline_test.json,classical113.off_axis.area_mape (off_axis.area_mape),,yes," at similar Dice ($0.8337$ and $0.8253$) and projected-area MAPE ($0.1568$ and $0.1578$). On the same test set, detection recall was $0.593$ overall, $0.912$ for inte"
Abstract,0.593,runs/v2_baseline_off_axis/metrics_test.json; runs/v2_A_seed1337_off_axis/metrics_test.json; runs/v2_A_seed2024_off_axis/metrics_test.json,mean.A.detection_recall (detection_recall),run.A.s42.detection_recall;run.A.s1337.detection_recall;run.A.s2024.detection_recall,yes,"-area MAPE ($0.1568$ and $0.1578$). On the same test set, detection recall was $0.593$ overall, $0.912$ for interior reference cells and $0.212$ for cells within 3\,"
Abstract,0.912,runs/diagnostics/decomposition_by_config.csv,decomp.A.cell.interior.recall_mean (decomp.A.cell.interior.recall_mean),,yes,"68$ and $0.1578$). On the same test set, detection recall was $0.593$ overall, $0.912$ for interior reference cells and $0.212$ for cells within 3\,px of the field b"
Abstract,0.212,runs/diagnostics/decomposition_by_config.csv,decomp.A.cell.edge.recall_mean (decomp.A.cell.edge.recall_mean),,yes,"detection recall was $0.593$ overall, $0.912$ for interior reference cells and $0.212$ for cells within 3\,px of the field boundary, and for matched cells the error "
Abstract,3,runs/conventional_baseline_test.json,classical113.gabor.detection_recall (gabor.detection_recall),,yes,"593$ overall, $0.912$ for interior reference cells and $0.212$ for cells within 3\,px of the field boundary, and for matched cells the error lay in the predicted"
Abstract,107,runs/v2_cell_ipp_area_off_axis/metrics_test.json,mean.B2.false_positive_median_area_um2 (false_positive_median_area_um2),run.B2.s42.false_positive_median_area_um2,yes,y in the predicted phase level rather than in the predicted cell domain. On the 107 test fields whose in-line Gabor hologram is correctly paired with the reference
Abstract,3055,runs/common_fields/common_fields_summary.csv,common.classical_gabor.cells_reference (classical_gabor.cells_reference),,yes,"est fields whose in-line Gabor hologram is correctly paired with the reference (3055 reference cells), a single in-line training run reached a phase Pearson   of $0"
Abstract,0.8667,runs/common_fields/common_fields_summary.csv,common.G_s42.phase_pearson_r (G_s42.phase_pearson_r),,yes,"5 reference cells), a single in-line training run reached a phase Pearson   of $0.8667$ and a dry-mass MAPE of $0.2129$; the tested classical in-line reconstruction d"
Abstract,0.2129,runs/v2_baseline_gabor/metrics_test.json,mean.G.dry_mass_mape (dry_mass_mape),run.G.s42.dry_mass_mape,yes,line training run reached a phase Pearson   of $0.8667$ and a dry-mass MAPE of $0.2129$; the tested classical in-line reconstruction did not recover the specimen phas
Abstract,-0.2075,runs/conventional_baseline_test.json,classical113.gabor.phase_pearson_r (gabor.phase_pearson_r),,yes," tested classical in-line reconstruction did not recover the specimen phase ($r=-0.2075$). On the off-axis test set, both measurement-aware integrated-phase terms incr"
Abstract,+0.0141,runs/*/metrics_test.json,cmp.B_vs_A.dry_mass_mape.diff (dry_mass_mape),mean.B.dry_mass_mape;mean.A.dry_mass_mape,yes,"urement-aware integrated-phase terms increased the matched-cell dry-mass MAPE ($+0.0141$ per cell and $+0.0145$ per image, both resolved under a between-seed criterion"
Abstract,+0.0145,runs/*/metrics_test.json,cmp.B1_vs_A.dry_mass_mape.diff (dry_mass_mape),mean.B1.dry_mass_mape;mean.A.dry_mass_mape,yes,"d-phase terms increased the matched-cell dry-mass MAPE ($+0.0141$ per cell and $+0.0145$ per image, both resolved under a between-seed criterion), and their effect on "
Abstract,4.8%,runs/error_propagation_summary.csv,ep.1.mass_signed (shift 1: mass_signed),,yes,"dary outward by one pixel, with no trained model involved, changed dry mass by $4.8\%$ while Dice stayed at $0.974$. "
Abstract,0.974,runs/error_propagation_summary.csv,ep.1.dice (shift 1: dice),,yes,"th no trained model involved, changed dry mass by $4.8\%$ while Dice stayed at $0.974$. "
Introduction,4.8%,runs/error_propagation_summary.csv,ep.1.mass_signed (shift 1: mass_signed),,yes,"here, moving every reference boundary outward by one pixel changes dry mass by $4.8\%$ while Dice stays at $0.974$ (Sec.~ ). Image-level statistics can also cancel t"
Introduction,0.974,runs/error_propagation_summary.csv,ep.1.dice (shift 1: dice),,yes, boundary outward by one pixel changes dry mass by $4.8\%$ while Dice stays at $0.974$ (Sec.~ ). Image-level statistics can also cancel the errors that a per-cell me
Introduction,20%,runs/v2_cell_ipp_off_axis/metrics_test.json; runs/v2_B_seed1337_off_axis/metrics_test.json; runs/v2_B_seed2024_off_axis/metrics_test.json,mean.B.dry_mass_mape_ci_upper (dry_mass_mape_ci_upper),run.B.s42.dry_mass_mape_ci_upper;run.B.s1337.dry_mass_mape_ci_upper;run.B.s2024.dry_mass_mape_ci_upper,yes,"r-cell measurement is sensitive to: if one cell in a field is over-estimated by 20\% and another is under-estimated by 20\%, the field total is unbiased. Whether a "
Introduction,20%,runs/v2_cell_ipp_off_axis/metrics_test.json; runs/v2_B_seed1337_off_axis/metrics_test.json; runs/v2_B_seed2024_off_axis/metrics_test.json,mean.B.dry_mass_mape_ci_upper (dry_mass_mape_ci_upper),run.B.s42.dry_mass_mape_ci_upper;run.B.s1337.dry_mass_mape_ci_upper;run.B.s2024.dry_mass_mape_ci_upper,yes,"one cell in a field is over-estimated by 20\% and another is under-estimated by 20\%, the field total is unbiased. Whether a reconstruction or a segmentation is ade"
Introduction,0.5,runs/*/metrics_test.json,cmp.B_vs_A.seg_dice.thr (seg_dice),sd.B.seg_dice;sd.A.seg_dice,yes,"ams~ , a   segmented cells on raw off-axis holograms with Dice and IoU of about 0.5~ , and a network trained on simulated in-line holograms of microplankton predic"
Introduction,2,runs/v2_baseline_off_axis/metrics_test.json; runs/v2_A_seed1337_off_axis/metrics_test.json; runs/v2_A_seed2024_off_axis/metrics_test.json,mean.A.circularity_median_relative_bias (circularity_median_relative_bias),run.A.s42.circularity_median_relative_bias;run.A.s1337.circularity_median_relative_bias;run.A.s2024.circularity_median_relative_bias,yes,"he main contributions of this work are: \begin{enumerate}[leftmargin=*, itemsep=2pt, topsep=3pt] \item An evaluation of a joint raw-hologram-to-phase-and-mask ne"
Introduction,3,runs/z_calibration.json,disc.off_axis.margin.zero (off_axis.discrimination.margins.zero),,yes,"ributions of this work are: \begin{enumerate}[leftmargin=*, itemsep=2pt, topsep=3pt] \item An evaluation of a joint raw-hologram-to-phase-and-mask network, built"
Introduction,113,runs/conventional_baseline_test.json,classical113.off_axis.phase_n_images (off_axis.phase_n_images),,yes,"assical reconstruction pipeline through the same measurement chain, off-axis on 113 test fields and for both geometries on the 107 fields whose in-line hologram is"
Introduction,107,runs/conventional_baseline_test.json,classical113.off_axis.false_positive_median_area_um2 (off_axis.false_positive_median_area_um2),,yes,"e measurement chain, off-axis on 113 test fields and for both geometries on the 107 fields whose in-line hologram is correctly paired (Sec.~ ). \item Tests of meas"
Related work / Neural holographic phase reconstruction,0.05,literature (cited paper),,,yes,"SSIM against the target phase~ , PSNR and SSIM~ , the fraction of pixels within 0.05\,rad~ , or mean absolute error~ . The VY-Net authors introduced their pixel-lev"
"Related work / Cell segmentation, detection and dry-mass measurement in DHM",2019,literature (cited paper),,,yes,"s on the raw hologram, without reconstruction, has been reported since at least 2019. Trujillo and Garcia-Sucerquia trained a ten-layer convolutional network on sec"
"Related work / Cell segmentation, detection and dry-mass measurement in DHM",0.5,literature (cited paper),,,yes,"gmenting cells directly on raw off-axis holograms reached Dice and IoU of about 0.5~ . In RT-HAD, a detector applied to raw holograms was less accurate and slower "
"Related work / Cell segmentation, detection and dry-mass measurement in DHM",0.190,literature (cited paper),,,yes,"hase through the specific refraction increment $\alpha$~ . Reported values are $0.190 +- 0.003$\,mL/g over a large protein set, with individual values between $0.173"
"Related work / Cell segmentation, detection and dry-mass measurement in DHM",0.003,literature (cited paper),,,yes,"ugh the specific refraction increment $\alpha$~ . Reported values are $0.190 +- 0.003$\,mL/g over a large protein set, with individual values between $0.173$ and $0."
"Related work / Cell segmentation, detection and dry-mass measurement in DHM",0.173,literature (cited paper),,,yes,"0.190 +- 0.003$\,mL/g over a large protein set, with individual values between $0.173$ and $0.215$~ , and $0.18$--$0.21\,\mu ^3$/pg for biological media~ . DHM studi"
"Related work / Cell segmentation, detection and dry-mass measurement in DHM",0.215,literature (cited paper),,,yes,"03$\,mL/g over a large protein set, with individual values between $0.173$ and $0.215$~ , and $0.18$--$0.21\,\mu ^3$/pg for biological media~ . DHM studies have used"
"Related work / Cell segmentation, detection and dry-mass measurement in DHM",0.18,literature (cited paper),,,yes,"a large protein set, with individual values between $0.173$ and $0.215$~ , and $0.18$--$0.21\,\mu ^3$/pg for biological media~ . DHM studies have used $0.18$\,mL/g "
"Related work / Cell segmentation, detection and dry-mass measurement in DHM",0.21,literature (cited paper),,,yes,"protein set, with individual values between $0.173$ and $0.215$~ , and $0.18$--$0.21\,\mu ^3$/pg for biological media~ . DHM studies have used $0.18$\,mL/g for haem"
"Related work / Cell segmentation, detection and dry-mass measurement in DHM",3,literature (cited paper),,,yes,", with individual values between $0.173$ and $0.215$~ , and $0.18$--$0.21\,\mu ^3$/pg for biological media~ . DHM studies have used $0.18$\,mL/g for haemoglobin~"
"Related work / Cell segmentation, detection and dry-mass measurement in DHM",0.18,literature (cited paper),,,yes," , and $0.18$--$0.21\,\mu ^3$/pg for biological media~ . DHM studies have used $0.18$\,mL/g for haemoglobin~ , $0.2$\,mL/g~  and $0.21$\,mL/g for microplankton~ .  "
"Related work / Cell segmentation, detection and dry-mass measurement in DHM",0.2,literature (cited paper),,,yes," for biological media~ . DHM studies have used $0.18$\,mL/g for haemoglobin~ , $0.2$\,mL/g~  and $0.21$\,mL/g for microplankton~ .  "
"Related work / Cell segmentation, detection and dry-mass measurement in DHM",0.21,literature (cited paper),,,yes,"dia~ . DHM studies have used $0.18$\,mL/g for haemoglobin~ , $0.2$\,mL/g~  and $0.21$\,mL/g for microplankton~ .  "
Related work / Joint and end-to-end holographic pipelines,256,literature (cited paper),,,yes,gram with a diffusion generator trained on unpaired data; its main models take $256 x 256$ inputs. Its phase targets come from off-axis holography and its fluoresc
Related work / Joint and end-to-end holographic pipelines,256,literature (cited paper),,,yes,ith a diffusion generator trained on unpaired data; its main models take $256 x 256$ inputs. Its phase targets come from off-axis holography and its fluorescence t
Related work / Joint and end-to-end holographic pipelines,96.97,literature (cited paper),,,yes,"urements are used for cell-type and drug-response classification. The model has 96.97\,M parameters and runs at 89.47\,ms per image~ . RT-HAD processes raw off-axis "
Related work / Joint and end-to-end holographic pipelines,89.47,literature (cited paper),,,yes,"and drug-response classification. The model has 96.97\,M parameters and runs at 89.47\,ms per image~ . RT-HAD processes raw off-axis holograms with a chain of separa"
Related work / Joint and end-to-end holographic pipelines,10,literature (cited paper),,,yes,"s (learned reconstruction, bounding-box detection, aggregate analysis) at under 10\,ms per frame. It validates cell-type ratios and aggregate counts against a hae"
Related work / Position of this study,9.6,literature (cited paper),,,yes,"ted. The present study combines these steps in one jointly trained network with 9.6\,M parameters. The network is trained on experimental off-axis and in-line holo"
Method / Overall framework,900,logs/run_everything_20260930_042722.txt,"crop.val_candidates (candidate offsets searched (excluding [0,0]))",,yes,"marises the pipeline. A raw off-axis or in-line Gabor hologram, cropped to the $900 x 900$ phase grid (Sec.~ ), enters a network with one   encoder and two   decod"
Method / Overall framework,900,logs/run_everything_20260930_042722.txt,"crop.val_candidates (candidate offsets searched (excluding [0,0]))",,yes,"s the pipeline. A raw off-axis or in-line Gabor hologram, cropped to the $900 x 900$ phase grid (Sec.~ ), enters a network with one   encoder and two   decoders (F"
Method / Overall framework,42,runs/v2_baseline_gabor/metrics_test.json,mean.G.dry_mass_mae (dry_mass_mae),run.G.s42.dry_mass_mae,yes," and d show test field  ; phase, segmentation and measurement are from the seed-42 End-to-End Neural Baseline, and the amplitude map from +Amplitude.}   \end{figu"
Method / Hologram formation and propagation model,2,runs/v2_amplitude_off_axis/metrics_test.json,amp.D0.amplitude_bias_in_cell (amplitude_bias_in_cell),,yes,h the angular-spectrum operator   with evanescent components attenuated as $e^{-2\pi|z|\sqrt{f_x^2+f_y^2-\lambda^{-2}}}$. In the in-line (Gabor) geometry the sen
Method / Hologram formation and propagation model,2,runs/v2_baseline_off_axis/metrics_test.json; runs/v2_A_seed1337_off_axis/metrics_test.json; runs/v2_A_seed2024_off_axis/metrics_test.json,mean.A.circularity_median_relative_bias (circularity_median_relative_bias),run.A.s42.circularity_median_relative_bias;run.A.s1337.circularity_median_relative_bias;run.A.s2024.circularity_median_relative_bias,yes,ctrum operator   with evanescent components attenuated as $e^{-2\pi|z|\sqrt{f_x^2+f_y^2-\lambda^{-2}}}$. In the in-line (Gabor) geometry the sensor records   whi
Method / Hologram formation and propagation model,2,runs/v2_baseline_off_axis/metrics_test.json; runs/v2_A_seed1337_off_axis/metrics_test.json; runs/v2_A_seed2024_off_axis/metrics_test.json,mean.A.circularity_median_relative_bias (circularity_median_relative_bias),run.A.s42.circularity_median_relative_bias;run.A.s1337.circularity_median_relative_bias;run.A.s2024.circularity_median_relative_bias,yes,operator   with evanescent components attenuated as $e^{-2\pi|z|\sqrt{f_x^2+f_y^2-\lambda^{-2}}}$. In the in-line (Gabor) geometry the sensor records   which ten
Method / Hologram formation and propagation model,2,runs/v2_baseline_off_axis/metrics_test.json; runs/v2_A_seed1337_off_axis/metrics_test.json; runs/v2_A_seed2024_off_axis/metrics_test.json,mean.A.circularity_median_relative_bias (circularity_median_relative_bias),run.A.s42.circularity_median_relative_bias;run.A.s1337.circularity_median_relative_bias;run.A.s2024.circularity_median_relative_bias,yes,ith evanescent components attenuated as $e^{-2\pi|z|\sqrt{f_x^2+f_y^2-\lambda^{-2}}}$. In the in-line (Gabor) geometry the sensor records   which tends to $A^2$ 
Method / Hologram formation and propagation model,2,runs/conventional_baseline_test.json,classical113.gabor.optical_volume_loa_lower (gabor.optical_volume_loa_lower),,yes,{-2}}}$. In the in-line (Gabor) geometry the sensor records   which tends to $A^2$ as $z -> 0$ and so carries phase only through propagation. In the off-axis geo
Method / Hologram formation and propagation model,0,runs/z_calibration.json,disc.gabor.tolerance (gabor.discrimination.tolerance),,yes,the in-line (Gabor) geometry the sensor records   which tends to $A^2$ as $z -> 0$ and so carries phase only through propagation. In the off-axis geometry a tilt
Method / Network architecture,2,runs/v2_baseline_off_axis/metrics_test.json; runs/v2_A_seed1337_off_axis/metrics_test.json; runs/v2_A_seed2024_off_axis/metrics_test.json,mean.A.circularity_median_relative_bias (circularity_median_relative_bias),run.A.s42.circularity_median_relative_bias;run.A.s1337.circularity_median_relative_bias;run.A.s2024.circularity_median_relative_bias,yes,"ne input channel by averaging the RGB filters, produces feature maps at strides 2--32. Two   decoders~  with widths $256/128/64/32$ consume them: a phase decoder"
Method / Network architecture,-32,method parameter / count,decoder width / stride / val fields,,yes," input channel by averaging the RGB filters, produces feature maps at strides 2--32. Two   decoders~  with widths $256/128/64/32$ consume them: a phase decoder tha"
Method / Network architecture,256,method parameter / count,decoder width,,yes," filters, produces feature maps at strides 2--32. Two   decoders~  with widths $256/128/64/32$ consume them: a phase decoder that carries the phase head and, when "
Method / Network architecture,128,method parameter / count,decoder width,,yes,"ters, produces feature maps at strides 2--32. Two   decoders~  with widths $256/128/64/32$ consume them: a phase decoder that carries the phase head and, when enab"
Method / Network architecture,64,runs/v2_baseline_off_axis/metrics_test.json; runs/v2_A_seed1337_off_axis/metrics_test.json; runs/v2_A_seed2024_off_axis/metrics_test.json,mean.A.phase_ssim (phase_ssim),run.A.s42.phase_ssim;run.A.s1337.phase_ssim;run.A.s2024.phase_ssim,yes,", produces feature maps at strides 2--32. Two   decoders~  with widths $256/128/64/32$ consume them: a phase decoder that carries the phase head and, when enabled"
Method / Network architecture,32,runs/v2_image_volume_off_axis/metrics_test.json; runs/v2_B1_seed1337_off_axis/metrics_test.json; runs/v2_B1_seed2024_off_axis/metrics_test.json,mean.B1.seg_instance_count_mape (seg_instance_count_mape),run.B1.s42.seg_instance_count_mape;run.B1.s1337.seg_instance_count_mape;run.B1.s2024.seg_instance_count_mape,yes,"roduces feature maps at strides 2--32. Two   decoders~  with widths $256/128/64/32$ consume them: a phase decoder that carries the phase head and, when enabled, t"
Method / Network architecture,1,runs/v2_amplitude_off_axis/metrics_test.json,amp.D0.amplitude_pearson_r (amplitude_pearson_r),,yes,"se head has no output activation and emits radians. The amplitude head outputs $1 + 0.3\tanh(\cdot)$ and is zero-initialised, so it starts at unit transmittance."
Method / Network architecture,0.3,method parameter / count,weights,,yes,"ead has no output activation and emits radians. The amplitude head outputs $1 + 0.3\tanh(\cdot)$ and is zero-initialised, so it starts at unit transmittance. The i"
Method / Network architecture,32,runs/v2_image_volume_off_axis/metrics_test.json; runs/v2_B1_seed1337_off_axis/metrics_test.json; runs/v2_B1_seed2024_off_axis/metrics_test.json,mean.B1.seg_instance_count_mape (seg_instance_count_mape),run.B1.s42.seg_instance_count_mape;run.B1.s1337.seg_instance_count_mape;run.B1.s2024.seg_instance_count_mape,yes,"ittance. The input is z-scored per field and reflection-padded to a multiple of 32. The decoders end at stride 2, so the phase and segmentation maps are produced "
Method / Network architecture,2,runs/v2_baseline_off_axis/metrics_test.json; runs/v2_A_seed1337_off_axis/metrics_test.json; runs/v2_A_seed2024_off_axis/metrics_test.json,mean.A.circularity_median_relative_bias (circularity_median_relative_bias),run.A.s42.circularity_median_relative_bias;run.A.s1337.circularity_median_relative_bias;run.A.s2024.circularity_median_relative_bias,yes,"per field and reflection-padded to a multiple of 32. The decoders end at stride 2, so the phase and segmentation maps are produced at half resolution and bilinea"
Method / Network architecture,900,logs/run_everything_20260930_042722.txt,"crop.val_candidates (candidate offsets searched (excluding [0,0]))",,yes," segmentation maps are produced at half resolution and bilinearly upsampled to $900 x 900$. The standard model has 9598099 parameters (45.85\,GMAC at $900 x 900$)."
Method / Network architecture,900,logs/run_everything_20260930_042722.txt,"crop.val_candidates (candidate offsets searched (excluding [0,0]))",,yes,"ntation maps are produced at half resolution and bilinearly upsampled to $900 x 900$. The standard model has 9598099 parameters (45.85\,GMAC at $900 x 900$). A com"
Method / Network architecture,9598099,runs/benchmark_results/results_hardware_arm_A.json,hw.A.mean.params_total (params_total),session seed 42;session seed 1337;session seed 2024,yes,"half resolution and bilinearly upsampled to $900 x 900$. The standard model has 9598099 parameters (45.85\,GMAC at $900 x 900$). A compact variant inserts a shared $1 "
Method / Network architecture,45.85,method parameter / count,GMAC,,yes,"bilinearly upsampled to $900 x 900$. The standard model has 9598099 parameters (45.85\,GMAC at $900 x 900$). A compact variant inserts a shared $1 x 1$ projection fr"
Method / Network architecture,900,logs/run_everything_20260930_042722.txt,"crop.val_candidates (candidate offsets searched (excluding [0,0]))",,yes,"pled to $900 x 900$. The standard model has 9598099 parameters (45.85\,GMAC at $900 x 900$). A compact variant inserts a shared $1 x 1$ projection from 1280 to 256"
Method / Network architecture,900,logs/run_everything_20260930_042722.txt,"crop.val_candidates (candidate offsets searched (excluding [0,0]))",,yes,"o $900 x 900$. The standard model has 9598099 parameters (45.85\,GMAC at $900 x 900$). A compact variant inserts a shared $1 x 1$ projection from 1280 to 256 chann"
Method / Network architecture,1,runs/v2_compact_baseline_off_axis/metrics_test.json,mean.KA.area_cell_pearson_r (area_cell_pearson_r),run.KA.s42.area_cell_pearson_r,yes,"99 parameters (45.85\,GMAC at $900 x 900$). A compact variant inserts a shared $1 x 1$ projection from 1280 to 256 channels before both decoders, which reduces t"
Method / Network architecture,1,runs/v2_compact_baseline_off_axis/metrics_test.json,mean.KA.area_cell_pearson_r (area_cell_pearson_r),run.KA.s42.area_cell_pearson_r,yes,"arameters (45.85\,GMAC at $900 x 900$). A compact variant inserts a shared $1 x 1$ projection from 1280 to 256 channels before both decoders, which reduces the c"
Method / Network architecture,1280,derived,3186 - mean.A.cells_matched (about 1300),mean.A.cells_matched,yes,"MAC at $900 x 900$). A compact variant inserts a shared $1 x 1$ projection from 1280 to 256 channels before both decoders, which reduces the count to 3360403.  "
Method / Network architecture,256,method parameter / count,decoder width,,yes,"900 x 900$). A compact variant inserts a shared $1 x 1$ projection from 1280 to 256 channels before both decoders, which reduces the count to 3360403.  "
Method / Network architecture,3360403,runs/benchmark_results/results_hardware_arm_KA.json,hw.KA.mean.params_total (params_total),session seed 42,yes,"tion from 1280 to 256 channels before both decoders, which reduces the count to 3360403.  "
Method / Per-cell measurement domains and quantitative measurements,15,runs/v2_baseline_off_axis/metrics_test.json; runs/v2_A_seed1337_off_axis/metrics_test.json; runs/v2_A_seed2024_off_axis/metrics_test.json,mean.A.area_mape_ci_lower (area_mape_ci_lower),run.A.s42.area_mape_ci_lower;run.A.s1337.area_mape_ci_lower;run.A.s2024.area_mape_ci_lower,yes," binary mask separated by a distance-transform watershed (minimum peak distance 15\,px) and kept if their area lies in 30--6000\,$\mu ^2$. The same instance label"
Method / Per-cell measurement domains and quantitative measurements,30,runs/v2_cell_ipp_bga_off_axis/metrics_test.json,mean.C.area_loa_upper (area_loa_upper),run.C.s42.area_loa_upper,yes,"ansform watershed (minimum peak distance 15\,px) and kept if their area lies in 30--6000\,$\mu ^2$. The same instance labelling is applied to predicted and refere"
Method / Per-cell measurement domains and quantitative measurements,-6000,method parameter / count,config/base.yaml max_cell_area_um2,,yes,"form watershed (minimum peak distance 15\,px) and kept if their area lies in 30--6000\,$\mu ^2$. The same instance labelling is applied to predicted and reference ma"
Method / Per-cell measurement domains and quantitative measurements,2,runs/*/metrics_test.json,cmp.W30_vs_A.area_mape.diff (area_mape),mean.W30.area_mape;mean.A.area_mape,yes,"d (minimum peak distance 15\,px) and kept if their area lies in 30--6000\,$\mu ^2$. The same instance labelling is applied to predicted and reference masks. For "
Method / Per-cell measurement domains and quantitative measurements,0.284871,runs/error_propagation_summary.csv,ep.-1.shift_um (shift -1: shift_um),,yes,"ega_k$ with $N_k$ pixels and Crofton perimeter $P_k$ (in pixels),   with $dx=dy=0.284871\,\mu$m, $\lambda=0.666\,\mu$m and $\alpha=0.2$\,mL/g. $S_k$ is the integrated p"
Method / Per-cell measurement domains and quantitative measurements,0.666,method parameter / count,config/base.yaml optics.wavelength_um,,yes,"nd Crofton perimeter $P_k$ (in pixels),   with $dx=dy=0.284871\,\mu$m, $\lambda=0.666\,\mu$m and $\alpha=0.2$\,mL/g. $S_k$ is the integrated phase in rad\,$\mu ^2$, "
Method / Per-cell measurement domains and quantitative measurements,0.2,runs/error_propagation_summary.csv,ep.-5.mass_relative_error (shift -5: mass_relative_error),,yes,"$ (in pixels),   with $dx=dy=0.284871\,\mu$m, $\lambda=0.666\,\mu$m and $\alpha=0.2$\,mL/g. $S_k$ is the integrated phase in rad\,$\mu ^2$, and Eq.~  is the dry-ma"
Method / Per-cell measurement domains and quantitative measurements,2,runs/error_propagation_summary.csv,ep.-2.shift_px (shift -2: shift_px),,yes,".666\,\mu$m and $\alpha=0.2$\,mL/g. $S_k$ is the integrated phase in rad\,$\mu ^2$, and Eq.~  is the dry-mass relation of~ . Circularity is evaluated on the pixe"
Method / Supervised reconstruction and segmentation losses,11,runs/error_propagation_summary.csv,ep.2.mass_relative_error (shift 2: mass_relative_error),,yes," with pixel-mean norms, forward-difference gradient magnitude, and SSIM over an 11-pixel Gaussian window ($\sigma=1.5$, data range 8\,rad).  "
Method / Supervised reconstruction and segmentation losses,1.5,runs/*/metrics_test.json,cmp.W10_vs_A.phase_ssim.diff (phase_ssim),mean.W10.phase_ssim;mean.A.phase_ssim,yes,"fference gradient magnitude, and SSIM over an 11-pixel Gaussian window ($\sigma=1.5$, data range 8\,rad).  "
Method / Supervised reconstruction and segmentation losses,8,runs/v2_cell_ipp_off_axis/metrics_test.json; runs/v2_B_seed1337_off_axis/metrics_test.json; runs/v2_B_seed2024_off_axis/metrics_test.json,mean.B.area_median_relative_bias (area_median_relative_bias),run.B.s42.area_median_relative_bias;run.B.s1337.area_median_relative_bias;run.B.s2024.area_median_relative_bias,yes," magnitude, and SSIM over an 11-pixel Gaussian window ($\sigma=1.5$, data range 8\,rad).  "
Method / Measurement-aware objectives,1,runs/v2_baseline_off_axis/metrics_test.json; runs/v2_A_seed1337_off_axis/metrics_test.json; runs/v2_A_seed2024_off_axis/metrics_test.json,mean.A.area_cell_pearson_r (area_cell_pearson_r),run.A.s42.area_cell_pearson_r;run.A.s1337.area_cell_pearson_r;run.A.s2024.area_cell_pearson_r,yes,"e terms couple the predicted phase to the predicted foreground probability $f = 1 - p_ $ from the segmentation head. With   the reference mask, $\Omega_k$ the re"
Method / Measurement-aware objectives,10,runs/v2_baseline_off_axis/metrics_test.json; runs/v2_A_seed1337_off_axis/metrics_test.json; runs/v2_A_seed2024_off_axis/metrics_test.json,mean.A.circularity_loa_upper (circularity_loa_upper),run.A.s42.circularity_loa_upper;run.A.s1337.circularity_loa_upper;run.A.s2024.circularity_loa_upper,yes,"ce mask, $\Omega_k$ the reference instances of a training crop, and $\epsilon = 10^{-4}$, the per-cell integrated-phase-preservation (IPP) term is   over the   in"
Method / Measurement-aware objectives,4,runs/v2_baseline_off_axis/metrics_test.json; runs/v2_A_seed1337_off_axis/metrics_test.json; runs/v2_A_seed2024_off_axis/metrics_test.json,mean.A.circularity_mae (circularity_mae),run.A.s42.circularity_mae;run.A.s1337.circularity_mae;run.A.s2024.circularity_mae,yes,"sk, $\Omega_k$ the reference instances of a training crop, and $\epsilon = 10^{-4}$, the per-cell integrated-phase-preservation (IPP) term is   over the   instan"
Method / Measurement-aware objectives,50,runs/v2_baseline_off_axis/metrics_test.json; runs/v2_A_seed1337_off_axis/metrics_test.json; runs/v2_A_seed2024_off_axis/metrics_test.json,mean.A.area_mape_coverage_adjusted (area_mape_coverage_adjusted),run.A.s42.area_mape_coverage_adjusted;run.A.s1337.area_mape_coverage_adjusted;run.A.s2024.area_mape_coverage_adjusted,yes,"ation (IPP) term is   over the   instances whose reference integral is at least 50\,rad\,px, with each relative error capped at 10. The domains $\Omega_k$ are the"
Method / Measurement-aware objectives,10,runs/v2_baseline_off_axis/metrics_test.json; runs/v2_A_seed1337_off_axis/metrics_test.json; runs/v2_A_seed2024_off_axis/metrics_test.json,mean.A.circularity_loa_upper (circularity_loa_upper),run.A.s42.circularity_loa_upper;run.A.s1337.circularity_loa_upper;run.A.s2024.circularity_loa_upper,yes," reference integral is at least 50\,rad\,px, with each relative error capped at 10. The domains $\Omega_k$ are the watershed instances of the reference mask, comp"
Method / Measurement-aware objectives,20%,runs/v2_cell_ipp_off_axis/metrics_test.json; runs/v2_B_seed1337_off_axis/metrics_test.json; runs/v2_B_seed2024_off_axis/metrics_test.json,mean.B.dry_mass_mape_ci_upper (dry_mass_mape_ci_upper),run.B.s42.dry_mass_mape_ci_upper;run.B.s1337.dry_mass_mape_ci_upper;run.B.s2024.dry_mass_mape_ci_upper,yes,"sums with sums over the whole crop,   On a field with one cell over-measured by 20\% and another under-measured by 20\%, Eq.~  is $0$ and Eq.~  is $0.2$ (a unit tes"
Method / Measurement-aware objectives,20%,runs/v2_cell_ipp_off_axis/metrics_test.json; runs/v2_B_seed1337_off_axis/metrics_test.json; runs/v2_B_seed2024_off_axis/metrics_test.json,mean.B.dry_mass_mape_ci_upper (dry_mass_mape_ci_upper),run.B.s42.dry_mass_mape_ci_upper;run.B.s1337.dry_mass_mape_ci_upper;run.B.s2024.dry_mass_mape_ci_upper,yes,"   On a field with one cell over-measured by 20\% and another under-measured by 20\%, Eq.~  is $0$ and Eq.~  is $0.2$ (a unit test in the repository). Since the qua"
Method / Measurement-aware objectives,0,runs/v2_baseline_off_axis/metrics_test.json; runs/v2_A_seed1337_off_axis/metrics_test.json; runs/v2_A_seed2024_off_axis/metrics_test.json,mean.A.area_field_total_bias (area_field_total_bias),run.A.s42.area_field_total_bias;run.A.s1337.area_field_total_bias;run.A.s2024.area_field_total_bias,yes,"th one cell over-measured by 20\% and another under-measured by 20\%, Eq.~  is $0$ and Eq.~  is $0.2$ (a unit test in the repository). Since the quantity in Eq.~"
Method / Measurement-aware objectives,0.2,method parameter / count,config/base.yaml refraction_increment / weights,,yes,"measured by 20\% and another under-measured by 20\%, Eq.~  is $0$ and Eq.~  is $0.2$ (a unit test in the repository). Since the quantity in Eq.~  depends on both t"
Method / Measurement-aware objectives,370,runs/v2_A_seed1337_off_axis/metrics_test.json,run.A.s1337.cells_false_positive (cells_false_positive),,yes,"area term constrains the domain directly,   over the $K'$ instances of at least 370\,px ($30\,\mu ^2$). It cannot penalise foreground outside reference instances. "
Method / Measurement-aware objectives,30,runs/v2_cell_ipp_bga_off_axis/metrics_test.json,mean.C.area_loa_upper (area_loa_upper),run.C.s42.area_loa_upper,yes,"constrains the domain directly,   over the $K'$ instances of at least 370\,px ($30\,\mu ^2$). It cannot penalise foreground outside reference instances. The bound"
Method / Measurement-aware objectives,2,runs/*/metrics_test.json,cmp.W30_vs_A.area_mape.diff (area_mape),mean.W30.area_mape;mean.A.area_mape,yes,"s the domain directly,   over the $K'$ instances of at least 370\,px ($30\,\mu ^2$). It cannot penalise foreground outside reference instances. The boundary--gra"
Method / Measurement-aware objectives,370,runs/v2_A_seed1337_off_axis/metrics_test.json,run.A.s1337.cells_false_positive (cells_false_positive),,yes,  These four terms are averaged over the crops of a batch that contain at least 370 reference-foreground pixels.  Measured before training over 30 batches of $512 
Method / Measurement-aware objectives,30,runs/v2_cell_ipp_off_axis/metrics_test.json; runs/v2_B_seed1337_off_axis/metrics_test.json; runs/v2_B_seed2024_off_axis/metrics_test.json,mean.B.seg_instance_count_mape (seg_instance_count_mape),run.B.s42.seg_instance_count_mape;run.B.s1337.seg_instance_count_mape;run.B.s2024.seg_instance_count_mape,yes,"ontain at least 370 reference-foreground pixels.  Measured before training over 30 batches of $512 x 512$ crops, the gradient of $\Lippc$ into the segmentation de"
Method / Measurement-aware objectives,512,method parameter / count,training crop,,yes," 370 reference-foreground pixels.  Measured before training over 30 batches of $512 x 512$ crops, the gradient of $\Lippc$ into the segmentation decoder at unit we"
Method / Measurement-aware objectives,512,method parameter / count,training crop,,yes,"eference-foreground pixels.  Measured before training over 30 batches of $512 x 512$ crops, the gradient of $\Lippc$ into the segmentation decoder at unit weight h"
Method / Measurement-aware objectives,0.373,runs/gradient_path_b_cell_ipp_512.csv,grad.median (ratio_at_weight_1),,yes,\Lippc$ into the segmentation decoder at unit weight has a median magnitude of $0.373$ (range $0.243$--$0.655$) times that of $\Lseg$ on the same parameters. The cen
Method / Measurement-aware objectives,0.243,runs/gradient_path_b_cell_ipp_512.csv,grad.min (ratio_at_weight_1),,yes,e segmentation decoder at unit weight has a median magnitude of $0.373$ (range $0.243$--$0.655$) times that of $\Lseg$ on the same parameters. The central configurat
Method / Measurement-aware objectives,0.655,runs/gradient_path_b_cell_ipp_512.csv,grad.max (ratio_at_weight_1),,yes,ation decoder at unit weight has a median magnitude of $0.373$ (range $0.243$--$0.655$) times that of $\Lseg$ on the same parameters. The central configuration uses 
Method / Measurement-aware objectives,1.0,method parameter / count,weights / scale,,yes,"s that of $\Lseg$ on the same parameters. The central configuration uses $w_ ^ =1.0$, and a sweep covers $0.1$, $0.3$, $1.0$ and $3.0$. $\Lippi$ is used at the sam"
Method / Measurement-aware objectives,0.1,method parameter / count,weights,,yes,"ame parameters. The central configuration uses $w_ ^ =1.0$, and a sweep covers $0.1$, $0.3$, $1.0$ and $3.0$. $\Lippi$ is used at the same coefficient, $w_ ^ =1.0$"
Method / Measurement-aware objectives,0.3,method parameter / count,weights,,yes,"ameters. The central configuration uses $w_ ^ =1.0$, and a sweep covers $0.1$, $0.3$, $1.0$ and $3.0$. $\Lippi$ is used at the same coefficient, $w_ ^ =1.0$; its g"
Method / Measurement-aware objectives,1.0,method parameter / count,weights / scale,,yes,". The central configuration uses $w_ ^ =1.0$, and a sweep covers $0.1$, $0.3$, $1.0$ and $3.0$. $\Lippi$ is used at the same coefficient, $w_ ^ =1.0$; its gradient"
Method / Measurement-aware objectives,3.0,method parameter / count,weights,,yes,"ral configuration uses $w_ ^ =1.0$, and a sweep covers $0.1$, $0.3$, $1.0$ and $3.0$. $\Lippi$ is used at the same coefficient, $w_ ^ =1.0$; its gradient magnitude"
Method / Measurement-aware objectives,1.0,method parameter / count,weights / scale,,yes,"$0.1$, $0.3$, $1.0$ and $3.0$. $\Lippi$ is used at the same coefficient, $w_ ^ =1.0$; its gradient magnitude was not matched to that of $\Lippc$.  "
Method / Forward-model consistency,5,runs/v2_baseline_off_axis/metrics_test.json; runs/v2_A_seed1337_off_axis/metrics_test.json; runs/v2_A_seed2024_off_axis/metrics_test.json,mean.A.circularity_loa_lower (circularity_loa_lower),run.A.s42.circularity_loa_lower;run.A.s1337.circularity_loa_lower;run.A.s2024.circularity_loa_lower,yes,nd expanded into the intensity components of Eq.~  or Eq.~ . $\Psi$ is an order-5 polynomial aberration surface. It is added back because the supplied phase had 
Method / Forward-model consistency,2,runs/v2_baseline_off_axis/metrics_test.json; runs/v2_A_seed1337_off_axis/metrics_test.json; runs/v2_A_seed2024_off_axis/metrics_test.json,mean.A.circularity_median_relative_bias (circularity_median_relative_bias),run.A.s42.circularity_median_relative_bias;run.A.s1337.circularity_median_relative_bias;run.A.s2024.circularity_median_relative_bias,yes,"fit of the recorded intensity   onto the components $B_j$: $\{1,|\mathcal{P}_z|^2\}$ in-line, and off-axis also the real and imaginary parts of $R^{*}\mathcal{P}"
Method / Forward-model consistency,79,runs/v2_ipp_w30_off_axis/metrics_test.json,mean.W30.detection_precision (detection_precision),run.W30.s42.detection_precision,yes," \sum_j c_j B_j$ the fitted intensity,   evaluated after discarding a border of 79\,px (the diffraction spread at the configured  ). $\Lfwd$ is the fraction of th"
Method / Forward-model consistency,33.77,method parameter / count,config/base.yaml loss.forward_model.distance_um,,yes,"logram leaves unexplained. The propagation distance is fixed at the supplied $z=33.77\,\mu$m or, in one configuration, made a trainable parameter with its own learni"
Method / Forward-model consistency,100,runs/v2_baseline_off_axis/metrics_test.json; runs/v2_A_seed1337_off_axis/metrics_test.json; runs/v2_A_seed2024_off_axis/metrics_test.json,mean.A.forward_residual_ratio (forward_residual_ratio),run.A.s42.forward_residual_ratio;run.A.s1337.forward_residual_ratio;run.A.s2024.forward_residual_ratio,yes,", in one configuration, made a trainable parameter with its own learning rate ($100 x $ the base rate, no weight decay). The pad and border stay fixed at the confi"
Method / Forward-model consistency,0.01,method parameter / count,configured tolerance,,yes,aberration surface from a one-time calibration on training fields. A margin of $0.01$ in residual units is the configured tolerance below which a difference in $\Lf
Experiments / Dataset and imaging configuration,800,diagnostics archive registration_summary.json / hologram_registration.csv (author-supplied; archive not in project folder),reg.fields (fields),,yes,"    The dataset contains 800 fields of view of three human cancer cell lines ( ,   and  ; NCI, SNU and   bel"
Experiments / Dataset and imaging configuration,1024,method parameter / count,hologram size (data/),,yes," the split. Each field has an off-axis hologram and an in-line Gabor hologram ($1024 x 1024$, 8-bit), a $900 x 900$ quantitative phase map stored as float32 in radi"
Experiments / Dataset and imaging configuration,1024,method parameter / count,hologram size (data/),,yes,"lit. Each field has an off-axis hologram and an in-line Gabor hologram ($1024 x 1024$, 8-bit), a $900 x 900$ quantitative phase map stored as float32 in radians, an"
Experiments / Dataset and imaging configuration,8,runs/conventional_baseline_test.json,classical113.gabor.circularity_median_relative_bias (gabor.circularity_median_relative_bias),,yes,"ch field has an off-axis hologram and an in-line Gabor hologram ($1024 x 1024$, 8-bit), a $900 x 900$ quantitative phase map stored as float32 in radians, and a "
Experiments / Dataset and imaging configuration,900,logs/run_everything_20260930_042722.txt,"crop.val_candidates (candidate offsets searched (excluding [0,0]))",,yes,"s an off-axis hologram and an in-line Gabor hologram ($1024 x 1024$, 8-bit), a $900 x 900$ quantitative phase map stored as float32 in radians, and a membrane-stai"
Experiments / Dataset and imaging configuration,900,logs/run_everything_20260930_042722.txt,"crop.val_candidates (candidate offsets searched (excluding [0,0]))",,yes,"ff-axis hologram and an in-line Gabor hologram ($1024 x 1024$, 8-bit), a $900 x 900$ quantitative phase map stored as float32 in radians, and a membrane-stain fluo"
Experiments / Dataset and imaging configuration,0.666,method parameter / count,config/base.yaml optics.wavelength_um,,yes,"tain fluorescence image from a separate camera. The illumination wavelength is $0.666\,\mu$m, the pixel pitch at the sample $0.284871\,\mu$m, and the supplied propag"
Experiments / Dataset and imaging configuration,0.284871,runs/error_propagation_summary.csv,ep.-1.shift_um (shift -1: shift_um),,yes,"a. The illumination wavelength is $0.666\,\mu$m, the pixel pitch at the sample $0.284871\,\mu$m, and the supplied propagation distance $33.77\,\mu$m. The phase maps wer"
Experiments / Dataset and imaging configuration,33.77,method parameter / count,config/base.yaml loss.forward_model.distance_um,,yes,"el pitch at the sample $0.284871\,\mu$m, and the supplied propagation distance $33.77\,\mu$m. The phase maps were supplied with the dataset as reconstructions that a"
Experiments / Dataset and imaging configuration,560,logs/v2_20260930_074050_gpu2/train_A.log,split.A.train (train samples),,yes," chain that produced them. We use them as the phase reference. Fields are split 560/127/113 (train/validation/test), stratified by cell line $ x $ condition, and t"
Experiments / Dataset and imaging configuration,127,runs/v2_A_seed2024_off_axis/metrics_test_common.json,common_run.A.s2024.false_positive_median_area_um2 (false_positive_median_area_um2),,yes,"in that produced them. We use them as the phase reference. Fields are split 560/127/113 (train/validation/test), stratified by cell line $ x $ condition, and the s"
Experiments / Dataset and imaging configuration,113,runs/v2_baseline_off_axis/metrics_test.json; runs/v2_A_seed1337_off_axis/metrics_test.json; runs/v2_A_seed2024_off_axis/metrics_test.json,mean.A.area_bootstrap_fields (area_bootstrap_fields),run.A.s42.area_bootstrap_fields;run.A.s1337.area_bootstrap_fields;run.A.s2024.area_bootstrap_fields,yes,"hat produced them. We use them as the phase reference. Fields are split 560/127/113 (train/validation/test), stratified by cell line $ x $ condition, and the same "
Experiments / Dataset and imaging configuration,113,runs/v2_baseline_off_axis/metrics_test.json; runs/v2_A_seed1337_off_axis/metrics_test.json; runs/v2_A_seed2024_off_axis/metrics_test.json,mean.A.area_bootstrap_fields (area_bootstrap_fields),run.A.s42.area_bootstrap_fields;run.A.s1337.area_bootstrap_fields;run.A.s2024.area_bootstrap_fields,yes,"tion, and the same split is used for every off-axis configuration and seed. The 113 test fields contain 3186 reference cells. Acquisition, calibration and training"
Experiments / Dataset and imaging configuration,3186,runs/v2_baseline_off_axis/metrics_test.json; runs/v2_A_seed1337_off_axis/metrics_test.json; runs/v2_A_seed2024_off_axis/metrics_test.json,mean.A.cells_reference (cells_reference),run.A.s42.cells_reference;run.A.s1337.cells_reference;run.A.s2024.cells_reference,yes," is used for every off-axis configuration and seed. The 113 test fields contain 3186 reference cells. Acquisition, calibration and training settings are listed in T"
Experiments / Dataset and imaging configuration,1024,method parameter / count,hologram size (data/),,yes," and training settings are listed in Table~ .     The hologram is cropped from $1024$ to $900$\,px without resampling, with the crop origin moved by $(-6, -2)$\,px "
Experiments / Dataset and imaging configuration,900,logs/run_everything_20260930_042722.txt,"crop.val_candidates (candidate offsets searched (excluding [0,0]))",,yes,"ing settings are listed in Table~ .     The hologram is cropped from $1024$ to $900$\,px without resampling, with the crop origin moved by $(-6, -2)$\,px in $(y, x"
Experiments / Dataset and imaging configuration,-6,runs/*/metrics_test.json,cmp.W30_vs_A.phase_pearson_r.diff (phase_pearson_r),mean.W30.phase_pearson_r;mean.A.phase_pearson_r,yes,"ed from $1024$ to $900$\,px without resampling, with the crop origin moved by $(-6, -2)$\,px in $(y, x)$ from the exactly centred crop. The origin was determined "
Experiments / Dataset and imaging configuration,-2,runs/*/metrics_test.json,cmp.B_vs_A.phase_ssim.diff (phase_ssim),mean.B.phase_ssim;mean.A.phase_ssim,yes,"rom $1024$ to $900$\,px without resampling, with the crop origin moved by $(-6, -2)$\,px in $(y, x)$ from the exactly centred crop. The origin was determined by r"
Experiments / Dataset and imaging configuration,127,runs/v2_A_seed2024_off_axis/metrics_test_common.json,common_run.A.s2024.false_positive_median_area_um2 (false_positive_median_area_um2),,yes,"l off-axis reconstruction (Sec.~ ) of each field to its reference phase. On the 127 validation fields, the centred crop left a median offset of $+5.4$\,px in   and"
Experiments / Dataset and imaging configuration,+5.4,logs/run_everything_20260930_042722.txt,"crop.val_centre.dy_median (val split, offset [0,0], residual dy median)",,yes," phase. On the 127 validation fields, the centred crop left a median offset of $+5.4$\,px in   and $+1.1$\,px in  . The rounded estimate and its eight neighbouring "
Experiments / Dataset and imaging configuration,+1.1,logs/run_everything_20260930_042722.txt,"crop.val_centre.dx_median (val split, offset [0,0], residual dx median)",,yes,"alidation fields, the centred crop left a median offset of $+5.4$\,px in   and $+1.1$\,px in  . The rounded estimate and its eight neighbouring whole-pixel origins "
Experiments / Dataset and imaging configuration,-6,runs/error_propagation_summary.csv,ep.-1.area_signed (shift -1: area_signed),,yes,"ng whole-pixel origins were then evaluated on the same validation fields, and $(-6,-2)$ gave median offsets of $0.0$ and $0.0$\,px. On the 113 test fields the med"
Experiments / Dataset and imaging configuration,-2,runs/error_propagation_summary.csv,ep.-2.shift_px (shift -2: shift_px),,yes,"whole-pixel origins were then evaluated on the same validation fields, and $(-6,-2)$ gave median offsets of $0.0$ and $0.0$\,px. On the 113 test fields the median"
Experiments / Dataset and imaging configuration,0.0,runs/error_propagation_summary.csv,ep.-1.mass_relative_error (shift -1: mass_relative_error),,yes," evaluated on the same validation fields, and $(-6,-2)$ gave median offsets of $0.0$ and $0.0$\,px. On the 113 test fields the median residual offset at this origi"
Experiments / Dataset and imaging configuration,0.0,runs/error_propagation_summary.csv,ep.-1.mass_relative_error (shift -1: mass_relative_error),,yes," on the same validation fields, and $(-6,-2)$ gave median offsets of $0.0$ and $0.0$\,px. On the 113 test fields the median residual offset at this origin is $-0.1"
Experiments / Dataset and imaging configuration,113,runs/v2_baseline_off_axis/metrics_test.json; runs/v2_A_seed1337_off_axis/metrics_test.json; runs/v2_A_seed2024_off_axis/metrics_test.json,mean.A.area_bootstrap_fields (area_bootstrap_fields),run.A.s42.area_bootstrap_fields;run.A.s1337.area_bootstrap_fields;run.A.s2024.area_bootstrap_fields,yes,"dation fields, and $(-6,-2)$ gave median offsets of $0.0$ and $0.0$\,px. On the 113 test fields the median residual offset at this origin is $-0.1$\,px in   ( \% r"
Experiments / Dataset and imaging configuration,-0.1,method parameter / count,weights,,yes,"$0.0$\,px. On the 113 test fields the median residual offset at this origin is $-0.1$\,px in   ( \% range $-1.88$ to $+1.64$\,px) and $0.0$\,px in   ($-3.06$ to $+2"
Experiments / Dataset and imaging configuration,-1.88,logs/corrected_20260930_054214/crop_check_after.txt,crop.test.dy_p5 (residual dy p5),,yes,"fields the median residual offset at this origin is $-0.1$\,px in   ( \% range $-1.88$ to $+1.64$\,px) and $0.0$\,px in   ($-3.06$ to $+2.12$\,px). The same crop is "
Experiments / Dataset and imaging configuration,+1.64,logs/corrected_20260930_054214/crop_check_after.txt,crop.test.dy_p95 (residual dy p95),,yes,"median residual offset at this origin is $-0.1$\,px in   ( \% range $-1.88$ to $+1.64$\,px) and $0.0$\,px in   ($-3.06$ to $+2.12$\,px). The same crop is used for th"
Experiments / Dataset and imaging configuration,0.0,method parameter / count,zero,,yes,"ffset at this origin is $-0.1$\,px in   ( \% range $-1.88$ to $+1.64$\,px) and $0.0$\,px in   ($-3.06$ to $+2.12$\,px). The same crop is used for the network input"
Experiments / Dataset and imaging configuration,-3.06,logs/corrected_20260930_054214/crop_check_after.txt,crop.test.dx_p5 (residual dx p5),,yes,"igin is $-0.1$\,px in   ( \% range $-1.88$ to $+1.64$\,px) and $0.0$\,px in   ($-3.06$ to $+2.12$\,px). The same crop is used for the network input, the forward mode"
Experiments / Dataset and imaging configuration,+2.12,logs/corrected_20260930_054214/crop_check_after.txt,crop.test.dx_p95 (residual dx p95),,yes,".1$\,px in   ( \% range $-1.88$ to $+1.64$\,px) and $0.0$\,px in   ($-3.06$ to $+2.12$\,px). The same crop is used for the network input, the forward model, the aber"
Experiments / Dataset and imaging configuration,5,runs/conventional_baseline_test.json,classical113.gabor.seg_aji (gabor.seg_aji),,yes,"frame to its off-axis hologram after band-pass filtering (a Gaussian of $\sigma=5$\,px minus one of $\sigma=50$\,px, with a Hann window), against a control in wh"
Experiments / Dataset and imaging configuration,50,runs/conventional_baseline_test.json,classical113.gabor.circularity_loa_lower (gabor.circularity_loa_lower),,yes,"am after band-pass filtering (a Gaussian of $\sigma=5$\,px minus one of $\sigma=50$\,px, with a Hann window), against a control in which every in-line frame was p"
Experiments / Dataset and imaging configuration,1,runs/z_calibration.json,disc.gabor.floor (gabor.discrimination.floor),,yes,"ff-axis hologram by a random derangement. Matched pairs were shifted by at most 1\,px on 734 of the 800 fields and control pairs on 3 of 800, and the correlation"
Experiments / Dataset and imaging configuration,734,diagnostics archive registration_summary.json / hologram_registration.csv (author-supplied; archive not in project folder),reg.matched_within_1px (matched_within_1px),,yes,"ologram by a random derangement. Matched pairs were shifted by at most 1\,px on 734 of the 800 fields and control pairs on 3 of 800, and the correlation after regi"
Experiments / Dataset and imaging configuration,800,diagnostics archive registration_summary.json / hologram_registration.csv (author-supplied; archive not in project folder),reg.fields (fields),,yes,"a random derangement. Matched pairs were shifted by at most 1\,px on 734 of the 800 fields and control pairs on 3 of 800, and the correlation after registration se"
Experiments / Dataset and imaging configuration,3,diagnostics archive registration_summary.json / hologram_registration.csv (author-supplied; archive not in project folder),reg.control_within_1px (control_within_1px),,yes,"irs were shifted by at most 1\,px on 734 of the 800 fields and control pairs on 3 of 800, and the correlation after registration separated matched from deranged "
Experiments / Dataset and imaging configuration,800,diagnostics archive registration_summary.json / hologram_registration.csv (author-supplied; archive not in project folder),reg.fields (fields),,yes,"ere shifted by at most 1\,px on 734 of the 800 fields and control pairs on 3 of 800, and the correlation after registration separated matched from deranged pairs w"
Experiments / Dataset and imaging configuration,0.975,diagnostics archive registration_summary.json / hologram_registration.csv (author-supplied; archive not in project folder),reg.auc_r (auc_r),,yes,lation after registration separated matched from deranged pairs with an AUC of $0.975$ ($0.973$ by registration error). The 750 correctly paired fields all registere
Experiments / Dataset and imaging configuration,0.973,diagnostics archive registration_summary.json / hologram_registration.csv (author-supplied; archive not in project folder),reg.auc_error (auc_error),,yes,ter registration separated matched from deranged pairs with an AUC of $0.975$ ($0.973$ by registration error). The 750 correctly paired fields all registered within 
Experiments / Dataset and imaging configuration,750,diagnostics archive registration_summary.json / hologram_registration.csv (author-supplied; archive not in project folder),reg.paired_fields (paired_fields),,yes,"from deranged pairs with an AUC of $0.975$ ($0.973$ by registration error). The 750 correctly paired fields all registered within 4.7\,px, 734 of them within 1\,px"
Experiments / Dataset and imaging configuration,4.7,diagnostics archive registration_summary.json / hologram_registration.csv (author-supplied; archive not in project folder),reg.paired_max_shift_px (paired_max_shift_px),,yes,"$ by registration error). The 750 correctly paired fields all registered within 4.7\,px, 734 of them within 1\,px, with a correlation after registration of $0.47$-"
Experiments / Dataset and imaging configuration,734,diagnostics archive registration_summary.json / hologram_registration.csv (author-supplied; archive not in project folder),reg.matched_within_1px (matched_within_1px),,yes,"stration error). The 750 correctly paired fields all registered within 4.7\,px, 734 of them within 1\,px, with a correlation after registration of $0.47$--$1.00$, "
Experiments / Dataset and imaging configuration,1,runs/v2_baseline_off_axis/metrics_test.json; runs/v2_A_seed1337_off_axis/metrics_test.json; runs/v2_A_seed2024_off_axis/metrics_test.json,mean.A.area_cell_pearson_r (area_cell_pearson_r),run.A.s42.area_cell_pearson_r;run.A.s1337.area_cell_pearson_r;run.A.s2024.area_cell_pearson_r,yes,"e 750 correctly paired fields all registered within 4.7\,px, 734 of them within 1\,px, with a correlation after registration of $0.47$--$1.00$, above the highest"
Experiments / Dataset and imaging configuration,0.47,diagnostics archive registration_summary.json / hologram_registration.csv (author-supplied; archive not in project folder),reg.paired_r_min (paired_r_min),,yes,"in 4.7\,px, 734 of them within 1\,px, with a correlation after registration of $0.47$--$1.00$, above the highest control value ($0.25$). The 50 fields   to   gave c"
Experiments / Dataset and imaging configuration,1.00,diagnostics archive registration_summary.json / hologram_registration.csv (author-supplied; archive not in project folder),reg.paired_r_max (paired_r_max),,yes,"px, 734 of them within 1\,px, with a correlation after registration of $0.47$--$1.00$, above the highest control value ($0.25$). The 50 fields   to   gave correlati"
Experiments / Dataset and imaging configuration,0.25,diagnostics archive registration_summary.json / hologram_registration.csv (author-supplied; archive not in project folder),reg.control_r_max (control_r_max),,yes,"elation after registration of $0.47$--$1.00$, above the highest control value ($0.25$). The 50 fields   to   gave correlations of $-0.13$ to $0.18$, at the level of"
Experiments / Dataset and imaging configuration,50,runs/v2_baseline_off_axis/metrics_test.json; runs/v2_A_seed1337_off_axis/metrics_test.json; runs/v2_A_seed2024_off_axis/metrics_test.json,mean.A.area_mape_coverage_adjusted (area_mape_coverage_adjusted),run.A.s42.area_mape_coverage_adjusted;run.A.s1337.area_mape_coverage_adjusted;run.A.s2024.area_mape_coverage_adjusted,yes,"r registration of $0.47$--$1.00$, above the highest control value ($0.25$). The 50 fields   to   gave correlations of $-0.13$ to $0.18$, at the level of the unmat"
Experiments / Dataset and imaging configuration,-0.13,diagnostics archive registration_summary.json / hologram_registration.csv (author-supplied; archive not in project folder),reg.snu_r_min (snu_r_min),,yes," the highest control value ($0.25$). The 50 fields   to   gave correlations of $-0.13$ to $0.18$, at the level of the unmatched control. A low-pass filter alone ($\s"
Experiments / Dataset and imaging configuration,0.18,diagnostics archive registration_summary.json / hologram_registration.csv (author-supplied; archive not in project folder),reg.snu_r_max (snu_r_max),,yes,"t control value ($0.25$). The 50 fields   to   gave correlations of $-0.13$ to $0.18$, at the level of the unmatched control. A low-pass filter alone ($\sigma=5$\,p"
Experiments / Dataset and imaging configuration,5,runs/*/metrics_test.json,cmp.W03_vs_A.cells_matched.diff (cells_matched),mean.W03.cells_matched;mean.A.cells_matched,yes,"$0.18$, at the level of the unmatched control. A low-pass filter alone ($\sigma=5$\,px) did not separate matched from unmatched pairs (AUC $0.506$), so the band-"
Experiments / Dataset and imaging configuration,0.506,diagnostics archive registration_summary.json / hologram_registration.csv (author-supplied; archive not in project folder),reg.lowpass_auc (lowpass_auc),,yes,"lter alone ($\sigma=5$\,px) did not separate matched from unmatched pairs (AUC $0.506$), so the band-pass variant was used. The off-axis holograms of these 50 fields"
Experiments / Dataset and imaging configuration,50,runs/v2_baseline_off_axis/metrics_test.json; runs/v2_A_seed1337_off_axis/metrics_test.json; runs/v2_A_seed2024_off_axis/metrics_test.json,mean.A.area_mape_coverage_adjusted (area_mape_coverage_adjusted),run.A.s42.area_mape_coverage_adjusted;run.A.s1337.area_mape_coverage_adjusted;run.A.s2024.area_mape_coverage_adjusted,yes,"UC $0.506$), so the band-pass variant was used. The off-axis holograms of these 50 fields do match the reference phase. They were therefore excluded from the in-l"
Experiments / Dataset and imaging configuration,521,logs/v2_20260930_074055_gpu3/train_G.log,split.G.train (train samples),,yes,"om the in-line modality only, before training, which leaves an in-line split of 521/122/107 fields; every off-axis configuration keeps all 800 fields. Comparisons "
Experiments / Dataset and imaging configuration,122,logs/v2_20260930_074055_gpu3/train_G.log,split.G.val (val samples),,yes,"he in-line modality only, before training, which leaves an in-line split of 521/122/107 fields; every off-axis configuration keeps all 800 fields. Comparisons acro"
Experiments / Dataset and imaging configuration,107,runs/conventional_baseline_test.json,classical113.gabor.phase_n_images (gabor.phase_n_images),,yes,"n-line modality only, before training, which leaves an in-line split of 521/122/107 fields; every off-axis configuration keeps all 800 fields. Comparisons across g"
Experiments / Dataset and imaging configuration,800,diagnostics archive registration_summary.json / hologram_registration.csv (author-supplied; archive not in project folder),reg.fields (fields),,yes, an in-line split of 521/122/107 fields; every off-axis configuration keeps all 800 fields. Comparisons across geometries use the 107 test fields common to both (3
Experiments / Dataset and imaging configuration,107,runs/common_fields/common_fields_summary.csv,common.classical_gabor.phase_n_images (classical_gabor.phase_n_images),,yes,-axis configuration keeps all 800 fields. Comparisons across geometries use the 107 test fields common to both (3055 reference cells).     
Experiments / Dataset and imaging configuration,3055,runs/common_fields/common_fields_summary.csv,common.classical_gabor.cells_reference (classical_gabor.cells_reference),,yes,0 fields. Comparisons across geometries use the 107 test fields common to both (3055 reference cells).     
"Experiments / Reference phase, segmentation labels and amplitude reference",4,runs/v2_baseline_off_axis/metrics_test.json; runs/v2_A_seed1337_off_axis/metrics_test.json; runs/v2_A_seed2024_off_axis/metrics_test.json,mean.A.circularity_mae (circularity_mae),run.A.s42.circularity_mae;run.A.s1337.circularity_mae;run.A.s2024.circularity_mae,yes,"ference masks are derived from the reference phase: Gaussian smoothing ($\sigma=4$\,px), a per-field Otsu threshold, binary closing (2\,px), hole filling, remova"
"Experiments / Reference phase, segmentation labels and amplitude reference",2,runs/v2_baseline_off_axis/metrics_test.json; runs/v2_A_seed1337_off_axis/metrics_test.json; runs/v2_A_seed2024_off_axis/metrics_test.json,mean.A.circularity_median_relative_bias (circularity_median_relative_bias),run.A.s42.circularity_median_relative_bias;run.A.s1337.circularity_median_relative_bias;run.A.s2024.circularity_median_relative_bias,yes,"aussian smoothing ($\sigma=4$\,px), a per-field Otsu threshold, binary closing (2\,px), hole filling, removal of objects touching the array border, and the area "
"Experiments / Reference phase, segmentation labels and amplitude reference",0.406,runs/label_audit_thresholds.json,otsu.level_mean_rad (level_mean_rad),,yes,"ence (Fig.~ ; quantified in Sec.~ ). The Otsu level also varies across fields ($0.406  +-  0.151$\,rad over 800 fields) and differs between drug conditions (one-way "
"Experiments / Reference phase, segmentation labels and amplitude reference",0.151,runs/v2_baseline_off_axis/metrics_test.json; runs/v2_A_seed1337_off_axis/metrics_test.json; runs/v2_A_seed2024_off_axis/metrics_test.json,sd.A.area_cell_pearson_r_ci_upper (area_cell_pearson_r_ci_upper),run.A.s42.area_cell_pearson_r_ci_upper;run.A.s1337.area_cell_pearson_r_ci_upper;run.A.s2024.area_cell_pearson_r_ci_upper,yes," ; quantified in Sec.~ ). The Otsu level also varies across fields ($0.406  +-  0.151$\,rad over 800 fields) and differs between drug conditions (one-way ANOVA $F=15"
"Experiments / Reference phase, segmentation labels and amplitude reference",800,runs/label_audit_thresholds.json,otsu.n_images (n_images),,yes,"Sec.~ ). The Otsu level also varies across fields ($0.406  +-  0.151$\,rad over 800 fields) and differs between drug conditions (one-way ANOVA $F=15.26$, $p=4.9 x "
"Experiments / Reference phase, segmentation labels and amplitude reference",15.26,runs/label_audit_thresholds.json,otsu.anova_F (anova_F),,yes,"51$\,rad over 800 fields) and differs between drug conditions (one-way ANOVA $F=15.26$, $p=4.9 x 10^{-12}$).  As a check that does not depend on the phase, the membr"
"Experiments / Reference phase, segmentation labels and amplitude reference",4.9,runs/label_audit_thresholds.json,otsu.anova_p (anova_p),,yes,"er 800 fields) and differs between drug conditions (one-way ANOVA $F=15.26$, $p=4.9 x 10^{-12}$).  As a check that does not depend on the phase, the membrane chann"
"Experiments / Reference phase, segmentation labels and amplitude reference",10,runs/v2_baseline_off_axis/metrics_test.json; runs/v2_A_seed1337_off_axis/metrics_test.json; runs/v2_A_seed2024_off_axis/metrics_test.json,mean.A.circularity_loa_upper (circularity_loa_upper),run.A.s42.circularity_loa_upper;run.A.s1337.circularity_loa_upper;run.A.s2024.circularity_loa_upper,yes," fields) and differs between drug conditions (one-way ANOVA $F=15.26$, $p=4.9 x 10^{-12}$).  As a check that does not depend on the phase, the membrane channel wa"
"Experiments / Reference phase, segmentation labels and amplitude reference",12,runs/*/metrics_test.json,cmp.W01_vs_A.cells_false_positive.diff (cells_false_positive),mean.W01.cells_false_positive;mean.A.cells_false_positive,yes,"ds) and differs between drug conditions (one-way ANOVA $F=15.26$, $p=4.9 x 10^{-12}$).  As a check that does not depend on the phase, the membrane channel was reg"
"Experiments / Reference phase, segmentation labels and amplitude reference",1.343769,method parameter / count,membrane registration scale (runs/membrane_registration.csv),,yes,"end on the phase, the membrane channel was registered to the phase grid (scale $1.343769$, equal to the ratio of the phase pixel pitch, $0.284871\,\mu$m, to the second "
"Experiments / Reference phase, segmentation labels and amplitude reference",0.284871,runs/error_propagation_summary.csv,ep.-1.shift_um (shift -1: shift_um),,yes,"the phase grid (scale $1.343769$, equal to the ratio of the phase pixel pitch, $0.284871\,\mu$m, to the second pitch value stored in the phase-file header, $0.211994\,\"
"Experiments / Reference phase, segmentation labels and amplitude reference",0.211994,method parameter / count,phase-file header second pitch,,yes,", $0.284871\,\mu$m, to the second pitch value stored in the phase-file header, $0.211994\,\mu$m, which the registration search also preferred on all 13 fields tested; f"
"Experiments / Reference phase, segmentation labels and amplitude reference",13,runs/error_propagation_summary.csv,ep.-3.mass_relative_error (shift -3: mass_relative_error),,yes,"e header, $0.211994\,\mu$m, which the registration search also preferred on all 13 fields tested; fitted offset $314/280$\,px in $y/x$ on the phase grid), Gaussia"
"Experiments / Reference phase, segmentation labels and amplitude reference",314,runs/diagnostics/decomposition_summary.csv,decomp_run.B_s42.cell.edge.n (B_s42.cell.edge.n),,yes," the registration search also preferred on all 13 fields tested; fitted offset $314/280$\,px in $y/x$ on the phase grid), Gaussian-smoothed ($\sigma=2$\,px), thres"
"Experiments / Reference phase, segmentation labels and amplitude reference",280,method parameter / count,membrane offset,,yes," registration search also preferred on all 13 fields tested; fitted offset $314/280$\,px in $y/x$ on the phase grid), Gaussian-smoothed ($\sigma=2$\,px), threshold"
"Experiments / Reference phase, segmentation labels and amplitude reference",2,runs/v2_baseline_off_axis/metrics_test.json; runs/v2_A_seed1337_off_axis/metrics_test.json; runs/v2_A_seed2024_off_axis/metrics_test.json,mean.A.circularity_median_relative_bias (circularity_median_relative_bias),run.A.s42.circularity_median_relative_bias;run.A.s1337.circularity_median_relative_bias;run.A.s2024.circularity_median_relative_bias,yes,"ed offset $314/280$\,px in $y/x$ on the phase grid), Gaussian-smoothed ($\sigma=2$\,px), thresholded at the 75th percentile of the illuminated region, opened wit"
"Experiments / Reference phase, segmentation labels and amplitude reference",75,runs/conventional_baseline_test.json,classical113.gabor.optical_volume_mape_ci_upper (gabor.optical_volume_mape_ci_upper),,yes,"y/x$ on the phase grid), Gaussian-smoothed ($\sigma=2$\,px), thresholded at the 75th percentile of the illuminated region, opened with a $3 x 3$ structuring eleme"
"Experiments / Reference phase, segmentation labels and amplitude reference",3,runs/v2_baseline_off_axis/metrics_test.json; runs/v2_A_seed1337_off_axis/metrics_test.json; runs/v2_A_seed2024_off_axis/metrics_test.json,mean.A.dry_mass_median_relative_bias (dry_mass_median_relative_bias),run.A.s42.dry_mass_median_relative_bias;run.A.s1337.dry_mass_median_relative_bias;run.A.s2024.dry_mass_median_relative_bias,yes,"), thresholded at the 75th percentile of the illuminated region, opened with a $3 x 3$ structuring element and hole-filled. The stain marks cell perimeters, so t"
"Experiments / Reference phase, segmentation labels and amplitude reference",3,runs/v2_baseline_off_axis/metrics_test.json; runs/v2_A_seed1337_off_axis/metrics_test.json; runs/v2_A_seed2024_off_axis/metrics_test.json,mean.A.dry_mass_median_relative_bias (dry_mass_median_relative_bias),run.A.s42.dry_mass_median_relative_bias;run.A.s1337.dry_mass_median_relative_bias;run.A.s2024.dry_mass_median_relative_bias,yes,"hresholded at the 75th percentile of the illuminated region, opened with a $3 x 3$ structuring element and hole-filled. The stain marks cell perimeters, so these"
"Experiments / Reference phase, segmentation labels and amplitude reference",1,runs/conventional_baseline_test.json,classical113.off_axis.phase_ssim (off_axis.phase_ssim),,yes,"deband isolation) of the cropped hologram, normalised to a background median of 1 and clipped at 1.5. It is a reconstruction-derived reference, not ground truth."
"Experiments / Reference phase, segmentation labels and amplitude reference",1.5,method parameter / count,SSIM sigma / clip,,yes," of the cropped hologram, normalised to a background median of 1 and clipped at 1.5. It is a reconstruction-derived reference, not ground truth.  "
Experiments / Training and experimental configurations,750,diagnostics archive registration_summary.json / hologram_registration.csv (author-supplied; archive not in project folder),reg.paired_fields (paired_fields),,yes,Neural Configuration applies the same objective to the in-line holograms of the 750 correctly paired fields; the two geometries are trained separately and share no
Experiments / Training and experimental configurations,1.0,method parameter / count,weights / scale,,yes," each add one integrated-phase term to the baseline at the same coefficient, $w=1.0$, so their comparison is an equal-coefficient comparison in which the gradient "
Experiments / Training and experimental configurations,0.1,runs/v2_amplitude_off_axis/metrics_test.json,amp.D0.amplitude_mae (amplitude_mae),,yes,"one term to +IPP (per-cell). +Amplitude adds the amplitude head and $\Lamp$ ($w=0.1$) to +IPP (per-cell). +Fwd (fixed  ) adds $\Lfwd$ ($w=0.02$) to +Amplitude, bec"
Experiments / Training and experimental configurations,0.02,runs/v2_amplitude_off_axis/metrics_test.json,amp.D0.amplitude_bias_in_cell (amplitude_bias_in_cell),,yes," head and $\Lamp$ ($w=0.1$) to +IPP (per-cell). +Fwd (fixed  ) adds $\Lfwd$ ($w=0.02$) to +Amplitude, because the term uses the predicted complex field, and +Fwd (f"
Experiments / Training and experimental configurations,1.0,runs/z_calibration.json,disc.gabor.tolerance (gabor.discrimination.tolerance),,yes,All configurations are off-axis except the In-Line Neural Configuration. The $w=1.0$ member of the weight sweep is +IPP (per-cell) itself. Training settings are in
Experiments / Classical comparison pipeline,130,runs/v2_B1_seed1337_off_axis/unmatched_test.csv,loc.B1_s1337.fp_near (false positives with centroid within 15 px of the field boundary),,yes,"ng and measurement code. Off-axis, it is first-order sideband isolation (radius 130\,px, DC exclusion 60\,px), conjugate-sideband selection by phase skewness, and "
Experiments / Classical comparison pipeline,60,runs/v2_cell_ipp_off_axis/metrics_test.json; runs/v2_B_seed1337_off_axis/metrics_test.json; runs/v2_B_seed2024_off_axis/metrics_test.json,mean.B.coverage (coverage),run.B.s42.coverage;run.B.s1337.coverage;run.B.s2024.coverage,yes,"e. Off-axis, it is first-order sideband isolation (radius 130\,px, DC exclusion 60\,px), conjugate-sideband selection by phase skewness, and angular-spectrum back"
Experiments / Classical comparison pipeline,33.77,method parameter / count,config/base.yaml loss.forward_model.distance_um,,yes,"sideband selection by phase skewness, and angular-spectrum back-propagation to $33.77\,\mu$m. In-line, it is back-propagation of the recorded amplitude ($\sqrt{I}$) "
Experiments / Classical comparison pipeline,33.77,runs/z_calibration.json,disc.gabor.distance_um (gabor.discrimination.distance_um),,yes,"u$m. In-line, it is back-propagation of the recorded amplitude ($\sqrt{I}$) to $33.77\,\mu$m followed by 20 Gerchberg--Saxton iterations with the sample-plane modulu"
Experiments / Classical comparison pipeline,20,runs/z_calibration.json,disc.gabor.margin.noisy_0.3 (gabor.discrimination.margins.noisy_0.3),,yes,"propagation of the recorded amplitude ($\sqrt{I}$) to $33.77\,\mu$m followed by 20 Gerchberg--Saxton iterations with the sample-plane modulus constrained to at mo"
Experiments / Classical comparison pipeline,1,runs/v2_amplitude_off_axis/metrics_test.json,amp.D0.amplitude_pearson_r (amplitude_pearson_r),,yes,"rchberg--Saxton iterations with the sample-plane modulus constrained to at most 1. Both are followed by phase unwrapping, subtraction of an order-3 polynomial fi"
Experiments / Classical comparison pipeline,3,runs/v2_baseline_off_axis/metrics_test.json; runs/v2_A_seed1337_off_axis/metrics_test.json; runs/v2_A_seed2024_off_axis/metrics_test.json,mean.A.dry_mass_median_relative_bias (dry_mass_median_relative_bias),run.A.s42.dry_mass_median_relative_bias;run.A.s1337.dry_mass_median_relative_bias;run.A.s2024.dry_mass_median_relative_bias,yes,"ed to at most 1. Both are followed by phase unwrapping, subtraction of an order-3 polynomial fitted to background pixels of a preliminary mask, and the reference"
Experiments / Evaluation protocol,900,logs/run_everything_20260930_042722.txt,"crop.val_candidates (candidate offsets searched (excluding [0,0]))",,yes,"    All metrics are computed at full $900 x 900$ resolution, on the 113 off-axis test fields unless stated, and the cross"
Experiments / Evaluation protocol,900,logs/run_everything_20260930_042722.txt,"crop.val_candidates (candidate offsets searched (excluding [0,0]))",,yes,"    All metrics are computed at full $900 x 900$ resolution, on the 113 off-axis test fields unless stated, and the cross-geome"
Experiments / Evaluation protocol,113,runs/v2_baseline_off_axis/metrics_test.json; runs/v2_A_seed1337_off_axis/metrics_test.json; runs/v2_A_seed2024_off_axis/metrics_test.json,mean.A.area_bootstrap_fields (area_bootstrap_fields),run.A.s42.area_bootstrap_fields;run.A.s1337.area_bootstrap_fields;run.A.s2024.area_bootstrap_fields,yes,"    All metrics are computed at full $900 x 900$ resolution, on the 113 off-axis test fields unless stated, and the cross-geometry comparison on the 10"
Experiments / Evaluation protocol,107,runs/v2_cell_ipp_area_off_axis/metrics_test.json,mean.B2.false_positive_median_area_um2 (false_positive_median_area_um2),run.B2.s42.false_positive_median_area_um2,yes,"13 off-axis test fields unless stated, and the cross-geometry comparison on the 107 common test fields.  \emph{Reconstruction.} Phase MAE over the field and inside"
Experiments / Evaluation protocol,2,runs/*/metrics_test.json,cmp.B_vs_A.phase_ssim.diff (phase_ssim),mean.B.phase_ssim;mean.A.phase_ssim,yes,"ediate output.  \emph{Segmentation and detection.} Dice, AJI and boundary F1 at 2\,px tolerance describe the mask, also an intermediate output. Detection recall "
Experiments / Evaluation protocol,2,runs/v2_baseline_off_axis/metrics_test.json; runs/v2_A_seed1337_off_axis/metrics_test.json; runs/v2_A_seed2024_off_axis/metrics_test.json,mean.A.circularity_median_relative_bias (circularity_median_relative_bias),run.A.s42.circularity_median_relative_bias;run.A.s1337.circularity_median_relative_bias;run.A.s2024.circularity_median_relative_bias,yes," only, so they describe how well detected cells are measured. Because $\lambda/(2\pi\alpha)$ multiplies predicted and reference $S_k$ alike, the relative error o"
Experiments / Evaluation protocol,100%,runs/v2_cell_ipp_area_off_axis/metrics_test.json,n.B2.area_mape_coverage_adjusted (area_mape_coverage_adjusted),,yes,"call and a coverage-adjusted error that charges each missed reference cell as a 100\% error,   and beside field totals, which sum all predicted and all reference cel"
Experiments / Evaluation protocol,3,runs/error_propagation_summary.csv,ep.-3.shift_px (shift -3: shift_px),,yes,"ce matched to it, and cells are split into edge cells (a reference pixel within 3\,px of the field boundary) and interior cells. At field level, $\hat\Omega$ and"
Experiments / Computational benchmarking protocol,900,logs/run_everything_20260930_042722.txt,"crop.val_candidates (candidate offsets searched (excluding [0,0]))",,yes,"    Inference cost was measured at $900 x 900$ and batch 1 on one NVIDIA RTX~A5000, in   and in ONNX Runtime (opset 17,"
Experiments / Computational benchmarking protocol,900,logs/run_everything_20260930_042722.txt,"crop.val_candidates (candidate offsets searched (excluding [0,0]))",,yes,"    Inference cost was measured at $900 x 900$ and batch 1 on one NVIDIA RTX~A5000, in   and in ONNX Runtime (opset 17, CUDA "
Experiments / Computational benchmarking protocol,1,runs/v2_baseline_off_axis/metrics_test.json; runs/v2_A_seed1337_off_axis/metrics_test.json; runs/v2_A_seed2024_off_axis/metrics_test.json,mean.A.area_cell_pearson_r (area_cell_pearson_r),run.A.s42.area_cell_pearson_r;run.A.s1337.area_cell_pearson_r;run.A.s2024.area_cell_pearson_r,yes,"    Inference cost was measured at $900 x 900$ and batch 1 on one NVIDIA RTX~A5000, in   and in ONNX Runtime (opset 17, CUDA execution pro"
Experiments / Computational benchmarking protocol,17,runs/v2_baseline_off_axis/metrics_test.json; runs/v2_A_seed1337_off_axis/metrics_test.json; runs/v2_A_seed2024_off_axis/metrics_test.json,mean.A.area_mape_ci_upper (area_mape_ci_upper),run.A.s42.area_mape_ci_upper;run.A.s1337.area_mape_ci_upper;run.A.s2024.area_mape_ci_upper,yes,"900 x 900$ and batch 1 on one NVIDIA RTX~A5000, in   and in ONNX Runtime (opset 17, CUDA execution provider); the FP16 models are half-precision exports of weight"
Experiments / Computational benchmarking protocol,50,runs/v2_baseline_off_axis/metrics_test.json; runs/v2_A_seed1337_off_axis/metrics_test.json; runs/v2_A_seed2024_off_axis/metrics_test.json,mean.A.area_mape_coverage_adjusted (area_mape_coverage_adjusted),run.A.s42.area_mape_coverage_adjusted;run.A.s1337.area_mape_coverage_adjusted;run.A.s2024.area_mape_coverage_adjusted,yes,P16 models are half-precision exports of weights and input. Each measurement is 50 warm-up passes followed by 500 timed passes. The baseline was benchmarked once 
Experiments / Computational benchmarking protocol,500,runs/error_propagation_summary.csv,ep.-5.shift_px (shift -5: shift_px),,yes,"exports of weights and input. Each measurement is 50 warm-up passes followed by 500 timed passes. The baseline was benchmarked once per trained seed, every other c"
Experiments / Computational benchmarking protocol,1.25,method parameter / count,p99/p50 limit,,yes,"{50}$ latency ratio is recorded as a check on timing stability, with a limit of 1.25. Weight size and peak allocated memory are reported for PyTorch only, because O"
Experiments / Model-free sensitivity analyses,1,runs/z_calibration.json,disc.off_axis.floor (off_axis.discrimination.floor),,yes,d on the off-axis test fields by dilating or eroding each reference instance by 1--5 pixels and recomputing area and dry mass from the reference phase. The numer
Experiments / Model-free sensitivity analyses,-5,runs/v2_baseline_off_axis/metrics_test.json; runs/v2_A_seed1337_off_axis/metrics_test.json; runs/v2_A_seed2024_off_axis/metrics_test.json,mean.A.circularity_loa_lower (circularity_loa_lower),run.A.s42.circularity_loa_lower;run.A.s1337.circularity_loa_lower;run.A.s2024.circularity_loa_lower,yes,on the off-axis test fields by dilating or eroding each reference instance by 1--5 pixels and recomputing area and dry mass from the reference phase. The numerica
Experiments / Model-free sensitivity analyses,2,runs/benchmark_results/results_synthetic_validation.json,syn.max.field_total_mass_error_mean (field_total_mass_error_mean),,yes," on synthetic fields of spherical-cap cells, $\varphi(d)=\varphi_0\sqrt{1-(d/r)^2}$, whose area $\pi r^2$ and integrated phase $\tfrac{2}{3}\pi r^2\varphi_0$ are"
Experiments / Model-free sensitivity analyses,2,runs/benchmark_results/results_synthetic_validation.json,syn.max.field_total_mass_error_mean (field_total_mass_error_mean),,yes," spherical-cap cells, $\varphi(d)=\varphi_0\sqrt{1-(d/r)^2}$, whose area $\pi r^2$ and integrated phase $\tfrac{2}{3}\pi r^2\varphi_0$ are exact. Three independe"
Experiments / Model-free sensitivity analyses,2,runs/benchmark_results/results_synthetic_validation.json,syn.max.field_total_mass_error_mean (field_total_mass_error_mean),,yes,"\sqrt{1-(d/r)^2}$, whose area $\pi r^2$ and integrated phase $\tfrac{2}{3}\pi r^2\varphi_0$ are exact. Three independently generated sets are used.  "
Experiments / Statistical analysis,42,runs/v2_baseline_gabor/metrics_test.json,mean.G.dry_mass_mae (dry_mass_mae),run.G.s42.dry_mass_mae,yes,"    The baseline, +IPP (per-cell) and +IPP (image) were trained at seeds 42, 1337 and 2024, and every other configuration once, at seed 42. Values reported"
Experiments / Statistical analysis,1337,method parameter / count,seed,,yes,"    The baseline, +IPP (per-cell) and +IPP (image) were trained at seeds 42, 1337 and 2024, and every other configuration once, at seed 42. Values reported for t"
Experiments / Statistical analysis,2024,method parameter / count,seed,,yes,"e baseline, +IPP (per-cell) and +IPP (image) were trained at seeds 42, 1337 and 2024, and every other configuration once, at seed 42. Values reported for the replic"
Experiments / Statistical analysis,42,runs/v2_baseline_gabor/metrics_test.json,mean.G.dry_mass_mae (dry_mass_mae),run.G.s42.dry_mass_mae,yes,"trained at seeds 42, 1337 and 2024, and every other configuration once, at seed 42. Values reported for the replicated configurations are three-run means with the"
Experiments / Statistical analysis,2,runs/*/metrics_test.json,cmp.B_vs_A.phase_mae_rad_in_cell.diff (phase_mae_rad_in_cell),mean.B.phase_mae_rad_in_cell;mean.A.phase_mae_rad_in_cell,yes,"emph{resolved} if it exceeds twice the pooled between-seed standard deviation, $2\sqrt{(s_1^2+s_2^2)/2}$, of the same metric. This is a separation criterion defi"
Experiments / Statistical analysis,2,runs/*/metrics_test.json,cmp.B_vs_A.phase_mae_rad_in_cell.diff (phase_mae_rad_in_cell),mean.B.phase_mae_rad_in_cell;mean.A.phase_mae_rad_in_cell,yes,"d} if it exceeds twice the pooled between-seed standard deviation, $2\sqrt{(s_1^2+s_2^2)/2}$, of the same metric. This is a separation criterion defined before t"
Experiments / Statistical analysis,2,runs/*/metrics_test.json,cmp.B_vs_A.phase_mae_rad_in_cell.diff (phase_mae_rad_in_cell),mean.B.phase_mae_rad_in_cell;mean.A.phase_mae_rad_in_cell,yes,"it exceeds twice the pooled between-seed standard deviation, $2\sqrt{(s_1^2+s_2^2)/2}$, of the same metric. This is a separation criterion defined before the com"
Experiments / Statistical analysis,2,runs/*/metrics_test.json,cmp.B_vs_A.phase_mae_rad_in_cell.diff (phase_mae_rad_in_cell),mean.B.phase_mae_rad_in_cell;mean.A.phase_mae_rad_in_cell,yes,"exceeds twice the pooled between-seed standard deviation, $2\sqrt{(s_1^2+s_2^2)/2}$, of the same metric. This is a separation criterion defined before the compar"
Experiments / Statistical analysis,2000,runs/v2_baseline_off_axis/metrics_test.json; runs/v2_A_seed1337_off_axis/metrics_test.json; runs/v2_A_seed2024_off_axis/metrics_test.json,mean.A.area_bootstrap_resamples (area_bootstrap_resamples),run.A.s42.area_bootstrap_resamples;run.A.s1337.area_bootstrap_resamples;run.A.s2024.area_bootstrap_resamples,yes,"esolvable. Within-run intervals are percentile bootstrap intervals over fields (2000 resamples). Evaluation is deterministic in data and weights but not bit-exact, "
Experiments / Statistical analysis,0.35,method parameter / count,checkpoint composite,,yes,"are selected at run time. Checkpoints were selected on the validation split by $0.35\, +0.25\,r_\varphi+0.25\,(1- _ )+0.15\,F1_ $, so the validation dry-mass error "
Experiments / Statistical analysis,+0.25,method parameter / count,checkpoint composite,,yes,"ected at run time. Checkpoints were selected on the validation split by $0.35\, +0.25\,r_\varphi+0.25\,(1- _ )+0.15\,F1_ $, so the validation dry-mass error enters m"
Experiments / Statistical analysis,0.25,method parameter / count,checkpoint composite,,yes,". Checkpoints were selected on the validation split by $0.35\, +0.25\,r_\varphi+0.25\,(1- _ )+0.15\,F1_ $, so the validation dry-mass error enters model selection b"
Experiments / Statistical analysis,1,runs/z_calibration.json,disc.off_axis.floor (off_axis.discrimination.floor),,yes,"points were selected on the validation split by $0.35\, +0.25\,r_\varphi+0.25\,(1- _ )+0.15\,F1_ $, so the validation dry-mass error enters model selection but n"
Experiments / Statistical analysis,+0.15,method parameter / count,checkpoint composite,,yes," were selected on the validation split by $0.35\, +0.25\,r_\varphi+0.25\,(1- _ )+0.15\,F1_ $, so the validation dry-mass error enters model selection but not trainin"
Results / Reconstruction and segmentation from raw holograms,113,runs/v2_baseline_off_axis/metrics_test.json; runs/v2_A_seed1337_off_axis/metrics_test.json; runs/v2_A_seed2024_off_axis/metrics_test.json,mean.A.area_bootstrap_fields (area_bootstrap_fields),run.A.s42.area_bootstrap_fields;run.A.s1337.area_bootstrap_fields;run.A.s2024.area_bootstrap_fields,yes,"    On the 113 off-axis test fields, the End-to-End Neural Baseline has, compared with the tes"
Results / Reconstruction and segmentation from raw holograms,0.1968,runs/conventional_baseline_test.json,classical113.off_axis.phase_mae_rad (off_axis.phase_mae_rad),,yes,"eline has, compared with the tested classical pipeline, lower phase error (MAE $0.1968 -> 0.1568$\,rad; inside reference cells $0.3112 -> 0.2689$\,rad), higher phase "
Results / Reconstruction and segmentation from raw holograms,0.1568,runs/v2_baseline_off_axis/metrics_test.json; runs/v2_A_seed1337_off_axis/metrics_test.json; runs/v2_A_seed2024_off_axis/metrics_test.json,mean.A.phase_mae_rad (phase_mae_rad),run.A.s42.phase_mae_rad;run.A.s1337.phase_mae_rad;run.A.s2024.phase_mae_rad,yes," compared with the tested classical pipeline, lower phase error (MAE $0.1968 -> 0.1568$\,rad; inside reference cells $0.3112 -> 0.2689$\,rad), higher phase correlatio"
Results / Reconstruction and segmentation from raw holograms,0.3112,runs/conventional_baseline_test.json,classical113.off_axis.phase_mae_rad_in_cell (off_axis.phase_mae_rad_in_cell),,yes,"peline, lower phase error (MAE $0.1968 -> 0.1568$\,rad; inside reference cells $0.3112 -> 0.2689$\,rad), higher phase correlation ($0.7851 -> 0.8741$) and higher SSIM"
Results / Reconstruction and segmentation from raw holograms,0.2689,runs/v2_baseline_off_axis/metrics_test.json; runs/v2_A_seed1337_off_axis/metrics_test.json; runs/v2_A_seed2024_off_axis/metrics_test.json,mean.A.phase_mae_rad_in_cell (phase_mae_rad_in_cell),run.A.s42.phase_mae_rad_in_cell;run.A.s1337.phase_mae_rad_in_cell;run.A.s2024.phase_mae_rad_in_cell,yes,"wer phase error (MAE $0.1968 -> 0.1568$\,rad; inside reference cells $0.3112 -> 0.2689$\,rad), higher phase correlation ($0.7851 -> 0.8741$) and higher SSIM ($0.5299 "
Results / Reconstruction and segmentation from raw holograms,0.7851,runs/conventional_baseline_test.json,classical113.off_axis.phase_pearson_r (off_axis.phase_pearson_r),,yes,"ad; inside reference cells $0.3112 -> 0.2689$\,rad), higher phase correlation ($0.7851 -> 0.8741$) and higher SSIM ($0.5299 -> 0.6386$) (Table~ , Fig.~ a). The segmen"
Results / Reconstruction and segmentation from raw holograms,0.8741,runs/v2_baseline_off_axis/metrics_test.json; runs/v2_A_seed1337_off_axis/metrics_test.json; runs/v2_A_seed2024_off_axis/metrics_test.json,mean.A.phase_pearson_r (phase_pearson_r),run.A.s42.phase_pearson_r;run.A.s1337.phase_pearson_r;run.A.s2024.phase_pearson_r,yes," reference cells $0.3112 -> 0.2689$\,rad), higher phase correlation ($0.7851 -> 0.8741$) and higher SSIM ($0.5299 -> 0.6386$) (Table~ , Fig.~ a). The segmentation sco"
Results / Reconstruction and segmentation from raw holograms,0.5299,runs/conventional_baseline_test.json,classical113.off_axis.phase_ssim (off_axis.phase_ssim),,yes," 0.2689$\,rad), higher phase correlation ($0.7851 -> 0.8741$) and higher SSIM ($0.5299 -> 0.6386$) (Table~ , Fig.~ a). The segmentation scores are closer: Dice $0.825"
Results / Reconstruction and segmentation from raw holograms,0.6386,runs/v2_baseline_off_axis/metrics_test.json; runs/v2_A_seed1337_off_axis/metrics_test.json; runs/v2_A_seed2024_off_axis/metrics_test.json,mean.A.phase_ssim (phase_ssim),run.A.s42.phase_ssim;run.A.s1337.phase_ssim;run.A.s2024.phase_ssim,yes,"rad), higher phase correlation ($0.7851 -> 0.8741$) and higher SSIM ($0.5299 -> 0.6386$) (Table~ , Fig.~ a). The segmentation scores are closer: Dice $0.8253 -> 0.833"
Results / Reconstruction and segmentation from raw holograms,0.8253,runs/conventional_baseline_test.json,classical113.off_axis.seg_dice (off_axis.seg_dice),,yes,".5299 -> 0.6386$) (Table~ , Fig.~ a). The segmentation scores are closer: Dice $0.8253 -> 0.8337$, AJI $0.6387 -> 0.6710$ and boundary F1 $0.3954 -> 0.4687$, a relati"
Results / Reconstruction and segmentation from raw holograms,0.8337,runs/v2_baseline_off_axis/metrics_test.json; runs/v2_A_seed1337_off_axis/metrics_test.json; runs/v2_A_seed2024_off_axis/metrics_test.json,mean.A.seg_dice (seg_dice),run.A.s42.seg_dice;run.A.s1337.seg_dice;run.A.s2024.seg_dice,yes,".6386$) (Table~ , Fig.~ a). The segmentation scores are closer: Dice $0.8253 -> 0.8337$, AJI $0.6387 -> 0.6710$ and boundary F1 $0.3954 -> 0.4687$, a relative increas"
Results / Reconstruction and segmentation from raw holograms,0.6387,runs/conventional_baseline_test.json,classical113.off_axis.seg_aji (off_axis.seg_aji),,yes,"~ , Fig.~ a). The segmentation scores are closer: Dice $0.8253 -> 0.8337$, AJI $0.6387 -> 0.6710$ and boundary F1 $0.3954 -> 0.4687$, a relative increase of 19\%. Rec"
Results / Reconstruction and segmentation from raw holograms,0.6710,runs/v2_baseline_off_axis/metrics_test.json; runs/v2_A_seed1337_off_axis/metrics_test.json; runs/v2_A_seed2024_off_axis/metrics_test.json,mean.A.seg_aji (seg_aji),run.A.s42.seg_aji;run.A.s1337.seg_aji;run.A.s2024.seg_aji,yes,"a). The segmentation scores are closer: Dice $0.8253 -> 0.8337$, AJI $0.6387 -> 0.6710$ and boundary F1 $0.3954 -> 0.4687$, a relative increase of 19\%. Recall is nea"
Results / Reconstruction and segmentation from raw holograms,0.3954,runs/conventional_baseline_test.json,classical113.off_axis.seg_boundary_f1 (off_axis.seg_boundary_f1),,yes,"es are closer: Dice $0.8253 -> 0.8337$, AJI $0.6387 -> 0.6710$ and boundary F1 $0.3954 -> 0.4687$, a relative increase of 19\%. Recall is nearly the same ($0.5869$ an"
Results / Reconstruction and segmentation from raw holograms,0.4687,runs/v2_baseline_off_axis/metrics_test.json; runs/v2_A_seed1337_off_axis/metrics_test.json; runs/v2_A_seed2024_off_axis/metrics_test.json,mean.A.seg_boundary_f1 (seg_boundary_f1),run.A.s42.seg_boundary_f1;run.A.s1337.seg_boundary_f1;run.A.s2024.seg_boundary_f1,yes,"ser: Dice $0.8253 -> 0.8337$, AJI $0.6387 -> 0.6710$ and boundary F1 $0.3954 -> 0.4687$, a relative increase of 19\%. Recall is nearly the same ($0.5869$ and $0.5931$"
Results / Reconstruction and segmentation from raw holograms,19%,runs/v2_baseline_off_axis/metrics_test.json; runs/v2_A_seed1337_off_axis/metrics_test.json; runs/v2_A_seed2024_off_axis/metrics_test.json,mean.A.phase_bias_rad_in_cell (phase_bias_rad_in_cell),run.A.s42.phase_bias_rad_in_cell;run.A.s1337.phase_bias_rad_in_cell;run.A.s2024.phase_bias_rad_in_cell,yes,"I $0.6387 -> 0.6710$ and boundary F1 $0.3954 -> 0.4687$, a relative increase of 19\%. Recall is nearly the same ($0.5869$ and $0.5931$) and precision is higher for "
Results / Reconstruction and segmentation from raw holograms,0.5869,runs/conventional_baseline_test.json,classical113.off_axis.detection_recall (off_axis.detection_recall),,yes,"F1 $0.3954 -> 0.4687$, a relative increase of 19\%. Recall is nearly the same ($0.5869$ and $0.5931$) and precision is higher for the network ($0.7910 -> 0.8488$). At"
Results / Reconstruction and segmentation from raw holograms,0.5931,runs/v2_baseline_off_axis/metrics_test.json; runs/v2_A_seed1337_off_axis/metrics_test.json; runs/v2_A_seed2024_off_axis/metrics_test.json,mean.A.detection_recall (detection_recall),run.A.s42.detection_recall;run.A.s1337.detection_recall;run.A.s2024.detection_recall,yes," 0.4687$, a relative increase of 19\%. Recall is nearly the same ($0.5869$ and $0.5931$) and precision is higher for the network ($0.7910 -> 0.8488$). At the measurem"
Results / Reconstruction and segmentation from raw holograms,0.7910,runs/conventional_baseline_test.json,classical113.off_axis.detection_precision (off_axis.detection_precision),,yes,"arly the same ($0.5869$ and $0.5931$) and precision is higher for the network ($0.7910 -> 0.8488$). At the measurement level, projected-area MAPE is essentially equal"
Results / Reconstruction and segmentation from raw holograms,0.8488,runs/v2_baseline_off_axis/metrics_test.json; runs/v2_A_seed1337_off_axis/metrics_test.json; runs/v2_A_seed2024_off_axis/metrics_test.json,mean.A.detection_precision (detection_precision),run.A.s42.detection_precision;run.A.s1337.detection_precision;run.A.s2024.detection_precision,yes,"ame ($0.5869$ and $0.5931$) and precision is higher for the network ($0.7910 -> 0.8488$). At the measurement level, projected-area MAPE is essentially equal ($0.1578$"
Results / Reconstruction and segmentation from raw holograms,0.1578,runs/conventional_baseline_test.json,classical113.off_axis.area_mape (off_axis.area_mape),,yes," 0.8488$). At the measurement level, projected-area MAPE is essentially equal ($0.1578$ and $0.1568$) while the matched-cell dry-mass MAPE is lower for the network ($"
Results / Reconstruction and segmentation from raw holograms,0.1568,runs/v2_baseline_off_axis/metrics_test.json; runs/v2_A_seed1337_off_axis/metrics_test.json; runs/v2_A_seed2024_off_axis/metrics_test.json,mean.A.phase_mae_rad (phase_mae_rad),run.A.s42.phase_mae_rad;run.A.s1337.phase_mae_rad;run.A.s2024.phase_mae_rad,yes," the measurement level, projected-area MAPE is essentially equal ($0.1578$ and $0.1568$) while the matched-cell dry-mass MAPE is lower for the network ($0.2203 -> 0.1"
Results / Reconstruction and segmentation from raw holograms,0.2203,runs/conventional_baseline_test.json,classical113.off_axis.dry_mass_mape (off_axis.dry_mass_mape),,yes,"$ and $0.1568$) while the matched-cell dry-mass MAPE is lower for the network ($0.2203 -> 0.1742$), with a per-cell dry-mass correlation of $0.9363$ against $0.8937$."
Results / Reconstruction and segmentation from raw holograms,0.1742,runs/v2_baseline_off_axis/metrics_test.json; runs/v2_A_seed1337_off_axis/metrics_test.json; runs/v2_A_seed2024_off_axis/metrics_test.json,mean.A.dry_mass_mape (dry_mass_mape),run.A.s42.dry_mass_mape;run.A.s1337.dry_mass_mape;run.A.s2024.dry_mass_mape,yes,"568$) while the matched-cell dry-mass MAPE is lower for the network ($0.2203 -> 0.1742$), with a per-cell dry-mass correlation of $0.9363$ against $0.8937$. The field"
Results / Reconstruction and segmentation from raw holograms,0.9363,runs/v2_baseline_off_axis/metrics_test.json; runs/v2_A_seed1337_off_axis/metrics_test.json; runs/v2_A_seed2024_off_axis/metrics_test.json,mean.A.dry_mass_cell_pearson_r (dry_mass_cell_pearson_r),run.A.s42.dry_mass_cell_pearson_r;run.A.s1337.dry_mass_cell_pearson_r;run.A.s2024.dry_mass_cell_pearson_r,yes," for the network ($0.2203 -> 0.1742$), with a per-cell dry-mass correlation of $0.9363$ against $0.8937$. The field-total dry-mass MAPE goes the other way: $0.1094$ f"
Results / Reconstruction and segmentation from raw holograms,0.8937,runs/conventional_baseline_test.json,classical113.off_axis.dry_mass_cell_pearson_r (off_axis.dry_mass_cell_pearson_r),,yes,"($0.2203 -> 0.1742$), with a per-cell dry-mass correlation of $0.9363$ against $0.8937$. The field-total dry-mass MAPE goes the other way: $0.1094$ for the tested cla"
Results / Reconstruction and segmentation from raw holograms,0.1094,runs/conventional_baseline_test.json,classical113.off_axis.dry_mass_field_total_mape (off_axis.dry_mass_field_total_mape),,yes,f $0.9363$ against $0.8937$. The field-total dry-mass MAPE goes the other way: $0.1094$ for the tested classical pipeline and $0.1631 +- 0.0141$ for the network (Sec.
Results / Reconstruction and segmentation from raw holograms,0.1631,runs/v2_baseline_off_axis/metrics_test.json; runs/v2_A_seed1337_off_axis/metrics_test.json; runs/v2_A_seed2024_off_axis/metrics_test.json,mean.A.dry_mass_field_total_mape (dry_mass_field_total_mape),run.A.s42.dry_mass_field_total_mape;run.A.s1337.dry_mass_field_total_mape;run.A.s2024.dry_mass_field_total_mape,yes,y-mass MAPE goes the other way: $0.1094$ for the tested classical pipeline and $0.1631 +- 0.0141$ for the network (Sec.~ ). All comparisons in this paragraph are with
Results / Reconstruction and segmentation from raw holograms,0.0141,runs/v2_baseline_off_axis/metrics_test.json; runs/v2_A_seed1337_off_axis/metrics_test.json; runs/v2_A_seed2024_off_axis/metrics_test.json,sd.A.dry_mass_field_total_mape (dry_mass_field_total_mape),run.A.s42.dry_mass_field_total_mape;run.A.s1337.dry_mass_field_total_mape;run.A.s2024.dry_mass_field_total_mape,yes,E goes the other way: $0.1094$ for the tested classical pipeline and $0.1631 +- 0.0141$ for the network (Sec.~ ). All comparisons in this paragraph are with the teste
Results / Reconstruction and segmentation from raw holograms,1,runs/conventional_baseline_test.json,classical113.off_axis.phase_ssim (off_axis.phase_ssim),,yes,"cal pipelines, oriented so that longer bars are better (error metrics drawn as $1-$error, raw value printed). (a) Off-axis, 113 test fields; End-to-End Neural Ba"
Results / Reconstruction and segmentation from raw holograms,113,runs/conventional_baseline_test.json,classical113.off_axis.phase_n_images (off_axis.phase_n_images),,yes,"are better (error metrics drawn as $1-$error, raw value printed). (a) Off-axis, 113 test fields; End-to-End Neural Baseline, mean over three seeds. (b) In-line, th"
Results / Reconstruction and segmentation from raw holograms,107,runs/conventional_baseline_test.json,classical113.gabor.phase_n_images (gabor.phase_n_images),,yes,"est fields; End-to-End Neural Baseline, mean over three seeds. (b) In-line, the 107 correctly paired test fields; In-Line Neural Configuration, one run. The negati"
Results / Reconstruction and segmentation from raw holograms,107,runs/conventional_baseline_test.json,classical113.gabor.phase_n_images (gabor.phase_n_images),,yes,ft-pointing marker.}   \end{figure}  Table~  compares the two geometries on the 107 test fields whose in-line hologram is correctly paired. The In-Line Neural Conf
Results / Reconstruction and segmentation from raw holograms,0.8667,runs/common_fields/common_fields_summary.csv,common.G_s42.phase_pearson_r (G_s42.phase_pearson_r),,yes,"hologram is correctly paired. The In-Line Neural Configuration reaches phase $r=0.8667$, Dice $0.8148$, boundary F1 $0.4165$, recall $0.5885$ and a dry-mass MAPE of $"
Results / Reconstruction and segmentation from raw holograms,0.8148,runs/common_fields/common_fields_summary.csv,common.G_s42.seg_dice (G_s42.seg_dice),,yes,"rectly paired. The In-Line Neural Configuration reaches phase $r=0.8667$, Dice $0.8148$, boundary F1 $0.4165$, recall $0.5885$ and a dry-mass MAPE of $0.2129$ over 17"
Results / Reconstruction and segmentation from raw holograms,0.4165,runs/common_fields/common_fields_summary.csv,common.G_s42.seg_boundary_f1 (G_s42.seg_boundary_f1),,yes,"Line Neural Configuration reaches phase $r=0.8667$, Dice $0.8148$, boundary F1 $0.4165$, recall $0.5885$ and a dry-mass MAPE of $0.2129$ over 1798 matched cells. On t"
Results / Reconstruction and segmentation from raw holograms,0.5885,runs/v2_baseline_gabor/metrics_test.json,mean.G.detection_recall (detection_recall),run.G.s42.detection_recall,yes,"guration reaches phase $r=0.8667$, Dice $0.8148$, boundary F1 $0.4165$, recall $0.5885$ and a dry-mass MAPE of $0.2129$ over 1798 matched cells. On the same fields th"
Results / Reconstruction and segmentation from raw holograms,0.2129,runs/v2_baseline_gabor/metrics_test.json,mean.G.dry_mass_mape (dry_mass_mape),run.G.s42.dry_mass_mape,yes,"$, Dice $0.8148$, boundary F1 $0.4165$, recall $0.5885$ and a dry-mass MAPE of $0.2129$ over 1798 matched cells. On the same fields the off-axis baseline has phase $r"
Results / Reconstruction and segmentation from raw holograms,1798,runs/v2_baseline_gabor/metrics_test.json,mean.G.dry_mass_n_cells (dry_mass_n_cells),run.G.s42.dry_mass_n_cells,yes,"48$, boundary F1 $0.4165$, recall $0.5885$ and a dry-mass MAPE of $0.2129$ over 1798 matched cells. On the same fields the off-axis baseline has phase $r=0.8745 +- "
Results / Reconstruction and segmentation from raw holograms,0.8745,runs/common_fields/common_fields_summary.csv,common.A_mean.phase_pearson_r (A_mean.phase_pearson_r),,yes," over 1798 matched cells. On the same fields the off-axis baseline has phase $r=0.8745 +- 0.0023$, Dice $0.8330 +- 0.0013$, boundary F1 $0.4706 +- 0.0052$, recall $0."
Results / Reconstruction and segmentation from raw holograms,0.0023,runs/v2_baseline_off_axis/metrics_test.json; runs/v2_A_seed1337_off_axis/metrics_test.json; runs/v2_A_seed2024_off_axis/metrics_test.json,sd.A.phase_pearson_r (phase_pearson_r),run.A.s42.phase_pearson_r;run.A.s1337.phase_pearson_r;run.A.s2024.phase_pearson_r,yes," matched cells. On the same fields the off-axis baseline has phase $r=0.8745 +- 0.0023$, Dice $0.8330 +- 0.0013$, boundary F1 $0.4706 +- 0.0052$, recall $0.5936 +- 0."
Results / Reconstruction and segmentation from raw holograms,0.8330,runs/common_fields/common_fields_summary.csv,common.A_mean.seg_dice (A_mean.seg_dice),,yes," On the same fields the off-axis baseline has phase $r=0.8745 +- 0.0023$, Dice $0.8330 +- 0.0013$, boundary F1 $0.4706 +- 0.0052$, recall $0.5936 +- 0.0031$ and dry-m"
Results / Reconstruction and segmentation from raw holograms,0.0013,runs/v2_baseline_off_axis/metrics_test.json; runs/v2_A_seed1337_off_axis/metrics_test.json; runs/v2_A_seed2024_off_axis/metrics_test.json,sd.A.seg_dice (seg_dice),run.A.s42.seg_dice;run.A.s1337.seg_dice;run.A.s2024.seg_dice,yes,"me fields the off-axis baseline has phase $r=0.8745 +- 0.0023$, Dice $0.8330 +- 0.0013$, boundary F1 $0.4706 +- 0.0052$, recall $0.5936 +- 0.0031$ and dry-mass MAPE $"
Results / Reconstruction and segmentation from raw holograms,0.4706,runs/common_fields/common_fields_summary.csv,common.A_mean.seg_boundary_f1 (A_mean.seg_boundary_f1),,yes," baseline has phase $r=0.8745 +- 0.0023$, Dice $0.8330 +- 0.0013$, boundary F1 $0.4706 +- 0.0052$, recall $0.5936 +- 0.0031$ and dry-mass MAPE $0.1740 +- 0.0045$. The"
Results / Reconstruction and segmentation from raw holograms,0.0052,runs/v2_cell_ipp_off_axis/metrics_test.json; runs/v2_B_seed1337_off_axis/metrics_test.json; runs/v2_B_seed2024_off_axis/metrics_test.json,sd.B.circularity_cell_pearson_r_ci_upper (circularity_cell_pearson_r_ci_upper),run.B.s42.circularity_cell_pearson_r_ci_upper;run.B.s1337.circularity_cell_pearson_r_ci_upper;run.B.s2024.circularity_cell_pearson_r_ci_upper,yes,"has phase $r=0.8745 +- 0.0023$, Dice $0.8330 +- 0.0013$, boundary F1 $0.4706 +- 0.0052$, recall $0.5936 +- 0.0031$ and dry-mass MAPE $0.1740 +- 0.0045$. The in-line c"
Results / Reconstruction and segmentation from raw holograms,0.5936,runs/common_fields/common_fields_summary.csv,common.A_mean.detection_recall (A_mean.detection_recall),,yes,"45 +- 0.0023$, Dice $0.8330 +- 0.0013$, boundary F1 $0.4706 +- 0.0052$, recall $0.5936 +- 0.0031$ and dry-mass MAPE $0.1740 +- 0.0045$. The in-line configuration was "
Results / Reconstruction and segmentation from raw holograms,0.0031,runs/common_fields/common_fields_summary.csv,common.A_sd.detection_recall (A_sd.detection_recall),,yes,"23$, Dice $0.8330 +- 0.0013$, boundary F1 $0.4706 +- 0.0052$, recall $0.5936 +- 0.0031$ and dry-mass MAPE $0.1740 +- 0.0045$. The in-line configuration was trained on"
Results / Reconstruction and segmentation from raw holograms,0.1740,runs/v2_compact_baseline_off_axis/metrics_test.json,mean.KA.dry_mass_mape (dry_mass_mape),run.KA.s42.dry_mass_mape,yes,"$, boundary F1 $0.4706 +- 0.0052$, recall $0.5936 +- 0.0031$ and dry-mass MAPE $0.1740 +- 0.0045$. The in-line configuration was trained once, so these differences (f"
Results / Reconstruction and segmentation from raw holograms,0.0045,runs/v2_baseline_off_axis/metrics_test.json; runs/v2_A_seed1337_off_axis/metrics_test.json; runs/v2_A_seed2024_off_axis/metrics_test.json,sd.A.dry_mass_mape (dry_mass_mape),run.A.s42.dry_mass_mape;run.A.s1337.dry_mass_mape;run.A.s2024.dry_mass_mape,yes,"y F1 $0.4706 +- 0.0052$, recall $0.5936 +- 0.0031$ and dry-mass MAPE $0.1740 +- 0.0045$. The in-line configuration was trained once, so these differences (for example"
Results / Reconstruction and segmentation from raw holograms,+0.0389,runs/*/metrics_test.json,cmp.B1_vs_B.dry_mass_mape.diff (dry_mass_mape),mean.B1.dry_mass_mape;mean.B.dry_mass_mape,yes," The in-line configuration was trained once, so these differences (for example $+0.0389$ in dry-mass MAPE) are not resolvable under our criterion. The tested classical"
Results / Reconstruction and segmentation from raw holograms,-0.2075,runs/conventional_baseline_test.json,classical113.gabor.phase_pearson_r (gabor.phase_pearson_r),,yes," tested classical in-line reconstruction did not recover the specimen phase ($r=-0.2075$), consistent with the behaviour reported for a 500-iteration Gerchberg--Saxton"
Results / Reconstruction and segmentation from raw holograms,500,logs/v2_20260930_074055_gpu3/train_G.log,split.G.val_excluded (val excluded),,yes," the specimen phase ($r=-0.2075$), consistent with the behaviour reported for a 500-iteration Gerchberg--Saxton reconstruction in Park \emph{et al.}~  (Supplementa"
Results / Reconstruction and segmentation from raw holograms,20,runs/z_calibration.json,disc.gabor.margin.noisy_0.3 (gabor.discrimination.margins.noisy_0.3),,yes,"ose phase profile remained near the background. Our in-line reconstruction used 20 iterations at $33.77\,\mu$m. Its mean in-cell phase contrast is $-0.084$\,rad, "
Results / Reconstruction and segmentation from raw holograms,33.77,runs/z_calibration.json,disc.gabor.distance_um (gabor.discrimination.distance_um),,yes,"remained near the background. Our in-line reconstruction used 20 iterations at $33.77\,\mu$m. Its mean in-cell phase contrast is $-0.084$\,rad, against $+0.922$\,rad"
Results / Reconstruction and segmentation from raw holograms,-0.084,runs/common_fields/conventional_baseline_test.json,classical107.gabor.recovered_phase_contrast_rad (gabor.recovered_phase_contrast_rad),,yes,"uction used 20 iterations at $33.77\,\mu$m. Its mean in-cell phase contrast is $-0.084$\,rad, against $+0.922$\,rad for the classical off-axis reconstruction on the s"
Results / Reconstruction and segmentation from raw holograms,+0.922,runs/common_fields/conventional_baseline_test.json,classical107.off_axis.recovered_phase_contrast_rad (off_axis.recovered_phase_contrast_rad),,yes,"ns at $33.77\,\mu$m. Its mean in-cell phase contrast is $-0.084$\,rad, against $+0.922$\,rad for the classical off-axis reconstruction on the same fields, and it matc"
Results / Reconstruction and segmentation from raw holograms,106,runs/conventional_baseline_test.json,classical113.gabor.cells_matched (gabor.cells_matched),,yes,"ad for the classical off-axis reconstruction on the same fields, and it matched 106 of 3055 reference cells (Dice $0.1583$). Its measurements are therefore compute"
Results / Reconstruction and segmentation from raw holograms,3055,runs/common_fields/common_fields_summary.csv,common.classical_off_axis.cells_reference (classical_off_axis.cells_reference),,yes,"the classical off-axis reconstruction on the same fields, and it matched 106 of 3055 reference cells (Dice $0.1583$). Its measurements are therefore computed from a"
Results / Reconstruction and segmentation from raw holograms,0.1583,runs/common_fields/common_fields_summary.csv,common.classical_gabor.seg_dice (classical_gabor.seg_dice),,yes,"struction on the same fields, and it matched 106 of 3055 reference cells (Dice $0.1583$). Its measurements are therefore computed from a phase map that does not carry"
Results / Reconstruction and segmentation from raw holograms,106,runs/conventional_baseline_test.json,classical113.gabor.dry_mass_n_cells (gabor.dry_mass_n_cells),,yes,"es not carry the specimen contrast, and its per-cell dry-mass correlation, over 106 cells, is not comparable with the other entries. This result concerns the teste"
Results / Reconstruction and segmentation from raw holograms,42,runs/v2_baseline_gabor/metrics_test.json,mean.G.dry_mass_mae (dry_mass_mae),run.G.s42.dry_mass_mae,yes,"scribe classical in-line reconstruction in general.     Figure~  shows the seed-42 baseline on the first two test fields of the split,   and  , without selection."
Results / Reconstruction and segmentation from raw holograms,42,runs/v2_baseline_gabor/metrics_test.json,mean.G.dry_mass_mae (dry_mass_mae),run.G.s42.dry_mass_mae,yes,s not segment.  \begin{figure}[!htbp] \centering   \caption{Outputs of the seed-42 End-to-End Neural Baseline on test fields   (top) and   (bottom): recorded off-
"Results / Per-cell measurements, error decomposition and population coverage",1890,runs/v2_baseline_off_axis/metrics_test.json; runs/v2_A_seed1337_off_axis/metrics_test.json; runs/v2_A_seed2024_off_axis/metrics_test.json,mean.A.area_n_cells (area_n_cells),run.A.s42.area_n_cells;run.A.s1337.area_n_cells;run.A.s2024.area_n_cells,yes,    Over $1890 +- 9$ matched cells (mean over three seeds; the seed-42 run shown in Fig.~  has
"Results / Per-cell measurements, error decomposition and population coverage",9,runs/v2_baseline_off_axis/metrics_test.json; runs/v2_A_seed1337_off_axis/metrics_test.json; runs/v2_A_seed2024_off_axis/metrics_test.json,sd.A.area_n_cells (area_n_cells),run.A.s42.area_n_cells;run.A.s1337.area_n_cells;run.A.s2024.area_n_cells,yes,    Over $1890 +- 9$ matched cells (mean over three seeds; the seed-42 run shown in Fig.~  has 1898
"Results / Per-cell measurements, error decomposition and population coverage",42,runs/v2_baseline_gabor/metrics_test.json,mean.G.dry_mass_mae (dry_mass_mae),run.G.s42.dry_mass_mae,yes,"    Over $1890 +- 9$ matched cells (mean over three seeds; the seed-42 run shown in Fig.~  has 1898), the baseline's per-cell dry-mass MAPE is $0.1742"
"Results / Per-cell measurements, error decomposition and population coverage",1898,runs/v2_baseline_off_axis/metrics_test.json,run.A.s42.cells_matched (cells_matched),,yes,"+- 9$ matched cells (mean over three seeds; the seed-42 run shown in Fig.~  has 1898), the baseline's per-cell dry-mass MAPE is $0.1742 +- 0.0045$ (seed-42 bootstra"
"Results / Per-cell measurements, error decomposition and population coverage",0.1742,runs/v2_baseline_off_axis/metrics_test.json; runs/v2_A_seed1337_off_axis/metrics_test.json; runs/v2_A_seed2024_off_axis/metrics_test.json,mean.A.dry_mass_mape (dry_mass_mape),run.A.s42.dry_mass_mape;run.A.s1337.dry_mass_mape;run.A.s2024.dry_mass_mape,yes,"eed-42 run shown in Fig.~  has 1898), the baseline's per-cell dry-mass MAPE is $0.1742 +- 0.0045$ (seed-42 bootstrap interval $0.1650$--$0.1849$) with a per-cell Pear"
"Results / Per-cell measurements, error decomposition and population coverage",0.0045,runs/v2_baseline_off_axis/metrics_test.json; runs/v2_A_seed1337_off_axis/metrics_test.json; runs/v2_A_seed2024_off_axis/metrics_test.json,sd.A.dry_mass_mape (dry_mass_mape),run.A.s42.dry_mass_mape;run.A.s1337.dry_mass_mape;run.A.s2024.dry_mass_mape,yes," shown in Fig.~  has 1898), the baseline's per-cell dry-mass MAPE is $0.1742 +- 0.0045$ (seed-42 bootstrap interval $0.1650$--$0.1849$) with a per-cell Pearson   of $"
"Results / Per-cell measurements, error decomposition and population coverage",42,runs/v2_baseline_gabor/metrics_test.json,run.G.s42.dry_mass_mae (dry_mass_mae),,yes,"~  has 1898), the baseline's per-cell dry-mass MAPE is $0.1742 +- 0.0045$ (seed-42 bootstrap interval $0.1650$--$0.1849$) with a per-cell Pearson   of $0.9363$. P"
"Results / Per-cell measurements, error decomposition and population coverage",0.1650,runs/v2_baseline_off_axis/metrics_test.json,run.A.s42.dry_mass_mape_ci_lower (dry_mass_mape_ci_lower),,yes,ine's per-cell dry-mass MAPE is $0.1742 +- 0.0045$ (seed-42 bootstrap interval $0.1650$--$0.1849$) with a per-cell Pearson   of $0.9363$. Projected area has MAPE $0.1
"Results / Per-cell measurements, error decomposition and population coverage",0.1849,runs/v2_baseline_off_axis/metrics_test.json,run.A.s42.dry_mass_mape_ci_upper (dry_mass_mape_ci_upper),,yes,cell dry-mass MAPE is $0.1742 +- 0.0045$ (seed-42 bootstrap interval $0.1650$--$0.1849$) with a per-cell Pearson   of $0.9363$. Projected area has MAPE $0.1568$ and $
"Results / Per-cell measurements, error decomposition and population coverage",0.9363,runs/v2_baseline_off_axis/metrics_test.json; runs/v2_A_seed1337_off_axis/metrics_test.json; runs/v2_A_seed2024_off_axis/metrics_test.json,mean.A.dry_mass_cell_pearson_r (dry_mass_cell_pearson_r),run.A.s42.dry_mass_cell_pearson_r;run.A.s1337.dry_mass_cell_pearson_r;run.A.s2024.dry_mass_cell_pearson_r,yes,"$ (seed-42 bootstrap interval $0.1650$--$0.1849$) with a per-cell Pearson   of $0.9363$. Projected area has MAPE $0.1568$ and $r=0.8986$, and circularity has MAPE $0."
"Results / Per-cell measurements, error decomposition and population coverage",0.1568,runs/v2_baseline_off_axis/metrics_test.json; runs/v2_A_seed1337_off_axis/metrics_test.json; runs/v2_A_seed2024_off_axis/metrics_test.json,mean.A.phase_mae_rad (phase_mae_rad),run.A.s42.phase_mae_rad;run.A.s1337.phase_mae_rad;run.A.s2024.phase_mae_rad,yes,"650$--$0.1849$) with a per-cell Pearson   of $0.9363$. Projected area has MAPE $0.1568$ and $r=0.8986$, and circularity has MAPE $0.0571$ and $r=0.8861$ (Table~ a). T"
"Results / Per-cell measurements, error decomposition and population coverage",0.8986,runs/v2_baseline_off_axis/metrics_test.json; runs/v2_A_seed1337_off_axis/metrics_test.json; runs/v2_A_seed2024_off_axis/metrics_test.json,mean.A.area_cell_pearson_r (area_cell_pearson_r),run.A.s42.area_cell_pearson_r;run.A.s1337.area_cell_pearson_r;run.A.s2024.area_cell_pearson_r,yes," with a per-cell Pearson   of $0.9363$. Projected area has MAPE $0.1568$ and $r=0.8986$, and circularity has MAPE $0.0571$ and $r=0.8861$ (Table~ a). The per-field Bl"
"Results / Per-cell measurements, error decomposition and population coverage",0.0571,runs/v2_baseline_off_axis/metrics_test.json; runs/v2_A_seed1337_off_axis/metrics_test.json; runs/v2_A_seed2024_off_axis/metrics_test.json,mean.A.circularity_mape (circularity_mape),run.A.s42.circularity_mape;run.A.s1337.circularity_mape;run.A.s2024.circularity_mape,yes,"63$. Projected area has MAPE $0.1568$ and $r=0.8986$, and circularity has MAPE $0.0571$ and $r=0.8861$ (Table~ a). The per-field Bland--Altman bias, computed on per-f"
"Results / Per-cell measurements, error decomposition and population coverage",0.8861,runs/v2_baseline_off_axis/metrics_test.json; runs/v2_A_seed1337_off_axis/metrics_test.json; runs/v2_A_seed2024_off_axis/metrics_test.json,mean.A.circularity_cell_pearson_r (circularity_cell_pearson_r),run.A.s42.circularity_cell_pearson_r;run.A.s1337.circularity_cell_pearson_r;run.A.s2024.circularity_cell_pearson_r,yes,"area has MAPE $0.1568$ and $r=0.8986$, and circularity has MAPE $0.0571$ and $r=0.8861$ (Table~ a). The per-field Bland--Altman bias, computed on per-field medians an"
"Results / Per-cell measurements, error decomposition and population coverage",-0.0372,runs/v2_baseline_off_axis/metrics_test.json; runs/v2_A_seed1337_off_axis/metrics_test.json; runs/v2_A_seed2024_off_axis/metrics_test.json,mean.A.dry_mass_relative_bias (dry_mass_relative_bias),run.A.s42.dry_mass_relative_bias;run.A.s1337.dry_mass_relative_bias;run.A.s2024.dry_mass_relative_bias,yes," Bland--Altman bias, computed on per-field medians and averaged over seeds, is $-0.0372$ for dry mass (limits $[-0.247,+0.172]$) and $+0.0649$ for projected area ($[-0"
"Results / Per-cell measurements, error decomposition and population coverage",-0.247,runs/v2_baseline_off_axis/metrics_test.json; runs/v2_A_seed1337_off_axis/metrics_test.json; runs/v2_A_seed2024_off_axis/metrics_test.json,mean.A.dry_mass_loa_lower (dry_mass_loa_lower),run.A.s42.dry_mass_loa_lower;run.A.s1337.dry_mass_loa_lower;run.A.s2024.dry_mass_loa_lower,yes," per-field medians and averaged over seeds, is $-0.0372$ for dry mass (limits $[-0.247,+0.172]$) and $+0.0649$ for projected area ($[-0.162,+0.292]$), so on matched c"
"Results / Per-cell measurements, error decomposition and population coverage",+0.172,runs/v2_baseline_off_axis/metrics_test.json; runs/v2_A_seed1337_off_axis/metrics_test.json; runs/v2_A_seed2024_off_axis/metrics_test.json,mean.A.dry_mass_loa_upper (dry_mass_loa_upper),run.A.s42.dry_mass_loa_upper;run.A.s1337.dry_mass_loa_upper;run.A.s2024.dry_mass_loa_upper,yes,"eld medians and averaged over seeds, is $-0.0372$ for dry mass (limits $[-0.247,+0.172]$) and $+0.0649$ for projected area ($[-0.162,+0.292]$), so on matched cells ar"
"Results / Per-cell measurements, error decomposition and population coverage",+0.0649,runs/v2_baseline_off_axis/metrics_test.json; runs/v2_A_seed1337_off_axis/metrics_test.json; runs/v2_A_seed2024_off_axis/metrics_test.json,mean.A.area_relative_bias (area_relative_bias),run.A.s42.area_relative_bias;run.A.s1337.area_relative_bias;run.A.s2024.area_relative_bias,yes," averaged over seeds, is $-0.0372$ for dry mass (limits $[-0.247,+0.172]$) and $+0.0649$ for projected area ($[-0.162,+0.292]$), so on matched cells area is slightly o"
"Results / Per-cell measurements, error decomposition and population coverage",-0.162,runs/v2_baseline_off_axis/metrics_test.json; runs/v2_A_seed1337_off_axis/metrics_test.json; runs/v2_A_seed2024_off_axis/metrics_test.json,mean.A.area_loa_lower (area_loa_lower),run.A.s42.area_loa_lower;run.A.s1337.area_loa_lower;run.A.s2024.area_loa_lower,yes,"72$ for dry mass (limits $[-0.247,+0.172]$) and $+0.0649$ for projected area ($[-0.162,+0.292]$), so on matched cells area is slightly over-estimated and dry mass und"
"Results / Per-cell measurements, error decomposition and population coverage",+0.292,runs/v2_baseline_off_axis/metrics_test.json; runs/v2_A_seed1337_off_axis/metrics_test.json; runs/v2_A_seed2024_off_axis/metrics_test.json,mean.A.area_loa_upper (area_loa_upper),run.A.s42.area_loa_upper;run.A.s1337.area_loa_upper;run.A.s2024.area_loa_upper,yes," dry mass (limits $[-0.247,+0.172]$) and $+0.0649$ for projected area ($[-0.162,+0.292]$), so on matched cells area is slightly over-estimated and dry mass under-esti"
"Results / Per-cell measurements, error decomposition and population coverage",-0.0901,runs/v2_baseline_off_axis/metrics_test.json; runs/v2_A_seed1337_off_axis/metrics_test.json; runs/v2_A_seed2024_off_axis/metrics_test.json,mean.A.area_field_total_bias (area_field_total_bias),run.A.s42.area_field_total_bias;run.A.s1337.area_field_total_bias;run.A.s2024.area_field_total_bias,yes,"als, which include unmatched cells on both sides, are low for both quantities ($-0.0901$ area, $-0.1560$ dry mass), with a field-total dry-mass correlation of $0.9883$"
"Results / Per-cell measurements, error decomposition and population coverage",-0.1560,runs/v2_baseline_off_axis/metrics_test.json; runs/v2_A_seed1337_off_axis/metrics_test.json; runs/v2_A_seed2024_off_axis/metrics_test.json,mean.A.dry_mass_field_total_bias (dry_mass_field_total_bias),run.A.s42.dry_mass_field_total_bias;run.A.s1337.dry_mass_field_total_bias;run.A.s2024.dry_mass_field_total_bias,yes,"de unmatched cells on both sides, are low for both quantities ($-0.0901$ area, $-0.1560$ dry mass), with a field-total dry-mass correlation of $0.9883$.     \begin{fig"
"Results / Per-cell measurements, error decomposition and population coverage",0.9883,runs/v2_baseline_off_axis/metrics_test.json; runs/v2_A_seed1337_off_axis/metrics_test.json; runs/v2_A_seed2024_off_axis/metrics_test.json,mean.A.dry_mass_field_total_pearson_r (dry_mass_field_total_pearson_r),run.A.s42.dry_mass_field_total_pearson_r;run.A.s1337.dry_mass_field_total_pearson_r;run.A.s2024.dry_mass_field_total_pearson_r,yes,"-0.0901$ area, $-0.1560$ dry mass), with a field-total dry-mass correlation of $0.9883$.     \begin{figure}[!htbp] \centering   \caption{Per-cell agreement of the see"
"Results / Per-cell measurements, error decomposition and population coverage",42,runs/v2_baseline_gabor/metrics_test.json,mean.G.dry_mass_mae (dry_mass_mae),run.G.s42.dry_mass_mae,yes,     \begin{figure}[!htbp] \centering   \caption{Per-cell agreement of the seed-42 End-to-End Neural Baseline on the 113 off-axis test fields (1898 matched cells)
"Results / Per-cell measurements, error decomposition and population coverage",113,runs/v2_baseline_off_axis/metrics_test.json,run.A.s42.dry_mass_bootstrap_fields (dry_mass_bootstrap_fields),,yes,"   \caption{Per-cell agreement of the seed-42 End-to-End Neural Baseline on the 113 off-axis test fields (1898 matched cells) for dry mass (a, b) and projected are"
"Results / Per-cell measurements, error decomposition and population coverage",1898,runs/v2_baseline_off_axis/metrics_test.json,run.A.s42.area_n_cells (area_n_cells),,yes,"ment of the seed-42 End-to-End Neural Baseline on the 113 off-axis test fields (1898 matched cells) for dry mass (a, b) and projected area (c, d): predicted against"
"Results / Per-cell measurements, error decomposition and population coverage",1.002,runs/diagnostics/decomposition_by_config.csv,decomp.A.cell.all.domain_gm_mean (decomp.A.cell.all.domain_gm_mean),,yes," Eq.~ . For matched cells of the baseline, the geometric-mean domain factor is $1.002 +- 0.002$ and the phase factor $0.929 +- 0.016$, so the predicted domain enclos"
"Results / Per-cell measurements, error decomposition and population coverage",0.002,runs/diagnostics/decomposition_by_config.csv,decomp.A.cell.all.domain_gm_sd (decomp.A.cell.all.domain_gm_sd),,yes,"or matched cells of the baseline, the geometric-mean domain factor is $1.002 +- 0.002$ and the phase factor $0.929 +- 0.016$, so the predicted domain encloses almost"
"Results / Per-cell measurements, error decomposition and population coverage",0.929,runs/diagnostics/decomposition_by_config.csv,decomp.A.cell.all.phase_gm_mean (decomp.A.cell.all.phase_gm_mean),,yes,"ine, the geometric-mean domain factor is $1.002 +- 0.002$ and the phase factor $0.929 +- 0.016$, so the predicted domain encloses almost the same reference phase int"
"Results / Per-cell measurements, error decomposition and population coverage",0.016,runs/diagnostics/decomposition_by_config.csv,decomp.A.cell.all.phase_gm_sd (decomp.A.cell.all.phase_gm_sd),,yes,"geometric-mean domain factor is $1.002 +- 0.002$ and the phase factor $0.929 +- 0.016$, so the predicted domain encloses almost the same reference phase integral as "
"Results / Per-cell measurements, error decomposition and population coverage",0.102,runs/diagnostics/decomposition_by_config.csv,decomp.A.cell.interior.domain_med_abs_log_sd (decomp.A.cell.interior.domain_med_abs_log_sd),,yes,phase level. The phase factor also carries most of the spread (median $|\log|$ $0.102$ against $0.042$ for the domain factor). The phase factor is $0.957$ for interi
"Results / Per-cell measurements, error decomposition and population coverage",0.042,runs/diagnostics/decomposition_by_config.csv,decomp.A.cell.all.domain_med_abs_log_mean (decomp.A.cell.all.domain_med_abs_log_mean),,yes, phase factor also carries most of the spread (median $|\log|$ $0.102$ against $0.042$ for the domain factor). The phase factor is $0.957$ for interior cells and $0.
"Results / Per-cell measurements, error decomposition and population coverage",0.957,runs/diagnostics/decomposition_by_config.csv,decomp.A.cell.interior.phase_gm_mean (decomp.A.cell.interior.phase_gm_mean),,yes,n $|\log|$ $0.102$ against $0.042$ for the domain factor). The phase factor is $0.957$ for interior cells and $0.797$ for edge cells. At field level the domain facto
"Results / Per-cell measurements, error decomposition and population coverage",0.797,runs/diagnostics/decomposition_by_config.csv,decomp.A.cell.edge.domain_med_abs_log_sd (decomp.A.cell.edge.domain_med_abs_log_sd),,yes,42$ for the domain factor). The phase factor is $0.957$ for interior cells and $0.797$ for edge cells. At field level the domain factor is $0.897$; since the field-l
"Results / Per-cell measurements, error decomposition and population coverage",0.897,runs/diagnostics/decomposition_by_config.csv,decomp.A.field.all.domain_gm_mean (decomp.A.field.all.domain_gm_mean),,yes,"interior cells and $0.797$ for edge cells. At field level the domain factor is $0.897$; since the field-level domain includes every reference cell, this value reflec"
"Results / Per-cell measurements, error decomposition and population coverage",0.593,runs/v2_baseline_off_axis/metrics_test.json; runs/v2_A_seed1337_off_axis/metrics_test.json; runs/v2_A_seed2024_off_axis/metrics_test.json,mean.A.detection_recall (detection_recall),run.A.s42.detection_recall;run.A.s1337.detection_recall;run.A.s2024.detection_recall,yes,"o boundary placement. These statements concern matched cells; with a recall of $0.593$, a matched-cell domain factor near 1 says nothing about the cells that were mi"
"Results / Per-cell measurements, error decomposition and population coverage",1,runs/v2_baseline_off_axis/metrics_test.json; runs/v2_A_seed1337_off_axis/metrics_test.json; runs/v2_A_seed2024_off_axis/metrics_test.json,mean.A.detection_recall (detection_recall),run.A.s42.detection_recall;run.A.s1337.detection_recall;run.A.s2024.detection_recall,yes,"cern matched cells; with a recall of $0.593$, a matched-cell domain factor near 1 says nothing about the cells that were missed.  The tested classical pipeline h"
"Results / Per-cell measurements, error decomposition and population coverage",0.966,runs/diagnostics/decomposition_by_config.csv,decomp.classical.cell.all.domain_gm_mean (decomp.classical.cell.all.domain_gm_mean),,yes,"cal pipeline has a different structure. For matched cells its domain factor is $0.966$ and its phase factor $1.014$, and at field level $0.857$ and $1.055$, giving a"
"Results / Per-cell measurements, error decomposition and population coverage",1.014,runs/diagnostics/decomposition_by_config.csv,decomp.classical.cell.all.phase_gm_mean (decomp.classical.cell.all.phase_gm_mean),,yes,"structure. For matched cells its domain factor is $0.966$ and its phase factor $1.014$, and at field level $0.857$ and $1.055$, giving a field-level total of $0.905$"
"Results / Per-cell measurements, error decomposition and population coverage",0.857,runs/diagnostics/decomposition_by_config.csv,decomp.classical.field.all.domain_gm_mean (decomp.classical.field.all.domain_gm_mean),,yes," its domain factor is $0.966$ and its phase factor $1.014$, and at field level $0.857$ and $1.055$, giving a field-level total of $0.905$ against $0.838$ for the bas"
"Results / Per-cell measurements, error decomposition and population coverage",1.055,runs/diagnostics/decomposition_by_config.csv,decomp.classical.field.all.phase_gm_mean (decomp.classical.field.all.phase_gm_mean),,yes,"factor is $0.966$ and its phase factor $1.014$, and at field level $0.857$ and $1.055$, giving a field-level total of $0.905$ against $0.838$ for the baseline. Oppos"
"Results / Per-cell measurements, error decomposition and population coverage",0.905,runs/diagnostics/decomposition_by_config.csv,decomp.classical.field.all.total_gm_mean (decomp.classical.field.all.total_gm_mean),,yes,"$1.014$, and at field level $0.857$ and $1.055$, giving a field-level total of $0.905$ against $0.838$ for the baseline. Opposing domain and phase deviations thus co"
"Results / Per-cell measurements, error decomposition and population coverage",0.838,runs/diagnostics/decomposition_by_config.csv,decomp.A.field.all.total_gm_mean (decomp.A.field.all.total_gm_mean),,yes,"field level $0.857$ and $1.055$, giving a field-level total of $0.905$ against $0.838$ for the baseline. Opposing domain and phase deviations thus coincide with the "
"Results / Per-cell measurements, error decomposition and population coverage",0.5931,runs/v2_baseline_off_axis/metrics_test.json; runs/v2_A_seed1337_off_axis/metrics_test.json; runs/v2_A_seed2024_off_axis/metrics_test.json,mean.A.detection_recall (detection_recall),run.A.s42.detection_recall;run.A.s1337.detection_recall;run.A.s2024.detection_recall,yes," The matched-cell errors describe the detected cells only. Detection recall is $0.5931 +- 0.0027$, so about 1300 of the 3186 reference cells are not matched, and the "
"Results / Per-cell measurements, error decomposition and population coverage",0.0027,runs/v2_baseline_off_axis/metrics_test.json; runs/v2_A_seed1337_off_axis/metrics_test.json; runs/v2_A_seed2024_off_axis/metrics_test.json,sd.A.detection_recall (detection_recall),run.A.s42.detection_recall;run.A.s1337.detection_recall;run.A.s2024.detection_recall,yes,"ed-cell errors describe the detected cells only. Detection recall is $0.5931 +- 0.0027$, so about 1300 of the 3186 reference cells are not matched, and the coverage-a"
"Results / Per-cell measurements, error decomposition and population coverage",1300,derived,3186 - mean.A.cells_matched (about 1300),mean.A.cells_matched,yes,"cribe the detected cells only. Detection recall is $0.5931 +- 0.0027$, so about 1300 of the 3186 reference cells are not matched, and the coverage-adjusted dry-mass"
"Results / Per-cell measurements, error decomposition and population coverage",3186,runs/v2_baseline_off_axis/metrics_test.json; runs/v2_A_seed1337_off_axis/metrics_test.json; runs/v2_A_seed2024_off_axis/metrics_test.json,mean.A.cells_reference (cells_reference),run.A.s42.cells_reference;run.A.s1337.cells_reference;run.A.s2024.cells_reference,yes,"tected cells only. Detection recall is $0.5931 +- 0.0027$, so about 1300 of the 3186 reference cells are not matched, and the coverage-adjusted dry-mass error is $0"
"Results / Per-cell measurements, error decomposition and population coverage",0.5102,runs/v2_baseline_off_axis/metrics_test.json; runs/v2_A_seed1337_off_axis/metrics_test.json; runs/v2_A_seed2024_off_axis/metrics_test.json,mean.A.dry_mass_mape_coverage_adjusted (dry_mass_mape_coverage_adjusted),run.A.s42.dry_mass_mape_coverage_adjusted;run.A.s1337.dry_mass_mape_coverage_adjusted;run.A.s2024.dry_mass_mape_coverage_adjusted,yes,"6 reference cells are not matched, and the coverage-adjusted dry-mass error is $0.5102$. Stratifying by location (Table~ ) shows that the missed cells are concentrate"
"Results / Per-cell measurements, error decomposition and population coverage",1452,runs/diagnostics/decomposition_summary.csv,refcells.edge (A_s42.cell.edge.n_reference_cells),,yes,"n (Table~ ) shows that the missed cells are concentrated at the field boundary. 1452 reference instances (45.6\%) have a pixel within 3\,px of the boundary. The bas"
"Results / Per-cell measurements, error decomposition and population coverage",45.6%,derived,100*refcells.edge/refcells.all,refcells.edge;refcells.all,yes," missed cells are concentrated at the field boundary. 1452 reference instances (45.6\%) have a pixel within 3\,px of the boundary. The baseline recalls $0.212$ of the"
"Results / Per-cell measurements, error decomposition and population coverage",3,runs/error_propagation_summary.csv,ep.-3.shift_px (shift -3: shift_px),,yes,"ed at the field boundary. 1452 reference instances (45.6\%) have a pixel within 3\,px of the boundary. The baseline recalls $0.212$ of these edge instances and $"
"Results / Per-cell measurements, error decomposition and population coverage",0.212,runs/diagnostics/decomposition_by_config.csv,decomp.A.cell.edge.recall_mean (decomp.A.cell.edge.recall_mean),,yes,"ances (45.6\%) have a pixel within 3\,px of the boundary. The baseline recalls $0.212$ of these edge instances and $0.912$ of the interior ones, so about 1140 of the"
"Results / Per-cell measurements, error decomposition and population coverage",0.912,runs/diagnostics/decomposition_by_config.csv,decomp.A.cell.interior.recall_mean (decomp.A.cell.interior.recall_mean),,yes,"\,px of the boundary. The baseline recalls $0.212$ of these edge instances and $0.912$ of the interior ones, so about 1140 of the roughly 1300 unmatched reference ce"
"Results / Per-cell measurements, error decomposition and population coverage",1140,derived,refcells.edge - mean matched edge cells (about 1140),refcells.edge;decomp_run.A_s*.cell.edge.n,yes,"alls $0.212$ of these edge instances and $0.912$ of the interior ones, so about 1140 of the roughly 1300 unmatched reference cells are edge instances. Its matched-c"
"Results / Per-cell measurements, error decomposition and population coverage",1300,derived,3186 - mean.A.cells_matched (about 1300),mean.A.cells_matched,yes,"e edge instances and $0.912$ of the interior ones, so about 1140 of the roughly 1300 unmatched reference cells are edge instances. Its matched-cell dry-mass MAPE is"
"Results / Per-cell measurements, error decomposition and population coverage",0.305,derived,locmean.A.edge.mape (edge.mape),loc.A_s42.edge.mape;loc.A_s1337.edge.mape;loc.A_s2024.edge.mape,yes,nmatched reference cells are edge instances. Its matched-cell dry-mass MAPE is $0.305$ on edge cells and $0.149$ on interior cells. Edge instances include cells cut 
"Results / Per-cell measurements, error decomposition and population coverage",0.149,runs/common_fields/common_fields_summary.csv,common.A_s1337.dry_mass_field_total_mape (A_s1337.dry_mass_field_total_mape),,yes,"re edge instances. Its matched-cell dry-mass MAPE is $0.305$ on edge cells and $0.149$ on interior cells. Edge instances include cells cut by the field boundary, who"
"Results / Per-cell measurements, error decomposition and population coverage",0.502,runs/benchmark_results/results_arm_A_membrane.json,membrane.A.mean.seg_dice (seg_dice),,yes,"mbrane-derived masks instead of the phase-derived ones, the baseline's Dice is $0.502$ (against $0.834$), AJI $0.236$ ($0.671$), boundary F1 $0.064$ ($0.469$) and re"
"Results / Per-cell measurements, error decomposition and population coverage",0.834,runs/v2_baseline_off_axis/metrics_test.json; runs/v2_A_seed1337_off_axis/metrics_test.json; runs/v2_A_seed2024_off_axis/metrics_test.json,mean.A.seg_dice (seg_dice),run.A.s42.seg_dice;run.A.s1337.seg_dice;run.A.s2024.seg_dice,yes,"sks instead of the phase-derived ones, the baseline's Dice is $0.502$ (against $0.834$), AJI $0.236$ ($0.671$), boundary F1 $0.064$ ($0.469$) and recall $0.114$ ($0."
"Results / Per-cell measurements, error decomposition and population coverage",0.236,runs/benchmark_results/results_arm_A_membrane.json,membrane.A.mean.seg_aji (seg_aji),,yes," the phase-derived ones, the baseline's Dice is $0.502$ (against $0.834$), AJI $0.236$ ($0.671$), boundary F1 $0.064$ ($0.469$) and recall $0.114$ ($0.593$), means o"
"Results / Per-cell measurements, error decomposition and population coverage",0.671,runs/v2_baseline_off_axis/metrics_test.json; runs/v2_A_seed1337_off_axis/metrics_test.json; runs/v2_A_seed2024_off_axis/metrics_test.json,mean.A.seg_aji (seg_aji),run.A.s42.seg_aji;run.A.s1337.seg_aji;run.A.s2024.seg_aji,yes,"e-derived ones, the baseline's Dice is $0.502$ (against $0.834$), AJI $0.236$ ($0.671$), boundary F1 $0.064$ ($0.469$) and recall $0.114$ ($0.593$), means over three"
"Results / Per-cell measurements, error decomposition and population coverage",0.064,runs/benchmark_results/results_arm_A_membrane.json,membrane.A.mean.seg_boundary_f1 (seg_boundary_f1),,yes,"seline's Dice is $0.502$ (against $0.834$), AJI $0.236$ ($0.671$), boundary F1 $0.064$ ($0.469$) and recall $0.114$ ($0.593$), means over three seeds with between-se"
"Results / Per-cell measurements, error decomposition and population coverage",0.469,runs/v2_baseline_off_axis/metrics_test.json; runs/v2_A_seed1337_off_axis/metrics_test.json; runs/v2_A_seed2024_off_axis/metrics_test.json,mean.A.seg_boundary_f1 (seg_boundary_f1),run.A.s42.seg_boundary_f1;run.A.s1337.seg_boundary_f1;run.A.s2024.seg_boundary_f1,yes,"Dice is $0.502$ (against $0.834$), AJI $0.236$ ($0.671$), boundary F1 $0.064$ ($0.469$) and recall $0.114$ ($0.593$), means over three seeds with between-seed SD at "
"Results / Per-cell measurements, error decomposition and population coverage",0.114,runs/benchmark_results/results_arm_A_membrane.json,membrane.A.mean.detection_recall (detection_recall),,yes,"inst $0.834$), AJI $0.236$ ($0.671$), boundary F1 $0.064$ ($0.469$) and recall $0.114$ ($0.593$), means over three seeds with between-seed SD at most $0.002$. The me"
"Results / Per-cell measurements, error decomposition and population coverage",0.593,runs/v2_baseline_off_axis/metrics_test.json; runs/v2_A_seed1337_off_axis/metrics_test.json; runs/v2_A_seed2024_off_axis/metrics_test.json,mean.A.detection_recall (detection_recall),run.A.s42.detection_recall;run.A.s1337.detection_recall;run.A.s2024.detection_recall,yes,"34$), AJI $0.236$ ($0.671$), boundary F1 $0.064$ ($0.469$) and recall $0.114$ ($0.593$), means over three seeds with between-seed SD at most $0.002$. The membrane ma"
"Results / Per-cell measurements, error decomposition and population coverage",0.002,runs/*/metrics_test.json,cmp.B1_vs_B.seg_aji.diff (seg_aji),mean.B1.seg_aji;mean.B.seg_aji,yes," recall $0.114$ ($0.593$), means over three seeds with between-seed SD at most $0.002$. The membrane masks were scored over the whole field, including regions outsid"
Results / Measurement-aware training objectives,+0.0141,runs/*/metrics_test.json,cmp.B_vs_A.dry_mass_mape.diff (dry_mass_mape),mean.B.dry_mass_mape;mean.A.dry_mass_mape,yes,"rated-phase terms increased matched-cell dry-mass MAPE (+IPP (per-cell) $\Delta=+0.0141$, $2 x $SD $0.0097$; +IPP (image) $\Delta=+0.0145$, $2 x $SD $0.0066$; both res"
Results / Measurement-aware training objectives,2,runs/*/metrics_test.json,cmp.W01_vs_A.dry_mass_field_total_mape.diff (dry_mass_field_total_mape),mean.W01.dry_mass_field_total_mape;mean.A.dry_mass_field_total_mape,yes," terms increased matched-cell dry-mass MAPE (+IPP (per-cell) $\Delta=+0.0141$, $2 x $SD $0.0097$; +IPP (image) $\Delta=+0.0145$, $2 x $SD $0.0066$; both resolved"
Results / Measurement-aware training objectives,0.0097,runs/*/metrics_test.json,cmp.B1_vs_B.dry_mass_mape_coverage_adjusted.diff (dry_mass_mape_coverage_adjusted),mean.B1.dry_mass_mape_coverage_adjusted;mean.B.dry_mass_mape_coverage_adjusted,yes,"creased matched-cell dry-mass MAPE (+IPP (per-cell) $\Delta=+0.0141$, $2 x $SD $0.0097$; +IPP (image) $\Delta=+0.0145$, $2 x $SD $0.0066$; both resolved under the pre"
Results / Measurement-aware training objectives,+0.0145,runs/*/metrics_test.json,cmp.B1_vs_A.dry_mass_mape.diff (dry_mass_mape),mean.B1.dry_mass_mape;mean.A.dry_mass_mape,yes,"MAPE (+IPP (per-cell) $\Delta=+0.0141$, $2 x $SD $0.0097$; +IPP (image) $\Delta=+0.0145$, $2 x $SD $0.0066$; both resolved under the predefined between-seed criterion)"
Results / Measurement-aware training objectives,2,runs/*/metrics_test.json,cmp.B1_vs_B.dry_mass_field_total_bias.diff (dry_mass_field_total_bias),mean.B1.dry_mass_field_total_bias;mean.B.dry_mass_field_total_bias,yes,"(per-cell) $\Delta=+0.0141$, $2 x $SD $0.0097$; +IPP (image) $\Delta=+0.0145$, $2 x $SD $0.0066$; both resolved under the predefined between-seed criterion). The"
Results / Measurement-aware training objectives,0.0066,runs/*/metrics_test.json,cmp.B1_vs_A.dry_mass_mape.thr (dry_mass_mape),sd.B1.dry_mass_mape;sd.A.dry_mass_mape,yes,") $\Delta=+0.0141$, $2 x $SD $0.0097$; +IPP (image) $\Delta=+0.0145$, $2 x $SD $0.0066$; both resolved under the predefined between-seed criterion). The two forms dif"
Results / Measurement-aware training objectives,+0.0004,runs/*/metrics_test.json,cmp.B1_vs_B.dry_mass_mape.diff (dry_mass_mape),mean.B1.dry_mass_mape;mean.B.dry_mass_mape,yes,"resolved under the predefined between-seed criterion). The two forms differ by $+0.0004$, inside their $2 x $SD of $0.0076$. Their effect on field-total dry-mass MAPE "
Results / Measurement-aware training objectives,2,runs/*/metrics_test.json,cmp.B_vs_A.phase_mae_rad_in_cell.diff (phase_mae_rad_in_cell),mean.B.phase_mae_rad_in_cell;mean.A.phase_mae_rad_in_cell,yes,"fined between-seed criterion). The two forms differ by $+0.0004$, inside their $2 x $SD of $0.0076$. Their effect on field-total dry-mass MAPE was not resolved ("
Results / Measurement-aware training objectives,0.0076,runs/*/metrics_test.json,cmp.B1_vs_B.dry_mass_mape.thr (dry_mass_mape),sd.B1.dry_mass_mape;sd.B.dry_mass_mape,yes,"n-seed criterion). The two forms differ by $+0.0004$, inside their $2 x $SD of $0.0076$. Their effect on field-total dry-mass MAPE was not resolved ($+0.0045$, $2 x $"
Results / Measurement-aware training objectives,+0.0045,runs/*/metrics_test.json,cmp.B_vs_A.dry_mass_field_total_mape.diff (dry_mass_field_total_mape),mean.B.dry_mass_field_total_mape;mean.A.dry_mass_field_total_mape,yes,"x $SD of $0.0076$. Their effect on field-total dry-mass MAPE was not resolved ($+0.0045$, $2 x $SD $0.0232$; $+0.0091$, $2 x $SD $0.0250$). Several intermediate metric"
Results / Measurement-aware training objectives,2,runs/*/metrics_test.json,cmp.W01_vs_A.dry_mass_field_total_mape.diff (dry_mass_field_total_mape),mean.W01.dry_mass_field_total_mape;mean.A.dry_mass_field_total_mape,yes,".0076$. Their effect on field-total dry-mass MAPE was not resolved ($+0.0045$, $2 x $SD $0.0232$; $+0.0091$, $2 x $SD $0.0250$). Several intermediate metrics als"
Results / Measurement-aware training objectives,0.0232,runs/*/metrics_test.json,cmp.B_vs_A.dry_mass_field_total_mape.thr (dry_mass_field_total_mape),sd.B.dry_mass_field_total_mape;sd.A.dry_mass_field_total_mape,yes,"heir effect on field-total dry-mass MAPE was not resolved ($+0.0045$, $2 x $SD $0.0232$; $+0.0091$, $2 x $SD $0.0250$). Several intermediate metrics also moved in the"
Results / Measurement-aware training objectives,+0.0091,runs/*/metrics_test.json,cmp.B1_vs_A.dry_mass_field_total_mape.diff (dry_mass_field_total_mape),mean.B1.dry_mass_field_total_mape;mean.A.dry_mass_field_total_mape,yes,"t on field-total dry-mass MAPE was not resolved ($+0.0045$, $2 x $SD $0.0232$; $+0.0091$, $2 x $SD $0.0250$). Several intermediate metrics also moved in the unfavourab"
Results / Measurement-aware training objectives,2,runs/*/metrics_test.json,cmp.W01_vs_A.dry_mass_field_total_mape.diff (dry_mass_field_total_mape),mean.W01.dry_mass_field_total_mape;mean.A.dry_mass_field_total_mape,yes,"total dry-mass MAPE was not resolved ($+0.0045$, $2 x $SD $0.0232$; $+0.0091$, $2 x $SD $0.0250$). Several intermediate metrics also moved in the unfavourable di"
Results / Measurement-aware training objectives,0.0250,runs/*/metrics_test.json,cmp.B1_vs_A.dry_mass_field_total_mape.thr (dry_mass_field_total_mape),sd.B1.dry_mass_field_total_mape;sd.A.dry_mass_field_total_mape,yes,"-mass MAPE was not resolved ($+0.0045$, $2 x $SD $0.0232$; $+0.0091$, $2 x $SD $0.0250$). Several intermediate metrics also moved in the unfavourable direction by res"
Results / Measurement-aware training objectives,0.8488,runs/v2_baseline_off_axis/metrics_test.json; runs/v2_A_seed1337_off_axis/metrics_test.json; runs/v2_A_seed2024_off_axis/metrics_test.json,mean.A.detection_precision (detection_precision),run.A.s42.detection_precision;run.A.s1337.detection_precision;run.A.s2024.detection_precision,yes,"ver the field and inside cells, phase  , SSIM, AJI, boundary F1 and precision ($0.8488 -> 0.8077$), with $119$ more false-positive cells per run; under +IPP (image) t"
Results / Measurement-aware training objectives,0.8077,runs/v2_cell_ipp_off_axis/metrics_test.json; runs/v2_B_seed1337_off_axis/metrics_test.json; runs/v2_B_seed2024_off_axis/metrics_test.json,mean.B.detection_precision (detection_precision),run.B.s42.detection_precision;run.B.s1337.detection_precision;run.B.s2024.detection_precision,yes,"eld and inside cells, phase  , SSIM, AJI, boundary F1 and precision ($0.8488 -> 0.8077$), with $119$ more false-positive cells per run; under +IPP (image) they were p"
Results / Measurement-aware training objectives,119,runs/v2_learned_z_off_axis/metrics_test.json,mean.D2.false_positive_median_area_um2 (false_positive_median_area_um2),run.D2.s42.false_positive_median_area_um2,yes,"ells, phase  , SSIM, AJI, boundary F1 and precision ($0.8488 -> 0.8077$), with $119$ more false-positive cells per run; under +IPP (image) they were phase MAE over"
Results / Measurement-aware training objectives,0.0075,runs/*/metrics_test.json,cmp.B_vs_A.detection_recall.diff (detection_recall),mean.B.detection_recall;mean.A.detection_recall,yes,"hase  , SSIM, Dice, AJI and boundary F1. +IPP (per-cell) also raised recall by $0.0075$ (resolved), and at field level its domain factor rose from $0.897$ to $0.909$ "
Results / Measurement-aware training objectives,0.897,runs/diagnostics/decomposition_by_config.csv,decomp.A.field.all.domain_gm_mean (decomp.A.field.all.domain_gm_mean),,yes," recall by $0.0075$ (resolved), and at field level its domain factor rose from $0.897$ to $0.909$ ($+0.0118$, $2 x $SD $0.0081$, resolved), together with the additio"
Results / Measurement-aware training objectives,0.909,runs/diagnostics/decomposition_by_config.csv,decomp.B.field.all.domain_gm_mean (decomp.B.field.all.domain_gm_mean),,yes,"$0.0075$ (resolved), and at field level its domain factor rose from $0.897$ to $0.909$ ($+0.0118$, $2 x $SD $0.0081$, resolved), together with the additional false p"
Results / Measurement-aware training objectives,+0.0118,runs/diagnostics/decomposition_summary.csv,dcmp.B_vs_A.field.all.domain_gm.diff (field.all.domain_gm),mean.B.field.all.domain_gm;mean.A.field.all.domain_gm,yes,"(resolved), and at field level its domain factor rose from $0.897$ to $0.909$ ($+0.0118$, $2 x $SD $0.0081$, resolved), together with the additional false positives, $"
Results / Measurement-aware training objectives,2,runs/*/metrics_test.json,cmp.B_vs_A.seg_boundary_f1.diff (seg_boundary_f1),mean.B.seg_boundary_f1;mean.A.seg_boundary_f1,yes," and at field level its domain factor rose from $0.897$ to $0.909$ ($+0.0118$, $2 x $SD $0.0081$, resolved), together with the additional false positives, $67$ o"
Results / Measurement-aware training objectives,0.0081,runs/diagnostics/decomposition_summary.csv,dcmp.B_vs_A.field.all.domain_gm.thr (field.all.domain_gm),sd.B.field.all.domain_gm;sd.A.field.all.domain_gm,yes,"ield level its domain factor rose from $0.897$ to $0.909$ ($+0.0118$, $2 x $SD $0.0081$, resolved), together with the additional false positives, $67$ of which per ru"
Results / Measurement-aware training objectives,67,runs/diagnostics/decomposition_cells.csv; runs/*/unmatched_test.csv,lcmp.B_vs_A.fp_near.diff (fp_near),mean.B.fp_near;mean.A.fp_near,yes,"$, $2 x $SD $0.0081$, resolved), together with the additional false positives, $67$ of which per run have centroids within 15\,px of the field boundary (Table~ )."
Results / Measurement-aware training objectives,15,runs/v2_baseline_off_axis/metrics_test.json; runs/v2_A_seed1337_off_axis/metrics_test.json; runs/v2_A_seed2024_off_axis/metrics_test.json,mean.A.area_mape_ci_lower (area_mape_ci_lower),run.A.s42.area_mape_ci_lower;run.A.s1337.area_mape_ci_lower;run.A.s2024.area_mape_ci_lower,yes,"ith the additional false positives, $67$ of which per run have centroids within 15\,px of the field boundary (Table~ ).  \begin{figure}[!htbp] \centering   \capti"
Results / Measurement-aware training objectives,113,runs/v2_baseline_off_axis/metrics_test.json; runs/v2_A_seed1337_off_axis/metrics_test.json; runs/v2_A_seed2024_off_axis/metrics_test.json,mean.A.dry_mass_bootstrap_fields (dry_mass_bootstrap_fields),run.A.s42.dry_mass_bootstrap_fields;run.A.s1337.dry_mass_bootstrap_fields;run.A.s2024.dry_mass_bootstrap_fields,yes,) Matched-cell dry-mass MAPE and (b) Dice of the off-axis configurations on the 113 test fields. Error bars: between-seed SD for the three configurations with thre
Results / Measurement-aware training objectives,2,runs/v2_baseline_off_axis/metrics_test.json; runs/v2_A_seed1337_off_axis/metrics_test.json; runs/v2_A_seed2024_off_axis/metrics_test.json,sd.A.dry_mass_field_total_bias (dry_mass_field_total_bias),run.A.s42.dry_mass_field_total_bias;run.A.s1337.dry_mass_field_total_bias;run.A.s2024.dry_mass_field_total_bias,yes, with three runs; other points are single runs. Shaded band: baseline mean $ +- 2 x $ its between-seed SD. Vertical axes do not start at zero.}   \end{figure}   
Results / Measurement-aware training objectives,+0.0025,runs/diagnostics/decomposition_summary.csv,dcmp.B1_vs_A.cell.all.domain_med_abs_log.diff (cell.all.domain_med_abs_log),mean.B1.cell.all.domain_med_abs_log;mean.A.cell.all.domain_med_abs_log,yes,"ther term, and the only resolved change in spread over all matched cells was a $+0.0025$ increase of the domain $|\log|$ spread under +IPP (image). The changes that we"
Results / Measurement-aware training objectives,0.0177,runs/diagnostics/decomposition_summary.csv,dcmp.B1_vs_A.cell.interior.phase_med_abs_log.diff (cell.interior.phase_med_abs_log),mean.B1.cell.interior.phase_med_abs_log;mean.A.cell.interior.phase_med_abs_log,yes,"rent directions for interior and edge cells: its interior phase spread rose by $0.0177$, while its edge phase spread fell by $0.0352$ and its edge phase factor rose b"
Results / Measurement-aware training objectives,0.0352,runs/diagnostics/decomposition_summary.csv,dcmp.B1_vs_A.cell.edge.phase_med_abs_log.diff (cell.edge.phase_med_abs_log),mean.B1.cell.edge.phase_med_abs_log;mean.A.cell.edge.phase_med_abs_log,yes,"ts interior phase spread rose by $0.0177$, while its edge phase spread fell by $0.0352$ and its edge phase factor rose by $0.0374$. Under +IPP (per-cell) the resolved"
Results / Measurement-aware training objectives,0.0374,runs/diagnostics/decomposition_summary.csv,dcmp.B1_vs_A.cell.edge.phase_gm.diff (cell.edge.phase_gm),mean.B1.cell.edge.phase_gm;mean.A.cell.edge.phase_gm,yes,while its edge phase spread fell by $0.0352$ and its edge phase factor rose by $0.0374$. Under +IPP (per-cell) the resolved changes are a higher edge domain factor ($
Results / Measurement-aware training objectives,+0.0154,runs/diagnostics/decomposition_summary.csv,dcmp.B_vs_A.cell.edge.domain_gm.diff (cell.edge.domain_gm),mean.B.cell.edge.domain_gm;mean.A.cell.edge.domain_gm,yes,"$. Under +IPP (per-cell) the resolved changes are a higher edge domain factor ($+0.0154$) and edge total ($+0.0341$). By location, the matched-cell MAPE increase is re"
Results / Measurement-aware training objectives,+0.0341,runs/diagnostics/decomposition_summary.csv,dcmp.B_vs_A.cell.edge.total_gm.diff (cell.edge.total_gm),mean.B.cell.edge.total_gm;mean.A.cell.edge.total_gm,yes,"e resolved changes are a higher edge domain factor ($+0.0154$) and edge total ($+0.0341$). By location, the matched-cell MAPE increase is resolved among interior cells"
Results / Measurement-aware training objectives,+0.0139,runs/diagnostics/decomposition_cells.csv; runs/*/unmatched_test.csv,lcmp.B_vs_A.interior.mape.diff (interior.mape),mean.B.interior.mape;mean.A.interior.mape,yes,he matched-cell MAPE increase is resolved among interior cells for both terms ($+0.0139$ and $+0.0183$) and not among edge cells (Table~ ). The matched-cell domain fac
Results / Measurement-aware training objectives,+0.0183,runs/diagnostics/decomposition_cells.csv; runs/*/unmatched_test.csv,lcmp.B1_vs_A.interior.mape.diff (interior.mape),mean.B1.interior.mape;mean.A.interior.mape,yes,l MAPE increase is resolved among interior cells for both terms ($+0.0139$ and $+0.0183$) and not among edge cells (Table~ ). The matched-cell domain factor did not ch
Results / Measurement-aware training objectives,0.1850,runs/v2_cell_ipp_area_off_axis/metrics_test.json,mean.B2.dry_mass_mape (dry_mass_mape),run.B2.s42.dry_mass_mape,yes,"t observed.  +Area and +BGA, each added to +IPP (per-cell), give dry-mass MAPE $0.1850$ and $0.1921$. Across the weight sweep (Fig.~ ) the MAPE is $0.1754$, $0.1881$,"
Results / Measurement-aware training objectives,0.1921,runs/v2_cell_ipp_bga_off_axis/metrics_test.json,mean.C.dry_mass_mape (dry_mass_mape),run.C.s42.dry_mass_mape,yes,"+Area and +BGA, each added to +IPP (per-cell), give dry-mass MAPE $0.1850$ and $0.1921$. Across the weight sweep (Fig.~ ) the MAPE is $0.1754$, $0.1881$, $0.1883$ and"
Results / Measurement-aware training objectives,0.1754,runs/v2_ipp_w01_off_axis/metrics_test.json,mean.W01.dry_mass_mape (dry_mass_mape),run.W01.s42.dry_mass_mape,yes,"-mass MAPE $0.1850$ and $0.1921$. Across the weight sweep (Fig.~ ) the MAPE is $0.1754$, $0.1881$, $0.1883$ and $0.1963$ for $w=0.1$, $0.3$, $1.0$ and $3.0$, and at $"
Results / Measurement-aware training objectives,0.1881,runs/v2_ipp_w03_off_axis/metrics_test.json,mean.W03.dry_mass_mape (dry_mass_mape),run.W03.s42.dry_mass_mape,yes," $0.1850$ and $0.1921$. Across the weight sweep (Fig.~ ) the MAPE is $0.1754$, $0.1881$, $0.1883$ and $0.1963$ for $w=0.1$, $0.3$, $1.0$ and $3.0$, and at $w=3.0$ Dic"
Results / Measurement-aware training objectives,0.1883,runs/v2_cell_ipp_off_axis/metrics_test.json; runs/v2_B_seed1337_off_axis/metrics_test.json; runs/v2_B_seed2024_off_axis/metrics_test.json,mean.B.dry_mass_mape (dry_mass_mape),run.B.s42.dry_mass_mape;run.B.s1337.dry_mass_mape;run.B.s2024.dry_mass_mape,yes,"and $0.1921$. Across the weight sweep (Fig.~ ) the MAPE is $0.1754$, $0.1881$, $0.1883$ and $0.1963$ for $w=0.1$, $0.3$, $1.0$ and $3.0$, and at $w=3.0$ Dice ($0.8164"
Results / Measurement-aware training objectives,0.1963,runs/v2_ipp_w30_off_axis/metrics_test.json,mean.W30.dry_mass_mape (dry_mass_mape),run.W30.s42.dry_mass_mape,yes," Across the weight sweep (Fig.~ ) the MAPE is $0.1754$, $0.1881$, $0.1883$ and $0.1963$ for $w=0.1$, $0.3$, $1.0$ and $3.0$, and at $w=3.0$ Dice ($0.8164$), precision"
Results / Measurement-aware training objectives,0.1,runs/v2_ipp_w30_off_axis/metrics_test.json,mean.W30.dry_mass_field_total_mape (dry_mass_field_total_mape),run.W30.s42.dry_mass_field_total_mape,yes,"ght sweep (Fig.~ ) the MAPE is $0.1754$, $0.1881$, $0.1883$ and $0.1963$ for $w=0.1$, $0.3$, $1.0$ and $3.0$, and at $w=3.0$ Dice ($0.8164$), precision ($0.7855$) "
Results / Measurement-aware training objectives,0.3,runs/v2_ipp_w01_off_axis/metrics_test.json,mean.W01.dry_mass_loa_lower (dry_mass_loa_lower),run.W01.s42.dry_mass_loa_lower,yes,"ep (Fig.~ ) the MAPE is $0.1754$, $0.1881$, $0.1883$ and $0.1963$ for $w=0.1$, $0.3$, $1.0$ and $3.0$, and at $w=3.0$ Dice ($0.8164$), precision ($0.7855$) and pha"
Results / Measurement-aware training objectives,1.0,runs/v2_ipp_w01_off_axis/metrics_test.json,mean.W01.dry_mass_field_total_pearson_r (dry_mass_field_total_pearson_r),run.W01.s42.dry_mass_field_total_pearson_r,yes,".~ ) the MAPE is $0.1754$, $0.1881$, $0.1883$ and $0.1963$ for $w=0.1$, $0.3$, $1.0$ and $3.0$, and at $w=3.0$ Dice ($0.8164$), precision ($0.7855$) and phase MAE "
Results / Measurement-aware training objectives,3.0,method parameter / count,weights,,yes,"APE is $0.1754$, $0.1881$, $0.1883$ and $0.1963$ for $w=0.1$, $0.3$, $1.0$ and $3.0$, and at $w=3.0$ Dice ($0.8164$), precision ($0.7855$) and phase MAE ($0.1813$\"
Results / Measurement-aware training objectives,3.0,method parameter / count,weights,,yes," $0.1881$, $0.1883$ and $0.1963$ for $w=0.1$, $0.3$, $1.0$ and $3.0$, and at $w=3.0$ Dice ($0.8164$), precision ($0.7855$) and phase MAE ($0.1813$\,rad) are the wo"
Results / Measurement-aware training objectives,0.8164,runs/v2_ipp_w30_off_axis/metrics_test.json,mean.W30.seg_dice (seg_dice),run.W30.s42.seg_dice,yes,"0.1883$ and $0.1963$ for $w=0.1$, $0.3$, $1.0$ and $3.0$, and at $w=3.0$ Dice ($0.8164$), precision ($0.7855$) and phase MAE ($0.1813$\,rad) are the worst of the swee"
Results / Measurement-aware training objectives,0.7855,runs/v2_ipp_w30_off_axis/metrics_test.json,mean.W30.detection_precision (detection_precision),run.W30.s42.detection_precision,yes,"or $w=0.1$, $0.3$, $1.0$ and $3.0$, and at $w=3.0$ Dice ($0.8164$), precision ($0.7855$) and phase MAE ($0.1813$\,rad) are the worst of the sweep. +Amplitude, the two"
Results / Measurement-aware training objectives,0.1813,runs/v2_ipp_w30_off_axis/metrics_test.json,mean.W30.phase_mae_rad (phase_mae_rad),run.W30.s42.phase_mae_rad,yes,"and $3.0$, and at $w=3.0$ Dice ($0.8164$), precision ($0.7855$) and phase MAE ($0.1813$\,rad) are the worst of the sweep. +Amplitude, the two +Fwd configurations, the"
Results / Measurement-aware training objectives,0.1857,runs/v2_amplitude_off_axis/metrics_test.json,mean.D0.dry_mass_mape (dry_mass_mape),run.D0.s42.dry_mass_mape,yes,"itude, the two +Fwd configurations, the Compact Baseline and Compact +IPP give $0.1857$, $0.1855$, $0.1920$, $0.1740$ and $0.1887$. All of these are single runs, so n"
Results / Measurement-aware training objectives,0.1855,runs/v2_forward_amplitude_off_axis/metrics_test.json,mean.D1.dry_mass_mape (dry_mass_mape),run.D1.s42.dry_mass_mape,yes," two +Fwd configurations, the Compact Baseline and Compact +IPP give $0.1857$, $0.1855$, $0.1920$, $0.1740$ and $0.1887$. All of these are single runs, so none of the"
Results / Measurement-aware training objectives,0.1920,runs/v2_learned_z_off_axis/metrics_test.json,mean.D2.dry_mass_mape (dry_mass_mape),run.D2.s42.dry_mass_mape,yes,"configurations, the Compact Baseline and Compact +IPP give $0.1857$, $0.1855$, $0.1920$, $0.1740$ and $0.1887$. All of these are single runs, so none of their differe"
Results / Measurement-aware training objectives,0.1740,runs/v2_compact_baseline_off_axis/metrics_test.json,mean.KA.dry_mass_mape (dry_mass_mape),run.KA.s42.dry_mass_mape,yes,"ions, the Compact Baseline and Compact +IPP give $0.1857$, $0.1855$, $0.1920$, $0.1740$ and $0.1887$. All of these are single runs, so none of their differences is re"
Results / Measurement-aware training objectives,0.1887,runs/v2_compact_cell_ipp_off_axis/metrics_test.json,mean.KB.dry_mass_mape (dry_mass_mape),run.KB.s42.dry_mass_mape,yes,"pact Baseline and Compact +IPP give $0.1857$, $0.1855$, $0.1920$, $0.1740$ and $0.1887$. All of these are single runs, so none of their differences is resolvable. A s"
Results / Measurement-aware training objectives,42,runs/v2_baseline_gabor/metrics_test.json,mean.G.dry_mass_mae (dry_mass_mae),run.G.s42.dry_mass_mae,yes,"se are single runs, so none of their differences is resolvable. A separate seed-42 training of the configuration identical to +IPP (per-cell) gave $0.1872$, again"
Results / Measurement-aware training objectives,0.1872,runs/v2_ipp_w10_off_axis/metrics_test.json,run.W10.s42.dry_mass_mape (dry_mass_mape),,yes,"parate seed-42 training of the configuration identical to +IPP (per-cell) gave $0.1872$, against $0.1875$ for the seed-42 run of +IPP (per-cell).  \begin{figure}[!htb"
Results / Measurement-aware training objectives,0.1875,runs/v2_cell_ipp_off_axis/metrics_test.json,run.B.s42.dry_mass_mape (dry_mass_mape),,yes,"ining of the configuration identical to +IPP (per-cell) gave $0.1872$, against $0.1875$ for the seed-42 run of +IPP (per-cell).  \begin{figure}[!htbp] \centering   \c"
Results / Measurement-aware training objectives,42,runs/v2_baseline_gabor/metrics_test.json,run.G.s42.seg_boundary_f1 (seg_boundary_f1),,yes,"ation identical to +IPP (per-cell) gave $0.1872$, against $0.1875$ for the seed-42 run of +IPP (per-cell).  \begin{figure}[!htbp] \centering   \caption{Segmentati"
Results / Measurement-aware training objectives,113,runs/v2_baseline_off_axis/metrics_test.json; runs/v2_A_seed1337_off_axis/metrics_test.json; runs/v2_A_seed2024_off_axis/metrics_test.json,mean.A.dry_mass_bootstrap_fields (dry_mass_bootstrap_fields),run.A.s42.dry_mass_bootstrap_fields;run.A.s1337.dry_mass_bootstrap_fields;run.A.s2024.dry_mass_bootstrap_fields,yes,"n Dice (left), phase MAE (centre) and matched-cell dry-mass MAPE (right) on the 113 off-axis test fields as functions of the $\Lippc$ weight. The $w=1.0$ point is "
Results / Measurement-aware training objectives,1.0,runs/*/metrics_test.json,cmp.B_vs_A.dry_mass_mape.thr (dry_mass_mape),sd.B.dry_mass_mape;sd.A.dry_mass_mape,yes,"ht) on the 113 off-axis test fields as functions of the $\Lippc$ weight. The $w=1.0$ point is +IPP (per-cell), mean $ +- $ SD over three seeds; the others are sing"
Results / Measurement-aware training objectives,2,runs/v2_baseline_off_axis/metrics_test.json; runs/v2_A_seed1337_off_axis/metrics_test.json; runs/v2_A_seed2024_off_axis/metrics_test.json,sd.A.dry_mass_field_total_bias (dry_mass_field_total_bias),run.A.s42.dry_mass_field_total_bias;run.A.s1337.dry_mass_field_total_bias;run.A.s2024.dry_mass_field_total_bias,yes, three seeds; the others are single runs. Line and band: baseline mean and $ +- 2 x $ its between-seed SD.}   \end{figure}  
Results / Amplitude prediction,0.1207,runs/v2_amplitude_off_axis/metrics_test.json,amp.D0.amplitude_pred_sd (amplitude_pred_sd),,yes,    The amplitude head produces a non-constant transmittance map (predicted SD $0.1207$ for +Amplitude) that agrees with the reconstruction-derived amplitude referenc
Results / Amplitude prediction,0.0651,runs/v2_amplitude_off_axis/metrics_test.json,amp.D0.amplitude_mae (amplitude_mae),,yes,") that agrees with the reconstruction-derived amplitude reference at an MAE of $0.0651$ and a Pearson   of $0.9047$, against an MAE of $0.1469$ for the unit-amplitude"
Results / Amplitude prediction,0.9047,runs/v2_amplitude_off_axis/metrics_test.json,amp.D0.amplitude_pearson_r (amplitude_pearson_r),,yes,"struction-derived amplitude reference at an MAE of $0.0651$ and a Pearson   of $0.9047$, against an MAE of $0.1469$ for the unit-amplitude assumption $A=1$, a ratio o"
Results / Amplitude prediction,0.1469,runs/v2_amplitude_off_axis/metrics_test.json,amp.D0.amplitude_unity_mae (amplitude_unity_mae),,yes,"reference at an MAE of $0.0651$ and a Pearson   of $0.9047$, against an MAE of $0.1469$ for the unit-amplitude assumption $A=1$, a ratio of $0.443$ (Table~ a). The tw"
Results / Amplitude prediction,1,runs/v2_amplitude_off_axis/metrics_test.json,amp.D0.amplitude_pearson_r (amplitude_pearson_r),,yes,"   of $0.9047$, against an MAE of $0.1469$ for the unit-amplitude assumption $A=1$, a ratio of $0.443$ (Table~ a). The two +Fwd configurations give $0.0665$ and "
Results / Amplitude prediction,0.443,runs/v2_amplitude_off_axis/metrics_test.json,amp.D0.amplitude_mae_over_unity (amplitude_mae_over_unity),,yes,"against an MAE of $0.1469$ for the unit-amplitude assumption $A=1$, a ratio of $0.443$ (Table~ a). The two +Fwd configurations give $0.0665$ and $0.0651$ (ratios $0."
Results / Amplitude prediction,0.0665,runs/v2_forward_amplitude_off_axis/metrics_test.json,amp.D1.amplitude_mae (amplitude_mae),,yes,"umption $A=1$, a ratio of $0.443$ (Table~ a). The two +Fwd configurations give $0.0665$ and $0.0651$ (ratios $0.453$ and $0.444$). These configurations were each trai"
Results / Amplitude prediction,0.0651,runs/v2_amplitude_off_axis/metrics_test.json,amp.D0.amplitude_mae (amplitude_mae),,yes,", a ratio of $0.443$ (Table~ a). The two +Fwd configurations give $0.0665$ and $0.0651$ (ratios $0.453$ and $0.444$). These configurations were each trained once, and"
Results / Amplitude prediction,0.453,runs/v2_forward_amplitude_off_axis/metrics_test.json,amp.D1.amplitude_mae_over_unity (amplitude_mae_over_unity),,yes,"43$ (Table~ a). The two +Fwd configurations give $0.0665$ and $0.0651$ (ratios $0.453$ and $0.444$). These configurations were each trained once, and this is agreeme"
Results / Amplitude prediction,0.444,runs/v2_learned_z_off_axis/metrics_test.json,amp.D2.amplitude_mae_over_unity (amplitude_mae_over_unity),,yes,"a). The two +Fwd configurations give $0.0665$ and $0.0651$ (ratios $0.453$ and $0.444$). These configurations were each trained once, and this is agreement with the "
Results / Amplitude prediction,-0.0026,runs/*/metrics_test.json,cmp.D0_vs_B.dry_mass_mape.diff (dry_mass_mape),mean.D0.dry_mass_mape;mean.B.dry_mass_mape,yes,"$. Adding the amplitude output to +IPP (per-cell) changed the dry-mass MAPE by $-0.0026$, a single-run difference that is not resolvable.     "
Results / Forward-model consistency,0.8914,runs/v2_baseline_off_axis/metrics_test.json; runs/v2_A_seed1337_off_axis/metrics_test.json; runs/v2_A_seed2024_off_axis/metrics_test.json,mean.A.forward_residual_reference (forward_residual_reference),run.A.s42.forward_residual_reference;run.A.s1337.forward_residual_reference;run.A.s2024.forward_residual_reference,yes,"nce phase and the global aberration surface, the off-axis residual of Eq.~  is $0.8914$ on the 113 test fields (Table~ b): the forward model leaves most of the record"
Results / Forward-model consistency,113,logs/v2_20260930_065521_gpu2/amplitude_sensitivity_global.log,probe.global.images (residual over N images),,yes,"he global aberration surface, the off-axis residual of Eq.~  is $0.8914$ on the 113 test fields (Table~ b): the forward model leaves most of the recorded hologram'"
Results / Forward-model consistency,1%,runs/v2_baseline_off_axis/metrics_test.json; runs/v2_A_seed1337_off_axis/metrics_test.json; runs/v2_A_seed2024_off_axis/metrics_test.json,mean.A.phase_bias_rad (phase_bias_rad),run.A.s42.phase_bias_rad;run.A.s1337.phase_bias_rad;run.A.s2024.phase_bias_rad,yes,unexplained even for the reference phase. The network's predictions come within 1\% of that value. The ratio to the reference-phase residual lies between $1.0038$ 
Results / Forward-model consistency,1.0038,method parameter / count,min ratio,,yes,"thin 1\% of that value. The ratio to the reference-phase residual lies between $1.0038$ and $1.0094$ for all 13 trained off-axis configurations (Fig.~ a), $1.0039 +- "
Results / Forward-model consistency,1.0094,method parameter / count,max ratio,,yes,"hat value. The ratio to the reference-phase residual lies between $1.0038$ and $1.0094$ for all 13 trained off-axis configurations (Fig.~ a), $1.0039 +- 0.0002$ for t"
Results / Forward-model consistency,13,runs/v2_cell_ipp_bga_off_axis/metrics_test.json,mean.C.area_loa_lower (area_loa_lower),run.C.s42.area_loa_lower,yes,"atio to the reference-phase residual lies between $1.0038$ and $1.0094$ for all 13 trained off-axis configurations (Fig.~ a), $1.0039 +- 0.0002$ for the baseline,"
Results / Forward-model consistency,1.0039,runs/v2_baseline_off_axis/metrics_test.json; runs/v2_A_seed1337_off_axis/metrics_test.json; runs/v2_A_seed2024_off_axis/metrics_test.json,mean.A.forward_residual_ratio (forward_residual_ratio),run.A.s42.forward_residual_ratio;run.A.s1337.forward_residual_ratio;run.A.s2024.forward_residual_ratio,yes,"en $1.0038$ and $1.0094$ for all 13 trained off-axis configurations (Fig.~ a), $1.0039 +- 0.0002$ for the baseline, which never optimised the term. +Fwd (fixed  ) and"
Results / Forward-model consistency,0.0002,runs/v2_baseline_off_axis/metrics_test.json; runs/v2_A_seed1337_off_axis/metrics_test.json; runs/v2_A_seed2024_off_axis/metrics_test.json,sd.A.forward_residual (forward_residual),run.A.s42.forward_residual;run.A.s1337.forward_residual;run.A.s2024.forward_residual,yes,"$ and $1.0094$ for all 13 trained off-axis configurations (Fig.~ a), $1.0039 +- 0.0002$ for the baseline, which never optimised the term. +Fwd (fixed  ) and +Fwd (fre"
Results / Forward-model consistency,1.0068,runs/v2_learned_z_off_axis/metrics_test.json,mean.D2.forward_residual_ratio (forward_residual_ratio),run.D2.s42.forward_residual_ratio,yes,"hich never optimised the term. +Fwd (fixed  ) and +Fwd (free  ) have ratios of $1.0068$ and $1.0068$, against $1.0061$ for +Amplitude, and in-cell phase MAE of $0.289"
Results / Forward-model consistency,1.0068,runs/v2_learned_z_off_axis/metrics_test.json,mean.D2.forward_residual_ratio (forward_residual_ratio),run.D2.s42.forward_residual_ratio,yes,"timised the term. +Fwd (fixed  ) and +Fwd (free  ) have ratios of $1.0068$ and $1.0068$, against $1.0061$ for +Amplitude, and in-cell phase MAE of $0.2893$ and $0.288"
Results / Forward-model consistency,1.0061,runs/v2_amplitude_off_axis/metrics_test.json,mean.D0.forward_residual_ratio (forward_residual_ratio),run.D0.s42.forward_residual_ratio,yes,"+Fwd (fixed  ) and +Fwd (free  ) have ratios of $1.0068$ and $1.0068$, against $1.0061$ for +Amplitude, and in-cell phase MAE of $0.2893$ and $0.2886$\,rad against $0"
Results / Forward-model consistency,0.2893,runs/v2_forward_amplitude_off_axis/metrics_test.json,mean.D1.phase_mae_rad_in_cell (phase_mae_rad_in_cell),run.D1.s42.phase_mae_rad_in_cell,yes,".0068$ and $1.0068$, against $1.0061$ for +Amplitude, and in-cell phase MAE of $0.2893$ and $0.2886$\,rad against $0.2689$ for the baseline; these are single runs. Fo"
Results / Forward-model consistency,0.2886,runs/v2_learned_z_off_axis/metrics_test.json,mean.D2.phase_mae_rad_in_cell (phase_mae_rad_in_cell),run.D2.s42.phase_mae_rad_in_cell,yes,".0068$, against $1.0061$ for +Amplitude, and in-cell phase MAE of $0.2893$ and $0.2886$\,rad against $0.2689$ for the baseline; these are single runs. For the In-Line"
Results / Forward-model consistency,0.2689,runs/v2_baseline_off_axis/metrics_test.json; runs/v2_A_seed1337_off_axis/metrics_test.json; runs/v2_A_seed2024_off_axis/metrics_test.json,mean.A.phase_mae_rad_in_cell (phase_mae_rad_in_cell),run.A.s42.phase_mae_rad_in_cell;run.A.s1337.phase_mae_rad_in_cell;run.A.s2024.phase_mae_rad_in_cell,yes,"1$ for +Amplitude, and in-cell phase MAE of $0.2893$ and $0.2886$\,rad against $0.2689$ for the baseline; these are single runs. For the In-Line Neural Configuration "
Results / Forward-model consistency,107,runs/conventional_baseline_test.json,classical113.gabor.phase_n_images (gabor.phase_n_images),,yes,"baseline; these are single runs. For the In-Line Neural Configuration (one run, 107 fields) the residual of the prediction is $0.7573$ against $0.7654$ for the ref"
Results / Forward-model consistency,0.7573,runs/v2_baseline_gabor/metrics_test_common.json,common_run.G.s42.forward_residual (forward_residual),,yes,"e Neural Configuration (one run, 107 fields) the residual of the prediction is $0.7573$ against $0.7654$ for the reference phase.  Direct probes of the operator give "
Results / Forward-model consistency,0.7654,runs/v2_baseline_gabor/metrics_test_common.json,common_run.G.s42.forward_residual_reference (forward_residual_reference),,yes,"ation (one run, 107 fields) the residual of the prediction is $0.7573$ against $0.7654$ for the reference phase.  Direct probes of the operator give the same picture "
Results / Forward-model consistency,32,runs/z_calibration.json,disc.off_axis.images (off_axis.discrimination.images),,yes,"ence phase.  Direct probes of the operator give the same picture (Table~ c). On 32 validation fields at the recording distance, the reference phase leaves a resid"
Results / Forward-model consistency,0.915,runs/z_calibration.json,disc.off_axis.floor (off_axis.discrimination.floor),,yes,"ion fields at the recording distance, the reference phase leaves a residual of $0.915$ off-axis and $0.699$ in-line. Scaling the reference phase by $0.9$ raises the "
Results / Forward-model consistency,0.699,runs/z_calibration.json,disc.gabor.floor (gabor.discrimination.floor),,yes,"ording distance, the reference phase leaves a residual of $0.915$ off-axis and $0.699$ in-line. Scaling the reference phase by $0.9$ raises the residual by $0.00035$"
Results / Forward-model consistency,0.9,runs/z_calibration.json,disc.gabor.win.scaled_0.9 (gabor.discrimination.win_rates.scaled_0.9),,yes,sidual of $0.915$ off-axis and $0.699$ in-line. Scaling the reference phase by $0.9$ raises the residual by $0.00035$ off-axis (higher on 18 of the 32 fields) and 
Results / Forward-model consistency,0.00035,runs/*/metrics_test.json,cmp.B1_vs_B.forward_residual_ratio.diff (forward_residual_ratio),mean.B1.forward_residual_ratio;mean.B.forward_residual_ratio,yes,d $0.699$ in-line. Scaling the reference phase by $0.9$ raises the residual by $0.00035$ off-axis (higher on 18 of the 32 fields) and by $0.0043$ in-line (30 of 32); s
Results / Forward-model consistency,18,runs/v2_baseline_gabor/metrics_test.json,mean.G.area_mape_ci_upper (area_mape_ci_upper),run.G.s42.area_mape_ci_upper,yes,e reference phase by $0.9$ raises the residual by $0.00035$ off-axis (higher on 18 of the 32 fields) and by $0.0043$ in-line (30 of 32); scaling it by $0.5$ raise
Results / Forward-model consistency,32,runs/z_calibration.json,disc.gabor.images (gabor.discrimination.images),,yes,e phase by $0.9$ raises the residual by $0.00035$ off-axis (higher on 18 of the 32 fields) and by $0.0043$ in-line (30 of 32); scaling it by $0.5$ raises it by $0
Results / Forward-model consistency,0.0043,runs/z_calibration.json,disc.gabor.margin.scaled_0.9 (gabor.discrimination.margins.scaled_0.9),,yes,ises the residual by $0.00035$ off-axis (higher on 18 of the 32 fields) and by $0.0043$ in-line (30 of 32); scaling it by $0.5$ raises it by $0.0080$ off-axis (20 of 
Results / Forward-model consistency,30,runs/z_calibration.json,disc.gabor.margin.mirrored (gabor.discrimination.margins.mirrored),,yes, by $0.00035$ off-axis (higher on 18 of the 32 fields) and by $0.0043$ in-line (30 of 32); scaling it by $0.5$ raises it by $0.0080$ off-axis (20 of 32) and by $0
Results / Forward-model consistency,32,runs/z_calibration.json,disc.gabor.images (gabor.discrimination.images),,yes,.00035$ off-axis (higher on 18 of the 32 fields) and by $0.0043$ in-line (30 of 32); scaling it by $0.5$ raises it by $0.0080$ off-axis (20 of 32) and by $0.0622$
Results / Forward-model consistency,0.5,runs/*/metrics_test.json,cmp.W30_vs_A.forward_residual.diff (forward_residual),mean.W30.forward_residual;mean.A.forward_residual,yes,gher on 18 of the 32 fields) and by $0.0043$ in-line (30 of 32); scaling it by $0.5$ raises it by $0.0080$ off-axis (20 of 32) and by $0.0622$ in-line (32 of 32). 
Results / Forward-model consistency,0.0080,runs/z_calibration.json,disc.off_axis.margin.scaled_0.5 (off_axis.discrimination.margins.scaled_0.5),,yes,2 fields) and by $0.0043$ in-line (30 of 32); scaling it by $0.5$ raises it by $0.0080$ off-axis (20 of 32) and by $0.0622$ in-line (32 of 32). Only the in-line $0.5 
Results / Forward-model consistency,20,runs/z_calibration.json,disc.gabor.margin.noisy_0.3 (gabor.discrimination.margins.noisy_0.3),,yes,0.0043$ in-line (30 of 32); scaling it by $0.5$ raises it by $0.0080$ off-axis (20 of 32) and by $0.0622$ in-line (32 of 32). Only the in-line $0.5 x $ margin exc
Results / Forward-model consistency,32,runs/z_calibration.json,disc.gabor.images (gabor.discrimination.images),,yes,$ in-line (30 of 32); scaling it by $0.5$ raises it by $0.0080$ off-axis (20 of 32) and by $0.0622$ in-line (32 of 32). Only the in-line $0.5 x $ margin exceeds t
Results / Forward-model consistency,0.0622,runs/z_calibration.json,disc.gabor.margin.scaled_0.5 (gabor.discrimination.margins.scaled_0.5),,yes,0 of 32); scaling it by $0.5$ raises it by $0.0080$ off-axis (20 of 32) and by $0.0622$ in-line (32 of 32). Only the in-line $0.5 x $ margin exceeds the configured to
Results / Forward-model consistency,32,runs/z_calibration.json,disc.gabor.images (gabor.discrimination.images),,yes, it by $0.5$ raises it by $0.0080$ off-axis (20 of 32) and by $0.0622$ in-line (32 of 32). Only the in-line $0.5 x $ margin exceeds the configured tolerance of $0
Results / Forward-model consistency,32,runs/z_calibration.json,disc.gabor.images (gabor.discrimination.images),,yes, $0.5$ raises it by $0.0080$ off-axis (20 of 32) and by $0.0622$ in-line (32 of 32). Only the in-line $0.5 x $ margin exceeds the configured tolerance of $0.01$. 
Results / Forward-model consistency,0.5,method parameter / count,IoU threshold / CE weight / 0.5x probe,,yes,0080$ off-axis (20 of 32) and by $0.0622$ in-line (32 of 32). Only the in-line $0.5 x $ margin exceeds the configured tolerance of $0.01$. On the 113 off-axis test
Results / Forward-model consistency,0.01,runs/z_calibration.json,disc.gabor.tolerance (gabor.discrimination.tolerance),,yes,"2 of 32). Only the in-line $0.5 x $ margin exceeds the configured tolerance of $0.01$. On the 113 off-axis test fields, the $0.9 x $ and $0.5 x $ rescalings change "
Results / Forward-model consistency,113,runs/v2_baseline_off_axis/metrics_test.json; runs/v2_A_seed1337_off_axis/metrics_test.json; runs/v2_A_seed2024_off_axis/metrics_test.json,mean.A.area_bootstrap_fields (area_bootstrap_fields),run.A.s42.area_bootstrap_fields;run.A.s1337.area_bootstrap_fields;run.A.s2024.area_bootstrap_fields,yes," the in-line $0.5 x $ margin exceeds the configured tolerance of $0.01$. On the 113 off-axis test fields, the $0.9 x $ and $0.5 x $ rescalings change the residual "
Results / Forward-model consistency,0.9,runs/z_calibration.json,disc.gabor.win.scaled_0.9 (gabor.discrimination.win_rates.scaled_0.9),,yes,"ceeds the configured tolerance of $0.01$. On the 113 off-axis test fields, the $0.9 x $ and $0.5 x $ rescalings change the residual by $+0.00027$ and $+0.0070$ wit"
Results / Forward-model consistency,0.5,method parameter / count,IoU threshold / CE weight / 0.5x probe,,yes,"figured tolerance of $0.01$. On the 113 off-axis test fields, the $0.9 x $ and $0.5 x $ rescalings change the residual by $+0.00027$ and $+0.0070$ with the global "
Results / Forward-model consistency,+0.00027,logs/v2_20260930_065521_gpu2/amplitude_sensitivity_global.log,probe.global.phase_scaled_0.9.change (phase_scaled_0.9 change vs reference),,yes,"-axis test fields, the $0.9 x $ and $0.5 x $ rescalings change the residual by $+0.00027$ and $+0.0070$ with the global surface; with per-field surfaces, which are fitt"
Results / Forward-model consistency,+0.0070,logs/v2_20260930_065521_gpu2/amplitude_sensitivity_global.log,probe.global.phase_scaled_0.5.change (phase_scaled_0.5 change vs reference),,yes,"ds, the $0.9 x $ and $0.5 x $ rescalings change the residual by $+0.00027$ and $+0.0070$ with the global surface; with per-field surfaces, which are fitted against eac"
Results / Forward-model consistency,112,logs/v2_20260930_065521_gpu2/amplitude_sensitivity_per_field.log,probe.per_field.images (residual over N images),,yes,"t each field's reference phase and are not available at inference and exist for 112 of the 113 fields (Table~ c), the residual is $0.391$ and the changes are $+0.0"
Results / Forward-model consistency,113,logs/v2_20260930_065521_gpu2/amplitude_sensitivity_global.log,probe.global.images (residual over N images),,yes,"d's reference phase and are not available at inference and exist for 112 of the 113 fields (Table~ c), the residual is $0.391$ and the changes are $+0.0011$ and $+"
Results / Forward-model consistency,0.391,logs/v2_20260930_065521_gpu2/amplitude_sensitivity_per_field.log,probe.per_field.phase_reference (phase_reference),,yes,"e at inference and exist for 112 of the 113 fields (Table~ c), the residual is $0.391$ and the changes are $+0.0011$ and $+0.0359$. The per-field best-fitting phase "
Results / Forward-model consistency,+0.0011,logs/v2_20260930_065521_gpu2/amplitude_sensitivity_per_field.log,probe.per_field.phase_scaled_0.9.change (phase_scaled_0.9 change vs reference),,yes," 112 of the 113 fields (Table~ c), the residual is $0.391$ and the changes are $+0.0011$ and $+0.0359$. The per-field best-fitting phase scale has a median of $0.975$ "
Results / Forward-model consistency,+0.0359,logs/v2_20260930_065521_gpu2/amplitude_sensitivity_per_field.log,probe.per_field.phase_scaled_0.5.change (phase_scaled_0.5 change vs reference),,yes,"3 fields (Table~ c), the residual is $0.391$ and the changes are $+0.0011$ and $+0.0359$. The per-field best-fitting phase scale has a median of $0.975$ (IQR $0.575$) "
Results / Forward-model consistency,0.975,runs/z_calibration.json,scale.off_axis.best_scale_median (off_axis.scale_response.best_scale_median),,yes,+0.0011$ and $+0.0359$. The per-field best-fitting phase scale has a median of $0.975$ (IQR $0.575$) off-axis and $1.00$ (IQR $0.05$) in-line. Under the implemented 
Results / Forward-model consistency,0.575,runs/z_calibration.json,scale.off_axis.best_scale_iqr (off_axis.scale_response.best_scale_iqr),,yes,$+0.0359$. The per-field best-fitting phase scale has a median of $0.975$ (IQR $0.575$) off-axis and $1.00$ (IQR $0.05$) in-line. Under the implemented operator the 
Results / Forward-model consistency,1.00,runs/z_calibration.json,scale.off_axis.best_scale_pooled (off_axis.scale_response.best_scale_pooled),,yes,ld best-fitting phase scale has a median of $0.975$ (IQR $0.575$) off-axis and $1.00$ (IQR $0.05$) in-line. Under the implemented operator the residual therefore di
Results / Forward-model consistency,0.05,runs/z_calibration.json,scale.gabor.best_scale_iqr (gabor.scale_response.best_scale_iqr),,yes,ing phase scale has a median of $0.975$ (IQR $0.575$) off-axis and $1.00$ (IQR $0.05$) in-line. Under the implemented operator the residual therefore did not resolv
Results / Forward-model consistency,113,runs/v2_baseline_off_axis/metrics_test.json; runs/v2_A_seed1337_off_axis/metrics_test.json; runs/v2_A_seed2024_off_axis/metrics_test.json,mean.A.forward_residual_n (forward_residual_n),run.A.s42.forward_residual_n;run.A.s1337.forward_residual_n;run.A.s2024.forward_residual_n,yes,d-model consistency. (a) Residual of each trained off-axis configuration on the 113 test fields divided by the residual obtained with the reference phase (three-se
Results / Forward-model consistency,4.81,runs/z_calibration.json,z.gabor.grid_step_um (gabor.grid_step_um),,yes,"the reference phase as a function of   on four validation fields per geometry ($4.81\,\mu$m grid); ticks at the top mark each field's best distance, and the dashed "
Results / Forward-model consistency,33.77,method parameter / count,config/base.yaml loss.forward_model.distance_um,,yes,"e the recording distance.}   \end{figure}  With   trainable and initialised at $33.77\,\mu$m, +Fwd (free  ) reached $34.10\,\mu$m after the first epoch and $33.41\,\"
Results / Forward-model consistency,34.10,runs/RESULTS.md,"learnedz.initial_after_epoch1 (learned propagation distance, initial)",,yes,"ure}  With   trainable and initialised at $33.77\,\mu$m, +Fwd (free  ) reached $34.10\,\mu$m after the first epoch and $33.41\,\mu$m after 60, with a total excursion"
Results / Forward-model consistency,33.41,runs/RESULTS.md,"learnedz.final (learned propagation distance, final)",,yes,"t $33.77\,\mu$m, +Fwd (free  ) reached $34.10\,\mu$m after the first epoch and $33.41\,\mu$m after 60, with a total excursion of $0.884\,\mu$m and a last-ten-epoch s"
Results / Forward-model consistency,60,runs/v2_learned_z_off_axis/metrics_test.json,mean.D2.area_mae (area_mae),run.D2.s42.area_mae,yes,"wd (free  ) reached $34.10\,\mu$m after the first epoch and $33.41\,\mu$m after 60, with a total excursion of $0.884\,\mu$m and a last-ten-epoch spread of $0.018\"
Results / Forward-model consistency,0.884,runs/RESULTS.md,learnedz.excursion (full excursion),,yes,"$m after the first epoch and $33.41\,\mu$m after 60, with a total excursion of $0.884\,\mu$m and a last-ten-epoch spread of $0.018\,\mu$m; the selected checkpoint (e"
Results / Forward-model consistency,0.018,runs/diagnostics/decomposition_by_config.csv,decomp.B.field.all.phase_med_abs_log_sd (decomp.B.field.all.phase_med_abs_log_sd),,yes,"ter 60, with a total excursion of $0.884\,\mu$m and a last-ten-epoch spread of $0.018\,\mu$m; the selected checkpoint (epoch 44) has $z=33.41\,\mu$m (Fig.~ b). A sep"
Results / Forward-model consistency,44,runs/benchmark_results/results_arm_D2.json,learnedz.checkpoint_epoch (runs[0].checkpoint_epoch),,yes,"$m and a last-ten-epoch spread of $0.018\,\mu$m; the selected checkpoint (epoch 44) has $z=33.41\,\mu$m (Fig.~ b). A separate scan of the reference-phase residual"
Results / Forward-model consistency,33.41,runs/RESULTS.md,"learnedz.final (learned propagation distance, final)",,yes,"st-ten-epoch spread of $0.018\,\mu$m; the selected checkpoint (epoch 44) has $z=33.41\,\mu$m (Fig.~ b). A separate scan of the reference-phase residual over   on fou"
Results / Forward-model consistency,1.000,derived,z_calibration.json gabor.curve.forward_residual at z = 0,runs/z_calibration.json,yes,"ields (Fig.~ c) separates the two geometries. In-line, the residual falls from $1.000$ at $z=0$ to a minimum of $0.458$ at the grid point $33.68\,\mu$m, the one near"
Results / Forward-model consistency,0,runs/z_calibration.json,disc.gabor.tolerance (gabor.discrimination.tolerance),,yes,"c) separates the two geometries. In-line, the residual falls from $1.000$ at $z=0$ to a minimum of $0.458$ at the grid point $33.68\,\mu$m, the one nearest the r"
Results / Forward-model consistency,0.458,runs/z_calibration.json,z.gabor.reference_floor (gabor.reference_floor),,yes," geometries. In-line, the residual falls from $1.000$ at $z=0$ to a minimum of $0.458$ at the grid point $33.68\,\mu$m, the one nearest the recording distance, on al"
Results / Forward-model consistency,33.68,runs/z_calibration.json,z.gabor.z_forward_um (gabor.z_forward_um),,yes,"residual falls from $1.000$ at $z=0$ to a minimum of $0.458$ at the grid point $33.68\,\mu$m, the one nearest the recording distance, on all four fields (IQR $0.0\,\"
Results / Forward-model consistency,0.0,runs/z_calibration.json,z.gabor.per_image_iqr_um (gabor.per_image_iqr_um),,yes,"$33.68\,\mu$m, the one nearest the recording distance, on all four fields (IQR $0.0\,\mu$m). Off-axis, the pooled residual also has its lowest value at $33.68\,\mu"
Results / Forward-model consistency,33.68,runs/z_calibration.json,z.gabor.z_forward_um (gabor.z_forward_um),,yes," (IQR $0.0\,\mu$m). Off-axis, the pooled residual also has its lowest value at $33.68\,\mu$m, but the per-field best distances are $33.68\,\mu$m on two fields and th"
Results / Forward-model consistency,33.68,runs/z_calibration.json,z.gabor.z_forward_um (gabor.z_forward_um),,yes,"so has its lowest value at $33.68\,\mu$m, but the per-field best distances are $33.68\,\mu$m on two fields and the two ends of the scanned range ($ +- 96.2\,\mu$m) o"
Results / Forward-model consistency,96.2,derived,max |per-field best z| (scan limit),z.off_axis.per_image_best_z_um,yes,"ces are $33.68\,\mu$m on two fields and the two ends of the scanned range ($ +- 96.2\,\mu$m) on the other two (IQR $48.1\,\mu$m). Under the implemented operator the"
Results / Forward-model consistency,48.1,runs/z_calibration.json,z.off_axis.per_image_iqr_um (off_axis.per_image_iqr_um),,yes,"and the two ends of the scanned range ($ +- 96.2\,\mu$m) on the other two (IQR $48.1\,\mu$m). Under the implemented operator the in-line residual identifies the rec"
Results / Sensitivity of quantitative measurements to segmentation boundaries,0.285,runs/error_propagation_summary.csv,ep.-1.shift_um (shift -1: shift_um),,yes,"able~ a, Fig.~ a,b). Displacing every reference boundary outward by one pixel ($0.285\,\mu$m) changes projected area by $+6.9\%$ and dry mass by $+4.8\%$ while Dice "
Results / Sensitivity of quantitative measurements to segmentation boundaries,+6.9%,runs/error_propagation_summary.csv,ep.1.area_signed (shift 1: area_signed),,yes,"erence boundary outward by one pixel ($0.285\,\mu$m) changes projected area by $+6.9\%$ and dry mass by $+4.8\%$ while Dice is $0.974$; an inward pixel gives $-6.5\%$"
Results / Sensitivity of quantitative measurements to segmentation boundaries,+4.8%,runs/error_propagation_summary.csv,ep.1.mass_signed (shift 1: mass_signed),,yes,"y one pixel ($0.285\,\mu$m) changes projected area by $+6.9\%$ and dry mass by $+4.8\%$ while Dice is $0.974$; an inward pixel gives $-6.5\%$ and $-4.7\%$. At five pi"
Results / Sensitivity of quantitative measurements to segmentation boundaries,0.974,runs/error_propagation_summary.csv,ep.1.dice (shift 1: dice),,yes,u$m) changes projected area by $+6.9\%$ and dry mass by $+4.8\%$ while Dice is $0.974$; an inward pixel gives $-6.5\%$ and $-4.7\%$. At five pixels outward the chang
Results / Sensitivity of quantitative measurements to segmentation boundaries,-6.5%,runs/error_propagation_summary.csv,ep.-1.area_signed (shift -1: area_signed),,yes,$+6.9\%$ and dry mass by $+4.8\%$ while Dice is $0.974$; an inward pixel gives $-6.5\%$ and $-4.7\%$. At five pixels outward the changes are $+32.6\%$ and $+14.2\%$ a
Results / Sensitivity of quantitative measurements to segmentation boundaries,-4.7%,runs/error_propagation_summary.csv,ep.-1.mass_signed (shift -1: mass_signed),,yes,dry mass by $+4.8\%$ while Dice is $0.974$; an inward pixel gives $-6.5\%$ and $-4.7\%$. At five pixels outward the changes are $+32.6\%$ and $+14.2\%$ at Dice $0.881
Results / Sensitivity of quantitative measurements to segmentation boundaries,+32.6%,runs/error_propagation_summary.csv,ep.5.area_signed (shift 5: area_signed),,yes,ward pixel gives $-6.5\%$ and $-4.7\%$. At five pixels outward the changes are $+32.6\%$ and $+14.2\%$ at Dice $0.881$. The ratio of mass error to area error has a med
Results / Sensitivity of quantitative measurements to segmentation boundaries,+14.2%,runs/error_propagation_summary.csv,ep.5.mass_signed (shift 5: mass_signed),,yes,es $-6.5\%$ and $-4.7\%$. At five pixels outward the changes are $+32.6\%$ and $+14.2\%$ at Dice $0.881$. The ratio of mass error to area error has a median of $0.710$
Results / Sensitivity of quantitative measurements to segmentation boundaries,0.881,runs/error_propagation_summary.csv,ep.5.dice (shift 5: dice),,yes,4.7\%$. At five pixels outward the changes are $+32.6\%$ and $+14.2\%$ at Dice $0.881$. The ratio of mass error to area error has a median of $0.710$ and falls with 
Results / Sensitivity of quantitative measurements to segmentation boundaries,0.710,runs/error_propagation_summary.csv,ep.median_ratio (mass_over_area),,yes,"14.2\%$ at Dice $0.881$. The ratio of mass error to area error has a median of $0.710$ and falls with outward displacement ($0.703$ at $+1$\,px, $0.450$ at $+5$\,px)"
Results / Sensitivity of quantitative measurements to segmentation boundaries,0.703,runs/error_propagation_summary.csv,ep.1.mass_over_area (shift 1: mass_over_area),,yes,"ror to area error has a median of $0.710$ and falls with outward displacement ($0.703$ at $+1$\,px, $0.450$ at $+5$\,px).     In the synthetic test (three sets of 12"
Results / Sensitivity of quantitative measurements to segmentation boundaries,+1,runs/error_propagation_summary.csv,ep.-5.mass_over_area (shift -5: mass_over_area),,yes," error has a median of $0.710$ and falls with outward displacement ($0.703$ at $+1$\,px, $0.450$ at $+5$\,px).     In the synthetic test (three sets of 12 fields "
Results / Sensitivity of quantitative measurements to segmentation boundaries,0.450,runs/error_propagation_summary.csv,ep.5.mass_over_area (shift 5: mass_over_area),,yes," a median of $0.710$ and falls with outward displacement ($0.703$ at $+1$\,px, $0.450$ at $+5$\,px).     In the synthetic test (three sets of 12 fields with 12 separ"
Results / Sensitivity of quantitative measurements to segmentation boundaries,+5,runs/error_propagation_summary.csv,ep.-5.shift_px (shift -5: shift_px),,yes,"f $0.710$ and falls with outward displacement ($0.703$ at $+1$\,px, $0.450$ at $+5$\,px).     In the synthetic test (three sets of 12 fields with 12 separated sph"
Results / Sensitivity of quantitative measurements to segmentation boundaries,12,runs/error_propagation_summary.csv,ep.-2.area_signed (shift -2: area_signed),,yes,"03$ at $+1$\,px, $0.450$ at $+5$\,px).     In the synthetic test (three sets of 12 fields with 12 separated spherical-cap cells each, radii 2.5--8\,$\mu$m), the m"
Results / Sensitivity of quantitative measurements to segmentation boundaries,12,runs/error_propagation_summary.csv,ep.-2.area_signed (shift -2: area_signed),,yes,", $0.450$ at $+5$\,px).     In the synthetic test (three sets of 12 fields with 12 separated spherical-cap cells each, radii 2.5--8\,$\mu$m), the mean absolute pe"
Results / Sensitivity of quantitative measurements to segmentation boundaries,2.5,method parameter / count,synthetic radius,,yes,"test (three sets of 12 fields with 12 separated spherical-cap cells each, radii 2.5--8\,$\mu$m), the mean absolute per-cell error of the measurement chain is $0.03"
Results / Sensitivity of quantitative measurements to segmentation boundaries,-8,runs/v2_cell_ipp_off_axis/metrics_test.json; runs/v2_B_seed1337_off_axis/metrics_test.json; runs/v2_B_seed2024_off_axis/metrics_test.json,mean.B.circularity_loa_lower (circularity_loa_lower),run.B.s42.circularity_loa_lower;run.B.s1337.circularity_loa_lower;run.B.s2024.circularity_loa_lower,yes," (three sets of 12 fields with 12 separated spherical-cap cells each, radii 2.5--8\,$\mu$m), the mean absolute per-cell error of the measurement chain is $0.036 +"
Results / Sensitivity of quantitative measurements to segmentation boundaries,0.036,runs/benchmark_results/results_synthetic_validation.json,syn.mean.mass_abs_relative_error_mean (runs[*].metrics.mass_abs_relative_error_mean),,yes," 2.5--8\,$\mu$m), the mean absolute per-cell error of the measurement chain is $0.036 +- 0.004\%$ for dry mass and $0.224 +- 0.018\%$ for area. The field-total dry m"
Results / Sensitivity of quantitative measurements to segmentation boundaries,0.004%,runs/benchmark_results/results_synthetic_validation.json,syn.sd.mass_abs_relative_error_mean (runs[*].metrics.mass_abs_relative_error_mean),,yes,"$\mu$m), the mean absolute per-cell error of the measurement chain is $0.036 +- 0.004\%$ for dry mass and $0.224 +- 0.018\%$ for area. The field-total dry mass is bias"
Results / Sensitivity of quantitative measurements to segmentation boundaries,0.224,runs/benchmark_results/results_synthetic_validation.json,syn.mean.area_abs_relative_error_mean (runs[*].metrics.area_abs_relative_error_mean),,yes,per-cell error of the measurement chain is $0.036 +- 0.004\%$ for dry mass and $0.224 +- 0.018\%$ for area. The field-total dry mass is biased by $-2.59 +- 0.89\%$: 
Results / Sensitivity of quantitative measurements to segmentation boundaries,0.018%,runs/benchmark_results/results_synthetic_validation.json,syn.sd.area_abs_relative_error_mean (runs[*].metrics.area_abs_relative_error_mean),,yes,error of the measurement chain is $0.036 +- 0.004\%$ for dry mass and $0.224 +- 0.018\%$ for area. The field-total dry mass is biased by $-2.59 +- 0.89\%$: cells with 
Results / Sensitivity of quantitative measurements to segmentation boundaries,-2.59,runs/benchmark_results/results_synthetic_validation.json,syn.mean.field_total_mass_error_mean (runs[*].metrics.field_total_mass_error_mean),,yes,"ry mass and $0.224 +- 0.018\%$ for area. The field-total dry mass is biased by $-2.59 +- 0.89\%$: cells with radius below $3.09\,\mu$m fall under the 30\,$\mu ^2$ ar"
Results / Sensitivity of quantitative measurements to segmentation boundaries,0.89%,runs/benchmark_results/results_synthetic_validation.json,syn.sd.field_total_mass_error_mean (runs[*].metrics.field_total_mass_error_mean),,yes,"nd $0.224 +- 0.018\%$ for area. The field-total dry mass is biased by $-2.59 +- 0.89\%$: cells with radius below $3.09\,\mu$m fall under the 30\,$\mu ^2$ area filter,"
Results / Sensitivity of quantitative measurements to segmentation boundaries,3.09,runs/v2_B_seed1337_off_axis/metrics_test.json,run.B.s1337.dry_mass_median_relative_bias (dry_mass_median_relative_bias),,yes,"e field-total dry mass is biased by $-2.59 +- 0.89\%$: cells with radius below $3.09\,\mu$m fall under the 30\,$\mu ^2$ area filter, and 10--17 of the 144 cells per"
Results / Sensitivity of quantitative measurements to segmentation boundaries,30,runs/v2_cell_ipp_bga_off_axis/metrics_test.json,mean.C.area_loa_upper (area_loa_upper),run.C.s42.area_loa_upper,yes,"iased by $-2.59 +- 0.89\%$: cells with radius below $3.09\,\mu$m fall under the 30\,$\mu ^2$ area filter, and 10--17 of the 144 cells per set were not measured. T"
Results / Sensitivity of quantitative measurements to segmentation boundaries,2,runs/*/metrics_test.json,cmp.B1_vs_B.dry_mass_field_total_bias.diff (dry_mass_field_total_bias),mean.B1.dry_mass_field_total_bias;mean.B.dry_mass_field_total_bias,yes,"-2.59 +- 0.89\%$: cells with radius below $3.09\,\mu$m fall under the 30\,$\mu ^2$ area filter, and 10--17 of the 144 cells per set were not measured. These valu"
Results / Sensitivity of quantitative measurements to segmentation boundaries,10,runs/v2_amplitude_off_axis/metrics_test.json,mean.D0.area_field_total_bias (area_field_total_bias),run.D0.s42.area_field_total_bias,yes,"lls with radius below $3.09\,\mu$m fall under the 30\,$\mu ^2$ area filter, and 10--17 of the 144 cells per set were not measured. These values describe the numer"
Results / Sensitivity of quantitative measurements to segmentation boundaries,-17,runs/v2_image_volume_off_axis/metrics_test.json; runs/v2_B1_seed1337_off_axis/metrics_test.json; runs/v2_B1_seed2024_off_axis/metrics_test.json,mean.B1.dry_mass_field_total_bias (dry_mass_field_total_bias),run.B1.s42.dry_mass_field_total_bias;run.B1.s1337.dry_mass_field_total_bias;run.B1.s2024.dry_mass_field_total_bias,yes," with radius below $3.09\,\mu$m fall under the 30\,$\mu ^2$ area filter, and 10--17 of the 144 cells per set were not measured. These values describe the numerical"
Results / Sensitivity of quantitative measurements to segmentation boundaries,144,runs/v2_B1_seed1337_off_axis/metrics_test.json,run.B1.s1337.false_positive_median_area_um2 (false_positive_median_area_um2),,yes,"s below $3.09\,\mu$m fall under the 30\,$\mu ^2$ area filter, and 10--17 of the 144 cells per set were not measured. These values describe the numerical error of t"
Results / Sensitivity of quantitative measurements to segmentation boundaries,113,runs/v2_baseline_off_axis/metrics_test.json; runs/v2_A_seed1337_off_axis/metrics_test.json; runs/v2_A_seed2024_off_axis/metrics_test.json,mean.A.area_bootstrap_fields (area_bootstrap_fields),run.A.s42.area_bootstrap_fields;run.A.s1337.area_bootstrap_fields;run.A.s2024.area_bootstrap_fields,yes,gin{figure}[!htbp] \centering   \caption{Model-free sensitivity analysis on the 113 off-axis test fields and synthetic fields: (a) area and dry-mass error under un
Results / Computational benchmarking,900,logs/run_everything_20260930_042722.txt,"crop.val_candidates (candidate offsets searched (excluding [0,0]))",,yes,"    At $900 x 900$ and batch 1 on an NVIDIA RTX~A5000, the baseline runs at $12.31 +- 0.12$"
Results / Computational benchmarking,900,logs/run_everything_20260930_042722.txt,"crop.val_candidates (candidate offsets searched (excluding [0,0]))",,yes,"    At $900 x 900$ and batch 1 on an NVIDIA RTX~A5000, the baseline runs at $12.31 +- 0.12$\,ms i"
Results / Computational benchmarking,1,runs/v2_baseline_off_axis/metrics_test.json; runs/v2_A_seed1337_off_axis/metrics_test.json; runs/v2_A_seed2024_off_axis/metrics_test.json,mean.A.area_cell_pearson_r (area_cell_pearson_r),run.A.s42.area_cell_pearson_r;run.A.s1337.area_cell_pearson_r;run.A.s2024.area_cell_pearson_r,yes,"    At $900 x 900$ and batch 1 on an NVIDIA RTX~A5000, the baseline runs at $12.31 +- 0.12$\,ms in PyTorch FP3"
Results / Computational benchmarking,12.31,runs/benchmark_results/results_hardware_arm_A.json,hw.A.mean.pytorch_fp32.latency_mean_ms (pytorch_fp32.latency_mean_ms),session seed 42;session seed 1337;session seed 2024,yes,"    At $900 x 900$ and batch 1 on an NVIDIA RTX~A5000, the baseline runs at $12.31 +- 0.12$\,ms in PyTorch FP32 and $8.42 +- 0.07$\,ms in ONNX Runtime FP16, and t"
Results / Computational benchmarking,0.12,runs/v2_image_volume_off_axis/metrics_test.json; runs/v2_B1_seed1337_off_axis/metrics_test.json; runs/v2_B1_seed2024_off_axis/metrics_test.json,sd.B1.area_mape_ci_lower (area_mape_ci_lower),run.B1.s42.area_mape_ci_lower;run.B1.s1337.area_mape_ci_lower;run.B1.s2024.area_mape_ci_lower,yes," $900 x 900$ and batch 1 on an NVIDIA RTX~A5000, the baseline runs at $12.31 +- 0.12$\,ms in PyTorch FP32 and $8.42 +- 0.07$\,ms in ONNX Runtime FP16, and the Compa"
Results / Computational benchmarking,8.42,runs/benchmark_results/results_hardware_arm_A.json,hw.A.mean.onnx_fp16.latency_mean_ms (onnx_fp16.latency_mean_ms),session seed 42;session seed 1337;session seed 2024,yes,"NVIDIA RTX~A5000, the baseline runs at $12.31 +- 0.12$\,ms in PyTorch FP32 and $8.42 +- 0.07$\,ms in ONNX Runtime FP16, and the Compact Baseline, which has 65\% few"
Results / Computational benchmarking,0.07,runs/v2_baseline_off_axis/metrics_test.json; runs/v2_A_seed1337_off_axis/metrics_test.json; runs/v2_A_seed2024_off_axis/metrics_test.json,sd.A.dry_mass_cell_pearson_r (dry_mass_cell_pearson_r),run.A.s42.dry_mass_cell_pearson_r;run.A.s1337.dry_mass_cell_pearson_r;run.A.s2024.dry_mass_cell_pearson_r,yes,"TX~A5000, the baseline runs at $12.31 +- 0.12$\,ms in PyTorch FP32 and $8.42 +- 0.07$\,ms in ONNX Runtime FP16, and the Compact Baseline, which has 65\% fewer param"
Results / Computational benchmarking,65%,runs/conventional_baseline_test.json,classical113.gabor.area_mape_ci_upper (gabor.area_mape_ci_upper),,yes,"nd $8.42 +- 0.07$\,ms in ONNX Runtime FP16, and the Compact Baseline, which has 65\% fewer parameters, at $7.97$\,ms in ONNX FP16 (Table~ , Fig.~ ). Over all benchm"
Results / Computational benchmarking,7.97,runs/benchmark_results/results_hardware_arm_KA.json,hw.KA.mean.onnx_fp16.latency_mean_ms (onnx_fp16.latency_mean_ms),session seed 42,yes,"NX Runtime FP16, and the Compact Baseline, which has 65\% fewer parameters, at $7.97$\,ms in ONNX FP16 (Table~ , Fig.~ ). Over all benchmark sessions the $p_{99}/p_"
Results / Computational benchmarking,1.01,derived,min over all benchmark sessions of p99/p50,hw.*.min.*.latency_p99_over_p50,yes,"~ ). Over all benchmark sessions the $p_{99}/p_{50}$ latency ratio lies between 1.01 and 1.20. +IPP (per-cell), which shares the standard architecture, agrees with "
Results / Computational benchmarking,1.20,derived,max over all benchmark sessions of p99/p50,hw.*.max.*.latency_p99_over_p50,yes," all benchmark sessions the $p_{99}/p_{50}$ latency ratio lies between 1.01 and 1.20. +IPP (per-cell), which shares the standard architecture, agrees with the basel"
Results / Computational benchmarking,0.12,derived,max |B - A| mean latency outside PyTorch FP16 (<= 0.12 ms),hw.B.mean.*;hw.A.mean.*,yes,"ll), which shares the standard architecture, agrees with the baseline to within 0.12\,ms except in PyTorch FP16, where its three sessions spread from 9.31 to 10.83\"
Results / Computational benchmarking,9.31,runs/benchmark_results/results_hardware_arm_B.json,hw.B.min.pytorch_fp16.latency_mean_ms (pytorch_fp16.latency_mean_ms),,yes,"to within 0.12\,ms except in PyTorch FP16, where its three sessions spread from 9.31 to 10.83\,ms. The Compact Baseline changes the dry-mass MAPE by $-0.0002$ relat"
Results / Computational benchmarking,10.83,runs/benchmark_results/results_hardware_arm_B.json,hw.B.max.pytorch_fp16.latency_mean_ms (pytorch_fp16.latency_mean_ms),,yes,"n 0.12\,ms except in PyTorch FP16, where its three sessions spread from 9.31 to 10.83\,ms. The Compact Baseline changes the dry-mass MAPE by $-0.0002$ relative to th"
Results / Computational benchmarking,-0.0002,runs/*/metrics_test.json,cmp.KA_vs_A.dry_mass_mape.diff (dry_mass_mape),mean.KA.dry_mass_mape;mean.A.dry_mass_mape,yes,"read from 9.31 to 10.83\,ms. The Compact Baseline changes the dry-mass MAPE by $-0.0002$ relative to the baseline, inside the baseline's $2 x $SD of $0.0089$; it was t"
Results / Computational benchmarking,2,runs/*/metrics_test.json,cmp.W01_vs_A.dry_mass_field_total_mape.diff (dry_mass_field_total_mape),mean.W01.dry_mass_field_total_mape;mean.A.dry_mass_field_total_mape,yes,"the dry-mass MAPE by $-0.0002$ relative to the baseline, inside the baseline's $2 x $SD of $0.0089$; it was trained once, so the comparison is not resolvable. Th"
Results / Computational benchmarking,0.0089,runs/diagnostics/decomposition_by_config.csv,decomp.B.cell.interior.total_med_abs_log_sd (decomp.B.cell.interior.total_med_abs_log_sd),,yes," MAPE by $-0.0002$ relative to the baseline, inside the baseline's $2 x $SD of $0.0089$; it was trained once, so the comparison is not resolvable. These are measureme"
Results / Computational benchmarking,2,runs/v2_baseline_off_axis/metrics_test.json; runs/v2_A_seed1337_off_axis/metrics_test.json; runs/v2_A_seed2024_off_axis/metrics_test.json,sd.A.dry_mass_field_total_bias (dry_mass_field_total_bias),run.A.s42.dry_mass_field_total_bias;run.A.s1337.dry_mass_field_total_bias;run.A.s2024.dry_mass_field_total_bias,yes,"t Baseline relative to the End-to-End Neural Baseline, with the baseline's $ +- 2 x $ between-seed SD band (113 off-axis test fields).}   \end{figure}   "
Results / Computational benchmarking,113,runs/v2_compact_baseline_off_axis/metrics_test.json,mean.KA.dry_mass_bootstrap_fields (dry_mass_bootstrap_fields),run.KA.s42.dry_mass_bootstrap_fields,yes,"nd-to-End Neural Baseline, with the baseline's $ +- 2 x $ between-seed SD band (113 off-axis test fields).}   \end{figure}   "
Discussion / Measurement-oriented evaluation of the end-to-end pipeline,0.174,runs/v2_baseline_off_axis/metrics_test.json; runs/v2_A_seed1337_off_axis/metrics_test.json; runs/v2_A_seed2024_off_axis/metrics_test.json,mean.A.dry_mass_mape (dry_mass_mape),run.A.s42.dry_mass_mape;run.A.s1337.dry_mass_mape;run.A.s2024.dry_mass_mape,yes,"estimates that agree with the reference measurements at a matched-cell MAPE of $0.174$ and a per-cell correlation of $0.936$, closer than the tested classical config"
Discussion / Measurement-oriented evaluation of the end-to-end pipeline,0.936,runs/v2_baseline_off_axis/metrics_test.json; runs/v2_A_seed1337_off_axis/metrics_test.json; runs/v2_A_seed2024_off_axis/metrics_test.json,mean.A.dry_mass_cell_pearson_r (dry_mass_cell_pearson_r),run.A.s42.dry_mass_cell_pearson_r;run.A.s1337.dry_mass_cell_pearson_r;run.A.s2024.dry_mass_cell_pearson_r,yes,"e measurements at a matched-cell MAPE of $0.174$ and a per-cell correlation of $0.936$, closer than the tested classical configuration ($0.220$ and $0.894$). On the "
Discussion / Measurement-oriented evaluation of the end-to-end pipeline,0.220,runs/conventional_baseline_test.json,classical113.off_axis.optical_volume_mape (off_axis.optical_volume_mape),,yes,"r-cell correlation of $0.936$, closer than the tested classical configuration ($0.220$ and $0.894$). On the 107 correctly paired fields, the in-line configuration re"
Discussion / Measurement-oriented evaluation of the end-to-end pipeline,0.894,runs/conventional_baseline_test.json,classical113.off_axis.optical_volume_cell_pearson_r (off_axis.optical_volume_cell_pearson_r),,yes,"lation of $0.936$, closer than the tested classical configuration ($0.220$ and $0.894$). On the 107 correctly paired fields, the in-line configuration recovers phase"
Discussion / Measurement-oriented evaluation of the end-to-end pipeline,107,runs/conventional_baseline_test.json,classical113.off_axis.false_positive_median_area_um2 (off_axis.false_positive_median_area_um2),,yes,"$, closer than the tested classical configuration ($0.220$ and $0.894$). On the 107 correctly paired fields, the in-line configuration recovers phase and cell mask"
Discussion / Measurement-oriented evaluation of the end-to-end pipeline,0.213,runs/v2_baseline_gabor/metrics_test.json,mean.G.dry_mass_mape (dry_mass_mape),run.G.s42.dry_mass_mape,yes,"iguration recovered no specimen contrast, and its matched-cell dry-mass error ($0.213$) lies between those of the off-axis network and the off-axis classical pipelin"
Discussion / Measurement-oriented evaluation of the end-to-end pipeline,0.510,runs/v2_baseline_off_axis/metrics_test.json; runs/v2_A_seed1337_off_axis/metrics_test.json; runs/v2_A_seed2024_off_axis/metrics_test.json,mean.A.dry_mass_mape_coverage_adjusted (dry_mass_mape_coverage_adjusted),run.A.s42.dry_mass_mape_coverage_adjusted;run.A.s1337.dry_mass_mape_coverage_adjusted;run.A.s2024.dry_mass_mape_coverage_adjusted,yes,"ted together with recall, because on this dataset the coverage-adjusted error ($0.510$) is almost three times the matched-cell error ($0.174$). Segmentation overlap "
Discussion / Measurement-oriented evaluation of the end-to-end pipeline,0.174,runs/v2_baseline_off_axis/metrics_test.json; runs/v2_A_seed1337_off_axis/metrics_test.json; runs/v2_A_seed2024_off_axis/metrics_test.json,mean.A.dry_mass_mape (dry_mass_mape),run.A.s42.dry_mass_mape;run.A.s1337.dry_mass_mape;run.A.s2024.dry_mass_mape,yes,"overage-adjusted error ($0.510$) is almost three times the matched-cell error ($0.174$). Segmentation overlap should not stand in for measurement accuracy, because a"
Discussion / Measurement-oriented evaluation of the end-to-end pipeline,0.974,runs/error_propagation_summary.csv,ep.1.dice (shift 1: dice),,yes,"tation overlap should not stand in for measurement accuracy, because a Dice of $0.974$ is compatible with a 5\% mass error per cell. And the handling of cells at the"
Discussion / Measurement-oriented evaluation of the end-to-end pipeline,5%,runs/v2_baseline_off_axis/metrics_test.json; runs/v2_A_seed1337_off_axis/metrics_test.json; runs/v2_A_seed2024_off_axis/metrics_test.json,mean.A.circularity_loa_lower (circularity_loa_lower),run.A.s42.circularity_loa_lower;run.A.s1337.circularity_loa_lower;run.A.s2024.circularity_loa_lower,yes,"and in for measurement accuracy, because a Dice of $0.974$ is compatible with a 5\% mass error per cell. And the handling of cells at the field boundary should be "
Discussion / Why overlap metrics and measurements diverge,0.825,runs/conventional_baseline_test.json,classical113.off_axis.seg_dice (off_axis.seg_dice),,yes,"    Against the tested classical pipeline, Dice ($0.825$ and $0.834$) and projected area MAPE ($0.158$ and $0.157$) are close, while th"
Discussion / Why overlap metrics and measurements diverge,0.834,runs/v2_baseline_off_axis/metrics_test.json; runs/v2_A_seed1337_off_axis/metrics_test.json; runs/v2_A_seed2024_off_axis/metrics_test.json,mean.A.seg_dice (seg_dice),run.A.s42.seg_dice;run.A.s1337.seg_dice;run.A.s2024.seg_dice,yes,"    Against the tested classical pipeline, Dice ($0.825$ and $0.834$) and projected area MAPE ($0.158$ and $0.157$) are close, while the matched-ce"
Discussion / Why overlap metrics and measurements diverge,0.158,runs/conventional_baseline_test.json,classical113.off_axis.area_mape (off_axis.area_mape),,yes,"tested classical pipeline, Dice ($0.825$ and $0.834$) and projected area MAPE ($0.158$ and $0.157$) are close, while the matched-cell dry-mass MAPE differs ($0.220$ "
Discussion / Why overlap metrics and measurements diverge,0.157,runs/v2_baseline_off_axis/metrics_test.json; runs/v2_A_seed1337_off_axis/metrics_test.json; runs/v2_A_seed2024_off_axis/metrics_test.json,mean.A.area_mape (area_mape),run.A.s42.area_mape;run.A.s1337.area_mape;run.A.s2024.area_mape,yes,"ical pipeline, Dice ($0.825$ and $0.834$) and projected area MAPE ($0.158$ and $0.157$) are close, while the matched-cell dry-mass MAPE differs ($0.220$ and $0.174$)"
Discussion / Why overlap metrics and measurements diverge,0.220,runs/conventional_baseline_test.json,classical113.off_axis.dry_mass_mape (off_axis.dry_mass_mape),,yes,"($0.158$ and $0.157$) are close, while the matched-cell dry-mass MAPE differs ($0.220$ and $0.174$). The decomposition shows how the two errors are structured. For m"
Discussion / Why overlap metrics and measurements diverge,0.174,runs/v2_baseline_off_axis/metrics_test.json; runs/v2_A_seed1337_off_axis/metrics_test.json; runs/v2_A_seed2024_off_axis/metrics_test.json,mean.A.dry_mass_mape (dry_mass_mape),run.A.s42.dry_mass_mape;run.A.s1337.dry_mass_mape;run.A.s2024.dry_mass_mape,yes," $0.157$) are close, while the matched-cell dry-mass MAPE differs ($0.220$ and $0.174$). The decomposition shows how the two errors are structured. For matched cells"
Discussion / Why overlap metrics and measurements diverge,1.002,runs/diagnostics/decomposition_by_config.csv,decomp.A.cell.all.domain_gm_mean (decomp.A.cell.all.domain_gm_mean),,yes,"most the same reference phase integral as the reference domains (domain factor $1.002$), and its error sits in the phase factor ($0.929$); the classical pipeline ins"
Discussion / Why overlap metrics and measurements diverge,0.929,runs/diagnostics/decomposition_by_config.csv,decomp.A.cell.all.phase_gm_mean (decomp.A.cell.all.phase_gm_mean),,yes,"rence domains (domain factor $1.002$), and its error sits in the phase factor ($0.929$); the classical pipeline instead shows opposing domain and phase deviations ($"
Discussion / Why overlap metrics and measurements diverge,0.966,runs/diagnostics/decomposition_by_config.csv,decomp.classical.cell.all.domain_gm_mean (decomp.classical.cell.all.domain_gm_mean),,yes,$); the classical pipeline instead shows opposing domain and phase deviations ($0.966$ and $1.014$). The lower in-cell phase MAE of the network ($0.269$ against $0.3
Discussion / Why overlap metrics and measurements diverge,1.014,runs/diagnostics/decomposition_by_config.csv,decomp.classical.cell.all.phase_gm_mean (decomp.classical.cell.all.phase_gm_mean),,yes,"sical pipeline instead shows opposing domain and phase deviations ($0.966$ and $1.014$). The lower in-cell phase MAE of the network ($0.269$ against $0.311$\,rad) is"
Discussion / Why overlap metrics and measurements diverge,0.269,runs/v2_baseline_off_axis/metrics_test.json; runs/v2_A_seed1337_off_axis/metrics_test.json; runs/v2_A_seed2024_off_axis/metrics_test.json,mean.A.phase_mae_rad_in_cell (phase_mae_rad_in_cell),run.A.s42.phase_mae_rad_in_cell;run.A.s1337.phase_mae_rad_in_cell;run.A.s2024.phase_mae_rad_in_cell,yes," deviations ($0.966$ and $1.014$). The lower in-cell phase MAE of the network ($0.269$ against $0.311$\,rad) is consistent with this split.  The model-free analysis "
Discussion / Why overlap metrics and measurements diverge,0.311,runs/conventional_baseline_test.json,classical113.off_axis.phase_mae_rad_in_cell (off_axis.phase_mae_rad_in_cell),,yes,"966$ and $1.014$). The lower in-cell phase MAE of the network ($0.269$ against $0.311$\,rad) is consistent with this split.  The model-free analysis gives the scale "
Discussion / Why overlap metrics and measurements diverge,0.974,runs/error_propagation_summary.csv,ep.1.dice (shift 1: dice),,yes,"ween overlap and measurement. A one-pixel boundary displacement leaves Dice at $0.974$ but changes area by about 7\% and dry mass by about 5\%, so segmentation score"
Discussion / Why overlap metrics and measurements diverge,7%,runs/error_propagation_summary.csv,ep.-1.area_relative_error (shift -1: area_relative_error),,yes,"ne-pixel boundary displacement leaves Dice at $0.974$ but changes area by about 7\% and dry mass by about 5\%, so segmentation scores in the range reported here ar"
Discussion / Why overlap metrics and measurements diverge,5%,runs/error_propagation_summary.csv,ep.-1.mass_relative_error (shift -1: mass_relative_error),,yes,"ment leaves Dice at $0.974$ but changes area by about 7\% and dry mass by about 5\%, so segmentation scores in the range reported here are compatible with measurem"
Discussion / Why overlap metrics and measurements diverge,0.157,runs/v2_baseline_off_axis/metrics_test.json; runs/v2_A_seed1337_off_axis/metrics_test.json; runs/v2_A_seed2024_off_axis/metrics_test.json,mean.A.area_mape (area_mape),run.A.s42.area_mape;run.A.s1337.area_mape;run.A.s2024.area_mape,yes,asurement errors of ten percent or more. The observed matched-cell area error ($0.157$) is of the same order as the area change produced by a uniform two-pixel displ
Discussion / Why overlap metrics and measurements diverge,-12.3%,runs/error_propagation_summary.csv,ep.-2.area_signed (shift -2: area_signed),,yes,"he same order as the area change produced by a uniform two-pixel displacement ($-12.3\%$ inward, $+15.0\%$ outward). The displacement analysis applies a uniform shift "
Discussion / Why overlap metrics and measurements diverge,+15.0%,runs/error_propagation_summary.csv,ep.2.area_signed (shift 2: area_signed),,yes,"he area change produced by a uniform two-pixel displacement ($-12.3\%$ inward, $+15.0\%$ outward). The displacement analysis applies a uniform shift and does not decom"
Discussion / Why overlap metrics and measurements diverge,0.71,runs/*/metrics_test.json,cmp.B_vs_A.dry_mass_cell_pearson_r.diff (dry_mass_cell_pearson_r),mean.B.dry_mass_cell_pearson_r;mean.A.dry_mass_cell_pearson_r,yes,"ion. Dry mass changes less than area under the same displacement (median ratio $0.71$), which is consistent with the phase being low at the cell periphery. Classica"
Discussion / Detection coverage and boundary objects,0.174,runs/v2_baseline_off_axis/metrics_test.json; runs/v2_A_seed1337_off_axis/metrics_test.json; runs/v2_A_seed2024_off_axis/metrics_test.json,mean.A.dry_mass_mape (dry_mass_mape),run.A.s42.dry_mass_mape;run.A.s1337.dry_mass_mape;run.A.s2024.dry_mass_mape,yes,    The matched-cell MAPE of $0.174$ describes the roughly 1890 of 3186 reference cells that were detected and matc
Discussion / Detection coverage and boundary objects,1890,runs/v2_baseline_off_axis/metrics_test.json; runs/v2_A_seed1337_off_axis/metrics_test.json; runs/v2_A_seed2024_off_axis/metrics_test.json,mean.A.cells_matched (cells_matched),run.A.s42.cells_matched;run.A.s1337.cells_matched;run.A.s2024.cells_matched,yes,"    The matched-cell MAPE of $0.174$ describes the roughly 1890 of 3186 reference cells that were detected and matched. With recall $0.593$, th"
Discussion / Detection coverage and boundary objects,3186,runs/v2_baseline_off_axis/metrics_test.json; runs/v2_A_seed1337_off_axis/metrics_test.json; runs/v2_A_seed2024_off_axis/metrics_test.json,mean.A.cells_reference (cells_reference),run.A.s42.cells_reference;run.A.s1337.cells_reference;run.A.s2024.cells_reference,yes,"    The matched-cell MAPE of $0.174$ describes the roughly 1890 of 3186 reference cells that were detected and matched. With recall $0.593$, the covera"
Discussion / Detection coverage and boundary objects,0.593,runs/v2_baseline_off_axis/metrics_test.json; runs/v2_A_seed1337_off_axis/metrics_test.json; runs/v2_A_seed2024_off_axis/metrics_test.json,mean.A.detection_recall (detection_recall),run.A.s42.detection_recall;run.A.s1337.detection_recall;run.A.s2024.detection_recall,yes,"ughly 1890 of 3186 reference cells that were detected and matched. With recall $0.593$, the coverage-adjusted error is $0.510$ and the field-total dry mass is low by"
Discussion / Detection coverage and boundary objects,0.510,runs/v2_baseline_off_axis/metrics_test.json; runs/v2_A_seed1337_off_axis/metrics_test.json; runs/v2_A_seed2024_off_axis/metrics_test.json,mean.A.dry_mass_mape_coverage_adjusted (dry_mass_mape_coverage_adjusted),run.A.s42.dry_mass_mape_coverage_adjusted;run.A.s1337.dry_mass_mape_coverage_adjusted;run.A.s2024.dry_mass_mape_coverage_adjusted,yes,"were detected and matched. With recall $0.593$, the coverage-adjusted error is $0.510$ and the field-total dry mass is low by about 16\%, and the model also reports "
Discussion / Detection coverage and boundary objects,16%,runs/v2_baseline_off_axis/metrics_test.json; runs/v2_A_seed1337_off_axis/metrics_test.json; runs/v2_A_seed2024_off_axis/metrics_test.json,mean.A.dry_mass_field_total_bias (dry_mass_field_total_bias),run.A.s42.dry_mass_field_total_bias;run.A.s1337.dry_mass_field_total_bias;run.A.s2024.dry_mass_field_total_bias,yes,"coverage-adjusted error is $0.510$ and the field-total dry mass is low by about 16\%, and the model also reports on average $337$ false-positive cells per run, whic"
Discussion / Detection coverage and boundary objects,337,runs/v2_baseline_off_axis/metrics_test.json; runs/v2_A_seed1337_off_axis/metrics_test.json; runs/v2_A_seed2024_off_axis/metrics_test.json,mean.A.cells_false_positive (cells_false_positive),run.A.s42.cells_false_positive;run.A.s1337.cells_false_positive;run.A.s2024.cells_false_positive,yes,"eld-total dry mass is low by about 16\%, and the model also reports on average $337$ false-positive cells per run, which enter the field totals but no per-cell err"
Discussion / Detection coverage and boundary objects,0.897,runs/diagnostics/decomposition_by_config.csv,decomp.A.field.all.domain_gm_mean (decomp.A.field.all.domain_gm_mean),,yes,h enter the field totals but no per-cell error. The field-level domain factor ($0.897$) carries the same deficit. The location stratification shows that the missed c
Discussion / Detection coverage and boundary objects,0.912,runs/diagnostics/decomposition_by_config.csv,decomp.A.cell.interior.recall_mean (decomp.A.cell.interior.recall_mean),,yes,s are concentrated in one population: interior reference cells are recalled at $0.912$ and edge instances at $0.212$. Edge instances include cells truncated by the f
Discussion / Detection coverage and boundary objects,0.212,runs/diagnostics/decomposition_by_config.csv,decomp.A.cell.edge.recall_mean (decomp.A.cell.edge.recall_mean),,yes,lation: interior reference cells are recalled at $0.912$ and edge instances at $0.212$. Edge instances include cells truncated by the field of view and boundary regi
Discussion / Detection coverage and boundary objects,0.109,runs/conventional_baseline_test.json,classical113.off_axis.optical_volume_field_total_mape (off_axis.optical_volume_field_total_mape),,yes,al pipeline has the higher matched-cell error but the lower field-total error ($0.109$ against $0.163$). Its field-level domain and phase factors deviate in opposite
Discussion / Detection coverage and boundary objects,0.163,runs/v2_baseline_off_axis/metrics_test.json; runs/v2_A_seed1337_off_axis/metrics_test.json; runs/v2_A_seed2024_off_axis/metrics_test.json,mean.A.dry_mass_field_total_mape (dry_mass_field_total_mape),run.A.s42.dry_mass_field_total_mape;run.A.s1337.dry_mass_field_total_mape;run.A.s2024.dry_mass_field_total_mape,yes,the higher matched-cell error but the lower field-total error ($0.109$ against $0.163$). Its field-level domain and phase factors deviate in opposite directions ($0.
Discussion / Detection coverage and boundary objects,0.857,runs/diagnostics/decomposition_by_config.csv,decomp.classical.field.all.domain_gm_mean (decomp.classical.field.all.domain_gm_mean),,yes,"63$). Its field-level domain and phase factors deviate in opposite directions ($0.857$ and $1.055$), which indicates a compensatory error structure in which part of "
Discussion / Detection coverage and boundary objects,1.055,runs/diagnostics/decomposition_by_config.csv,decomp.classical.field.all.phase_gm_mean (decomp.classical.field.all.phase_gm_mean),,yes,"eld-level domain and phase factors deviate in opposite directions ($0.857$ and $1.055$), which indicates a compensatory error structure in which part of the domain d"
Discussion / Measurement-aware objectives,119,runs/*/metrics_test.json,cmp.B_vs_A.cells_false_positive.diff (cells_false_positive),mean.B.cells_false_positive;mean.A.cells_false_positive,yes,mong interior cells and not among edge cells. And the per-cell term added about 119 false-positive cells per run and a resolved increase of the field-level domain 
Discussion / Measurement-aware objectives,0.37,runs/gradient_path_b_cell_ipp_512.csv,grad.median (ratio_at_weight_1),,yes,"ding gradient to the segmentation decoder, measured at initialisation as about $0.37$ of the segmentation gradient at $w=1$. If this is the mechanism, the terms cou"
Discussion / Measurement-aware objectives,1,runs/gradient_path_b_cell_ipp_512.csv,grad.max (ratio_at_weight_1),,yes,", measured at initialisation as about $0.37$ of the segmentation gradient at $w=1$. If this is the mechanism, the terms could behave differently with segmentatio"
Discussion / Measurement-aware objectives,15,runs/v2_baseline_off_axis/metrics_test.json; runs/v2_A_seed1337_off_axis/metrics_test.json; runs/v2_A_seed2024_off_axis/metrics_test.json,mean.A.area_mape_ci_lower (area_mape_ci_lower),run.A.s42.area_mape_ci_lower;run.A.s1337.area_mape_ci_lower;run.A.s2024.area_mape_ci_lower,yes,"aining. About half of the additional false positives under that term lie within 15\,px of the field boundary, but the resolved increase in measurement error is am"
Discussion / What the forward-model term constrains,10%,runs/v2_baseline_off_axis/metrics_test.json; runs/v2_A_seed1337_off_axis/metrics_test.json; runs/v2_A_seed2024_off_axis/metrics_test.json,mean.A.circularity_loa_upper (circularity_loa_upper),run.A.s42.circularity_loa_upper;run.A.s1337.circularity_loa_upper;run.A.s2024.circularity_loa_upper,yes,"nce phase, the residual is insensitive to the phase scale in both geometries. A 10\% rescaling raises it by less than the configured tolerance of $0.01$ off-axis ($"
Discussion / What the forward-model term constrains,0.01,runs/z_calibration.json,disc.off_axis.margin.scaled_0.5 (off_axis.discrimination.margins.scaled_0.5),,yes,"eometries. A 10\% rescaling raises it by less than the configured tolerance of $0.01$ off-axis ($0.00035$) and in-line ($0.0043$), although in-line the change has t"
Discussion / What the forward-model term constrains,0.00035,runs/z_calibration.json,disc.off_axis.margin.scaled_0.9 (off_axis.discrimination.margins.scaled_0.9),,yes," rescaling raises it by less than the configured tolerance of $0.01$ off-axis ($0.00035$) and in-line ($0.0043$), although in-line the change has the same sign on 30 o"
Discussion / What the forward-model term constrains,0.0043,runs/z_calibration.json,disc.gabor.margin.scaled_0.9 (gabor.discrimination.margins.scaled_0.9),,yes,"less than the configured tolerance of $0.01$ off-axis ($0.00035$) and in-line ($0.0043$), although in-line the change has the same sign on 30 of the 32 fields. Off-ax"
Discussion / What the forward-model term constrains,30,runs/z_calibration.json,disc.gabor.margin.mirrored (gabor.discrimination.margins.mirrored),,yes,"0035$) and in-line ($0.0043$), although in-line the change has the same sign on 30 of the 32 fields. Off-axis, the global aberration surface leaves most of the va"
Discussion / What the forward-model term constrains,32,runs/z_calibration.json,disc.gabor.images (gabor.discrimination.images),,yes," in-line ($0.0043$), although in-line the change has the same sign on 30 of the 32 fields. Off-axis, the global aberration surface leaves most of the variance une"
Discussion / What the forward-model term constrains,112,logs/v2_20260930_065521_gpu2/amplitude_sensitivity_per_field.log,probe.per_field.images (residual over N images),,yes," surfaces, fitted against each field's reference phase, leave much less: on the 112 test fields that have a per-field surface, the residual is $0.893$ with the glo"
Discussion / What the forward-model term constrains,0.893,runs/amplitude_sensitivity_off_axis_global.csv,probe.global_common.phase_reference (mean phase_reference over batches present in the per-field CSV),,yes,"ch less: on the 112 test fields that have a per-field surface, the residual is $0.893$ with the global surface and $0.391$ with per-field surfaces. This is consisten"
Discussion / What the forward-model term constrains,0.391,logs/v2_20260930_065521_gpu2/amplitude_sensitivity_per_field.log,probe.per_field.phase_reference (phase_reference),,yes," have a per-field surface, the residual is $0.893$ with the global surface and $0.391$ with per-field surfaces. This is consistent with field-specific structure that"
Discussion / What the forward-model term constrains,0.02,method parameter / count,forward weight,,yes,"nt accounting for part of the unexplained variance. With the term trained at $w=0.02$, the +Fwd configurations did not reach a lower residual ratio than the baselin"
Discussion / What the forward-model term constrains,32,runs/v2_image_volume_off_axis/metrics_test.json; runs/v2_B1_seed1337_off_axis/metrics_test.json; runs/v2_B1_seed2024_off_axis/metrics_test.json,mean.B1.seg_instance_count_mape (seg_instance_count_mape),run.B1.s42.seg_instance_count_mape;run.B1.s1337.seg_instance_count_mape;run.B1.s2024.seg_instance_count_mape,yes,"ed operator, evaluated on four fields per geometry for the distance scan and on 32 to 113 fields for the phase-sensitivity probes. They do not establish how other"
Discussion / What the forward-model term constrains,113,runs/v2_baseline_off_axis/metrics_test.json; runs/v2_A_seed1337_off_axis/metrics_test.json; runs/v2_A_seed2024_off_axis/metrics_test.json,mean.A.area_bootstrap_fields (area_bootstrap_fields),run.A.s42.area_bootstrap_fields;run.A.s1337.area_bootstrap_fields;run.A.s2024.area_bootstrap_fields,yes,"rator, evaluated on four fields per geometry for the distance scan and on 32 to 113 fields for the phase-sensitivity probes. They do not establish how other forwar"
Limitations,2,runs/v2_baseline_off_axis/metrics_test.json; runs/v2_A_seed1337_off_axis/metrics_test.json; runs/v2_A_seed2024_off_axis/metrics_test.json,sd.A.dry_mass_field_total_bias (dry_mass_field_total_bias),run.A.s42.dry_mass_field_total_bias;run.A.s1337.dry_mass_field_total_bias;run.A.s2024.dry_mass_field_total_bias,yes,"al on the test fields is below one pixel, but a per-field scatter of about $ +- 2$--$3$\,px ( \% range) remains, so on some fields the network input and the phas"
Limitations,3,runs/error_propagation_summary.csv,ep.-3.shift_px (shift -3: shift_px),,yes," the test fields is below one pixel, but a per-field scatter of about $ +- 2$--$3$\,px ( \% range) remains, so on some fields the network input and the phase tar"
Limitations,107,runs/conventional_baseline_test.json,classical113.gabor.phase_n_images (gabor.phase_n_images),,yes," a few pixels.  The in-line result rests on a single training run, evaluated on 107 test fields, after excluding the 50 fields whose in-line frames do not correspo"
Limitations,50,runs/conventional_baseline_test.json,classical113.gabor.circularity_loa_lower (gabor.circularity_loa_lower),,yes,"sts on a single training run, evaluated on 107 test fields, after excluding the 50 fields whose in-line frames do not correspond to their reference. The classical"
Limitations,5,runs/v2_baseline_off_axis/metrics_test.json; runs/v2_A_seed1337_off_axis/metrics_test.json; runs/v2_A_seed2024_off_axis/metrics_test.json,mean.A.circularity_loa_lower (circularity_loa_lower),run.A.s42.circularity_loa_lower;run.A.s1337.circularity_loa_lower;run.A.s2024.circularity_loa_lower,yes,"o the implemented operator (scalar angular-spectrum propagation, a global order-5 aberration surface, a six-term radiometric fit off-axis) and to a term weight o"
Limitations,0.02,method parameter / count,forward weight,,yes,"erration surface, a six-term radiometric fit off-axis) and to a term weight of $0.02$. The distance scan covers four validation fields per geometry, and the per-fie"
Limitations,0.2,method parameter / count,config/base.yaml refraction_increment / weights,,yes," at half resolution and bilinearly upsampled. Absolute masses depend on $\alpha=0.2$\,mL/g, the value used by the acquiring group, within a literature range of $0."
Limitations,0.173,method parameter / count,literature range (cited),,yes,".2$\,mL/g, the value used by the acquiring group, within a literature range of $0.173$--$0.215$\,mL/g~ ; relative results do not.   "
Limitations,0.215,method parameter / count,literature range (cited),,yes,", the value used by the acquiring group, within a literature range of $0.173$--$0.215$\,mL/g~ ; relative results do not.   "
Conclusions,0.174,runs/v2_baseline_off_axis/metrics_test.json; runs/v2_A_seed1337_off_axis/metrics_test.json; runs/v2_A_seed2024_off_axis/metrics_test.json,mean.A.dry_mass_mape (dry_mass_mape),run.A.s42.dry_mass_mape;run.A.s1337.dry_mass_mape;run.A.s2024.dry_mass_mape,yes,"ntation measured per-cell dry mass on this dataset with a matched-cell MAPE of $0.174$, against $0.220$ for the tested classical configuration, at similar Dice and p"
Conclusions,0.220,runs/conventional_baseline_test.json,classical113.off_axis.dry_mass_mape (off_axis.dry_mass_mape),,yes,"per-cell dry mass on this dataset with a matched-cell MAPE of $0.174$, against $0.220$ for the tested classical configuration, at similar Dice and projected-area err"
Conclusions,0.510,runs/v2_baseline_off_axis/metrics_test.json; runs/v2_A_seed1337_off_axis/metrics_test.json; runs/v2_A_seed2024_off_axis/metrics_test.json,mean.A.dry_mass_mape_coverage_adjusted (dry_mass_mape_coverage_adjusted),run.A.s42.dry_mass_mape_coverage_adjusted;run.A.s1337.dry_mass_mape_coverage_adjusted;run.A.s2024.dry_mass_mape_coverage_adjusted,yes,"than the measurement error of detected cells (coverage-adjusted dry-mass error $0.510$), and the missed cells are concentrated among boundary objects that the phase-"
Conclusions,10%,runs/conventional_baseline_test.json,classical113.gabor.min_recovered_contrast_rad (gabor.min_recovered_contrast_rad),,yes,"pagation distance in-line, did not constrain it off-axis, and did not resolve a 10\% change of the phase scale in either geometry. A one-pixel boundary shift that l"
Conclusions,0.974,runs/error_propagation_summary.csv,ep.1.dice (shift 1: dice),,yes,phase scale in either geometry. A one-pixel boundary shift that leaves Dice at $0.974$ changes dry mass by about 5\%. Testing whether measurement-aware objectives he
Conclusions,5%,runs/error_propagation_summary.csv,ep.-1.mass_relative_error (shift -1: mass_relative_error),,yes, one-pixel boundary shift that leaves Dice at $0.974$ changes dry mass by about 5\%. Testing whether measurement-aware objectives help when segmentation labels are
table_2.tex,560,logs/v2_20260930_074050_gpu2/train_A.log,split.A.train,,yes,
table_2.tex,127,logs/v2_20260930_074050_gpu2/train_A.log,split.A.val,,yes,
table_2.tex,113,runs/v2_baseline_off_axis/metrics_test.json,split.A.test,,yes,
table_2.tex,521,logs/v2_20260930_074055_gpu3/train_G.log,split.G.train,,yes,
table_2.tex,122,logs/v2_20260930_074055_gpu3/train_G.log,split.G.val,,yes,
table_2.tex,107,runs/v2_baseline_gabor/metrics_test.json,split.G.test,,yes,
table_2.tex,3186,runs/v2_baseline_off_axis/metrics_test.json,split.A.test_cells,,yes,
table_2.tex,3055,runs/v2_baseline_gabor/metrics_test.json,split.G.test_cells,,yes,
table_2.tex,-6,config/base.yaml,config.crop_offset_dy,,yes,
table_2.tex,-2,config/base.yaml,config.crop_offset_dx,,yes,
table_2.tex,9598099,runs/benchmark_results/results_hardware_arm_A.json,hw.A.mean.params_total,,yes,
table_2.tex,9607412,runs/benchmark_results/results_hardware_arm_D0.json,hw.D0.mean.params_total,,yes,
table_2.tex,3360403,runs/benchmark_results/results_hardware_arm_KA.json,hw.KA.mean.params_total,,yes,
table_2.tex,45.85,runs/benchmark_results/results_hardware_arm_A.json,hw.A.mean.gmacs,,yes,
table_2.tex,47.87,runs/benchmark_results/results_hardware_arm_D0.json,hw.D0.mean.gmacs,,yes,
table_2.tex,24.03,runs/benchmark_results/results_hardware_arm_KA.json,hw.KA.mean.gmacs,,yes,
table_4.tex,0.1968,runs/conventional_baseline_test.json,classical113.off_axis.phase_mae_rad,,yes,
table_4.tex,0.1568,runs/v2_baseline_off_axis/metrics_test.json; runs/v2_A_seed1337_off_axis/metrics_test.json; runs/v2_A_seed2024_off_axis/metrics_test.json,mean.A.phase_mae_rad,,yes,
table_4.tex,0.0023,runs/v2_baseline_off_axis/metrics_test.json; runs/v2_A_seed1337_off_axis/metrics_test.json; runs/v2_A_seed2024_off_axis/metrics_test.json,sd.A.phase_mae_rad,,yes,
table_4.tex,-0.0400,derived,mean.A.phase_mae_rad - classical113.off_axis.phase_mae_rad [difference],,yes,
table_4.tex,0.3112,runs/conventional_baseline_test.json,classical113.off_axis.phase_mae_rad_in_cell,,yes,
table_4.tex,0.2689,runs/v2_baseline_off_axis/metrics_test.json; runs/v2_A_seed1337_off_axis/metrics_test.json; runs/v2_A_seed2024_off_axis/metrics_test.json,mean.A.phase_mae_rad_in_cell,,yes,
table_4.tex,0.0056,runs/v2_baseline_off_axis/metrics_test.json; runs/v2_A_seed1337_off_axis/metrics_test.json; runs/v2_A_seed2024_off_axis/metrics_test.json,sd.A.phase_mae_rad_in_cell,,yes,
table_4.tex,-0.0423,derived,mean.A.phase_mae_rad_in_cell - classical113.off_axis.phase_mae_rad_in_cell [difference],,yes,
table_4.tex,0.7851,runs/conventional_baseline_test.json,classical113.off_axis.phase_pearson_r,,yes,
table_4.tex,0.8741,runs/v2_baseline_off_axis/metrics_test.json; runs/v2_A_seed1337_off_axis/metrics_test.json; runs/v2_A_seed2024_off_axis/metrics_test.json,mean.A.phase_pearson_r,,yes,
table_4.tex,0.0023,runs/v2_baseline_off_axis/metrics_test.json; runs/v2_A_seed1337_off_axis/metrics_test.json; runs/v2_A_seed2024_off_axis/metrics_test.json,sd.A.phase_pearson_r,,yes,
table_4.tex,+0.0890,derived,mean.A.phase_pearson_r - classical113.off_axis.phase_pearson_r [difference],,yes,
table_4.tex,0.5299,runs/conventional_baseline_test.json,classical113.off_axis.phase_ssim,,yes,
table_4.tex,0.6386,runs/v2_baseline_off_axis/metrics_test.json; runs/v2_A_seed1337_off_axis/metrics_test.json; runs/v2_A_seed2024_off_axis/metrics_test.json,mean.A.phase_ssim,,yes,
table_4.tex,0.0053,runs/v2_baseline_off_axis/metrics_test.json; runs/v2_A_seed1337_off_axis/metrics_test.json; runs/v2_A_seed2024_off_axis/metrics_test.json,sd.A.phase_ssim,,yes,
table_4.tex,+0.1087,derived,mean.A.phase_ssim - classical113.off_axis.phase_ssim [difference],,yes,
table_4.tex,0.8253,runs/conventional_baseline_test.json,classical113.off_axis.seg_dice,,yes,
table_4.tex,0.8337,runs/v2_baseline_off_axis/metrics_test.json; runs/v2_A_seed1337_off_axis/metrics_test.json; runs/v2_A_seed2024_off_axis/metrics_test.json,mean.A.seg_dice,,yes,
table_4.tex,0.0013,runs/v2_baseline_off_axis/metrics_test.json; runs/v2_A_seed1337_off_axis/metrics_test.json; runs/v2_A_seed2024_off_axis/metrics_test.json,sd.A.seg_dice,,yes,
table_4.tex,+0.0085,derived,mean.A.seg_dice - classical113.off_axis.seg_dice [difference],,yes,
table_4.tex,0.6387,runs/conventional_baseline_test.json,classical113.off_axis.seg_aji,,yes,
table_4.tex,0.6710,runs/v2_baseline_off_axis/metrics_test.json; runs/v2_A_seed1337_off_axis/metrics_test.json; runs/v2_A_seed2024_off_axis/metrics_test.json,mean.A.seg_aji,,yes,
table_4.tex,0.0025,runs/v2_baseline_off_axis/metrics_test.json; runs/v2_A_seed1337_off_axis/metrics_test.json; runs/v2_A_seed2024_off_axis/metrics_test.json,sd.A.seg_aji,,yes,
table_4.tex,+0.0322,derived,mean.A.seg_aji - classical113.off_axis.seg_aji [difference],,yes,
table_4.tex,0.3954,runs/conventional_baseline_test.json,classical113.off_axis.seg_boundary_f1,,yes,
table_4.tex,0.4687,runs/v2_baseline_off_axis/metrics_test.json; runs/v2_A_seed1337_off_axis/metrics_test.json; runs/v2_A_seed2024_off_axis/metrics_test.json,mean.A.seg_boundary_f1,,yes,
table_4.tex,0.0053,runs/v2_baseline_off_axis/metrics_test.json; runs/v2_A_seed1337_off_axis/metrics_test.json; runs/v2_A_seed2024_off_axis/metrics_test.json,sd.A.seg_boundary_f1,,yes,
table_4.tex,+0.0733,derived,mean.A.seg_boundary_f1 - classical113.off_axis.seg_boundary_f1 [difference],,yes,
table_4.tex,0.5869,runs/conventional_baseline_test.json,classical113.off_axis.detection_recall,,yes,
table_4.tex,0.5931,runs/v2_baseline_off_axis/metrics_test.json; runs/v2_A_seed1337_off_axis/metrics_test.json; runs/v2_A_seed2024_off_axis/metrics_test.json,mean.A.detection_recall,,yes,
table_4.tex,0.0027,runs/v2_baseline_off_axis/metrics_test.json; runs/v2_A_seed1337_off_axis/metrics_test.json; runs/v2_A_seed2024_off_axis/metrics_test.json,sd.A.detection_recall,,yes,
table_4.tex,+0.0062,derived,mean.A.detection_recall - classical113.off_axis.detection_recall [difference],,yes,
table_4.tex,0.7910,runs/conventional_baseline_test.json,classical113.off_axis.detection_precision,,yes,
table_4.tex,0.8488,runs/v2_baseline_off_axis/metrics_test.json; runs/v2_A_seed1337_off_axis/metrics_test.json; runs/v2_A_seed2024_off_axis/metrics_test.json,mean.A.detection_precision,,yes,
table_4.tex,0.0124,runs/v2_baseline_off_axis/metrics_test.json; runs/v2_A_seed1337_off_axis/metrics_test.json; runs/v2_A_seed2024_off_axis/metrics_test.json,sd.A.detection_precision,,yes,
table_4.tex,+0.0577,derived,mean.A.detection_precision - classical113.off_axis.detection_precision [difference],,yes,
table_4.tex,0.1578,runs/conventional_baseline_test.json,classical113.off_axis.area_mape,,yes,
table_4.tex,0.1568,runs/v2_baseline_off_axis/metrics_test.json; runs/v2_A_seed1337_off_axis/metrics_test.json; runs/v2_A_seed2024_off_axis/metrics_test.json,mean.A.area_mape,,yes,
table_4.tex,0.0027,runs/v2_baseline_off_axis/metrics_test.json; runs/v2_A_seed1337_off_axis/metrics_test.json; runs/v2_A_seed2024_off_axis/metrics_test.json,sd.A.area_mape,,yes,
table_4.tex,-0.0010,derived,mean.A.area_mape - classical113.off_axis.area_mape [difference],,yes,
table_4.tex,0.2203,runs/conventional_baseline_test.json,classical113.off_axis.dry_mass_mape,,yes,
table_4.tex,0.1742,runs/v2_baseline_off_axis/metrics_test.json; runs/v2_A_seed1337_off_axis/metrics_test.json; runs/v2_A_seed2024_off_axis/metrics_test.json,mean.A.dry_mass_mape,,yes,
table_4.tex,0.0045,runs/v2_baseline_off_axis/metrics_test.json; runs/v2_A_seed1337_off_axis/metrics_test.json; runs/v2_A_seed2024_off_axis/metrics_test.json,sd.A.dry_mass_mape,,yes,
table_4.tex,-0.0461,derived,mean.A.dry_mass_mape - classical113.off_axis.dry_mass_mape [difference],,yes,
table_4.tex,0.8937,runs/conventional_baseline_test.json,classical113.off_axis.dry_mass_cell_pearson_r,,yes,
table_4.tex,0.9363,runs/v2_baseline_off_axis/metrics_test.json; runs/v2_A_seed1337_off_axis/metrics_test.json; runs/v2_A_seed2024_off_axis/metrics_test.json,mean.A.dry_mass_cell_pearson_r,,yes,
table_4.tex,0.0007,runs/v2_baseline_off_axis/metrics_test.json; runs/v2_A_seed1337_off_axis/metrics_test.json; runs/v2_A_seed2024_off_axis/metrics_test.json,sd.A.dry_mass_cell_pearson_r,,yes,
table_4.tex,+0.0427,derived,mean.A.dry_mass_cell_pearson_r - classical113.off_axis.dry_mass_cell_pearson_r [difference],,yes,
table_4.tex,0.1094,runs/conventional_baseline_test.json,classical113.off_axis.dry_mass_field_total_mape,,yes,
table_4.tex,0.1631,runs/v2_baseline_off_axis/metrics_test.json; runs/v2_A_seed1337_off_axis/metrics_test.json; runs/v2_A_seed2024_off_axis/metrics_test.json,mean.A.dry_mass_field_total_mape,,yes,
table_4.tex,0.0141,runs/v2_baseline_off_axis/metrics_test.json; runs/v2_A_seed1337_off_axis/metrics_test.json; runs/v2_A_seed2024_off_axis/metrics_test.json,sd.A.dry_mass_field_total_mape,,yes,
table_4.tex,+0.0537,derived,mean.A.dry_mass_field_total_mape - classical113.off_axis.dry_mass_field_total_mape [difference],,yes,
table_4.tex,3186,runs/v2_baseline_off_axis/metrics_test.json,split.A.test_cells,,yes,
table_4.tex,1870,runs/conventional_baseline_test.json,classical113.off_axis.cells_matched,,yes,
table_4.tex,1890,runs/v2_baseline_off_axis/metrics_test.json; runs/v2_A_seed1337_off_axis/metrics_test.json; runs/v2_A_seed2024_off_axis/metrics_test.json,mean.A.cells_matched,,yes,
table_4.tex,9,runs/v2_baseline_off_axis/metrics_test.json; runs/v2_A_seed1337_off_axis/metrics_test.json; runs/v2_A_seed2024_off_axis/metrics_test.json,sd.A.cells_matched,,yes,
table_5.tex,3,runs/v2_baseline_off_axis/metrics_test.json; runs/v2_A_seed1337_off_axis/metrics_test.json; runs/v2_A_seed2024_off_axis/metrics_test.json,n.A.dry_mass_mape,,yes,
table_5.tex,0.1742,runs/v2_baseline_off_axis/metrics_test.json; runs/v2_A_seed1337_off_axis/metrics_test.json; runs/v2_A_seed2024_off_axis/metrics_test.json,mean.A.dry_mass_mape,,yes,
table_5.tex,0.5102,runs/v2_baseline_off_axis/metrics_test.json; runs/v2_A_seed1337_off_axis/metrics_test.json; runs/v2_A_seed2024_off_axis/metrics_test.json,mean.A.dry_mass_mape_coverage_adjusted,,yes,
table_5.tex,0.1631,runs/v2_baseline_off_axis/metrics_test.json; runs/v2_A_seed1337_off_axis/metrics_test.json; runs/v2_A_seed2024_off_axis/metrics_test.json,mean.A.dry_mass_field_total_mape,,yes,
table_5.tex,0.1568,runs/v2_baseline_off_axis/metrics_test.json; runs/v2_A_seed1337_off_axis/metrics_test.json; runs/v2_A_seed2024_off_axis/metrics_test.json,mean.A.area_mape,,yes,
table_5.tex,0.5931,runs/v2_baseline_off_axis/metrics_test.json; runs/v2_A_seed1337_off_axis/metrics_test.json; runs/v2_A_seed2024_off_axis/metrics_test.json,mean.A.detection_recall,,yes,
table_5.tex,0.8488,runs/v2_baseline_off_axis/metrics_test.json; runs/v2_A_seed1337_off_axis/metrics_test.json; runs/v2_A_seed2024_off_axis/metrics_test.json,mean.A.detection_precision,,yes,
table_5.tex,0.8337,runs/v2_baseline_off_axis/metrics_test.json; runs/v2_A_seed1337_off_axis/metrics_test.json; runs/v2_A_seed2024_off_axis/metrics_test.json,mean.A.seg_dice,,yes,
table_5.tex,0.1568,runs/v2_baseline_off_axis/metrics_test.json; runs/v2_A_seed1337_off_axis/metrics_test.json; runs/v2_A_seed2024_off_axis/metrics_test.json,mean.A.phase_mae_rad,,yes,
table_5.tex,3,runs/v2_cell_ipp_off_axis/metrics_test.json; runs/v2_B_seed1337_off_axis/metrics_test.json; runs/v2_B_seed2024_off_axis/metrics_test.json,n.B.dry_mass_mape,,yes,
table_5.tex,0.1883,runs/v2_cell_ipp_off_axis/metrics_test.json; runs/v2_B_seed1337_off_axis/metrics_test.json; runs/v2_B_seed2024_off_axis/metrics_test.json,mean.B.dry_mass_mape,,yes,
table_5.tex,0.5125,runs/v2_cell_ipp_off_axis/metrics_test.json; runs/v2_B_seed1337_off_axis/metrics_test.json; runs/v2_B_seed2024_off_axis/metrics_test.json,mean.B.dry_mass_mape_coverage_adjusted,,yes,
table_5.tex,0.1676,runs/v2_cell_ipp_off_axis/metrics_test.json; runs/v2_B_seed1337_off_axis/metrics_test.json; runs/v2_B_seed2024_off_axis/metrics_test.json,mean.B.dry_mass_field_total_mape,,yes,
table_5.tex,0.1679,runs/v2_cell_ipp_off_axis/metrics_test.json; runs/v2_B_seed1337_off_axis/metrics_test.json; runs/v2_B_seed2024_off_axis/metrics_test.json,mean.B.area_mape,,yes,
table_5.tex,0.6006,runs/v2_cell_ipp_off_axis/metrics_test.json; runs/v2_B_seed1337_off_axis/metrics_test.json; runs/v2_B_seed2024_off_axis/metrics_test.json,mean.B.detection_recall,,yes,
table_5.tex,0.8077,runs/v2_cell_ipp_off_axis/metrics_test.json; runs/v2_B_seed1337_off_axis/metrics_test.json; runs/v2_B_seed2024_off_axis/metrics_test.json,mean.B.detection_precision,,yes,
table_5.tex,0.8294,runs/v2_cell_ipp_off_axis/metrics_test.json; runs/v2_B_seed1337_off_axis/metrics_test.json; runs/v2_B_seed2024_off_axis/metrics_test.json,mean.B.seg_dice,,yes,
table_5.tex,0.1656,runs/v2_cell_ipp_off_axis/metrics_test.json; runs/v2_B_seed1337_off_axis/metrics_test.json; runs/v2_B_seed2024_off_axis/metrics_test.json,mean.B.phase_mae_rad,,yes,
table_5.tex,3,runs/v2_image_volume_off_axis/metrics_test.json; runs/v2_B1_seed1337_off_axis/metrics_test.json; runs/v2_B1_seed2024_off_axis/metrics_test.json,n.B1.dry_mass_mape,,yes,
table_5.tex,0.1887,runs/v2_image_volume_off_axis/metrics_test.json; runs/v2_B1_seed1337_off_axis/metrics_test.json; runs/v2_B1_seed2024_off_axis/metrics_test.json,mean.B1.dry_mass_mape,,yes,
table_5.tex,0.5222,runs/v2_image_volume_off_axis/metrics_test.json; runs/v2_B1_seed1337_off_axis/metrics_test.json; runs/v2_B1_seed2024_off_axis/metrics_test.json,mean.B1.dry_mass_mape_coverage_adjusted,,yes,
table_5.tex,0.1722,runs/v2_image_volume_off_axis/metrics_test.json; runs/v2_B1_seed1337_off_axis/metrics_test.json; runs/v2_B1_seed2024_off_axis/metrics_test.json,mean.B1.dry_mass_field_total_mape,,yes,
table_5.tex,0.1597,runs/v2_image_volume_off_axis/metrics_test.json; runs/v2_B1_seed1337_off_axis/metrics_test.json; runs/v2_B1_seed2024_off_axis/metrics_test.json,mean.B1.area_mape,,yes,
table_5.tex,0.5889,runs/v2_image_volume_off_axis/metrics_test.json; runs/v2_B1_seed1337_off_axis/metrics_test.json; runs/v2_B1_seed2024_off_axis/metrics_test.json,mean.B1.detection_recall,,yes,
table_5.tex,0.8460,runs/v2_image_volume_off_axis/metrics_test.json; runs/v2_B1_seed1337_off_axis/metrics_test.json; runs/v2_B1_seed2024_off_axis/metrics_test.json,mean.B1.detection_precision,,yes,
table_5.tex,0.8294,runs/v2_image_volume_off_axis/metrics_test.json; runs/v2_B1_seed1337_off_axis/metrics_test.json; runs/v2_B1_seed2024_off_axis/metrics_test.json,mean.B1.seg_dice,,yes,
table_5.tex,0.1644,runs/v2_image_volume_off_axis/metrics_test.json; runs/v2_B1_seed1337_off_axis/metrics_test.json; runs/v2_B1_seed2024_off_axis/metrics_test.json,mean.B1.phase_mae_rad,,yes,
table_5.tex,1,runs/v2_cell_ipp_area_off_axis/metrics_test.json,n.B2.dry_mass_mape,,yes,
table_5.tex,0.1850,runs/v2_cell_ipp_area_off_axis/metrics_test.json,mean.B2.dry_mass_mape,,yes,
table_5.tex,0.5075,runs/v2_cell_ipp_area_off_axis/metrics_test.json,mean.B2.dry_mass_mape_coverage_adjusted,,yes,
table_5.tex,0.1696,runs/v2_cell_ipp_area_off_axis/metrics_test.json,mean.B2.dry_mass_field_total_mape,,yes,
table_5.tex,0.1779,runs/v2_cell_ipp_area_off_axis/metrics_test.json,mean.B2.area_mape,,yes,
table_5.tex,0.6042,runs/v2_cell_ipp_area_off_axis/metrics_test.json,mean.B2.detection_recall,,yes,
table_5.tex,0.7958,runs/v2_cell_ipp_area_off_axis/metrics_test.json,mean.B2.detection_precision,,yes,
table_5.tex,0.8294,runs/v2_cell_ipp_area_off_axis/metrics_test.json,mean.B2.seg_dice,,yes,
table_5.tex,0.1646,runs/v2_cell_ipp_area_off_axis/metrics_test.json,mean.B2.phase_mae_rad,,yes,
table_5.tex,1,runs/v2_cell_ipp_bga_off_axis/metrics_test.json,n.C.dry_mass_mape,,yes,
table_5.tex,0.1921,runs/v2_cell_ipp_bga_off_axis/metrics_test.json,mean.C.dry_mass_mape,,yes,
table_5.tex,0.5182,runs/v2_cell_ipp_bga_off_axis/metrics_test.json,mean.C.dry_mass_mape_coverage_adjusted,,yes,
table_5.tex,0.1651,runs/v2_cell_ipp_bga_off_axis/metrics_test.json,mean.C.dry_mass_field_total_mape,,yes,
table_5.tex,0.1652,runs/v2_cell_ipp_bga_off_axis/metrics_test.json,mean.C.area_mape,,yes,
table_5.tex,0.5964,runs/v2_cell_ipp_bga_off_axis/metrics_test.json,mean.C.detection_recall,,yes,
table_5.tex,0.8183,runs/v2_cell_ipp_bga_off_axis/metrics_test.json,mean.C.detection_precision,,yes,
table_5.tex,0.8309,runs/v2_cell_ipp_bga_off_axis/metrics_test.json,mean.C.seg_dice,,yes,
table_5.tex,0.1654,runs/v2_cell_ipp_bga_off_axis/metrics_test.json,mean.C.phase_mae_rad,,yes,
table_5.tex,1,runs/v2_ipp_w01_off_axis/metrics_test.json,n.W01.dry_mass_mape,,yes,
table_5.tex,0.1754,runs/v2_ipp_w01_off_axis/metrics_test.json,mean.W01.dry_mass_mape,,yes,
table_5.tex,0.5158,runs/v2_ipp_w01_off_axis/metrics_test.json,mean.W01.dry_mass_mape_coverage_adjusted,,yes,
table_5.tex,0.1830,runs/v2_ipp_w01_off_axis/metrics_test.json,mean.W01.dry_mass_field_total_mape,,yes,
table_5.tex,0.1504,runs/v2_ipp_w01_off_axis/metrics_test.json,mean.W01.area_mape,,yes,
table_5.tex,0.5873,runs/v2_ipp_w01_off_axis/metrics_test.json,mean.W01.detection_recall,,yes,
table_5.tex,0.8428,runs/v2_ipp_w01_off_axis/metrics_test.json,mean.W01.detection_precision,,yes,
table_5.tex,0.8331,runs/v2_ipp_w01_off_axis/metrics_test.json,mean.W01.seg_dice,,yes,
table_5.tex,0.1567,runs/v2_ipp_w01_off_axis/metrics_test.json,mean.W01.phase_mae_rad,,yes,
table_5.tex,1,runs/v2_ipp_w03_off_axis/metrics_test.json,n.W03.dry_mass_mape,,yes,
table_5.tex,0.1881,runs/v2_ipp_w03_off_axis/metrics_test.json,mean.W03.dry_mass_mape,,yes,
table_5.tex,0.5196,runs/v2_ipp_w03_off_axis/metrics_test.json,mean.W03.dry_mass_mape_coverage_adjusted,,yes,
table_5.tex,0.1953,runs/v2_ipp_w03_off_axis/metrics_test.json,mean.W03.dry_mass_field_total_mape,,yes,
table_5.tex,0.1564,runs/v2_ipp_w03_off_axis/metrics_test.json,mean.W03.area_mape,,yes,
table_5.tex,0.5917,runs/v2_ipp_w03_off_axis/metrics_test.json,mean.W03.detection_recall,,yes,
table_5.tex,0.8389,runs/v2_ipp_w03_off_axis/metrics_test.json,mean.W03.detection_precision,,yes,
table_5.tex,0.8328,runs/v2_ipp_w03_off_axis/metrics_test.json,mean.W03.seg_dice,,yes,
table_5.tex,0.1620,runs/v2_ipp_w03_off_axis/metrics_test.json,mean.W03.phase_mae_rad,,yes,
table_5.tex,3,runs/v2_cell_ipp_off_axis/metrics_test.json; runs/v2_B_seed1337_off_axis/metrics_test.json; runs/v2_B_seed2024_off_axis/metrics_test.json,n.B.dry_mass_mape,,yes,
table_5.tex,0.1883,runs/v2_cell_ipp_off_axis/metrics_test.json; runs/v2_B_seed1337_off_axis/metrics_test.json; runs/v2_B_seed2024_off_axis/metrics_test.json,mean.B.dry_mass_mape,,yes,
table_5.tex,0.5125,runs/v2_cell_ipp_off_axis/metrics_test.json; runs/v2_B_seed1337_off_axis/metrics_test.json; runs/v2_B_seed2024_off_axis/metrics_test.json,mean.B.dry_mass_mape_coverage_adjusted,,yes,
table_5.tex,0.1676,runs/v2_cell_ipp_off_axis/metrics_test.json; runs/v2_B_seed1337_off_axis/metrics_test.json; runs/v2_B_seed2024_off_axis/metrics_test.json,mean.B.dry_mass_field_total_mape,,yes,
table_5.tex,0.1679,runs/v2_cell_ipp_off_axis/metrics_test.json; runs/v2_B_seed1337_off_axis/metrics_test.json; runs/v2_B_seed2024_off_axis/metrics_test.json,mean.B.area_mape,,yes,
table_5.tex,0.6006,runs/v2_cell_ipp_off_axis/metrics_test.json; runs/v2_B_seed1337_off_axis/metrics_test.json; runs/v2_B_seed2024_off_axis/metrics_test.json,mean.B.detection_recall,,yes,
table_5.tex,0.8077,runs/v2_cell_ipp_off_axis/metrics_test.json; runs/v2_B_seed1337_off_axis/metrics_test.json; runs/v2_B_seed2024_off_axis/metrics_test.json,mean.B.detection_precision,,yes,
table_5.tex,0.8294,runs/v2_cell_ipp_off_axis/metrics_test.json; runs/v2_B_seed1337_off_axis/metrics_test.json; runs/v2_B_seed2024_off_axis/metrics_test.json,mean.B.seg_dice,,yes,
table_5.tex,0.1656,runs/v2_cell_ipp_off_axis/metrics_test.json; runs/v2_B_seed1337_off_axis/metrics_test.json; runs/v2_B_seed2024_off_axis/metrics_test.json,mean.B.phase_mae_rad,,yes,
table_5.tex,1,runs/v2_ipp_w30_off_axis/metrics_test.json,n.W30.dry_mass_mape,,yes,
table_5.tex,0.1963,runs/v2_ipp_w30_off_axis/metrics_test.json,mean.W30.dry_mass_mape,,yes,
table_5.tex,0.5197,runs/v2_ipp_w30_off_axis/metrics_test.json,mean.W30.dry_mass_mape_coverage_adjusted,,yes,
table_5.tex,0.1316,runs/v2_ipp_w30_off_axis/metrics_test.json,mean.W30.dry_mass_field_total_mape,,yes,
table_5.tex,0.1729,runs/v2_ipp_w30_off_axis/metrics_test.json,mean.W30.area_mape,,yes,
table_5.tex,0.5976,runs/v2_ipp_w30_off_axis/metrics_test.json,mean.W30.detection_recall,,yes,
table_5.tex,0.7855,runs/v2_ipp_w30_off_axis/metrics_test.json,mean.W30.detection_precision,,yes,
table_5.tex,0.8164,runs/v2_ipp_w30_off_axis/metrics_test.json,mean.W30.seg_dice,,yes,
table_5.tex,0.1813,runs/v2_ipp_w30_off_axis/metrics_test.json,mean.W30.phase_mae_rad,,yes,
table_5.tex,1,runs/v2_amplitude_off_axis/metrics_test.json,n.D0.dry_mass_mape,,yes,
table_5.tex,0.1857,runs/v2_amplitude_off_axis/metrics_test.json,mean.D0.dry_mass_mape,,yes,
table_5.tex,0.5157,runs/v2_amplitude_off_axis/metrics_test.json,mean.D0.dry_mass_mape_coverage_adjusted,,yes,
table_5.tex,0.1528,runs/v2_amplitude_off_axis/metrics_test.json,mean.D0.dry_mass_field_total_mape,,yes,
table_5.tex,0.1591,runs/v2_amplitude_off_axis/metrics_test.json,mean.D0.area_mape,,yes,
table_5.tex,0.5948,runs/v2_amplitude_off_axis/metrics_test.json,mean.D0.detection_recall,,yes,
table_5.tex,0.8282,runs/v2_amplitude_off_axis/metrics_test.json,mean.D0.detection_precision,,yes,
table_5.tex,0.8297,runs/v2_amplitude_off_axis/metrics_test.json,mean.D0.seg_dice,,yes,
table_5.tex,0.1633,runs/v2_amplitude_off_axis/metrics_test.json,mean.D0.phase_mae_rad,,yes,
table_5.tex,1,runs/v2_forward_amplitude_off_axis/metrics_test.json,n.D1.dry_mass_mape,,yes,
table_5.tex,0.1855,runs/v2_forward_amplitude_off_axis/metrics_test.json,mean.D1.dry_mass_mape,,yes,
table_5.tex,0.5081,runs/v2_forward_amplitude_off_axis/metrics_test.json,mean.D1.dry_mass_mape_coverage_adjusted,,yes,
table_5.tex,0.1573,runs/v2_forward_amplitude_off_axis/metrics_test.json,mean.D1.dry_mass_field_total_mape,,yes,
table_5.tex,0.1685,runs/v2_forward_amplitude_off_axis/metrics_test.json,mean.D1.area_mape,,yes,
table_5.tex,0.6039,runs/v2_forward_amplitude_off_axis/metrics_test.json,mean.D1.detection_recall,,yes,
table_5.tex,0.8297,runs/v2_forward_amplitude_off_axis/metrics_test.json,mean.D1.detection_precision,,yes,
table_5.tex,0.8318,runs/v2_forward_amplitude_off_axis/metrics_test.json,mean.D1.seg_dice,,yes,
table_5.tex,0.1647,runs/v2_forward_amplitude_off_axis/metrics_test.json,mean.D1.phase_mae_rad,,yes,
table_5.tex,1,runs/v2_learned_z_off_axis/metrics_test.json,n.D2.dry_mass_mape,,yes,
table_5.tex,0.1920,runs/v2_learned_z_off_axis/metrics_test.json,mean.D2.dry_mass_mape,,yes,
table_5.tex,0.5212,runs/v2_learned_z_off_axis/metrics_test.json,mean.D2.dry_mass_mape_coverage_adjusted,,yes,
table_5.tex,0.1599,runs/v2_learned_z_off_axis/metrics_test.json,mean.D2.dry_mass_field_total_mape,,yes,
table_5.tex,0.1583,runs/v2_learned_z_off_axis/metrics_test.json,mean.D2.area_mape,,yes,
table_5.tex,0.5926,runs/v2_learned_z_off_axis/metrics_test.json,mean.D2.detection_recall,,yes,
table_5.tex,0.8248,runs/v2_learned_z_off_axis/metrics_test.json,mean.D2.detection_precision,,yes,
table_5.tex,0.8290,runs/v2_learned_z_off_axis/metrics_test.json,mean.D2.seg_dice,,yes,
table_5.tex,0.1636,runs/v2_learned_z_off_axis/metrics_test.json,mean.D2.phase_mae_rad,,yes,
table_5.tex,1,runs/v2_compact_baseline_off_axis/metrics_test.json,n.KA.dry_mass_mape,,yes,
table_5.tex,0.1740,runs/v2_compact_baseline_off_axis/metrics_test.json,mean.KA.dry_mass_mape,,yes,
table_5.tex,0.5123,runs/v2_compact_baseline_off_axis/metrics_test.json,mean.KA.dry_mass_mape_coverage_adjusted,,yes,
table_5.tex,0.1738,runs/v2_compact_baseline_off_axis/metrics_test.json,mean.KA.dry_mass_field_total_mape,,yes,
table_5.tex,0.1508,runs/v2_compact_baseline_off_axis/metrics_test.json,mean.KA.area_mape,,yes,
table_5.tex,0.5904,runs/v2_compact_baseline_off_axis/metrics_test.json,mean.KA.detection_recall,,yes,
table_5.tex,0.8496,runs/v2_compact_baseline_off_axis/metrics_test.json,mean.KA.detection_precision,,yes,
table_5.tex,0.8345,runs/v2_compact_baseline_off_axis/metrics_test.json,mean.KA.seg_dice,,yes,
table_5.tex,0.1562,runs/v2_compact_baseline_off_axis/metrics_test.json,mean.KA.phase_mae_rad,,yes,
table_5.tex,1,runs/v2_compact_cell_ipp_off_axis/metrics_test.json,n.KB.dry_mass_mape,,yes,
table_5.tex,0.1887,runs/v2_compact_cell_ipp_off_axis/metrics_test.json,mean.KB.dry_mass_mape,,yes,
table_5.tex,0.5088,runs/v2_compact_cell_ipp_off_axis/metrics_test.json,mean.KB.dry_mass_mape_coverage_adjusted,,yes,
table_5.tex,0.1539,runs/v2_compact_cell_ipp_off_axis/metrics_test.json,mean.KB.dry_mass_field_total_mape,,yes,
table_5.tex,0.1656,runs/v2_compact_cell_ipp_off_axis/metrics_test.json,mean.KB.area_mape,,yes,
table_5.tex,0.6055,runs/v2_compact_cell_ipp_off_axis/metrics_test.json,mean.KB.detection_recall,,yes,
table_5.tex,0.8174,runs/v2_compact_cell_ipp_off_axis/metrics_test.json,mean.KB.detection_precision,,yes,
table_5.tex,0.8306,runs/v2_compact_cell_ipp_off_axis/metrics_test.json,mean.KB.seg_dice,,yes,
table_5.tex,0.1652,runs/v2_compact_cell_ipp_off_axis/metrics_test.json,mean.KB.phase_mae_rad,,yes,
table_5.tex,0.1872,runs/v2_ipp_w10_off_axis/metrics_test.json,run.W10.s42.dry_mass_mape,,yes,
table_5.tex,0.1875,runs/v2_cell_ipp_off_axis/metrics_test.json,run.B.s42.dry_mass_mape,,yes,
table_7.tex,0.1742,runs/v2_baseline_off_axis/metrics_test.json; runs/v2_A_seed1337_off_axis/metrics_test.json; runs/v2_A_seed2024_off_axis/metrics_test.json,mean.A.dry_mass_mape,,yes,
table_7.tex,0.0045,runs/v2_baseline_off_axis/metrics_test.json; runs/v2_A_seed1337_off_axis/metrics_test.json; runs/v2_A_seed2024_off_axis/metrics_test.json,sd.A.dry_mass_mape,,yes,
table_7.tex,0.1883,runs/v2_cell_ipp_off_axis/metrics_test.json; runs/v2_B_seed1337_off_axis/metrics_test.json; runs/v2_B_seed2024_off_axis/metrics_test.json,mean.B.dry_mass_mape,,yes,
table_7.tex,0.0052,runs/v2_cell_ipp_off_axis/metrics_test.json; runs/v2_B_seed1337_off_axis/metrics_test.json; runs/v2_B_seed2024_off_axis/metrics_test.json,sd.B.dry_mass_mape,,yes,
table_7.tex,0.1887,runs/v2_image_volume_off_axis/metrics_test.json; runs/v2_B1_seed1337_off_axis/metrics_test.json; runs/v2_B1_seed2024_off_axis/metrics_test.json,mean.B1.dry_mass_mape,,yes,
table_7.tex,0.0013,runs/v2_image_volume_off_axis/metrics_test.json; runs/v2_B1_seed1337_off_axis/metrics_test.json; runs/v2_B1_seed2024_off_axis/metrics_test.json,sd.B1.dry_mass_mape,,yes,
table_7.tex,0.1631,runs/v2_baseline_off_axis/metrics_test.json; runs/v2_A_seed1337_off_axis/metrics_test.json; runs/v2_A_seed2024_off_axis/metrics_test.json,mean.A.dry_mass_field_total_mape,,yes,
table_7.tex,0.0141,runs/v2_baseline_off_axis/metrics_test.json; runs/v2_A_seed1337_off_axis/metrics_test.json; runs/v2_A_seed2024_off_axis/metrics_test.json,sd.A.dry_mass_field_total_mape,,yes,
table_7.tex,0.1676,runs/v2_cell_ipp_off_axis/metrics_test.json; runs/v2_B_seed1337_off_axis/metrics_test.json; runs/v2_B_seed2024_off_axis/metrics_test.json,mean.B.dry_mass_field_total_mape,,yes,
table_7.tex,0.0084,runs/v2_cell_ipp_off_axis/metrics_test.json; runs/v2_B_seed1337_off_axis/metrics_test.json; runs/v2_B_seed2024_off_axis/metrics_test.json,sd.B.dry_mass_field_total_mape,,yes,
table_7.tex,0.1722,runs/v2_image_volume_off_axis/metrics_test.json; runs/v2_B1_seed1337_off_axis/metrics_test.json; runs/v2_B1_seed2024_off_axis/metrics_test.json,mean.B1.dry_mass_field_total_mape,,yes,
table_7.tex,0.0107,runs/v2_image_volume_off_axis/metrics_test.json; runs/v2_B1_seed1337_off_axis/metrics_test.json; runs/v2_B1_seed2024_off_axis/metrics_test.json,sd.B1.dry_mass_field_total_mape,,yes,
table_7.tex,-0.1560,runs/v2_baseline_off_axis/metrics_test.json; runs/v2_A_seed1337_off_axis/metrics_test.json; runs/v2_A_seed2024_off_axis/metrics_test.json,mean.A.dry_mass_field_total_bias,,yes,
table_7.tex,0.0174,runs/v2_baseline_off_axis/metrics_test.json; runs/v2_A_seed1337_off_axis/metrics_test.json; runs/v2_A_seed2024_off_axis/metrics_test.json,sd.A.dry_mass_field_total_bias,,yes,
table_7.tex,-0.1496,runs/v2_cell_ipp_off_axis/metrics_test.json; runs/v2_B_seed1337_off_axis/metrics_test.json; runs/v2_B_seed2024_off_axis/metrics_test.json,mean.B.dry_mass_field_total_bias,,yes,
table_7.tex,0.0181,runs/v2_cell_ipp_off_axis/metrics_test.json; runs/v2_B_seed1337_off_axis/metrics_test.json; runs/v2_B_seed2024_off_axis/metrics_test.json,sd.B.dry_mass_field_total_bias,,yes,
table_7.tex,-0.1667,runs/v2_image_volume_off_axis/metrics_test.json; runs/v2_B1_seed1337_off_axis/metrics_test.json; runs/v2_B1_seed2024_off_axis/metrics_test.json,mean.B1.dry_mass_field_total_bias,,yes,
table_7.tex,0.0078,runs/v2_image_volume_off_axis/metrics_test.json; runs/v2_B1_seed1337_off_axis/metrics_test.json; runs/v2_B1_seed2024_off_axis/metrics_test.json,sd.B1.dry_mass_field_total_bias,,yes,
table_7.tex,0.1568,runs/v2_baseline_off_axis/metrics_test.json; runs/v2_A_seed1337_off_axis/metrics_test.json; runs/v2_A_seed2024_off_axis/metrics_test.json,mean.A.area_mape,,yes,
table_7.tex,0.0027,runs/v2_baseline_off_axis/metrics_test.json; runs/v2_A_seed1337_off_axis/metrics_test.json; runs/v2_A_seed2024_off_axis/metrics_test.json,sd.A.area_mape,,yes,
table_7.tex,0.1679,runs/v2_cell_ipp_off_axis/metrics_test.json; runs/v2_B_seed1337_off_axis/metrics_test.json; runs/v2_B_seed2024_off_axis/metrics_test.json,mean.B.area_mape,,yes,
table_7.tex,0.0059,runs/v2_cell_ipp_off_axis/metrics_test.json; runs/v2_B_seed1337_off_axis/metrics_test.json; runs/v2_B_seed2024_off_axis/metrics_test.json,sd.B.area_mape,,yes,
table_7.tex,0.1597,runs/v2_image_volume_off_axis/metrics_test.json; runs/v2_B1_seed1337_off_axis/metrics_test.json; runs/v2_B1_seed2024_off_axis/metrics_test.json,mean.B1.area_mape,,yes,
table_7.tex,0.0014,runs/v2_image_volume_off_axis/metrics_test.json; runs/v2_B1_seed1337_off_axis/metrics_test.json; runs/v2_B1_seed2024_off_axis/metrics_test.json,sd.B1.area_mape,,yes,
table_7.tex,0.1568,runs/v2_baseline_off_axis/metrics_test.json; runs/v2_A_seed1337_off_axis/metrics_test.json; runs/v2_A_seed2024_off_axis/metrics_test.json,mean.A.phase_mae_rad,,yes,
table_7.tex,0.0023,runs/v2_baseline_off_axis/metrics_test.json; runs/v2_A_seed1337_off_axis/metrics_test.json; runs/v2_A_seed2024_off_axis/metrics_test.json,sd.A.phase_mae_rad,,yes,
table_7.tex,0.1656,runs/v2_cell_ipp_off_axis/metrics_test.json; runs/v2_B_seed1337_off_axis/metrics_test.json; runs/v2_B_seed2024_off_axis/metrics_test.json,mean.B.phase_mae_rad,,yes,
table_7.tex,0.0032,runs/v2_cell_ipp_off_axis/metrics_test.json; runs/v2_B_seed1337_off_axis/metrics_test.json; runs/v2_B_seed2024_off_axis/metrics_test.json,sd.B.phase_mae_rad,,yes,
table_7.tex,0.1644,runs/v2_image_volume_off_axis/metrics_test.json; runs/v2_B1_seed1337_off_axis/metrics_test.json; runs/v2_B1_seed2024_off_axis/metrics_test.json,mean.B1.phase_mae_rad,,yes,
table_7.tex,0.0015,runs/v2_image_volume_off_axis/metrics_test.json; runs/v2_B1_seed1337_off_axis/metrics_test.json; runs/v2_B1_seed2024_off_axis/metrics_test.json,sd.B1.phase_mae_rad,,yes,
table_7.tex,0.2689,runs/v2_baseline_off_axis/metrics_test.json; runs/v2_A_seed1337_off_axis/metrics_test.json; runs/v2_A_seed2024_off_axis/metrics_test.json,mean.A.phase_mae_rad_in_cell,,yes,
table_7.tex,0.0056,runs/v2_baseline_off_axis/metrics_test.json; runs/v2_A_seed1337_off_axis/metrics_test.json; runs/v2_A_seed2024_off_axis/metrics_test.json,sd.A.phase_mae_rad_in_cell,,yes,
table_7.tex,0.2876,runs/v2_cell_ipp_off_axis/metrics_test.json; runs/v2_B_seed1337_off_axis/metrics_test.json; runs/v2_B_seed2024_off_axis/metrics_test.json,mean.B.phase_mae_rad_in_cell,,yes,
table_7.tex,0.0064,runs/v2_cell_ipp_off_axis/metrics_test.json; runs/v2_B_seed1337_off_axis/metrics_test.json; runs/v2_B_seed2024_off_axis/metrics_test.json,sd.B.phase_mae_rad_in_cell,,yes,
table_7.tex,0.2946,runs/v2_image_volume_off_axis/metrics_test.json; runs/v2_B1_seed1337_off_axis/metrics_test.json; runs/v2_B1_seed2024_off_axis/metrics_test.json,mean.B1.phase_mae_rad_in_cell,,yes,
table_7.tex,0.0039,runs/v2_image_volume_off_axis/metrics_test.json; runs/v2_B1_seed1337_off_axis/metrics_test.json; runs/v2_B1_seed2024_off_axis/metrics_test.json,sd.B1.phase_mae_rad_in_cell,,yes,
table_7.tex,0.8741,runs/v2_baseline_off_axis/metrics_test.json; runs/v2_A_seed1337_off_axis/metrics_test.json; runs/v2_A_seed2024_off_axis/metrics_test.json,mean.A.phase_pearson_r,,yes,
table_7.tex,0.0023,runs/v2_baseline_off_axis/metrics_test.json; runs/v2_A_seed1337_off_axis/metrics_test.json; runs/v2_A_seed2024_off_axis/metrics_test.json,sd.A.phase_pearson_r,,yes,
table_7.tex,0.8636,runs/v2_cell_ipp_off_axis/metrics_test.json; runs/v2_B_seed1337_off_axis/metrics_test.json; runs/v2_B_seed2024_off_axis/metrics_test.json,mean.B.phase_pearson_r,,yes,
table_7.tex,0.0019,runs/v2_cell_ipp_off_axis/metrics_test.json; runs/v2_B_seed1337_off_axis/metrics_test.json; runs/v2_B_seed2024_off_axis/metrics_test.json,sd.B.phase_pearson_r,,yes,
table_7.tex,0.8655,runs/v2_image_volume_off_axis/metrics_test.json; runs/v2_B1_seed1337_off_axis/metrics_test.json; runs/v2_B1_seed2024_off_axis/metrics_test.json,mean.B1.phase_pearson_r,,yes,
table_7.tex,0.0005,runs/v2_image_volume_off_axis/metrics_test.json; runs/v2_B1_seed1337_off_axis/metrics_test.json; runs/v2_B1_seed2024_off_axis/metrics_test.json,sd.B1.phase_pearson_r,,yes,
table_7.tex,0.8337,runs/v2_baseline_off_axis/metrics_test.json; runs/v2_A_seed1337_off_axis/metrics_test.json; runs/v2_A_seed2024_off_axis/metrics_test.json,mean.A.seg_dice,,yes,
table_7.tex,0.0013,runs/v2_baseline_off_axis/metrics_test.json; runs/v2_A_seed1337_off_axis/metrics_test.json; runs/v2_A_seed2024_off_axis/metrics_test.json,sd.A.seg_dice,,yes,
table_7.tex,0.8294,runs/v2_cell_ipp_off_axis/metrics_test.json; runs/v2_B_seed1337_off_axis/metrics_test.json; runs/v2_B_seed2024_off_axis/metrics_test.json,mean.B.seg_dice,,yes,
table_7.tex,0.0032,runs/v2_cell_ipp_off_axis/metrics_test.json; runs/v2_B_seed1337_off_axis/metrics_test.json; runs/v2_B_seed2024_off_axis/metrics_test.json,sd.B.seg_dice,,yes,
table_7.tex,0.8294,runs/v2_image_volume_off_axis/metrics_test.json; runs/v2_B1_seed1337_off_axis/metrics_test.json; runs/v2_B1_seed2024_off_axis/metrics_test.json,mean.B1.seg_dice,,yes,
table_7.tex,0.0004,runs/v2_image_volume_off_axis/metrics_test.json; runs/v2_B1_seed1337_off_axis/metrics_test.json; runs/v2_B1_seed2024_off_axis/metrics_test.json,sd.B1.seg_dice,,yes,
table_7.tex,0.6710,runs/v2_baseline_off_axis/metrics_test.json; runs/v2_A_seed1337_off_axis/metrics_test.json; runs/v2_A_seed2024_off_axis/metrics_test.json,mean.A.seg_aji,,yes,
table_7.tex,0.0025,runs/v2_baseline_off_axis/metrics_test.json; runs/v2_A_seed1337_off_axis/metrics_test.json; runs/v2_A_seed2024_off_axis/metrics_test.json,sd.A.seg_aji,,yes,
table_7.tex,0.6616,runs/v2_cell_ipp_off_axis/metrics_test.json; runs/v2_B_seed1337_off_axis/metrics_test.json; runs/v2_B_seed2024_off_axis/metrics_test.json,mean.B.seg_aji,,yes,
table_7.tex,0.0059,runs/v2_cell_ipp_off_axis/metrics_test.json; runs/v2_B_seed1337_off_axis/metrics_test.json; runs/v2_B_seed2024_off_axis/metrics_test.json,sd.B.seg_aji,,yes,
table_7.tex,0.6632,runs/v2_image_volume_off_axis/metrics_test.json; runs/v2_B1_seed1337_off_axis/metrics_test.json; runs/v2_B1_seed2024_off_axis/metrics_test.json,mean.B1.seg_aji,,yes,
table_7.tex,0.0009,runs/v2_image_volume_off_axis/metrics_test.json; runs/v2_B1_seed1337_off_axis/metrics_test.json; runs/v2_B1_seed2024_off_axis/metrics_test.json,sd.B1.seg_aji,,yes,
table_7.tex,0.4687,runs/v2_baseline_off_axis/metrics_test.json; runs/v2_A_seed1337_off_axis/metrics_test.json; runs/v2_A_seed2024_off_axis/metrics_test.json,mean.A.seg_boundary_f1,,yes,
table_7.tex,0.0053,runs/v2_baseline_off_axis/metrics_test.json; runs/v2_A_seed1337_off_axis/metrics_test.json; runs/v2_A_seed2024_off_axis/metrics_test.json,sd.A.seg_boundary_f1,,yes,
table_7.tex,0.4518,runs/v2_cell_ipp_off_axis/metrics_test.json; runs/v2_B_seed1337_off_axis/metrics_test.json; runs/v2_B_seed2024_off_axis/metrics_test.json,mean.B.seg_boundary_f1,,yes,
table_7.tex,0.0093,runs/v2_cell_ipp_off_axis/metrics_test.json; runs/v2_B_seed1337_off_axis/metrics_test.json; runs/v2_B_seed2024_off_axis/metrics_test.json,sd.B.seg_boundary_f1,,yes,
table_7.tex,0.4477,runs/v2_image_volume_off_axis/metrics_test.json; runs/v2_B1_seed1337_off_axis/metrics_test.json; runs/v2_B1_seed2024_off_axis/metrics_test.json,mean.B1.seg_boundary_f1,,yes,
table_7.tex,0.0028,runs/v2_image_volume_off_axis/metrics_test.json; runs/v2_B1_seed1337_off_axis/metrics_test.json; runs/v2_B1_seed2024_off_axis/metrics_test.json,sd.B1.seg_boundary_f1,,yes,
table_7.tex,0.5931,runs/v2_baseline_off_axis/metrics_test.json; runs/v2_A_seed1337_off_axis/metrics_test.json; runs/v2_A_seed2024_off_axis/metrics_test.json,mean.A.detection_recall,,yes,
table_7.tex,0.0027,runs/v2_baseline_off_axis/metrics_test.json; runs/v2_A_seed1337_off_axis/metrics_test.json; runs/v2_A_seed2024_off_axis/metrics_test.json,sd.A.detection_recall,,yes,
table_7.tex,0.6006,runs/v2_cell_ipp_off_axis/metrics_test.json; runs/v2_B_seed1337_off_axis/metrics_test.json; runs/v2_B_seed2024_off_axis/metrics_test.json,mean.B.detection_recall,,yes,
table_7.tex,0.0034,runs/v2_cell_ipp_off_axis/metrics_test.json; runs/v2_B_seed1337_off_axis/metrics_test.json; runs/v2_B_seed2024_off_axis/metrics_test.json,sd.B.detection_recall,,yes,
table_7.tex,0.5889,runs/v2_image_volume_off_axis/metrics_test.json; runs/v2_B1_seed1337_off_axis/metrics_test.json; runs/v2_B1_seed2024_off_axis/metrics_test.json,mean.B1.detection_recall,,yes,
table_7.tex,0.0013,runs/v2_image_volume_off_axis/metrics_test.json; runs/v2_B1_seed1337_off_axis/metrics_test.json; runs/v2_B1_seed2024_off_axis/metrics_test.json,sd.B1.detection_recall,,yes,
table_7.tex,0.8488,runs/v2_baseline_off_axis/metrics_test.json; runs/v2_A_seed1337_off_axis/metrics_test.json; runs/v2_A_seed2024_off_axis/metrics_test.json,mean.A.detection_precision,,yes,
table_7.tex,0.0124,runs/v2_baseline_off_axis/metrics_test.json; runs/v2_A_seed1337_off_axis/metrics_test.json; runs/v2_A_seed2024_off_axis/metrics_test.json,sd.A.detection_precision,,yes,
table_7.tex,0.8077,runs/v2_cell_ipp_off_axis/metrics_test.json; runs/v2_B_seed1337_off_axis/metrics_test.json; runs/v2_B_seed2024_off_axis/metrics_test.json,mean.B.detection_precision,,yes,
table_7.tex,0.0138,runs/v2_cell_ipp_off_axis/metrics_test.json; runs/v2_B_seed1337_off_axis/metrics_test.json; runs/v2_B_seed2024_off_axis/metrics_test.json,sd.B.detection_precision,,yes,
table_7.tex,0.8460,runs/v2_image_volume_off_axis/metrics_test.json; runs/v2_B1_seed1337_off_axis/metrics_test.json; runs/v2_B1_seed2024_off_axis/metrics_test.json,mean.B1.detection_precision,,yes,
table_7.tex,0.0100,runs/v2_image_volume_off_axis/metrics_test.json; runs/v2_B1_seed1337_off_axis/metrics_test.json; runs/v2_B1_seed2024_off_axis/metrics_test.json,sd.B1.detection_precision,,yes,
table_7.tex,337,runs/v2_baseline_off_axis/metrics_test.json; runs/v2_A_seed1337_off_axis/metrics_test.json; runs/v2_A_seed2024_off_axis/metrics_test.json,mean.A.cells_false_positive,,yes,
table_7.tex,32,runs/v2_baseline_off_axis/metrics_test.json; runs/v2_A_seed1337_off_axis/metrics_test.json; runs/v2_A_seed2024_off_axis/metrics_test.json,sd.A.cells_false_positive,,yes,
table_7.tex,456,runs/v2_cell_ipp_off_axis/metrics_test.json; runs/v2_B_seed1337_off_axis/metrics_test.json; runs/v2_B_seed2024_off_axis/metrics_test.json,mean.B.cells_false_positive,,yes,
table_7.tex,40,runs/v2_cell_ipp_off_axis/metrics_test.json; runs/v2_B_seed1337_off_axis/metrics_test.json; runs/v2_B_seed2024_off_axis/metrics_test.json,sd.B.cells_false_positive,,yes,
table_7.tex,342,runs/v2_image_volume_off_axis/metrics_test.json; runs/v2_B1_seed1337_off_axis/metrics_test.json; runs/v2_B1_seed2024_off_axis/metrics_test.json,mean.B1.cells_false_positive,,yes,
table_7.tex,27,runs/v2_image_volume_off_axis/metrics_test.json; runs/v2_B1_seed1337_off_axis/metrics_test.json; runs/v2_B1_seed2024_off_axis/metrics_test.json,sd.B1.cells_false_positive,,yes,
table_7.tex,+0.0141,runs/*/metrics_test.json,cmp.B_vs_A.dry_mass_mape.diff,,yes,
table_7.tex,0.0097,runs/*/metrics_test.json,cmp.B_vs_A.dry_mass_mape.thr,,yes,
table_7.tex,+0.0045,runs/*/metrics_test.json,cmp.B_vs_A.dry_mass_field_total_mape.diff,,yes,
table_7.tex,0.0232,runs/*/metrics_test.json,cmp.B_vs_A.dry_mass_field_total_mape.thr,,yes,
table_7.tex,+0.0145,runs/*/metrics_test.json,cmp.B1_vs_A.dry_mass_mape.diff,,yes,
table_7.tex,0.0066,runs/*/metrics_test.json,cmp.B1_vs_A.dry_mass_mape.thr,,yes,
table_7.tex,+0.0091,runs/*/metrics_test.json,cmp.B1_vs_A.dry_mass_field_total_mape.diff,,yes,
table_7.tex,0.0250,runs/*/metrics_test.json,cmp.B1_vs_A.dry_mass_field_total_mape.thr,,yes,
table_7.tex,+0.0004,runs/*/metrics_test.json,cmp.B1_vs_B.dry_mass_mape.diff,,yes,
table_7.tex,0.0076,runs/*/metrics_test.json,cmp.B1_vs_B.dry_mass_mape.thr,,yes,
table_7.tex,+0.0046,runs/*/metrics_test.json,cmp.B1_vs_B.dry_mass_field_total_mape.diff,,yes,
table_7.tex,0.0193,runs/*/metrics_test.json,cmp.B1_vs_B.dry_mass_field_total_mape.thr,,yes,
table_7.tex,-0.0033,runs/*/metrics_test.json,cmp.B2_vs_B.dry_mass_mape.diff,,yes,
table_7.tex,+0.0020,runs/*/metrics_test.json,cmp.B2_vs_B.dry_mass_field_total_mape.diff,,yes,
table_7.tex,+0.0038,runs/*/metrics_test.json,cmp.C_vs_B.dry_mass_mape.diff,,yes,
table_7.tex,-0.0025,runs/*/metrics_test.json,cmp.C_vs_B.dry_mass_field_total_mape.diff,,yes,
table_7.tex,+0.0012,runs/*/metrics_test.json,cmp.W01_vs_A.dry_mass_mape.diff,,yes,
table_7.tex,+0.0199,runs/*/metrics_test.json,cmp.W01_vs_A.dry_mass_field_total_mape.diff,,yes,
table_7.tex,+0.0138,runs/*/metrics_test.json,cmp.W03_vs_A.dry_mass_mape.diff,,yes,
table_7.tex,+0.0322,runs/*/metrics_test.json,cmp.W03_vs_A.dry_mass_field_total_mape.diff,,yes,
table_7.tex,+0.0221,runs/*/metrics_test.json,cmp.W30_vs_A.dry_mass_mape.diff,,yes,
table_7.tex,-0.0315,runs/*/metrics_test.json,cmp.W30_vs_A.dry_mass_field_total_mape.diff,,yes,
table_7.tex,-0.0026,runs/*/metrics_test.json,cmp.D0_vs_B.dry_mass_mape.diff,,yes,
table_7.tex,-0.0148,runs/*/metrics_test.json,cmp.D0_vs_B.dry_mass_field_total_mape.diff,,yes,
table_7.tex,-0.0002,runs/*/metrics_test.json,cmp.D1_vs_D0.dry_mass_mape.diff,,yes,
table_7.tex,+0.0046,runs/*/metrics_test.json,cmp.D1_vs_D0.dry_mass_field_total_mape.diff,,yes,
table_7.tex,+0.0065,runs/*/metrics_test.json,cmp.D2_vs_D1.dry_mass_mape.diff,,yes,
table_7.tex,+0.0025,runs/*/metrics_test.json,cmp.D2_vs_D1.dry_mass_field_total_mape.diff,,yes,
table_7.tex,-0.0002,runs/*/metrics_test.json,cmp.KA_vs_A.dry_mass_mape.diff,,yes,
table_7.tex,+0.0107,runs/*/metrics_test.json,cmp.KA_vs_A.dry_mass_field_total_mape.diff,,yes,
table_7.tex,+0.0003,runs/*/metrics_test.json,cmp.KB_vs_B.dry_mass_mape.diff,,yes,
table_7.tex,-0.0137,runs/*/metrics_test.json,cmp.KB_vs_B.dry_mass_field_total_mape.diff,,yes,
table_6.tex,0.1568,runs/v2_baseline_off_axis/metrics_test.json; runs/v2_A_seed1337_off_axis/metrics_test.json; runs/v2_A_seed2024_off_axis/metrics_test.json,mean.A.area_mape,,yes,
table_6.tex,0.0027,runs/v2_baseline_off_axis/metrics_test.json; runs/v2_A_seed1337_off_axis/metrics_test.json; runs/v2_A_seed2024_off_axis/metrics_test.json,sd.A.area_mape,,yes,
table_6.tex,0.1471,runs/v2_baseline_off_axis/metrics_test.json,run.A.s42.area_mape_ci_lower,,yes,
table_6.tex,0.1663,runs/v2_baseline_off_axis/metrics_test.json,run.A.s42.area_mape_ci_upper,,yes,
table_6.tex,0.4999,runs/v2_baseline_off_axis/metrics_test.json; runs/v2_A_seed1337_off_axis/metrics_test.json; runs/v2_A_seed2024_off_axis/metrics_test.json,mean.A.area_mape_coverage_adjusted,,yes,
table_6.tex,0.0036,runs/v2_baseline_off_axis/metrics_test.json; runs/v2_A_seed1337_off_axis/metrics_test.json; runs/v2_A_seed2024_off_axis/metrics_test.json,sd.A.area_mape_coverage_adjusted,,yes,
table_6.tex,0.8986,runs/v2_baseline_off_axis/metrics_test.json; runs/v2_A_seed1337_off_axis/metrics_test.json; runs/v2_A_seed2024_off_axis/metrics_test.json,mean.A.area_cell_pearson_r,,yes,
table_6.tex,0.0011,runs/v2_baseline_off_axis/metrics_test.json; runs/v2_A_seed1337_off_axis/metrics_test.json; runs/v2_A_seed2024_off_axis/metrics_test.json,sd.A.area_cell_pearson_r,,yes,
table_6.tex,0.0571,runs/v2_baseline_off_axis/metrics_test.json; runs/v2_A_seed1337_off_axis/metrics_test.json; runs/v2_A_seed2024_off_axis/metrics_test.json,mean.A.circularity_mape,,yes,
table_6.tex,0.0027,runs/v2_baseline_off_axis/metrics_test.json; runs/v2_A_seed1337_off_axis/metrics_test.json; runs/v2_A_seed2024_off_axis/metrics_test.json,sd.A.circularity_mape,,yes,
table_6.tex,0.0493,runs/v2_baseline_off_axis/metrics_test.json,run.A.s42.circularity_mape_ci_lower,,yes,
table_6.tex,0.0633,runs/v2_baseline_off_axis/metrics_test.json,run.A.s42.circularity_mape_ci_upper,,yes,
table_6.tex,0.4408,runs/v2_baseline_off_axis/metrics_test.json; runs/v2_A_seed1337_off_axis/metrics_test.json; runs/v2_A_seed2024_off_axis/metrics_test.json,mean.A.circularity_mape_coverage_adjusted,,yes,
table_6.tex,0.0039,runs/v2_baseline_off_axis/metrics_test.json; runs/v2_A_seed1337_off_axis/metrics_test.json; runs/v2_A_seed2024_off_axis/metrics_test.json,sd.A.circularity_mape_coverage_adjusted,,yes,
table_6.tex,0.8861,runs/v2_baseline_off_axis/metrics_test.json; runs/v2_A_seed1337_off_axis/metrics_test.json; runs/v2_A_seed2024_off_axis/metrics_test.json,mean.A.circularity_cell_pearson_r,,yes,
table_6.tex,0.0072,runs/v2_baseline_off_axis/metrics_test.json; runs/v2_A_seed1337_off_axis/metrics_test.json; runs/v2_A_seed2024_off_axis/metrics_test.json,sd.A.circularity_cell_pearson_r,,yes,
table_6.tex,0.1742,runs/v2_baseline_off_axis/metrics_test.json; runs/v2_A_seed1337_off_axis/metrics_test.json; runs/v2_A_seed2024_off_axis/metrics_test.json,mean.A.dry_mass_mape,,yes,
table_6.tex,0.0045,runs/v2_baseline_off_axis/metrics_test.json; runs/v2_A_seed1337_off_axis/metrics_test.json; runs/v2_A_seed2024_off_axis/metrics_test.json,sd.A.dry_mass_mape,,yes,
table_6.tex,0.1650,runs/v2_baseline_off_axis/metrics_test.json,run.A.s42.dry_mass_mape_ci_lower,,yes,
table_6.tex,0.1849,runs/v2_baseline_off_axis/metrics_test.json,run.A.s42.dry_mass_mape_ci_upper,,yes,
table_6.tex,0.5102,runs/v2_baseline_off_axis/metrics_test.json; runs/v2_A_seed1337_off_axis/metrics_test.json; runs/v2_A_seed2024_off_axis/metrics_test.json,mean.A.dry_mass_mape_coverage_adjusted,,yes,
table_6.tex,0.0041,runs/v2_baseline_off_axis/metrics_test.json; runs/v2_A_seed1337_off_axis/metrics_test.json; runs/v2_A_seed2024_off_axis/metrics_test.json,sd.A.dry_mass_mape_coverage_adjusted,,yes,
table_6.tex,0.9363,runs/v2_baseline_off_axis/metrics_test.json; runs/v2_A_seed1337_off_axis/metrics_test.json; runs/v2_A_seed2024_off_axis/metrics_test.json,mean.A.dry_mass_cell_pearson_r,,yes,
table_6.tex,0.0007,runs/v2_baseline_off_axis/metrics_test.json; runs/v2_A_seed1337_off_axis/metrics_test.json; runs/v2_A_seed2024_off_axis/metrics_test.json,sd.A.dry_mass_cell_pearson_r,,yes,
table_6.tex,-0.162,runs/v2_baseline_off_axis/metrics_test.json; runs/v2_A_seed1337_off_axis/metrics_test.json; runs/v2_A_seed2024_off_axis/metrics_test.json,mean.A.area_loa_lower,,yes,
table_6.tex,+0.292,runs/v2_baseline_off_axis/metrics_test.json; runs/v2_A_seed1337_off_axis/metrics_test.json; runs/v2_A_seed2024_off_axis/metrics_test.json,mean.A.area_loa_upper,,yes,
table_6.tex,-0.0901,runs/v2_baseline_off_axis/metrics_test.json; runs/v2_A_seed1337_off_axis/metrics_test.json; runs/v2_A_seed2024_off_axis/metrics_test.json,mean.A.area_field_total_bias,,yes,
table_6.tex,0.0037,runs/v2_baseline_off_axis/metrics_test.json; runs/v2_A_seed1337_off_axis/metrics_test.json; runs/v2_A_seed2024_off_axis/metrics_test.json,sd.A.area_field_total_bias,,yes,
table_6.tex,0.1553,runs/v2_baseline_off_axis/metrics_test.json; runs/v2_A_seed1337_off_axis/metrics_test.json; runs/v2_A_seed2024_off_axis/metrics_test.json,mean.A.area_field_total_mape,,yes,
table_6.tex,0.0047,runs/v2_baseline_off_axis/metrics_test.json; runs/v2_A_seed1337_off_axis/metrics_test.json; runs/v2_A_seed2024_off_axis/metrics_test.json,sd.A.area_field_total_mape,,yes,
table_6.tex,0.9341,runs/v2_baseline_off_axis/metrics_test.json; runs/v2_A_seed1337_off_axis/metrics_test.json; runs/v2_A_seed2024_off_axis/metrics_test.json,mean.A.area_field_total_pearson_r,,yes,
table_6.tex,0.0043,runs/v2_baseline_off_axis/metrics_test.json; runs/v2_A_seed1337_off_axis/metrics_test.json; runs/v2_A_seed2024_off_axis/metrics_test.json,sd.A.area_field_total_pearson_r,,yes,
table_6.tex,+0.0649,runs/v2_baseline_off_axis/metrics_test.json; runs/v2_A_seed1337_off_axis/metrics_test.json; runs/v2_A_seed2024_off_axis/metrics_test.json,mean.A.area_relative_bias,,yes,
table_6.tex,0.0028,runs/v2_baseline_off_axis/metrics_test.json; runs/v2_A_seed1337_off_axis/metrics_test.json; runs/v2_A_seed2024_off_axis/metrics_test.json,sd.A.area_relative_bias,,yes,
table_6.tex,-0.054,runs/v2_baseline_off_axis/metrics_test.json; runs/v2_A_seed1337_off_axis/metrics_test.json; runs/v2_A_seed2024_off_axis/metrics_test.json,mean.A.circularity_loa_lower,,yes,
table_6.tex,+0.097,runs/v2_baseline_off_axis/metrics_test.json; runs/v2_A_seed1337_off_axis/metrics_test.json; runs/v2_A_seed2024_off_axis/metrics_test.json,mean.A.circularity_loa_upper,,yes,
table_6.tex,+0.0217,runs/v2_baseline_off_axis/metrics_test.json; runs/v2_A_seed1337_off_axis/metrics_test.json; runs/v2_A_seed2024_off_axis/metrics_test.json,mean.A.circularity_relative_bias,,yes,
table_6.tex,0.0057,runs/v2_baseline_off_axis/metrics_test.json; runs/v2_A_seed1337_off_axis/metrics_test.json; runs/v2_A_seed2024_off_axis/metrics_test.json,sd.A.circularity_relative_bias,,yes,
table_6.tex,-0.247,runs/v2_baseline_off_axis/metrics_test.json; runs/v2_A_seed1337_off_axis/metrics_test.json; runs/v2_A_seed2024_off_axis/metrics_test.json,mean.A.dry_mass_loa_lower,,yes,
table_6.tex,+0.172,runs/v2_baseline_off_axis/metrics_test.json; runs/v2_A_seed1337_off_axis/metrics_test.json; runs/v2_A_seed2024_off_axis/metrics_test.json,mean.A.dry_mass_loa_upper,,yes,
table_6.tex,-0.1560,runs/v2_baseline_off_axis/metrics_test.json; runs/v2_A_seed1337_off_axis/metrics_test.json; runs/v2_A_seed2024_off_axis/metrics_test.json,mean.A.dry_mass_field_total_bias,,yes,
table_6.tex,0.0174,runs/v2_baseline_off_axis/metrics_test.json; runs/v2_A_seed1337_off_axis/metrics_test.json; runs/v2_A_seed2024_off_axis/metrics_test.json,sd.A.dry_mass_field_total_bias,,yes,
table_6.tex,0.1631,runs/v2_baseline_off_axis/metrics_test.json; runs/v2_A_seed1337_off_axis/metrics_test.json; runs/v2_A_seed2024_off_axis/metrics_test.json,mean.A.dry_mass_field_total_mape,,yes,
table_6.tex,0.0141,runs/v2_baseline_off_axis/metrics_test.json; runs/v2_A_seed1337_off_axis/metrics_test.json; runs/v2_A_seed2024_off_axis/metrics_test.json,sd.A.dry_mass_field_total_mape,,yes,
table_6.tex,0.9883,runs/v2_baseline_off_axis/metrics_test.json; runs/v2_A_seed1337_off_axis/metrics_test.json; runs/v2_A_seed2024_off_axis/metrics_test.json,mean.A.dry_mass_field_total_pearson_r,,yes,
table_6.tex,0.0007,runs/v2_baseline_off_axis/metrics_test.json; runs/v2_A_seed1337_off_axis/metrics_test.json; runs/v2_A_seed2024_off_axis/metrics_test.json,sd.A.dry_mass_field_total_pearson_r,,yes,
table_6.tex,-0.0372,runs/v2_baseline_off_axis/metrics_test.json; runs/v2_A_seed1337_off_axis/metrics_test.json; runs/v2_A_seed2024_off_axis/metrics_test.json,mean.A.dry_mass_relative_bias,,yes,
table_6.tex,0.0172,runs/v2_baseline_off_axis/metrics_test.json; runs/v2_A_seed1337_off_axis/metrics_test.json; runs/v2_A_seed2024_off_axis/metrics_test.json,sd.A.dry_mass_relative_bias,,yes,
table_8.tex,0.0651,runs/v2_amplitude_off_axis/metrics_test.json,amp.D0.amplitude_mae,,yes,
table_8.tex,0.0665,runs/v2_forward_amplitude_off_axis/metrics_test.json,amp.D1.amplitude_mae,,yes,
table_8.tex,0.0651,runs/v2_learned_z_off_axis/metrics_test.json,amp.D2.amplitude_mae,,yes,
table_8.tex,0.1469,runs/v2_amplitude_off_axis/metrics_test.json,amp.D0.amplitude_unity_mae,,yes,
table_8.tex,0.1469,runs/v2_forward_amplitude_off_axis/metrics_test.json,amp.D1.amplitude_unity_mae,,yes,
table_8.tex,0.1469,runs/v2_learned_z_off_axis/metrics_test.json,amp.D2.amplitude_unity_mae,,yes,
table_8.tex,0.4429,runs/v2_amplitude_off_axis/metrics_test.json,amp.D0.amplitude_mae_over_unity,,yes,
table_8.tex,0.4526,runs/v2_forward_amplitude_off_axis/metrics_test.json,amp.D1.amplitude_mae_over_unity,,yes,
table_8.tex,0.4436,runs/v2_learned_z_off_axis/metrics_test.json,amp.D2.amplitude_mae_over_unity,,yes,
table_8.tex,0.0906,runs/v2_amplitude_off_axis/metrics_test.json,amp.D0.amplitude_mae_in_cell,,yes,
table_8.tex,0.0922,runs/v2_forward_amplitude_off_axis/metrics_test.json,amp.D1.amplitude_mae_in_cell,,yes,
table_8.tex,0.0898,runs/v2_learned_z_off_axis/metrics_test.json,amp.D2.amplitude_mae_in_cell,,yes,
table_8.tex,+0.0339,runs/v2_amplitude_off_axis/metrics_test.json,amp.D0.amplitude_bias,,yes,
table_8.tex,+0.0378,runs/v2_forward_amplitude_off_axis/metrics_test.json,amp.D1.amplitude_bias,,yes,
table_8.tex,+0.0323,runs/v2_learned_z_off_axis/metrics_test.json,amp.D2.amplitude_bias,,yes,
table_8.tex,0.9047,runs/v2_amplitude_off_axis/metrics_test.json,amp.D0.amplitude_pearson_r,,yes,
table_8.tex,0.9064,runs/v2_forward_amplitude_off_axis/metrics_test.json,amp.D1.amplitude_pearson_r,,yes,
table_8.tex,0.9045,runs/v2_learned_z_off_axis/metrics_test.json,amp.D2.amplitude_pearson_r,,yes,
table_8.tex,1.0324,runs/v2_amplitude_off_axis/metrics_test.json,amp.D0.amplitude_pred_mean,,yes,
table_8.tex,1.0363,runs/v2_forward_amplitude_off_axis/metrics_test.json,amp.D1.amplitude_pred_mean,,yes,
table_8.tex,1.0308,runs/v2_learned_z_off_axis/metrics_test.json,amp.D2.amplitude_pred_mean,,yes,
table_8.tex,0.1207,runs/v2_amplitude_off_axis/metrics_test.json,amp.D0.amplitude_pred_sd,,yes,
table_8.tex,0.1223,runs/v2_forward_amplitude_off_axis/metrics_test.json,amp.D1.amplitude_pred_sd,,yes,
table_8.tex,0.1200,runs/v2_learned_z_off_axis/metrics_test.json,amp.D2.amplitude_pred_sd,,yes,
table_8.tex,0.9985,runs/v2_amplitude_off_axis/metrics_test.json,amp.D0.amplitude_reference_mean,,yes,
table_8.tex,0.9985,runs/v2_forward_amplitude_off_axis/metrics_test.json,amp.D1.amplitude_reference_mean,,yes,
table_8.tex,0.9985,runs/v2_learned_z_off_axis/metrics_test.json,amp.D2.amplitude_reference_mean,,yes,
table_8.tex,0.8948,runs/v2_baseline_off_axis/metrics_test.json; runs/v2_A_seed1337_off_axis/metrics_test.json; runs/v2_A_seed2024_off_axis/metrics_test.json,mean.A.forward_residual,,yes,
table_8.tex,0.0002,runs/v2_baseline_off_axis/metrics_test.json; runs/v2_A_seed1337_off_axis/metrics_test.json; runs/v2_A_seed2024_off_axis/metrics_test.json,sd.A.forward_residual,,yes,
table_8.tex,0.8968,runs/v2_cell_ipp_off_axis/metrics_test.json; runs/v2_B_seed1337_off_axis/metrics_test.json; runs/v2_B_seed2024_off_axis/metrics_test.json,mean.B.forward_residual,,yes,
table_8.tex,0.0005,runs/v2_cell_ipp_off_axis/metrics_test.json; runs/v2_B_seed1337_off_axis/metrics_test.json; runs/v2_B_seed2024_off_axis/metrics_test.json,sd.B.forward_residual,,yes,
table_8.tex,0.8699,runs/v2_amplitude_off_axis/metrics_test.json,mean.D0.forward_residual,,yes,
table_8.tex,0.8702,runs/v2_forward_amplitude_off_axis/metrics_test.json,mean.D1.forward_residual,,yes,
table_8.tex,0.8699,runs/v2_learned_z_off_axis/metrics_test.json,mean.D2.forward_residual,,yes,
table_8.tex,0.8914,runs/v2_baseline_off_axis/metrics_test.json; runs/v2_A_seed1337_off_axis/metrics_test.json; runs/v2_A_seed2024_off_axis/metrics_test.json,mean.A.forward_residual_reference,,yes,
table_8.tex,0.0000,runs/v2_baseline_off_axis/metrics_test.json; runs/v2_A_seed1337_off_axis/metrics_test.json; runs/v2_A_seed2024_off_axis/metrics_test.json,sd.A.forward_residual_reference,,yes,
table_8.tex,0.8914,runs/v2_cell_ipp_off_axis/metrics_test.json; runs/v2_B_seed1337_off_axis/metrics_test.json; runs/v2_B_seed2024_off_axis/metrics_test.json,mean.B.forward_residual_reference,,yes,
table_8.tex,0.0000,runs/v2_cell_ipp_off_axis/metrics_test.json; runs/v2_B_seed1337_off_axis/metrics_test.json; runs/v2_B_seed2024_off_axis/metrics_test.json,sd.B.forward_residual_reference,,yes,
table_8.tex,0.8647,runs/v2_amplitude_off_axis/metrics_test.json,mean.D0.forward_residual_reference,,yes,
table_8.tex,0.8643,runs/v2_forward_amplitude_off_axis/metrics_test.json,mean.D1.forward_residual_reference,,yes,
table_8.tex,0.8640,runs/v2_learned_z_off_axis/metrics_test.json,mean.D2.forward_residual_reference,,yes,
table_8.tex,1.0039,runs/v2_baseline_off_axis/metrics_test.json; runs/v2_A_seed1337_off_axis/metrics_test.json; runs/v2_A_seed2024_off_axis/metrics_test.json,mean.A.forward_residual_ratio,,yes,
table_8.tex,0.0002,runs/v2_baseline_off_axis/metrics_test.json; runs/v2_A_seed1337_off_axis/metrics_test.json; runs/v2_A_seed2024_off_axis/metrics_test.json,sd.A.forward_residual_ratio,,yes,
table_8.tex,1.0061,runs/v2_cell_ipp_off_axis/metrics_test.json; runs/v2_B_seed1337_off_axis/metrics_test.json; runs/v2_B_seed2024_off_axis/metrics_test.json,mean.B.forward_residual_ratio,,yes,
table_8.tex,0.0005,runs/v2_cell_ipp_off_axis/metrics_test.json; runs/v2_B_seed1337_off_axis/metrics_test.json; runs/v2_B_seed2024_off_axis/metrics_test.json,sd.B.forward_residual_ratio,,yes,
table_8.tex,1.0061,runs/v2_amplitude_off_axis/metrics_test.json,mean.D0.forward_residual_ratio,,yes,
table_8.tex,1.0068,runs/v2_forward_amplitude_off_axis/metrics_test.json,mean.D1.forward_residual_ratio,,yes,
table_8.tex,1.0068,runs/v2_learned_z_off_axis/metrics_test.json,mean.D2.forward_residual_ratio,,yes,
table_8.tex,0.2689,runs/v2_baseline_off_axis/metrics_test.json; runs/v2_A_seed1337_off_axis/metrics_test.json; runs/v2_A_seed2024_off_axis/metrics_test.json,mean.A.phase_mae_rad_in_cell,,yes,
table_8.tex,0.0056,runs/v2_baseline_off_axis/metrics_test.json; runs/v2_A_seed1337_off_axis/metrics_test.json; runs/v2_A_seed2024_off_axis/metrics_test.json,sd.A.phase_mae_rad_in_cell,,yes,
table_8.tex,0.2876,runs/v2_cell_ipp_off_axis/metrics_test.json; runs/v2_B_seed1337_off_axis/metrics_test.json; runs/v2_B_seed2024_off_axis/metrics_test.json,mean.B.phase_mae_rad_in_cell,,yes,
table_8.tex,0.0064,runs/v2_cell_ipp_off_axis/metrics_test.json; runs/v2_B_seed1337_off_axis/metrics_test.json; runs/v2_B_seed2024_off_axis/metrics_test.json,sd.B.phase_mae_rad_in_cell,,yes,
table_8.tex,0.2862,runs/v2_amplitude_off_axis/metrics_test.json,mean.D0.phase_mae_rad_in_cell,,yes,
table_8.tex,0.2893,runs/v2_forward_amplitude_off_axis/metrics_test.json,mean.D1.phase_mae_rad_in_cell,,yes,
table_8.tex,0.2886,runs/v2_learned_z_off_axis/metrics_test.json,mean.D2.phase_mae_rad_in_cell,,yes,
table_8.tex,32,runs/z_calibration.json,disc.off_axis.images,,yes,
table_8.tex,0.9147,runs/z_calibration.json,disc.off_axis.floor,,yes,
table_8.tex,+0.00035,runs/z_calibration.json,disc.off_axis.margin.scaled_0.9,,yes,
table_8.tex,18,derived,disc.off_axis.win.scaled_0.9 x disc.off_axis.images [win rate times fields],,yes,
table_8.tex,+0.0080,runs/z_calibration.json,disc.off_axis.margin.scaled_0.5,,yes,
table_8.tex,20,derived,disc.off_axis.win.scaled_0.5 x disc.off_axis.images [win rate times fields],,yes,
table_8.tex,32,runs/z_calibration.json,disc.gabor.images,,yes,
table_8.tex,0.6993,runs/z_calibration.json,disc.gabor.floor,,yes,
table_8.tex,+0.00432,runs/z_calibration.json,disc.gabor.margin.scaled_0.9,,yes,
table_8.tex,30,derived,disc.gabor.win.scaled_0.9 x disc.gabor.images [win rate times fields],,yes,
table_8.tex,+0.0622,runs/z_calibration.json,disc.gabor.margin.scaled_0.5,,yes,
table_8.tex,32,derived,disc.gabor.win.scaled_0.5 x disc.gabor.images [win rate times fields],,yes,
table_8.tex,113,logs/v2_20260930_065521_gpu2/amplitude_sensitivity_global.log,probe.global.images,,yes,
table_8.tex,0.8914,logs/v2_20260930_065521_gpu2/amplitude_sensitivity_global.log,probe.global.phase_reference,,yes,
table_8.tex,+0.00027,logs/v2_20260930_065521_gpu2/amplitude_sensitivity_global.log,probe.global.phase_scaled_0.9.change,,yes,
table_8.tex,+0.0070,logs/v2_20260930_065521_gpu2/amplitude_sensitivity_global.log,probe.global.phase_scaled_0.5.change,,yes,
table_8.tex,112,logs/v2_20260930_065521_gpu2/amplitude_sensitivity_per_field.log,probe.per_field.images,,yes,
table_8.tex,0.3906,logs/v2_20260930_065521_gpu2/amplitude_sensitivity_per_field.log,probe.per_field.phase_reference,,yes,
table_8.tex,+0.00110,logs/v2_20260930_065521_gpu2/amplitude_sensitivity_per_field.log,probe.per_field.phase_scaled_0.9.change,,yes,
table_8.tex,+0.0359,logs/v2_20260930_065521_gpu2/amplitude_sensitivity_per_field.log,probe.per_field.phase_scaled_0.5.change,,yes,
table_8.tex,0.01,config/base.yaml,config.discrimination_tolerance,,yes,
table_8.tex,405,runs/aberration_fit_order5.csv,probe.per_field.missing.99.surface_pv_rad,,yes,
table_8.tex,0.8926,runs/amplitude_sensitivity_off_axis_global.csv,probe.global_common.phase_reference,,yes,
table_5.tex,-1.424,runs/error_propagation_summary.csv,ep.-5.shift_um,,yes,
table_5.tex,0.8452,runs/error_propagation_summary.csv,ep.-5.dice,,yes,
table_5.tex,-0.2748,runs/error_propagation_summary.csv,ep.-5.area_signed,,yes,
table_5.tex,-0.1966,runs/error_propagation_summary.csv,ep.-5.mass_signed,,yes,
table_5.tex,0.717,runs/error_propagation_summary.csv,ep.-5.mass_over_area,,yes,
table_5.tex,-1.139,runs/error_propagation_summary.csv,ep.-4.shift_um,,yes,
table_5.tex,0.8831,runs/error_propagation_summary.csv,ep.-4.dice,,yes,
table_5.tex,-0.2269,runs/error_propagation_summary.csv,ep.-4.area_signed,,yes,
table_5.tex,-0.1651,runs/error_propagation_summary.csv,ep.-4.mass_signed,,yes,
table_5.tex,0.729,runs/error_propagation_summary.csv,ep.-4.mass_over_area,,yes,
table_5.tex,-0.855,runs/error_propagation_summary.csv,ep.-3.shift_um,,yes,
table_5.tex,0.9127,runs/error_propagation_summary.csv,ep.-3.dice,,yes,
table_5.tex,-0.1818,runs/error_propagation_summary.csv,ep.-3.area_signed,,yes,
table_5.tex,-0.1332,runs/error_propagation_summary.csv,ep.-3.mass_signed,,yes,
table_5.tex,0.733,runs/error_propagation_summary.csv,ep.-3.mass_over_area,,yes,
table_5.tex,-0.570,runs/error_propagation_summary.csv,ep.-2.shift_um,,yes,
table_5.tex,0.9453,runs/error_propagation_summary.csv,ep.-2.dice,,yes,
table_5.tex,-0.1229,runs/error_propagation_summary.csv,ep.-2.area_signed,,yes,
table_5.tex,-0.0902,runs/error_propagation_summary.csv,ep.-2.mass_signed,,yes,
table_5.tex,0.747,runs/error_propagation_summary.csv,ep.-2.mass_over_area,,yes,
table_5.tex,-0.285,runs/error_propagation_summary.csv,ep.-1.shift_um,,yes,
table_5.tex,0.9731,runs/error_propagation_summary.csv,ep.-1.dice,,yes,
table_5.tex,-0.0649,runs/error_propagation_summary.csv,ep.-1.area_signed,,yes,
table_5.tex,-0.0474,runs/error_propagation_summary.csv,ep.-1.mass_signed,,yes,
table_5.tex,0.735,runs/error_propagation_summary.csv,ep.-1.mass_over_area,,yes,
table_5.tex,+0.285,runs/error_propagation_summary.csv,ep.1.shift_um,,yes,
table_5.tex,0.9741,runs/error_propagation_summary.csv,ep.1.dice,,yes,
table_5.tex,+0.0693,runs/error_propagation_summary.csv,ep.1.area_signed,,yes,
table_5.tex,+0.0484,runs/error_propagation_summary.csv,ep.1.mass_signed,,yes,
table_5.tex,0.703,runs/error_propagation_summary.csv,ep.1.mass_over_area,,yes,
table_5.tex,+0.570,runs/error_propagation_summary.csv,ep.2.shift_um,,yes,
table_5.tex,0.9493,runs/error_propagation_summary.csv,ep.2.dice,,yes,
table_5.tex,+0.1503,runs/error_propagation_summary.csv,ep.2.area_signed,,yes,
table_5.tex,+0.0964,runs/error_propagation_summary.csv,ep.2.mass_signed,,yes,
table_5.tex,0.678,runs/error_propagation_summary.csv,ep.2.mass_over_area,,yes,
table_5.tex,+0.855,runs/error_propagation_summary.csv,ep.3.shift_um,,yes,
table_5.tex,0.9255,runs/error_propagation_summary.csv,ep.3.dice,,yes,
table_5.tex,+0.2138,runs/error_propagation_summary.csv,ep.3.area_signed,,yes,
table_5.tex,+0.1194,runs/error_propagation_summary.csv,ep.3.mass_signed,,yes,
table_5.tex,0.575,runs/error_propagation_summary.csv,ep.3.mass_over_area,,yes,
table_5.tex,+1.139,runs/error_propagation_summary.csv,ep.4.shift_um,,yes,
table_5.tex,0.9056,runs/error_propagation_summary.csv,ep.4.dice,,yes,
table_5.tex,+0.2636,runs/error_propagation_summary.csv,ep.4.area_signed,,yes,
table_5.tex,+0.1317,runs/error_propagation_summary.csv,ep.4.mass_signed,,yes,
table_5.tex,0.518,runs/error_propagation_summary.csv,ep.4.mass_over_area,,yes,
table_5.tex,+1.424,runs/error_propagation_summary.csv,ep.5.shift_um,,yes,
table_5.tex,0.8808,runs/error_propagation_summary.csv,ep.5.dice,,yes,
table_5.tex,+0.3262,runs/error_propagation_summary.csv,ep.5.area_signed,,yes,
table_5.tex,+0.1416,runs/error_propagation_summary.csv,ep.5.mass_signed,,yes,
table_5.tex,0.450,runs/error_propagation_summary.csv,ep.5.mass_over_area,,yes,
table_5.tex,0.036,runs/benchmark_results/results_synthetic_validation.json,syn.mean.mass_abs_relative_error_mean [x100],,yes,
table_5.tex,0.004,runs/benchmark_results/results_synthetic_validation.json,syn.sd.mass_abs_relative_error_mean [x100],,yes,
table_5.tex,0.224,runs/benchmark_results/results_synthetic_validation.json,syn.mean.area_abs_relative_error_mean [x100],,yes,
table_5.tex,0.018,runs/benchmark_results/results_synthetic_validation.json,syn.sd.area_abs_relative_error_mean [x100],,yes,
table_5.tex,-2.592,runs/benchmark_results/results_synthetic_validation.json,syn.mean.field_total_mass_error_mean [x100],,yes,
table_5.tex,0.889,runs/benchmark_results/results_synthetic_validation.json,syn.sd.field_total_mass_error_mean [x100],,yes,
table_7.tex,12.31,runs/benchmark_results/results_hardware_arm_A.json,hw.A.mean.pytorch_fp32.latency_mean_ms,,yes,
table_7.tex,0.12,runs/benchmark_results/results_hardware_arm_A.json,hw.A.sd.pytorch_fp32.latency_mean_ms,,yes,
table_7.tex,1.15,runs/benchmark_results/results_hardware_arm_A.json,hw.A.mean.pytorch_fp32.latency_p99_over_p50,,yes,
table_7.tex,0.03,runs/benchmark_results/results_hardware_arm_A.json,hw.A.sd.pytorch_fp32.latency_p99_over_p50,,yes,
table_7.tex,81.2,runs/benchmark_results/results_hardware_arm_A.json,hw.A.mean.pytorch_fp32.fps,,yes,
table_7.tex,0.8,runs/benchmark_results/results_hardware_arm_A.json,hw.A.sd.pytorch_fp32.fps,,yes,
table_7.tex,36.77,runs/benchmark_results/results_hardware_arm_A.json,hw.A.mean.pytorch_fp32.weights_mb,,yes,
table_7.tex,223.9,runs/benchmark_results/results_hardware_arm_A.json,hw.A.mean.pytorch_fp32.peak_allocated_mb,,yes,
table_7.tex,14.21,runs/benchmark_results/results_hardware_arm_A.json,hw.A.mean.onnx_fp32.latency_mean_ms,,yes,
table_7.tex,0.08,runs/benchmark_results/results_hardware_arm_A.json,hw.A.sd.onnx_fp32.latency_mean_ms,,yes,
table_7.tex,1.08,runs/benchmark_results/results_hardware_arm_A.json,hw.A.mean.onnx_fp32.latency_p99_over_p50,,yes,
table_7.tex,0.06,runs/benchmark_results/results_hardware_arm_A.json,hw.A.sd.onnx_fp32.latency_p99_over_p50,,yes,
table_7.tex,70.4,runs/benchmark_results/results_hardware_arm_A.json,hw.A.mean.onnx_fp32.fps,,yes,
table_7.tex,0.4,runs/benchmark_results/results_hardware_arm_A.json,hw.A.sd.onnx_fp32.fps,,yes,
table_7.tex,9.19,runs/benchmark_results/results_hardware_arm_A.json,hw.A.mean.pytorch_fp16.latency_mean_ms,,yes,
table_7.tex,0.10,runs/benchmark_results/results_hardware_arm_A.json,hw.A.sd.pytorch_fp16.latency_mean_ms,,yes,
table_7.tex,1.11,runs/benchmark_results/results_hardware_arm_A.json,hw.A.mean.pytorch_fp16.latency_p99_over_p50,,yes,
table_7.tex,0.06,runs/benchmark_results/results_hardware_arm_A.json,hw.A.sd.pytorch_fp16.latency_p99_over_p50,,yes,
table_7.tex,108.9,runs/benchmark_results/results_hardware_arm_A.json,hw.A.mean.pytorch_fp16.fps,,yes,
table_7.tex,1.2,runs/benchmark_results/results_hardware_arm_A.json,hw.A.sd.pytorch_fp16.fps,,yes,
table_7.tex,18.38,runs/benchmark_results/results_hardware_arm_A.json,hw.A.mean.pytorch_fp16.weights_mb,,yes,
table_7.tex,112.0,runs/benchmark_results/results_hardware_arm_A.json,hw.A.mean.pytorch_fp16.peak_allocated_mb,,yes,
table_7.tex,8.42,runs/benchmark_results/results_hardware_arm_A.json,hw.A.mean.onnx_fp16.latency_mean_ms,,yes,
table_7.tex,0.07,runs/benchmark_results/results_hardware_arm_A.json,hw.A.sd.onnx_fp16.latency_mean_ms,,yes,
table_7.tex,1.01,runs/benchmark_results/results_hardware_arm_A.json,hw.A.mean.onnx_fp16.latency_p99_over_p50,,yes,
table_7.tex,0.00,runs/benchmark_results/results_hardware_arm_A.json,hw.A.sd.onnx_fp16.latency_p99_over_p50,,yes,
table_7.tex,118.8,runs/benchmark_results/results_hardware_arm_A.json,hw.A.mean.onnx_fp16.fps,,yes,
table_7.tex,0.9,runs/benchmark_results/results_hardware_arm_A.json,hw.A.sd.onnx_fp16.fps,,yes,
table_7.tex,12.97,runs/benchmark_results/results_hardware_arm_D0.json,hw.D0.mean.pytorch_fp32.latency_mean_ms,,yes,
table_7.tex,1.13,runs/benchmark_results/results_hardware_arm_D0.json,hw.D0.mean.pytorch_fp32.latency_p99_over_p50,,yes,
table_7.tex,77.1,runs/benchmark_results/results_hardware_arm_D0.json,hw.D0.mean.pytorch_fp32.fps,,yes,
table_7.tex,36.81,runs/benchmark_results/results_hardware_arm_D0.json,hw.D0.mean.pytorch_fp32.weights_mb,,yes,
table_7.tex,223.9,runs/benchmark_results/results_hardware_arm_D0.json,hw.D0.mean.pytorch_fp32.peak_allocated_mb,,yes,
table_7.tex,15.45,runs/benchmark_results/results_hardware_arm_D0.json,hw.D0.mean.onnx_fp32.latency_mean_ms,,yes,
table_7.tex,1.09,runs/benchmark_results/results_hardware_arm_D0.json,hw.D0.mean.onnx_fp32.latency_p99_over_p50,,yes,
table_7.tex,64.7,runs/benchmark_results/results_hardware_arm_D0.json,hw.D0.mean.onnx_fp32.fps,,yes,
table_7.tex,11.26,runs/benchmark_results/results_hardware_arm_D0.json,hw.D0.mean.pytorch_fp16.latency_mean_ms,,yes,
table_7.tex,1.12,runs/benchmark_results/results_hardware_arm_D0.json,hw.D0.mean.pytorch_fp16.latency_p99_over_p50,,yes,
table_7.tex,88.8,runs/benchmark_results/results_hardware_arm_D0.json,hw.D0.mean.pytorch_fp16.fps,,yes,
table_7.tex,18.40,runs/benchmark_results/results_hardware_arm_D0.json,hw.D0.mean.pytorch_fp16.weights_mb,,yes,
table_7.tex,111.4,runs/benchmark_results/results_hardware_arm_D0.json,hw.D0.mean.pytorch_fp16.peak_allocated_mb,,yes,
table_7.tex,9.18,runs/benchmark_results/results_hardware_arm_D0.json,hw.D0.mean.onnx_fp16.latency_mean_ms,,yes,
table_7.tex,1.01,runs/benchmark_results/results_hardware_arm_D0.json,hw.D0.mean.onnx_fp16.latency_p99_over_p50,,yes,
table_7.tex,109.0,runs/benchmark_results/results_hardware_arm_D0.json,hw.D0.mean.onnx_fp16.fps,,yes,
table_7.tex,11.80,runs/benchmark_results/results_hardware_arm_KA.json,hw.KA.mean.pytorch_fp32.latency_mean_ms,,yes,
table_7.tex,1.20,runs/benchmark_results/results_hardware_arm_KA.json,hw.KA.mean.pytorch_fp32.latency_p99_over_p50,,yes,
table_7.tex,84.7,runs/benchmark_results/results_hardware_arm_KA.json,hw.KA.mean.pytorch_fp32.fps,,yes,
table_7.tex,12.97,runs/benchmark_results/results_hardware_arm_KA.json,hw.KA.mean.pytorch_fp32.weights_mb,,yes,
table_7.tex,195.7,runs/benchmark_results/results_hardware_arm_KA.json,hw.KA.mean.pytorch_fp32.peak_allocated_mb,,yes,
table_7.tex,13.32,runs/benchmark_results/results_hardware_arm_KA.json,hw.KA.mean.onnx_fp32.latency_mean_ms,,yes,
table_7.tex,1.10,runs/benchmark_results/results_hardware_arm_KA.json,hw.KA.mean.onnx_fp32.latency_p99_over_p50,,yes,
table_7.tex,75.1,runs/benchmark_results/results_hardware_arm_KA.json,hw.KA.mean.onnx_fp32.fps,,yes,
table_7.tex,9.21,runs/benchmark_results/results_hardware_arm_KA.json,hw.KA.mean.pytorch_fp16.latency_mean_ms,,yes,
table_7.tex,1.16,runs/benchmark_results/results_hardware_arm_KA.json,hw.KA.mean.pytorch_fp16.latency_p99_over_p50,,yes,
table_7.tex,108.5,runs/benchmark_results/results_hardware_arm_KA.json,hw.KA.mean.pytorch_fp16.fps,,yes,
table_7.tex,6.48,runs/benchmark_results/results_hardware_arm_KA.json,hw.KA.mean.pytorch_fp16.weights_mb,,yes,
table_7.tex,98.7,runs/benchmark_results/results_hardware_arm_KA.json,hw.KA.mean.pytorch_fp16.peak_allocated_mb,,yes,
table_7.tex,7.97,runs/benchmark_results/results_hardware_arm_KA.json,hw.KA.mean.onnx_fp16.latency_mean_ms,,yes,
table_7.tex,1.01,runs/benchmark_results/results_hardware_arm_KA.json,hw.KA.mean.onnx_fp16.latency_p99_over_p50,,yes,
table_7.tex,125.4,runs/benchmark_results/results_hardware_arm_KA.json,hw.KA.mean.onnx_fp16.fps,,yes,
table_8.tex,0.212,runs/diagnostics/decomposition_by_config.csv,decomp.A.cell.edge.recall_mean,,yes,
table_8.tex,0.003,runs/diagnostics/decomposition_by_config.csv,decomp.A.cell.edge.recall_sd,,yes,
table_8.tex,0.912,runs/diagnostics/decomposition_by_config.csv,decomp.A.cell.interior.recall_mean,,yes,
table_8.tex,0.002,runs/diagnostics/decomposition_by_config.csv,decomp.A.cell.interior.recall_sd,,yes,
table_8.tex,0.305,derived,locmean.A.edge.mape,,yes,
table_8.tex,0.010,derived,locsd.A.edge.mape,,yes,
table_8.tex,0.149,derived,locmean.A.interior.mape,,yes,
table_8.tex,0.004,derived,locsd.A.interior.mape,,yes,
table_8.tex,337,derived,locmean.A.fp_all,,yes,
table_8.tex,32,derived,locsd.A.fp_all,,yes,
table_8.tex,136,derived,locmean.A.fp_near,,yes,
table_8.tex,16,derived,locsd.A.fp_near,,yes,
table_8.tex,0.220,runs/diagnostics/decomposition_by_config.csv,decomp.B.cell.edge.recall_mean,,yes,
table_8.tex,0.005,runs/diagnostics/decomposition_by_config.csv,decomp.B.cell.edge.recall_sd,,yes,
table_8.tex,0.919,runs/diagnostics/decomposition_by_config.csv,decomp.B.cell.interior.recall_mean,,yes,
table_8.tex,0.002,runs/diagnostics/decomposition_by_config.csv,decomp.B.cell.interior.recall_sd,,yes,
table_8.tex,0.315,derived,locmean.B.edge.mape,,yes,
table_8.tex,0.012,derived,locsd.B.edge.mape,,yes,
table_8.tex,0.163,derived,locmean.B.interior.mape,,yes,
table_8.tex,0.003,derived,locsd.B.interior.mape,,yes,
table_8.tex,456,derived,locmean.B.fp_all,,yes,
table_8.tex,40,derived,locsd.B.fp_all,,yes,
table_8.tex,203,derived,locmean.B.fp_near,,yes,
table_8.tex,22,derived,locsd.B.fp_near,,yes,
table_8.tex,0.208,runs/diagnostics/decomposition_by_config.csv,decomp.B1.cell.edge.recall_mean,,yes,
table_8.tex,0.000,runs/diagnostics/decomposition_by_config.csv,decomp.B1.cell.edge.recall_sd,,yes,
table_8.tex,0.907,runs/diagnostics/decomposition_by_config.csv,decomp.B1.cell.interior.recall_mean,,yes,
table_8.tex,0.003,runs/diagnostics/decomposition_by_config.csv,decomp.B1.cell.interior.recall_sd,,yes,
table_8.tex,0.299,derived,locmean.B1.edge.mape,,yes,
table_8.tex,0.009,derived,locsd.B1.edge.mape,,yes,
table_8.tex,0.167,derived,locmean.B1.interior.mape,,yes,
table_8.tex,0.003,derived,locsd.B1.interior.mape,,yes,
table_8.tex,342,derived,locmean.B1.fp_all,,yes,
table_8.tex,27,derived,locsd.B1.fp_all,,yes,
table_8.tex,136,derived,locmean.B1.fp_near,,yes,
table_8.tex,14,derived,locsd.B1.fp_near,,yes,
table_8.tex,0.225,runs/diagnostics/decomposition_by_config.csv,decomp.classical.cell.edge.recall_mean,,yes,
table_8.tex,0.890,runs/diagnostics/decomposition_by_config.csv,decomp.classical.cell.interior.recall_mean,,yes,
table_8.tex,0.322,derived,locmean.classical.edge.mape,,yes,
table_8.tex,0.199,derived,locmean.classical.interior.mape,,yes,
table_8.tex,494,runs/conventional_off_axis/unmatched_test.csv,loc.classical.fp_all,,yes,
table_8.tex,137,runs/conventional_off_axis/unmatched_test.csv,loc.classical.fp_near,,yes,
table_8.tex,1452,runs/diagnostics/decomposition_summary.csv,refcells.edge,,yes,
table_8.tex,1734,derived,refcells.all - refcells.edge [difference],,yes,
table_5.tex,+0.922,runs/common_fields/conventional_baseline_test.json,classical107.off_axis.recovered_phase_contrast_rad,,yes,
table_5.tex,-0.084,runs/common_fields/conventional_baseline_test.json,classical107.gabor.recovered_phase_contrast_rad,,yes,
table_5.tex,0.1625,runs/common_fields/common_fields_summary.csv,common.G_s42.phase_mae_rad,,yes,
table_5.tex,0.1586,runs/common_fields/common_fields_summary.csv,common.A_mean.phase_mae_rad,,yes,
table_5.tex,0.0024,runs/common_fields/common_fields_summary.csv,common.A_sd.phase_mae_rad,,yes,
table_5.tex,0.1990,runs/common_fields/common_fields_summary.csv,common.classical_off_axis.phase_mae_rad,,yes,
table_5.tex,0.3996,runs/common_fields/common_fields_summary.csv,common.classical_gabor.phase_mae_rad,,yes,
table_5.tex,0.3005,runs/common_fields/common_fields_summary.csv,common.G_s42.phase_mae_rad_in_cell,,yes,
table_5.tex,0.2726,runs/common_fields/common_fields_summary.csv,common.A_mean.phase_mae_rad_in_cell,,yes,
table_5.tex,0.0057,runs/common_fields/common_fields_summary.csv,common.A_sd.phase_mae_rad_in_cell,,yes,
table_5.tex,0.3157,runs/common_fields/common_fields_summary.csv,common.classical_off_axis.phase_mae_rad_in_cell,,yes,
table_5.tex,1.0448,runs/common_fields/common_fields_summary.csv,common.classical_gabor.phase_mae_rad_in_cell,,yes,
table_5.tex,0.8667,runs/common_fields/common_fields_summary.csv,common.G_s42.phase_pearson_r,,yes,
table_5.tex,0.8745,runs/common_fields/common_fields_summary.csv,common.A_mean.phase_pearson_r,,yes,
table_5.tex,0.0023,runs/common_fields/common_fields_summary.csv,common.A_sd.phase_pearson_r,,yes,
table_5.tex,0.7849,runs/common_fields/common_fields_summary.csv,common.classical_off_axis.phase_pearson_r,,yes,
table_5.tex,-0.2075,runs/common_fields/common_fields_summary.csv,common.classical_gabor.phase_pearson_r,,yes,
table_5.tex,0.6296,runs/common_fields/common_fields_summary.csv,common.G_s42.phase_ssim,,yes,
table_5.tex,0.6377,runs/common_fields/common_fields_summary.csv,common.A_mean.phase_ssim,,yes,
table_5.tex,0.0053,runs/common_fields/common_fields_summary.csv,common.A_sd.phase_ssim,,yes,
table_5.tex,0.5297,runs/common_fields/common_fields_summary.csv,common.classical_off_axis.phase_ssim,,yes,
table_5.tex,0.0639,runs/common_fields/common_fields_summary.csv,common.classical_gabor.phase_ssim,,yes,
table_5.tex,0.8148,runs/common_fields/common_fields_summary.csv,common.G_s42.seg_dice,,yes,
table_5.tex,0.8330,runs/common_fields/common_fields_summary.csv,common.A_mean.seg_dice,,yes,
table_5.tex,0.0013,runs/common_fields/common_fields_summary.csv,common.A_sd.seg_dice,,yes,
table_5.tex,0.8240,runs/common_fields/common_fields_summary.csv,common.classical_off_axis.seg_dice,,yes,
table_5.tex,0.1583,runs/common_fields/common_fields_summary.csv,common.classical_gabor.seg_dice,,yes,
table_5.tex,0.6399,runs/common_fields/common_fields_summary.csv,common.G_s42.seg_aji,,yes,
table_5.tex,0.6697,runs/common_fields/common_fields_summary.csv,common.A_mean.seg_aji,,yes,
table_5.tex,0.0031,runs/common_fields/common_fields_summary.csv,common.A_sd.seg_aji,,yes,
table_5.tex,0.6355,runs/common_fields/common_fields_summary.csv,common.classical_off_axis.seg_aji,,yes,
table_5.tex,0.0549,runs/common_fields/common_fields_summary.csv,common.classical_gabor.seg_aji,,yes,
table_5.tex,0.4165,runs/common_fields/common_fields_summary.csv,common.G_s42.seg_boundary_f1,,yes,
table_5.tex,0.4706,runs/common_fields/common_fields_summary.csv,common.A_mean.seg_boundary_f1,,yes,
table_5.tex,0.0052,runs/common_fields/common_fields_summary.csv,common.A_sd.seg_boundary_f1,,yes,
table_5.tex,0.3943,runs/common_fields/common_fields_summary.csv,common.classical_off_axis.seg_boundary_f1,,yes,
table_5.tex,0.1087,runs/common_fields/common_fields_summary.csv,common.classical_gabor.seg_boundary_f1,,yes,
table_5.tex,0.5885,runs/common_fields/common_fields_summary.csv,common.G_s42.detection_recall,,yes,
table_5.tex,0.5936,runs/common_fields/common_fields_summary.csv,common.A_mean.detection_recall,,yes,
table_5.tex,0.0031,runs/common_fields/common_fields_summary.csv,common.A_sd.detection_recall,,yes,
table_5.tex,0.5849,runs/common_fields/common_fields_summary.csv,common.classical_off_axis.detection_recall,,yes,
table_5.tex,0.0347,runs/common_fields/common_fields_summary.csv,common.classical_gabor.detection_recall,,yes,
table_5.tex,0.8406,runs/common_fields/common_fields_summary.csv,common.G_s42.detection_precision,,yes,
table_5.tex,0.8487,runs/common_fields/common_fields_summary.csv,common.A_mean.detection_precision,,yes,
table_5.tex,0.0140,runs/common_fields/common_fields_summary.csv,common.A_sd.detection_precision,,yes,
table_5.tex,0.7883,runs/common_fields/common_fields_summary.csv,common.classical_off_axis.detection_precision,,yes,
table_5.tex,0.0077,runs/common_fields/common_fields_summary.csv,common.classical_gabor.detection_precision,,yes,
table_5.tex,0.1669,runs/common_fields/common_fields_summary.csv,common.G_s42.area_mape,,yes,
table_5.tex,0.1552,runs/common_fields/common_fields_summary.csv,common.A_mean.area_mape,,yes,
table_5.tex,0.0025,runs/common_fields/common_fields_summary.csv,common.A_sd.area_mape,,yes,
table_5.tex,0.1576,runs/common_fields/common_fields_summary.csv,common.classical_off_axis.area_mape,,yes,
table_5.tex,0.5315,runs/common_fields/common_fields_summary.csv,common.classical_gabor.area_mape,,yes,
table_5.tex,0.2129,runs/common_fields/common_fields_summary.csv,common.G_s42.dry_mass_mape,,yes,
table_5.tex,0.1740,runs/common_fields/common_fields_summary.csv,common.A_mean.dry_mass_mape,,yes,
table_5.tex,0.0045,runs/common_fields/common_fields_summary.csv,common.A_sd.dry_mass_mape,,yes,
table_5.tex,0.2204,runs/common_fields/common_fields_summary.csv,common.classical_off_axis.dry_mass_mape,,yes,
table_5.tex,0.6942,runs/common_fields/common_fields_summary.csv,common.classical_gabor.dry_mass_mape,,yes,
table_5.tex,0.1356,runs/common_fields/common_fields_summary.csv,common.G_s42.dry_mass_field_total_mape,,yes,
table_5.tex,0.1657,runs/common_fields/common_fields_summary.csv,common.A_mean.dry_mass_field_total_mape,,yes,
table_5.tex,0.0145,runs/common_fields/common_fields_summary.csv,common.A_sd.dry_mass_field_total_mape,,yes,
table_5.tex,0.1101,runs/common_fields/common_fields_summary.csv,common.classical_off_axis.dry_mass_field_total_mape,,yes,
table_5.tex,0.6602,runs/common_fields/common_fields_summary.csv,common.classical_gabor.dry_mass_field_total_mape,,yes,
table_5.tex,0.9029,runs/v2_baseline_gabor/metrics_test_common.json,common_run.G.s42.dry_mass_cell_pearson_r,,yes,
table_5.tex,0.9374,runs/v2_*/metrics_test_common.json,common_mean.A.dry_mass_cell_pearson_r,,yes,
table_5.tex,0.0010,runs/v2_*/metrics_test_common.json,common_sd.A.dry_mass_cell_pearson_r,,yes,
table_5.tex,0.8940,runs/common_fields/conventional_baseline_test.json,classical107.off_axis.dry_mass_cell_pearson_r,,yes,
table_5.tex,0.8758,runs/common_fields/conventional_baseline_test.json,classical107.gabor.dry_mass_cell_pearson_r,,yes,
table_5.tex,3055,runs/v2_baseline_gabor/metrics_test.json,split.G.test_cells,,yes,
table_5.tex,1798,runs/v2_baseline_gabor/metrics_test_common.json,common_run.G.s42.cells_matched,,yes,
table_5.tex,1813,runs/v2_*/metrics_test_common.json,common_mean.A.cells_matched,,yes,
table_5.tex,10,runs/v2_*/metrics_test_common.json,common_sd.A.cells_matched,,yes,
table_5.tex,1787,runs/common_fields/conventional_baseline_test.json,classical107.off_axis.cells_matched,,yes,
table_5.tex,106,runs/common_fields/conventional_baseline_test.json,classical107.gabor.cells_matched,,yes,
table_5.tex,106,runs/common_fields/conventional_baseline_test.json,classical107.gabor.cells_matched,,yes,
table_7.tex,1889,derived,decomp_run.A_s42.cell.all.n + decomp_run.A_s1337.cell.all.n + decomp_run.A_s2024.cell.all.n [mean of matched cells per run],,yes,
table_7.tex,0.593,runs/diagnostics/decomposition_by_config.csv,decomp.A.cell.all.recall_mean,,yes,
table_7.tex,1.002,runs/diagnostics/decomposition_by_config.csv,decomp.A.cell.all.domain_gm_mean,,yes,
table_7.tex,0.002,runs/diagnostics/decomposition_by_config.csv,decomp.A.cell.all.domain_gm_sd,,yes,
table_7.tex,0.929,runs/diagnostics/decomposition_by_config.csv,decomp.A.cell.all.phase_gm_mean,,yes,
table_7.tex,0.016,runs/diagnostics/decomposition_by_config.csv,decomp.A.cell.all.phase_gm_sd,,yes,
table_7.tex,0.931,runs/diagnostics/decomposition_by_config.csv,decomp.A.cell.all.total_gm_mean,,yes,
table_7.tex,0.014,runs/diagnostics/decomposition_by_config.csv,decomp.A.cell.all.total_gm_sd,,yes,
table_7.tex,0.042,runs/diagnostics/decomposition_by_config.csv,decomp.A.cell.all.domain_med_abs_log_mean,,yes,
table_7.tex,0.102,runs/diagnostics/decomposition_by_config.csv,decomp.A.cell.all.phase_med_abs_log_mean,,yes,
table_7.tex,0.132,runs/diagnostics/decomposition_by_config.csv,decomp.A.cell.all.total_med_abs_log_mean,,yes,
table_7.tex,1581,derived,decomp_run.A_s42.cell.interior.n + decomp_run.A_s1337.cell.interior.n + decomp_run.A_s2024.cell.interior.n [mean of matched cells per run],,yes,
table_7.tex,0.912,runs/diagnostics/decomposition_by_config.csv,decomp.A.cell.interior.recall_mean,,yes,
table_7.tex,1.006,runs/diagnostics/decomposition_by_config.csv,decomp.A.cell.interior.domain_gm_mean,,yes,
table_7.tex,0.002,runs/diagnostics/decomposition_by_config.csv,decomp.A.cell.interior.domain_gm_sd,,yes,
table_7.tex,0.957,runs/diagnostics/decomposition_by_config.csv,decomp.A.cell.interior.phase_gm_mean,,yes,
table_7.tex,0.017,runs/diagnostics/decomposition_by_config.csv,decomp.A.cell.interior.phase_gm_sd,,yes,
table_7.tex,0.963,runs/diagnostics/decomposition_by_config.csv,decomp.A.cell.interior.total_gm_mean,,yes,
table_7.tex,0.015,runs/diagnostics/decomposition_by_config.csv,decomp.A.cell.interior.total_gm_sd,,yes,
table_7.tex,0.038,runs/diagnostics/decomposition_by_config.csv,decomp.A.cell.interior.domain_med_abs_log_mean,,yes,
table_7.tex,0.090,runs/diagnostics/decomposition_by_config.csv,decomp.A.cell.interior.phase_med_abs_log_mean,,yes,
table_7.tex,0.116,runs/diagnostics/decomposition_by_config.csv,decomp.A.cell.interior.total_med_abs_log_mean,,yes,
table_7.tex,308,derived,decomp_run.A_s42.cell.edge.n + decomp_run.A_s1337.cell.edge.n + decomp_run.A_s2024.cell.edge.n [mean of matched cells per run],,yes,
table_7.tex,0.212,runs/diagnostics/decomposition_by_config.csv,decomp.A.cell.edge.recall_mean,,yes,
table_7.tex,0.982,runs/diagnostics/decomposition_by_config.csv,decomp.A.cell.edge.domain_gm_mean,,yes,
table_7.tex,0.004,runs/diagnostics/decomposition_by_config.csv,decomp.A.cell.edge.domain_gm_sd,,yes,
table_7.tex,0.797,runs/diagnostics/decomposition_by_config.csv,decomp.A.cell.edge.phase_gm_mean,,yes,
table_7.tex,0.014,runs/diagnostics/decomposition_by_config.csv,decomp.A.cell.edge.phase_gm_sd,,yes,
table_7.tex,0.782,runs/diagnostics/decomposition_by_config.csv,decomp.A.cell.edge.total_gm_mean,,yes,
table_7.tex,0.014,runs/diagnostics/decomposition_by_config.csv,decomp.A.cell.edge.total_gm_sd,,yes,
table_7.tex,0.076,runs/diagnostics/decomposition_by_config.csv,decomp.A.cell.edge.domain_med_abs_log_mean,,yes,
table_7.tex,0.267,runs/diagnostics/decomposition_by_config.csv,decomp.A.cell.edge.phase_med_abs_log_mean,,yes,
table_7.tex,0.303,runs/diagnostics/decomposition_by_config.csv,decomp.A.cell.edge.total_med_abs_log_mean,,yes,
table_7.tex,113,runs/v2_baseline_off_axis/metrics_test.json,split.A.test,,yes,
table_7.tex,0.897,runs/diagnostics/decomposition_by_config.csv,decomp.A.field.all.domain_gm_mean,,yes,
table_7.tex,0.002,runs/diagnostics/decomposition_by_config.csv,decomp.A.field.all.domain_gm_sd,,yes,
table_7.tex,0.933,runs/diagnostics/decomposition_by_config.csv,decomp.A.field.all.phase_gm_mean,,yes,
table_7.tex,0.021,runs/diagnostics/decomposition_by_config.csv,decomp.A.field.all.phase_gm_sd,,yes,
table_7.tex,0.838,runs/diagnostics/decomposition_by_config.csv,decomp.A.field.all.total_gm_mean,,yes,
table_7.tex,0.017,runs/diagnostics/decomposition_by_config.csv,decomp.A.field.all.total_gm_sd,,yes,
table_7.tex,0.105,runs/diagnostics/decomposition_by_config.csv,decomp.A.field.all.domain_med_abs_log_mean,,yes,
table_7.tex,0.073,runs/diagnostics/decomposition_by_config.csv,decomp.A.field.all.phase_med_abs_log_mean,,yes,
table_7.tex,0.179,runs/diagnostics/decomposition_by_config.csv,decomp.A.field.all.total_med_abs_log_mean,,yes,
table_7.tex,1870,runs/diagnostics/decomposition_summary.csv,decomp_run.classical.cell.all.n,,yes,
table_7.tex,0.587,runs/diagnostics/decomposition_by_config.csv,decomp.classical.cell.all.recall_mean,,yes,
table_7.tex,0.966,runs/diagnostics/decomposition_by_config.csv,decomp.classical.cell.all.domain_gm_mean,,yes,
table_7.tex,1.014,runs/diagnostics/decomposition_by_config.csv,decomp.classical.cell.all.phase_gm_mean,,yes,
table_7.tex,0.980,runs/diagnostics/decomposition_by_config.csv,decomp.classical.cell.all.total_gm_mean,,yes,
table_7.tex,0.046,runs/diagnostics/decomposition_by_config.csv,decomp.classical.cell.all.domain_med_abs_log_mean,,yes,
table_7.tex,0.119,runs/diagnostics/decomposition_by_config.csv,decomp.classical.cell.all.phase_med_abs_log_mean,,yes,
table_7.tex,0.169,runs/diagnostics/decomposition_by_config.csv,decomp.classical.cell.all.total_med_abs_log_mean,,yes,
table_7.tex,1543,runs/diagnostics/decomposition_summary.csv,decomp_run.classical.cell.interior.n,,yes,
table_7.tex,0.890,runs/diagnostics/decomposition_by_config.csv,decomp.classical.cell.interior.recall_mean,,yes,
table_7.tex,0.977,runs/diagnostics/decomposition_by_config.csv,decomp.classical.cell.interior.domain_gm_mean,,yes,
table_7.tex,1.028,runs/diagnostics/decomposition_by_config.csv,decomp.classical.cell.interior.phase_gm_mean,,yes,
table_7.tex,1.004,runs/diagnostics/decomposition_by_config.csv,decomp.classical.cell.interior.total_gm_mean,,yes,
table_7.tex,0.041,runs/diagnostics/decomposition_by_config.csv,decomp.classical.cell.interior.domain_med_abs_log_mean,,yes,
table_7.tex,0.106,runs/diagnostics/decomposition_by_config.csv,decomp.classical.cell.interior.phase_med_abs_log_mean,,yes,
table_7.tex,0.152,runs/diagnostics/decomposition_by_config.csv,decomp.classical.cell.interior.total_med_abs_log_mean,,yes,
table_7.tex,327,runs/diagnostics/decomposition_summary.csv,decomp_run.classical.cell.edge.n,,yes,
table_7.tex,0.225,runs/diagnostics/decomposition_by_config.csv,decomp.classical.cell.edge.recall_mean,,yes,
table_7.tex,0.919,runs/diagnostics/decomposition_by_config.csv,decomp.classical.cell.edge.domain_gm_mean,,yes,
table_7.tex,0.952,runs/diagnostics/decomposition_by_config.csv,decomp.classical.cell.edge.phase_gm_mean,,yes,
table_7.tex,0.875,runs/diagnostics/decomposition_by_config.csv,decomp.classical.cell.edge.total_gm_mean,,yes,
table_7.tex,0.095,runs/diagnostics/decomposition_by_config.csv,decomp.classical.cell.edge.domain_med_abs_log_mean,,yes,
table_7.tex,0.212,runs/diagnostics/decomposition_by_config.csv,decomp.classical.cell.edge.phase_med_abs_log_mean,,yes,
table_7.tex,0.308,runs/diagnostics/decomposition_by_config.csv,decomp.classical.cell.edge.total_med_abs_log_mean,,yes,
table_7.tex,113,runs/v2_baseline_off_axis/metrics_test.json,split.A.test,,yes,
table_7.tex,0.857,runs/diagnostics/decomposition_by_config.csv,decomp.classical.field.all.domain_gm_mean,,yes,
table_7.tex,1.055,runs/diagnostics/decomposition_by_config.csv,decomp.classical.field.all.phase_gm_mean,,yes,
table_7.tex,0.905,runs/diagnostics/decomposition_by_config.csv,decomp.classical.field.all.total_gm_mean,,yes,
table_7.tex,0.141,runs/diagnostics/decomposition_by_config.csv,decomp.classical.field.all.domain_med_abs_log_mean,,yes,
table_7.tex,0.061,runs/diagnostics/decomposition_by_config.csv,decomp.classical.field.all.phase_med_abs_log_mean,,yes,
table_7.tex,0.095,runs/diagnostics/decomposition_by_config.csv,decomp.classical.field.all.total_med_abs_log_mean,,yes,
table_1.tex,50,method parameter / count / dataset composition,config/base.yaml data.exclude (SNU_01-SNU_50); 50 warm-up passes; 50 rad px,,yes,
table_1.tex,50,method parameter / count / dataset composition,config/base.yaml data.exclude (SNU_01-SNU_50); 50 warm-up passes; 50 rad px,,yes,
table_1.tex,50,method parameter / count / dataset composition,config/base.yaml data.exclude (SNU_01-SNU_50); 50 warm-up passes; 50 rad px,,yes,
table_1.tex,50,method parameter / count / dataset composition,config/base.yaml data.exclude (SNU_01-SNU_50); 50 warm-up passes; 50 rad px,,yes,
table_1.tex,50,method parameter / count / dataset composition,config/base.yaml data.exclude (SNU_01-SNU_50); 50 warm-up passes; 50 rad px,,yes,
table_1.tex,250,method parameter / count / dataset composition,table_1/table_3 static content,,yes,
table_1.tex,100,method parameter / count / dataset composition,lr factor,,yes,
table_1.tex,50,method parameter / count / dataset composition,config/base.yaml data.exclude (SNU_01-SNU_50); 50 warm-up passes; 50 rad px,,yes,
table_1.tex,50,method parameter / count / dataset composition,config/base.yaml data.exclude (SNU_01-SNU_50); 50 warm-up passes; 50 rad px,,yes,
table_1.tex,50,method parameter / count / dataset composition,config/base.yaml data.exclude (SNU_01-SNU_50); 50 warm-up passes; 50 rad px,,yes,
table_1.tex,50,method parameter / count / dataset composition,config/base.yaml data.exclude (SNU_01-SNU_50); 50 warm-up passes; 50 rad px,,yes,
table_1.tex,300,method parameter / count / dataset composition,table_1/table_3 static content,,yes,
table_1.tex,50,method parameter / count / dataset composition,config/base.yaml data.exclude (SNU_01-SNU_50); 50 warm-up passes; 50 rad px,,yes,
table_1.tex,50,method parameter / count / dataset composition,config/base.yaml data.exclude (SNU_01-SNU_50); 50 warm-up passes; 50 rad px,,yes,
table_1.tex,50,method parameter / count / dataset composition,config/base.yaml data.exclude (SNU_01-SNU_50); 50 warm-up passes; 50 rad px,,yes,
table_1.tex,50,method parameter / count / dataset composition,config/base.yaml data.exclude (SNU_01-SNU_50); 50 warm-up passes; 50 rad px,,yes,
table_1.tex,50,method parameter / count / dataset composition,config/base.yaml data.exclude (SNU_01-SNU_50); 50 warm-up passes; 50 rad px,,yes,
table_1.tex,250,method parameter / count / dataset composition,table_1/table_3 static content,,yes,
table_1.tex,200,method parameter / count / dataset composition,table_1/table_3 static content,,yes,
table_1.tex,150,method parameter / count / dataset composition,table_1/table_3 static content,,yes,
table_1.tex,150,method parameter / count / dataset composition,table_1/table_3 static content,,yes,
table_1.tex,150,method parameter / count / dataset composition,table_1/table_3 static content,,yes,
table_1.tex,150,method parameter / count / dataset composition,table_1/table_3 static content,,yes,
table_10.tex,113,method parameter / count / dataset composition,data/splits.json,,yes,
table_10.tex,42,method parameter / count / dataset composition,seed,,yes,
table_10.tex,1337,method parameter / count / dataset composition,seed,,yes,
table_10.tex,2024,method parameter / count / dataset composition,seed,,yes,
table_10.tex,2,method parameter / count / dataset composition,closing radius / boundary tolerance,,yes,
table_10.tex,2,method parameter / count / dataset composition,closing radius / boundary tolerance,,yes,
table_10.tex,0.1742,runs/v2_baseline_off_axis/metrics_test.json; runs/v2_A_seed1337_off_axis/metrics_test.json; runs/v2_A_seed2024_off_axis/metrics_test.json,mean.A.dry_mass_mape,,yes,
table_10.tex,0.0045,runs/v2_baseline_off_axis/metrics_test.json; runs/v2_A_seed1337_off_axis/metrics_test.json; runs/v2_A_seed2024_off_axis/metrics_test.json,sd.A.area_image_pearson_r,,yes,
table_10.tex,0.1883,runs/v2_cell_ipp_off_axis/metrics_test.json; runs/v2_B_seed1337_off_axis/metrics_test.json; runs/v2_B_seed2024_off_axis/metrics_test.json,mean.B.dry_mass_mape,,yes,
table_10.tex,0.0052,runs/v2_cell_ipp_bga_off_axis/metrics_test.json,run.C.s42.circularity_relative_bias,,yes,
table_10.tex,0.1887,runs/v2_A_seed2024_off_axis/metrics_test.json,run.A.s2024.optical_volume_mape_ci_upper,,yes,
table_10.tex,0.0013,runs/v2_baseline_off_axis/metrics_test.json; runs/v2_A_seed1337_off_axis/metrics_test.json; runs/v2_A_seed2024_off_axis/metrics_test.json,sd.A.seg_dice,,yes,
table_10.tex,0.1631,runs/v2_baseline_off_axis/metrics_test.json; runs/v2_A_seed1337_off_axis/metrics_test.json; runs/v2_A_seed2024_off_axis/metrics_test.json,mean.A.dry_mass_field_total_mape,,yes,
table_10.tex,0.0141,runs/v2_A_seed1337_off_axis/metrics_test.json,run.A.s1337.circularity_median_relative_bias,,yes,
table_10.tex,0.1676,runs/v2_A_seed2024_off_axis/metrics_test.json,run.A.s2024.optical_volume_mape_ci_lower,,yes,
table_10.tex,0.0084,runs/v2_cell_ipp_off_axis/metrics_test.json; runs/v2_B_seed1337_off_axis/metrics_test.json; runs/v2_B_seed2024_off_axis/metrics_test.json,sd.B.area_loa_lower,,yes,
table_10.tex,0.1722,runs/v2_image_volume_off_axis/metrics_test.json; runs/v2_B1_seed1337_off_axis/metrics_test.json; runs/v2_B1_seed2024_off_axis/metrics_test.json,mean.B1.dry_mass_field_total_mape,,yes,
table_10.tex,0.0107,runs/v2_image_volume_off_axis/metrics_test.json; runs/v2_B1_seed1337_off_axis/metrics_test.json; runs/v2_B1_seed2024_off_axis/metrics_test.json,sd.B1.dry_mass_field_total_mape,,yes,
table_10.tex,-0.1560,runs/v2_baseline_off_axis/metrics_test.json; runs/v2_A_seed1337_off_axis/metrics_test.json; runs/v2_A_seed2024_off_axis/metrics_test.json,mean.A.dry_mass_field_total_bias,,yes,
table_10.tex,0.0174,runs/v2_A_seed1337_off_axis/metrics_test.json,run.A.s1337.optical_volume_relative_bias,,yes,
table_10.tex,-0.1496,runs/v2_cell_ipp_off_axis/metrics_test.json; runs/v2_B_seed1337_off_axis/metrics_test.json; runs/v2_B_seed2024_off_axis/metrics_test.json,mean.B.dry_mass_field_total_bias,,yes,
table_10.tex,0.0181,runs/v2_cell_ipp_off_axis/metrics_test.json; runs/v2_B_seed1337_off_axis/metrics_test.json; runs/v2_B_seed2024_off_axis/metrics_test.json,sd.B.dry_mass_field_total_bias,,yes,
table_10.tex,-0.1667,runs/v2_image_volume_off_axis/metrics_test.json; runs/v2_B1_seed1337_off_axis/metrics_test.json; runs/v2_B1_seed2024_off_axis/metrics_test.json,mean.B1.dry_mass_field_total_bias,,yes,
table_10.tex,0.0078,runs/v2_baseline_off_axis/metrics_test.json; runs/v2_A_seed1337_off_axis/metrics_test.json; runs/v2_A_seed2024_off_axis/metrics_test.json,sd.A.circularity_cell_pearson_r_ci_lower,,yes,
table_10.tex,0.1568,runs/v2_baseline_off_axis/metrics_test.json,run.A.s42.phase_mae_rad,,yes,
table_10.tex,0.0027,runs/v2_baseline_off_axis/metrics_test.json; runs/v2_A_seed1337_off_axis/metrics_test.json; runs/v2_A_seed2024_off_axis/metrics_test.json,sd.A.area_mape,,yes,
table_10.tex,0.1679,runs/v2_cell_ipp_off_axis/metrics_test.json; runs/v2_B_seed1337_off_axis/metrics_test.json; runs/v2_B_seed2024_off_axis/metrics_test.json,mean.B.area_mape,,yes,
table_10.tex,0.0059,runs/v2_cell_ipp_off_axis/metrics_test.json; runs/v2_B_seed1337_off_axis/metrics_test.json; runs/v2_B_seed2024_off_axis/metrics_test.json,sd.B.area_mape,,yes,
table_10.tex,0.1597,runs/v2_image_volume_off_axis/metrics_test.json; runs/v2_B1_seed1337_off_axis/metrics_test.json; runs/v2_B1_seed2024_off_axis/metrics_test.json,mean.B1.area_mape,,yes,
table_10.tex,0.0014,runs/v2_cell_ipp_bga_off_axis/metrics_test.json,run.C.s42.circularity_median_relative_bias,,yes,
table_10.tex,0.1568,runs/v2_baseline_off_axis/metrics_test.json,run.A.s42.phase_mae_rad,,yes,
table_10.tex,0.0023,runs/v2_baseline_off_axis/metrics_test.json; runs/v2_A_seed1337_off_axis/metrics_test.json; runs/v2_A_seed2024_off_axis/metrics_test.json,sd.A.phase_mae_rad,,yes,
table_10.tex,0.1656,runs/v2_compact_cell_ipp_off_axis/metrics_test.json,run.KB.s42.area_mape,,yes,
table_10.tex,0.0032,runs/v2_baseline_off_axis/metrics_test.json; runs/v2_A_seed1337_off_axis/metrics_test.json; runs/v2_A_seed2024_off_axis/metrics_test.json,sd.A.area_mape_ci_upper,,yes,
table_10.tex,0.1644,runs/v2_B_seed1337_off_axis/metrics_test.json,run.B.s1337.phase_mae_rad,,yes,
table_10.tex,0.0015,runs/v2_baseline_off_axis/metrics_test.json; runs/v2_A_seed1337_off_axis/metrics_test.json; runs/v2_A_seed2024_off_axis/metrics_test.json,sd.A.area_cell_pearson_r_ci_upper,,yes,
table_10.tex,0.2689,runs/v2_baseline_off_axis/metrics_test.json; runs/v2_A_seed1337_off_axis/metrics_test.json; runs/v2_A_seed2024_off_axis/metrics_test.json,mean.A.phase_mae_rad_in_cell,,yes,
table_10.tex,0.0056,runs/v2_baseline_gabor/metrics_test.json,run.G.s42.phase_bias_rad_background,,yes,
table_10.tex,0.2876,runs/v2_cell_ipp_off_axis/metrics_test.json; runs/v2_B_seed1337_off_axis/metrics_test.json; runs/v2_B_seed2024_off_axis/metrics_test.json,mean.B.phase_mae_rad_in_cell,,yes,
table_10.tex,0.0064,runs/v2_cell_ipp_off_axis/metrics_test.json; runs/v2_B_seed1337_off_axis/metrics_test.json; runs/v2_B_seed2024_off_axis/metrics_test.json,mean.B.circularity_relative_bias,,yes,
table_10.tex,0.2946,runs/v2_image_volume_off_axis/metrics_test.json; runs/v2_B1_seed1337_off_axis/metrics_test.json; runs/v2_B1_seed2024_off_axis/metrics_test.json,mean.B1.phase_mae_rad_in_cell,,yes,
table_10.tex,0.0039,runs/v2_amplitude_off_axis/metrics_test.json,run.D0.s42.phase_bias_rad,,yes,
table_10.tex,0.8741,runs/v2_baseline_off_axis/metrics_test.json; runs/v2_A_seed1337_off_axis/metrics_test.json; runs/v2_A_seed2024_off_axis/metrics_test.json,mean.A.phase_pearson_r,,yes,
table_10.tex,0.0023,runs/v2_baseline_off_axis/metrics_test.json; runs/v2_A_seed1337_off_axis/metrics_test.json; runs/v2_A_seed2024_off_axis/metrics_test.json,sd.A.phase_mae_rad,,yes,
table_10.tex,0.8636,runs/v2_cell_ipp_off_axis/metrics_test.json; runs/v2_B_seed1337_off_axis/metrics_test.json; runs/v2_B_seed2024_off_axis/metrics_test.json,mean.B.phase_pearson_r,,yes,
table_10.tex,0.0019,runs/v2_baseline_off_axis/metrics_test.json; runs/v2_A_seed1337_off_axis/metrics_test.json; runs/v2_A_seed2024_off_axis/metrics_test.json,sd.A.phase_mae_rad_background,,yes,
table_10.tex,0.8655,runs/v2_ipp_w03_off_axis/metrics_test.json,run.W03.s42.circularity_cell_pearson_r_ci_lower,,yes,
table_10.tex,0.0005,runs/v2_cell_ipp_off_axis/metrics_test.json; runs/v2_B_seed1337_off_axis/metrics_test.json; runs/v2_B_seed2024_off_axis/metrics_test.json,sd.B.forward_residual,,yes,
table_10.tex,0.8337,runs/v2_baseline_gabor/metrics_test.json,run.G.s42.circularity_cell_pearson_r_ci_lower,,yes,
table_10.tex,0.0013,runs/v2_baseline_off_axis/metrics_test.json; runs/v2_A_seed1337_off_axis/metrics_test.json; runs/v2_A_seed2024_off_axis/metrics_test.json,sd.A.seg_dice,,yes,
table_10.tex,0.8294,runs/v2_B_seed2024_off_axis/metrics_test.json,run.B.s2024.seg_dice,,yes,
table_10.tex,0.0032,runs/v2_baseline_off_axis/metrics_test.json; runs/v2_A_seed1337_off_axis/metrics_test.json; runs/v2_A_seed2024_off_axis/metrics_test.json,sd.A.area_mape_ci_upper,,yes,
table_10.tex,0.8294,runs/v2_B_seed2024_off_axis/metrics_test.json,run.B.s2024.seg_dice,,yes,
table_10.tex,0.0004,runs/v2_image_volume_off_axis/metrics_test.json; runs/v2_B1_seed1337_off_axis/metrics_test.json; runs/v2_B1_seed2024_off_axis/metrics_test.json,sd.B1.circularity_mae,,yes,
table_10.tex,0.6710,runs/v2_baseline_off_axis/metrics_test.json; runs/v2_A_seed1337_off_axis/metrics_test.json; runs/v2_A_seed2024_off_axis/metrics_test.json,mean.A.seg_aji,,yes,
table_10.tex,0.0025,runs/v2_B_seed1337_off_axis/metrics_test.json,run.B.s1337.circularity_relative_bias,,yes,
table_10.tex,0.6616,runs/v2_cell_ipp_off_axis/metrics_test.json; runs/v2_B_seed1337_off_axis/metrics_test.json; runs/v2_B_seed2024_off_axis/metrics_test.json,mean.B.seg_aji,,yes,
table_10.tex,0.0059,runs/v2_cell_ipp_off_axis/metrics_test.json; runs/v2_B_seed1337_off_axis/metrics_test.json; runs/v2_B_seed2024_off_axis/metrics_test.json,sd.B.area_mape,,yes,
table_10.tex,0.6632,runs/v2_image_volume_off_axis/metrics_test.json; runs/v2_B1_seed1337_off_axis/metrics_test.json; runs/v2_B1_seed2024_off_axis/metrics_test.json,mean.B1.seg_aji,,yes,
table_10.tex,0.0009,runs/v2_image_volume_off_axis/metrics_test.json; runs/v2_B1_seed1337_off_axis/metrics_test.json; runs/v2_B1_seed2024_off_axis/metrics_test.json,sd.B1.forward_residual_ratio,,yes,
table_10.tex,0.4687,runs/v2_baseline_off_axis/metrics_test.json; runs/v2_A_seed1337_off_axis/metrics_test.json; runs/v2_A_seed2024_off_axis/metrics_test.json,mean.A.seg_boundary_f1,,yes,
table_10.tex,0.0053,runs/v2_baseline_off_axis/metrics_test.json; runs/v2_A_seed1337_off_axis/metrics_test.json; runs/v2_A_seed2024_off_axis/metrics_test.json,sd.A.detection_f1,,yes,
table_10.tex,0.4518,runs/v2_cell_ipp_off_axis/metrics_test.json; runs/v2_B_seed1337_off_axis/metrics_test.json; runs/v2_B_seed2024_off_axis/metrics_test.json,mean.B.seg_boundary_f1,,yes,
table_10.tex,0.0093,runs/v2_ipp_w30_off_axis/metrics_test.json,run.W30.s42.circularity_relative_bias,,yes,
table_10.tex,0.4477,runs/v2_image_volume_off_axis/metrics_test.json; runs/v2_B1_seed1337_off_axis/metrics_test.json; runs/v2_B1_seed2024_off_axis/metrics_test.json,mean.B1.seg_boundary_f1,,yes,
table_10.tex,0.0028,runs/v2_cell_ipp_off_axis/metrics_test.json,run.B.s42.phase_bias_rad,,yes,
table_10.tex,0.5931,runs/v2_baseline_off_axis/metrics_test.json; runs/v2_A_seed1337_off_axis/metrics_test.json; runs/v2_A_seed2024_off_axis/metrics_test.json,mean.A.coverage,,yes,
table_10.tex,0.0027,runs/v2_baseline_off_axis/metrics_test.json; runs/v2_A_seed1337_off_axis/metrics_test.json; runs/v2_A_seed2024_off_axis/metrics_test.json,sd.A.area_mape,,yes,
table_10.tex,0.6006,runs/v2_cell_ipp_off_axis/metrics_test.json; runs/v2_B_seed1337_off_axis/metrics_test.json; runs/v2_B_seed2024_off_axis/metrics_test.json,mean.B.coverage,,yes,
table_10.tex,0.0034,runs/v2_cell_ipp_off_axis/metrics_test.json; runs/v2_B_seed1337_off_axis/metrics_test.json; runs/v2_B_seed2024_off_axis/metrics_test.json,sd.B.coverage,,yes,
table_10.tex,0.5889,runs/v2_image_volume_off_axis/metrics_test.json; runs/v2_B1_seed1337_off_axis/metrics_test.json; runs/v2_B1_seed2024_off_axis/metrics_test.json,mean.B1.coverage,,yes,
table_10.tex,0.0013,runs/v2_baseline_off_axis/metrics_test.json; runs/v2_A_seed1337_off_axis/metrics_test.json; runs/v2_A_seed2024_off_axis/metrics_test.json,sd.A.seg_dice,,yes,
table_10.tex,0.8488,runs/v2_A_seed2024_off_axis/metrics_test.json,run.A.s2024.detection_precision,,yes,
table_10.tex,0.0124,runs/v2_baseline_off_axis/metrics_test.json; runs/v2_A_seed1337_off_axis/metrics_test.json; runs/v2_A_seed2024_off_axis/metrics_test.json,sd.A.detection_precision,,yes,
table_10.tex,0.8077,runs/v2_cell_ipp_off_axis/metrics_test.json; runs/v2_B_seed1337_off_axis/metrics_test.json; runs/v2_B_seed2024_off_axis/metrics_test.json,mean.B.detection_precision,,yes,
table_10.tex,0.0138,runs/v2_cell_ipp_off_axis/metrics_test.json; runs/v2_B_seed1337_off_axis/metrics_test.json; runs/v2_B_seed2024_off_axis/metrics_test.json,sd.B.detection_precision,,yes,
table_10.tex,0.8460,runs/v2_image_volume_off_axis/metrics_test.json; runs/v2_B1_seed1337_off_axis/metrics_test.json; runs/v2_B1_seed2024_off_axis/metrics_test.json,mean.B1.detection_precision,,yes,
table_10.tex,0.0100,runs/v2_image_volume_off_axis/metrics_test.json,run.B1.s42.circularity_median_relative_bias,,yes,
table_10.tex,337,runs/v2_baseline_off_axis/metrics_test.json; runs/v2_A_seed1337_off_axis/metrics_test.json; runs/v2_A_seed2024_off_axis/metrics_test.json,mean.A.cells_false_positive,,yes,
table_10.tex,32,method parameter / count / dataset composition,decoder width / stride / val fields,,yes,
table_10.tex,456,runs/v2_cell_ipp_off_axis/metrics_test.json; runs/v2_B_seed1337_off_axis/metrics_test.json; runs/v2_B_seed2024_off_axis/metrics_test.json,mean.B.cells_false_positive,,yes,
table_10.tex,40,runs/v2_B_seed2024_off_axis/metrics_test.json,run.B.s2024.dry_mass_mae,,yes,
table_10.tex,342,runs/v2_image_volume_off_axis/metrics_test.json; runs/v2_B1_seed1337_off_axis/metrics_test.json; runs/v2_B1_seed2024_off_axis/metrics_test.json,mean.B1.cells_false_positive,,yes,
table_10.tex,27,runs/v2_baseline_off_axis/metrics_test.json,run.A.s42.phase_mae_rad_in_cell,,yes,
table_10.tex,2,method parameter / count / dataset composition,closing radius / boundary tolerance,,yes,
table_10.tex,4,method parameter / count / dataset composition,sigma / scan fields,,yes,
table_10.tex,7,method parameter / count / dataset composition,percent (about 7%),,yes,
table_10.tex,2,method parameter / count / dataset composition,closing radius / boundary tolerance,,yes,
table_10.tex,2,method parameter / count / dataset composition,closing radius / boundary tolerance,,yes,
table_10.tex,0.0141,runs/v2_A_seed1337_off_axis/metrics_test.json,run.A.s1337.circularity_median_relative_bias,,yes,
table_10.tex,0.0097,runs/v2_image_volume_off_axis/metrics_test.json; runs/v2_B1_seed1337_off_axis/metrics_test.json; runs/v2_B1_seed2024_off_axis/metrics_test.json,sd.B1.cell_count_ratio,,yes,
table_10.tex,0.0045,runs/v2_baseline_off_axis/metrics_test.json; runs/v2_A_seed1337_off_axis/metrics_test.json; runs/v2_A_seed2024_off_axis/metrics_test.json,sd.A.area_image_pearson_r,,yes,
table_10.tex,0.0232,runs/*/metrics_test.json,cmp.B_vs_A.dry_mass_field_total_mape.thr,,yes,
table_10.tex,0.0145,runs/v2_amplitude_off_axis/metrics_test.json,run.D0.s42.circularity_median_relative_bias,,yes,
table_10.tex,0.0066,runs/v2_baseline_off_axis/metrics_test.json; runs/v2_A_seed1337_off_axis/metrics_test.json; runs/v2_A_seed2024_off_axis/metrics_test.json,sd.A.circularity_cell_pearson_r_ci_upper,,yes,
table_10.tex,0.0091,runs/*/metrics_test.json,cmp.B_vs_A.seg_aji.thr,,yes,
table_10.tex,0.0250,runs/*/metrics_test.json,cmp.B1_vs_A.dry_mass_field_total_mape.thr,,yes,
table_10.tex,0.0004,runs/v2_image_volume_off_axis/metrics_test.json; runs/v2_B1_seed1337_off_axis/metrics_test.json; runs/v2_B1_seed2024_off_axis/metrics_test.json,sd.B1.circularity_mae,,yes,
table_10.tex,0.0076,runs/v2_cell_ipp_off_axis/metrics_test.json; runs/v2_B_seed1337_off_axis/metrics_test.json; runs/v2_B_seed2024_off_axis/metrics_test.json,sd.B.phase_bias_rad,,yes,
table_10.tex,0.0046,runs/v2_cell_ipp_off_axis/metrics_test.json; runs/v2_B_seed1337_off_axis/metrics_test.json; runs/v2_B_seed2024_off_axis/metrics_test.json,sd.B.area_cell_pearson_r,,yes,
table_10.tex,0.0193,runs/*/metrics_test.json,cmp.B1_vs_B.dry_mass_field_total_mape.thr,,yes,
table_10.tex,-0.0033,runs/*/metrics_test.json,cmp.B2_vs_B.dry_mass_mape.diff,,yes,
table_10.tex,0.0020,runs/v2_baseline_off_axis/metrics_test.json; runs/v2_A_seed1337_off_axis/metrics_test.json; runs/v2_A_seed2024_off_axis/metrics_test.json,sd.A.circularity_mae,,yes,
table_10.tex,0.0038,runs/v2_B_seed2024_off_axis/metrics_test.json,run.B.s2024.circularity_relative_bias,,yes,
table_10.tex,-0.0025,runs/*/metrics_test.json,cmp.C_vs_B.dry_mass_field_total_mape.diff,,yes,
table_10.tex,0.1,method parameter / count / dataset composition,weights,,yes,
table_10.tex,0.0012,runs/v2_B_seed1337_off_axis/metrics_test.json,run.B.s1337.circularity_median_relative_bias,,yes,
table_10.tex,0.0199,runs/v2_cell_ipp_area_off_axis/metrics_test.json,run.B2.s42.optical_volume_relative_bias,,yes,
table_10.tex,0.3,method parameter / count / dataset composition,weights,,yes,
table_10.tex,0.0138,runs/v2_cell_ipp_off_axis/metrics_test.json; runs/v2_B_seed1337_off_axis/metrics_test.json; runs/v2_B_seed2024_off_axis/metrics_test.json,sd.B.detection_precision,,yes,
table_10.tex,0.0322,runs/*/metrics_test.json,cmp.W03_vs_A.dry_mass_field_total_mape.diff,,yes,
table_10.tex,3.0,method parameter / count / dataset composition,weights,,yes,
table_10.tex,0.0221,runs/*/metrics_test.json,cmp.W30_vs_A.dry_mass_mape.diff,,yes,
table_10.tex,-0.0315,runs/*/metrics_test.json,cmp.W30_vs_A.dry_mass_field_total_mape.diff,,yes,
table_10.tex,-0.0026,runs/*/metrics_test.json,cmp.C_vs_B.area_mape.diff,,yes,
table_10.tex,-0.0148,runs/*/metrics_test.json,cmp.D0_vs_B.dry_mass_field_total_mape.diff,,yes,
table_10.tex,-0.0002,runs/*/metrics_test.json,cmp.C_vs_B.phase_mae_rad.diff,,yes,
table_10.tex,0.0046,runs/v2_cell_ipp_off_axis/metrics_test.json; runs/v2_B_seed1337_off_axis/metrics_test.json; runs/v2_B_seed2024_off_axis/metrics_test.json,sd.B.area_cell_pearson_r,,yes,
table_10.tex,0.0065,runs/v2_ipp_w01_off_axis/metrics_test.json,run.W01.s42.phase_bias_rad,,yes,
table_10.tex,0.0025,runs/v2_B_seed1337_off_axis/metrics_test.json,run.B.s1337.circularity_relative_bias,,yes,
table_10.tex,-0.0002,runs/*/metrics_test.json,cmp.C_vs_B.phase_mae_rad.diff,,yes,
table_10.tex,0.0107,runs/v2_image_volume_off_axis/metrics_test.json; runs/v2_B1_seed1337_off_axis/metrics_test.json; runs/v2_B1_seed2024_off_axis/metrics_test.json,sd.B1.dry_mass_field_total_mape,,yes,
table_10.tex,0.0003,runs/*/metrics_test.json,cmp.B1_vs_B.forward_residual.diff,,yes,
table_10.tex,-0.0137,runs/*/metrics_test.json,cmp.KB_vs_B.dry_mass_field_total_mape.diff,,yes,
table_10.tex,2,method parameter / count / dataset composition,closing radius / boundary tolerance,,yes,
table_10.tex,2,method parameter / count / dataset composition,closing radius / boundary tolerance,,yes,
table_10.tex,2,method parameter / count / dataset composition,closing radius / boundary tolerance,,yes,
table_10.tex,2,method parameter / count / dataset composition,closing radius / boundary tolerance,,yes,
table_11.tex,113,method parameter / count / dataset composition,data/splits.json,,yes,
table_11.tex,113,method parameter / count / dataset composition,data/splits.json,,yes,
table_11.tex,0.9,method parameter / count / dataset composition,probe scale,,yes,
table_11.tex,0.5,method parameter / count / dataset composition,IoU threshold / CE weight / 0.5x probe,,yes,
table_11.tex,2,method parameter / count / dataset composition,closing radius / boundary tolerance,,yes,
table_11.tex,0.0651,runs/v2_amplitude_off_axis/metrics_test.json,run.D0.s42.amplitude_mae,,yes,
table_11.tex,0.0665,runs/v2_forward_amplitude_off_axis/metrics_test.json,run.D1.s42.amplitude_mae,,yes,
table_11.tex,0.0651,runs/v2_amplitude_off_axis/metrics_test.json,run.D0.s42.amplitude_mae,,yes,
table_11.tex,1,method parameter / count / dataset composition,count,,yes,
table_11.tex,0.1469,runs/v2_A_seed1337_off_axis/metrics_test.json,run.A.s1337.optical_volume_field_total_mape,,yes,
table_11.tex,0.1469,runs/v2_A_seed1337_off_axis/metrics_test.json,run.A.s1337.optical_volume_field_total_mape,,yes,
table_11.tex,0.1469,runs/v2_A_seed1337_off_axis/metrics_test.json,run.A.s1337.optical_volume_field_total_mape,,yes,
table_11.tex,1,method parameter / count / dataset composition,count,,yes,
table_11.tex,1,method parameter / count / dataset composition,count,,yes,
table_11.tex,0.4429,runs/v2_amplitude_off_axis/metrics_test.json,run.D0.s42.amplitude_mae_over_unity,,yes,
table_11.tex,0.4526,runs/v2_forward_amplitude_off_axis/metrics_test.json,run.D1.s42.amplitude_mae_over_unity,,yes,
table_11.tex,0.4436,runs/v2_learned_z_off_axis/metrics_test.json,run.D2.s42.amplitude_mae_over_unity,,yes,
table_11.tex,0.0906,runs/v2_amplitude_off_axis/metrics_test.json,run.D0.s42.amplitude_mae_in_cell,,yes,
table_11.tex,0.0922,runs/v2_forward_amplitude_off_axis/metrics_test.json,run.D1.s42.amplitude_mae_in_cell,,yes,
table_11.tex,0.0898,runs/v2_learned_z_off_axis/metrics_test.json,run.D2.s42.amplitude_mae_in_cell,,yes,
table_11.tex,0.0339,runs/v2_amplitude_off_axis/metrics_test.json,run.D0.s42.amplitude_bias,,yes,
table_11.tex,0.0378,runs/v2_forward_amplitude_off_axis/metrics_test.json,run.D1.s42.amplitude_bias,,yes,
table_11.tex,0.0323,runs/v2_learned_z_off_axis/metrics_test.json,run.D2.s42.amplitude_bias,,yes,
table_11.tex,0.9047,runs/v2_amplitude_off_axis/metrics_test.json,run.D0.s42.amplitude_pearson_r,,yes,
table_11.tex,0.9064,runs/v2_forward_amplitude_off_axis/metrics_test.json,run.D1.s42.amplitude_pearson_r,,yes,
table_11.tex,0.9045,runs/v2_learned_z_off_axis/metrics_test.json,run.D2.s42.amplitude_pearson_r,,yes,
table_11.tex,1.0324,runs/v2_amplitude_off_axis/metrics_test.json,run.D0.s42.amplitude_pred_mean,,yes,
table_11.tex,1.0363,runs/v2_forward_amplitude_off_axis/metrics_test.json,run.D1.s42.amplitude_pred_mean,,yes,
table_11.tex,1.0308,runs/v2_learned_z_off_axis/metrics_test.json,run.D2.s42.amplitude_pred_mean,,yes,
table_11.tex,0.1207,runs/v2_amplitude_off_axis/metrics_test.json,run.D0.s42.amplitude_pred_sd,,yes,
table_11.tex,0.1223,runs/v2_forward_amplitude_off_axis/metrics_test.json,run.D1.s42.amplitude_pred_sd,,yes,
table_11.tex,0.1200,runs/v2_learned_z_off_axis/metrics_test.json,run.D2.s42.amplitude_pred_sd,,yes,
table_11.tex,0.9985,runs/v2_amplitude_off_axis/metrics_test.json,run.D0.s42.amplitude_reference_mean,,yes,
table_11.tex,0.9985,runs/v2_amplitude_off_axis/metrics_test.json,run.D0.s42.amplitude_reference_mean,,yes,
table_11.tex,0.9985,runs/v2_amplitude_off_axis/metrics_test.json,run.D0.s42.amplitude_reference_mean,,yes,
table_11.tex,2,method parameter / count / dataset composition,closing radius / boundary tolerance,,yes,
table_11.tex,0.8948,runs/v2_A_seed2024_off_axis/metrics_test.json,run.A.s2024.forward_residual,,yes,
table_11.tex,0.0002,runs/v2_baseline_off_axis/metrics_test.json; runs/v2_A_seed1337_off_axis/metrics_test.json; runs/v2_A_seed2024_off_axis/metrics_test.json,sd.A.forward_residual,,yes,
table_11.tex,0.8968,runs/v2_cell_ipp_off_axis/metrics_test.json; runs/v2_B_seed1337_off_axis/metrics_test.json; runs/v2_B_seed2024_off_axis/metrics_test.json,mean.B.forward_residual,,yes,
table_11.tex,0.0005,runs/v2_cell_ipp_off_axis/metrics_test.json; runs/v2_B_seed1337_off_axis/metrics_test.json; runs/v2_B_seed2024_off_axis/metrics_test.json,sd.B.forward_residual,,yes,
table_11.tex,0.8699,runs/v2_amplitude_off_axis/metrics_test.json,run.D0.s42.forward_residual,,yes,
table_11.tex,0.8702,runs/v2_forward_amplitude_off_axis/metrics_test.json,run.D1.s42.forward_residual,,yes,
table_11.tex,0.8699,runs/v2_amplitude_off_axis/metrics_test.json,run.D0.s42.forward_residual,,yes,
table_11.tex,0.8914,runs/v2_baseline_off_axis/metrics_test.json,run.A.s42.forward_residual_reference,,yes,
table_11.tex,0.0000,runs/v2_B_seed1337_off_axis/metrics_test.json,run.B.s1337.circularity_median_relative_bias,,yes,
table_11.tex,0.8914,runs/v2_baseline_off_axis/metrics_test.json,run.A.s42.forward_residual_reference,,yes,
table_11.tex,0.0000,runs/v2_B_seed1337_off_axis/metrics_test.json,run.B.s1337.circularity_median_relative_bias,,yes,
table_11.tex,0.8647,runs/v2_cell_ipp_area_off_axis/metrics_test.json,run.B2.s42.phase_pearson_r,,yes,
table_11.tex,0.8643,runs/v2_forward_amplitude_off_axis/metrics_test.json,run.D1.s42.forward_residual_reference,,yes,
table_11.tex,0.8640,runs/v2_learned_z_off_axis/metrics_test.json,run.D2.s42.forward_residual_reference,,yes,
table_11.tex,1.0,method parameter / count / dataset composition,weights / scale,,yes,
table_11.tex,1.0039,runs/v2_baseline_off_axis/metrics_test.json; runs/v2_A_seed1337_off_axis/metrics_test.json; runs/v2_A_seed2024_off_axis/metrics_test.json,mean.A.forward_residual_ratio,,yes,
table_11.tex,0.0002,runs/v2_baseline_off_axis/metrics_test.json; runs/v2_A_seed1337_off_axis/metrics_test.json; runs/v2_A_seed2024_off_axis/metrics_test.json,sd.A.forward_residual,,yes,
table_11.tex,1.0061,runs/v2_amplitude_off_axis/metrics_test.json,run.D0.s42.forward_residual_ratio,,yes,
table_11.tex,0.0005,runs/v2_cell_ipp_off_axis/metrics_test.json; runs/v2_B_seed1337_off_axis/metrics_test.json; runs/v2_B_seed2024_off_axis/metrics_test.json,sd.B.forward_residual,,yes,
table_11.tex,1.0061,runs/v2_amplitude_off_axis/metrics_test.json,run.D0.s42.forward_residual_ratio,,yes,
table_11.tex,1.0068,runs/v2_forward_amplitude_off_axis/metrics_test.json,run.D1.s42.forward_residual_ratio,,yes,
table_11.tex,1.0068,runs/v2_forward_amplitude_off_axis/metrics_test.json,run.D1.s42.forward_residual_ratio,,yes,
table_11.tex,0.2689,runs/v2_baseline_off_axis/metrics_test.json; runs/v2_A_seed1337_off_axis/metrics_test.json; runs/v2_A_seed2024_off_axis/metrics_test.json,mean.A.phase_mae_rad_in_cell,,yes,
table_11.tex,0.0056,runs/v2_baseline_gabor/metrics_test.json,run.G.s42.phase_bias_rad_background,,yes,
table_11.tex,0.2876,runs/v2_cell_ipp_off_axis/metrics_test.json; runs/v2_B_seed1337_off_axis/metrics_test.json; runs/v2_B_seed2024_off_axis/metrics_test.json,mean.B.phase_mae_rad_in_cell,,yes,
table_11.tex,0.0064,runs/v2_cell_ipp_off_axis/metrics_test.json; runs/v2_B_seed1337_off_axis/metrics_test.json; runs/v2_B_seed2024_off_axis/metrics_test.json,mean.B.circularity_relative_bias,,yes,
table_11.tex,0.2862,runs/v2_amplitude_off_axis/metrics_test.json,run.D0.s42.phase_mae_rad_in_cell,,yes,
table_11.tex,0.2893,runs/v2_forward_amplitude_off_axis/metrics_test.json,run.D1.s42.phase_mae_rad_in_cell,,yes,
table_11.tex,0.2886,runs/v2_learned_z_off_axis/metrics_test.json,run.D2.s42.phase_mae_rad_in_cell,,yes,
table_11.tex,2,method parameter / count / dataset composition,closing radius / boundary tolerance,,yes,
table_11.tex,0.9,method parameter / count / dataset composition,probe scale,,yes,
table_11.tex,0.5,method parameter / count / dataset composition,IoU threshold / CE weight / 0.5x probe,,yes,
table_11.tex,4,method parameter / count / dataset composition,sigma / scan fields,,yes,
table_11.tex,6,method parameter / count / dataset composition,count,,yes,
table_11.tex,32,method parameter / count / dataset composition,decoder width / stride / val fields,,yes,
table_11.tex,0.9147,runs/z_calibration.json,disc.off_axis.floor,,yes,
table_11.tex,0.00035,runs/*/metrics_test.json,cmp.B1_vs_B.forward_residual_ratio.diff,,yes,
table_11.tex,18,runs/v2_baseline_off_axis/metrics_test.json,run.A.s42.optical_volume_mape_ci_upper,,yes,
table_11.tex,32,method parameter / count / dataset composition,decoder width / stride / val fields,,yes,
table_11.tex,0.0080,runs/v2_baseline_off_axis/metrics_test.json; runs/v2_A_seed1337_off_axis/metrics_test.json; runs/v2_A_seed2024_off_axis/metrics_test.json,sd.A.area_loa_upper,,yes,
table_11.tex,20,method parameter / count / dataset composition,GS iterations,,yes,
table_11.tex,32,method parameter / count / dataset composition,decoder width / stride / val fields,,yes,
table_11.tex,32,method parameter / count / dataset composition,decoder width / stride / val fields,,yes,
table_11.tex,0.6993,runs/z_calibration.json,disc.gabor.floor,,yes,
table_11.tex,0.00432,runs/z_calibration.json,disc.gabor.margin.scaled_0.9,,yes,
table_11.tex,30,method parameter / count / dataset composition,config/base.yaml min_cell_area_um2; 30 batches,,yes,
table_11.tex,32,method parameter / count / dataset composition,decoder width / stride / val fields,,yes,
table_11.tex,0.0622,runs/*/metrics_test.json,cmp.D2_vs_D1.phase_mae_rad_in_cell.diff,,yes,
table_11.tex,32,method parameter / count / dataset composition,decoder width / stride / val fields,,yes,
table_11.tex,32,method parameter / count / dataset composition,decoder width / stride / val fields,,yes,
table_11.tex,113,method parameter / count / dataset composition,data/splits.json,,yes,
table_11.tex,0.8914,runs/v2_baseline_off_axis/metrics_test.json,run.A.s42.forward_residual_reference,,yes,
table_11.tex,0.00027,logs/v2_20260930_065521_gpu2/amplitude_sensitivity_global.log,probe.global.phase_scaled_0.9.change,,yes,
table_11.tex,0.0070,runs/*/metrics_test.json,cmp.B1_vs_B.phase_mae_rad_in_cell.diff,,yes,
table_11.tex,112,method parameter / count / dataset composition,per-field surfaces (runs/amplitude_sensitivity_off_axis_per_field.csv rows),,yes,
table_11.tex,0.3906,logs/v2_20260930_065521_gpu2/amplitude_sensitivity_per_field.log,probe.per_field.amp_unity,,yes,
table_11.tex,0.00110,logs/v2_20260930_065521_gpu2/amplitude_sensitivity_per_field.log,probe.per_field.phase_scaled_0.9.change,,yes,
table_11.tex,0.0359,runs/v2_forward_amplitude_off_axis/metrics_test.json,run.D1.s42.phase_bias_rad_background,,yes,
table_11.tex,0.01,method parameter / count / dataset composition,configured tolerance,,yes,
table_11.tex,1,method parameter / count / dataset composition,count,,yes,
table_11.tex,45,runs/v2_A_seed2024_off_axis/metrics_test.json,run.A.s2024.circularity_mape_coverage_adjusted,,yes,
table_11.tex,405,runs/aberration_fit_order5.csv,probe.per_field.missing.99.surface_pv_rad,,yes,
table_11.tex,112,method parameter / count / dataset composition,per-field surfaces (runs/amplitude_sensitivity_off_axis_per_field.csv rows),,yes,
table_11.tex,0.8926,runs/amplitude_sensitivity_off_axis_global.csv,probe.global_common.phase_reference,,yes,
table_12.tex,113,method parameter / count / dataset composition,data/splits.json,,yes,
table_12.tex,2,method parameter / count / dataset composition,closing radius / boundary tolerance,,yes,
table_12.tex,-5,method parameter / count / dataset composition,sigma / order / shifts,,yes,
table_12.tex,-1.424,runs/error_propagation_summary.csv,ep.-5.shift_um,,yes,
table_12.tex,0.8452,runs/v2_B_seed1337_off_axis/metrics_test.json,run.B.s1337.circularity_cell_pearson_r_ci_lower,,yes,
table_12.tex,-0.2748,runs/error_propagation_summary.csv,ep.-5.area_signed,,yes,
table_12.tex,-0.1966,runs/error_propagation_summary.csv,ep.-5.mass_signed,,yes,
table_12.tex,0.717,runs/v2_baseline_off_axis/metrics_test.json,run.A.s42.seg_iou,,yes,
table_12.tex,-4,method parameter / count / dataset composition,sigma / scan fields,,yes,
table_12.tex,-1.139,runs/error_propagation_summary.csv,ep.-4.shift_um,,yes,
table_12.tex,0.8831,runs/error_propagation_summary.csv,ep.-4.dice,,yes,
table_12.tex,-0.2269,runs/error_propagation_summary.csv,ep.-4.area_signed,,yes,
table_12.tex,-0.1651,runs/error_propagation_summary.csv,ep.-4.mass_signed,,yes,
table_12.tex,0.729,runs/v2_cell_ipp_bga_off_axis/metrics_test.json,run.C.s42.cell_count_ratio,,yes,
table_12.tex,-3,method parameter / count / dataset composition,edge margin / seeds,,yes,
table_12.tex,-0.855,runs/error_propagation_summary.csv,ep.-3.shift_um,,yes,
table_12.tex,0.9127,runs/v2_A_seed1337_off_axis/metrics_test.json,run.A.s1337.area_cell_pearson_r_ci_upper,,yes,
table_12.tex,-0.1818,runs/error_propagation_summary.csv,ep.-3.area_signed,,yes,
table_12.tex,-0.1332,runs/error_propagation_summary.csv,ep.-3.mass_signed,,yes,
table_12.tex,0.733,runs/error_propagation_summary.csv,ep.-3.mass_over_area,,yes,
table_12.tex,-2,method parameter / count / dataset composition,closing radius / boundary tolerance,,yes,
table_12.tex,-0.570,runs/*/metrics_test.json,cmp.C_vs_B.dry_mass_field_total_bias.diff,,yes,
table_12.tex,0.9453,runs/v2_cell_ipp_off_axis/metrics_test.json,run.B.s42.optical_volume_cell_pearson_r_ci_upper,,yes,
table_12.tex,-0.1229,runs/error_propagation_summary.csv,ep.-2.area_signed,,yes,
table_12.tex,-0.0902,runs/error_propagation_summary.csv,ep.-2.mass_signed,,yes,
table_12.tex,0.747,runs/error_propagation_summary.csv,ep.-2.mass_over_area,,yes,
table_12.tex,-1,method parameter / count / dataset composition,count,,yes,
table_12.tex,-0.285,runs/error_propagation_summary.csv,ep.-1.shift_um,,yes,
table_12.tex,0.9731,runs/error_propagation_summary.csv,ep.-1.dice,,yes,
table_12.tex,-0.0649,runs/error_propagation_summary.csv,ep.-1.area_signed,,yes,
table_12.tex,-0.0474,runs/error_propagation_summary.csv,ep.-1.mass_signed,,yes,
table_12.tex,0.735,runs/error_propagation_summary.csv,ep.-1.mass_over_area,,yes,
table_12.tex,0,method parameter / count / dataset composition,count,,yes,
table_12.tex,0.000,runs/v2_B_seed1337_off_axis/metrics_test.json,run.B.s1337.circularity_median_relative_bias,,yes,
table_12.tex,1.0000,runs/v2_image_volume_off_axis/metrics_test.json,run.B1.s42.circularity_median_relative_bias,,yes,
table_12.tex,0.0000,runs/v2_B_seed1337_off_axis/metrics_test.json,run.B.s1337.circularity_median_relative_bias,,yes,
table_12.tex,0.0000,runs/v2_B_seed1337_off_axis/metrics_test.json,run.B.s1337.circularity_median_relative_bias,,yes,
table_12.tex,1,method parameter / count / dataset composition,count,,yes,
table_12.tex,0.285,runs/v2_B1_seed1337_off_axis/metrics_test.json,run.B1.s1337.area_loa_upper,,yes,
table_12.tex,0.9741,runs/error_propagation_summary.csv,ep.1.dice,,yes,
table_12.tex,0.0693,runs/v2_ipp_w03_off_axis/metrics_test.json,run.W03.s42.optical_volume_median_relative_bias,,yes,
table_12.tex,0.0484,runs/v2_amplitude_off_axis/metrics_test.json,run.D0.s42.area_median_relative_bias,,yes,
table_12.tex,0.703,runs/error_propagation_summary.csv,ep.1.mass_over_area,,yes,
table_12.tex,2,method parameter / count / dataset composition,closing radius / boundary tolerance,,yes,
table_12.tex,0.570,runs/*/metrics_test.json,cmp.C_vs_B.dry_mass_field_total_bias.diff,,yes,
table_12.tex,0.9493,runs/error_propagation_summary.csv,ep.2.dice,,yes,
table_12.tex,0.1503,runs/v2_image_volume_off_axis/metrics_test.json; runs/v2_B1_seed1337_off_axis/metrics_test.json; runs/v2_B1_seed2024_off_axis/metrics_test.json,mean.B1.area_mape_ci_lower,,yes,
table_12.tex,0.0964,runs/error_propagation_summary.csv,ep.2.mass_signed,,yes,
table_12.tex,0.678,runs/error_propagation_summary.csv,ep.2.mass_over_area,,yes,
table_12.tex,3,method parameter / count / dataset composition,edge margin / seeds,,yes,
table_12.tex,0.855,runs/v2_amplitude_off_axis/metrics_test.json,run.D0.s42.circularity_cell_pearson_r_ci_lower,,yes,
table_12.tex,0.9255,runs/error_propagation_summary.csv,ep.3.dice,,yes,
table_12.tex,0.2138,runs/error_propagation_summary.csv,ep.3.area_signed,,yes,
table_12.tex,0.1194,runs/error_propagation_summary.csv,ep.3.mass_signed,,yes,
table_12.tex,0.575,runs/z_calibration.json,scale.off_axis.best_scale_iqr,,yes,
table_12.tex,4,method parameter / count / dataset composition,sigma / scan fields,,yes,
table_12.tex,1.139,runs/error_propagation_summary.csv,ep.-4.shift_um,,yes,
table_12.tex,0.9056,runs/v2_cell_ipp_bga_off_axis/metrics_test.json,run.C.s42.optical_volume_cell_pearson_r_ci_lower,,yes,
table_12.tex,0.2636,runs/error_propagation_summary.csv,ep.4.area_signed,,yes,
table_12.tex,0.1317,runs/error_propagation_summary.csv,ep.4.mass_signed,,yes,
table_12.tex,0.518,runs/v2_cell_ipp_bga_off_axis/metrics_test.json,run.C.s42.optical_volume_mape_coverage_adjusted,,yes,
table_12.tex,5,method parameter / count / dataset composition,sigma / order / shifts,,yes,
table_12.tex,1.424,runs/error_propagation_summary.csv,ep.-5.shift_um,,yes,
table_12.tex,0.8808,runs/error_propagation_summary.csv,ep.5.dice,,yes,
table_12.tex,0.3262,runs/error_propagation_summary.csv,ep.5.area_signed,,yes,
table_12.tex,0.1416,runs/error_propagation_summary.csv,ep.5.mass_signed,,yes,
table_12.tex,0.450,runs/*/metrics_test.json,cmp.B_vs_A.dry_mass_field_total_mape.diff,,yes,
table_12.tex,2,method parameter / count / dataset composition,closing radius / boundary tolerance,,yes,
table_12.tex,0.036,runs/v2_forward_amplitude_off_axis/metrics_test.json,run.D1.s42.phase_bias_rad_background,,yes,
table_12.tex,0.004,runs/v2_B_seed2024_off_axis/metrics_test.json,run.B.s2024.circularity_relative_bias,,yes,
table_12.tex,0.224,runs/benchmark_results/results_synthetic_validation.json,syn.mean.area_abs_relative_error_mean,,yes,
table_12.tex,0.018,runs/v2_amplitude_off_axis/metrics_test.json,run.D0.s42.circularity_relative_bias,,yes,
table_12.tex,-2.592,runs/benchmark_results/results_synthetic_validation.json,syn.mean.field_total_mass_error_mean,,yes,
table_12.tex,0.889,runs/v2_baseline_off_axis/metrics_test.json,run.A.s42.circularity_cell_pearson_r,,yes,
table_13.tex,900,method parameter / count / dataset composition,config/base.yaml data.phase_size,,yes,
table_13.tex,900,method parameter / count / dataset composition,config/base.yaml data.phase_size,,yes,
table_13.tex,1,method parameter / count / dataset composition,count,,yes,
table_13.tex,3,method parameter / count / dataset composition,edge margin / seeds,,yes,
table_13.tex,12.31,runs/benchmark_results/results_hardware_arm_A.json,hw.A.mean.pytorch_fp32.latency_mean_ms,,yes,
table_13.tex,0.12,runs/v2_cell_ipp_area_off_axis/metrics_test.json,run.B2.s42.optical_volume_field_total_bias,,yes,
table_13.tex,1.15,runs/*/metrics_test.json,cmp.W10_vs_A.seg_boundary_f1.diff,,yes,
table_13.tex,0.03,runs/v2_A_seed2024_off_axis/metrics_test.json,run.A.s2024.circularity_relative_bias,,yes,
table_13.tex,81.2,runs/benchmark_results/results_hardware_arm_A.json,hw.A.mean.pytorch_fp32.fps,,yes,
table_13.tex,0.8,runs/v2_baseline_off_axis/metrics_test.json,run.A.s42.seg_dice,,yes,
table_13.tex,36.77,runs/benchmark_results/results_hardware_arm_A.json,hw.A.mean.pytorch_fp32.weights_mb,,yes,
table_13.tex,223.9,runs/benchmark_results/results_hardware_arm_A.json,hw.A.mean.pytorch_fp32.peak_allocated_mb,,yes,
table_13.tex,9598099,method parameter / count / dataset composition,params,,yes,
table_13.tex,45.85,method parameter / count / dataset composition,GMAC,,yes,
table_13.tex,14.21,runs/benchmark_results/results_hardware_arm_A.json,hw.A.mean.onnx_fp32.latency_mean_ms,,yes,
table_13.tex,0.08,runs/v2_cell_ipp_off_axis/metrics_test.json,run.B.s42.area_field_total_bias,,yes,
table_13.tex,1.08,runs/v2_amplitude_off_axis/metrics_test.json,run.D0.s42.optical_volume_relative_bias,,yes,
table_13.tex,0.06,runs/v2_baseline_off_axis/metrics_test.json,run.A.s42.area_relative_bias,,yes,
table_13.tex,70.4,runs/v2_baseline_off_axis/metrics_test.json,run.A.s42.detection_f1,,yes,
table_13.tex,0.4,method parameter / count / dataset composition,literature,,yes,
table_13.tex,9.19,runs/benchmark_results/results_hardware_arm_A.json,hw.A.mean.pytorch_fp16.latency_mean_ms,,yes,
table_13.tex,0.10,runs/v2_B_seed2024_off_axis/metrics_test.json,run.B.s2024.area_median_relative_bias,,yes,
table_13.tex,1.11,runs/*/metrics_test.json,cmp.B_vs_A.area_mape.diff,,yes,
table_13.tex,0.06,runs/v2_baseline_off_axis/metrics_test.json,run.A.s42.area_relative_bias,,yes,
table_13.tex,108.9,runs/benchmark_results/results_hardware_arm_A.json,hw.A.mean.pytorch_fp16.fps,,yes,
table_13.tex,1.2,runs/v2_B_seed1337_off_axis/metrics_test.json,run.B.s1337.phase_bias_rad,,yes,
table_13.tex,18.38,runs/benchmark_results/results_hardware_arm_A.json,hw.A.mean.pytorch_fp16.weights_mb,,yes,
table_13.tex,112.0,runs/conventional_baseline_test.json,classical113.off_axis.area_bootstrap_fields,,yes,
table_13.tex,8.42,runs/v2_B_seed1337_off_axis/metrics_test.json,run.B.s1337.circularity_loa_upper,,yes,
table_13.tex,0.07,runs/v2_A_seed1337_off_axis/metrics_test.json,run.A.s1337.area_median_relative_bias,,yes,
table_13.tex,1.01,runs/v2_cell_ipp_off_axis/metrics_test.json,run.B.s42.forward_residual_ratio,,yes,
table_13.tex,0.00,runs/v2_cell_ipp_off_axis/metrics_test.json,run.B.s42.phase_bias_rad,,yes,
table_13.tex,118.8,runs/benchmark_results/results_hardware_arm_A.json,hw.A.mean.onnx_fp16.fps,,yes,
table_13.tex,0.9,method parameter / count / dataset composition,probe scale,,yes,
table_13.tex,1,method parameter / count / dataset composition,count,,yes,
table_13.tex,12.97,runs/diagnostics/decomposition_by_config.csv,decomp.B.cell.interior.total_med_abs_log_mean,,yes,
table_13.tex,1.13,runs/*/metrics_test.json,cmp.D2_vs_D1.detection_recall.diff,,yes,
table_13.tex,77.1,runs/conventional_baseline_test.json,classical113.off_axis.circularity_cell_pearson_r_ci_lower,,yes,
table_13.tex,36.81,runs/benchmark_results/results_hardware_arm_D0.json,hw.D0.mean.pytorch_fp32.weights_mb,,yes,
table_13.tex,223.9,runs/benchmark_results/results_hardware_arm_A.json,hw.A.mean.pytorch_fp32.peak_allocated_mb,,yes,
table_13.tex,9607412,method parameter / count / dataset composition,params,,yes,
table_13.tex,47.87,method parameter / count / dataset composition,GMAC,,yes,
table_13.tex,15.45,runs/v2_A_seed1337_off_axis/metrics_test.json,run.A.s1337.phase_mae_rad,,yes,
table_13.tex,1.09,runs/conventional_baseline_test.json,classical113.gabor.optical_volume_median_relative_bias,,yes,
table_13.tex,64.7,runs/benchmark_results/results_hardware_arm_D0.json,hw.D0.mean.onnx_fp32.fps,,yes,
table_13.tex,11.26,runs/benchmark_results/results_hardware_arm_D0.json,hw.D0.mean.pytorch_fp16.latency_mean_ms,,yes,
table_13.tex,1.12,runs/v2_image_volume_off_axis/metrics_test.json; runs/v2_B1_seed1337_off_axis/metrics_test.json; runs/v2_B1_seed2024_off_axis/metrics_test.json,sd.B1.phase_bias_rad_in_cell,,yes,
table_13.tex,88.8,runs/v2_cell_ipp_bga_off_axis/metrics_test.json,run.C.s42.area_cell_pearson_r_ci_lower,,yes,
table_13.tex,18.40,runs/benchmark_results/results_hardware_arm_D0.json,hw.D0.mean.pytorch_fp16.weights_mb,,yes,
table_13.tex,111.4,runs/benchmark_results/results_hardware_arm_D0.json,hw.D0.mean.pytorch_fp16.peak_allocated_mb,,yes,
table_13.tex,9.18,runs/conventional_baseline_test.json,classical113.off_axis.optical_volume_field_total_bias,,yes,
table_13.tex,1.01,runs/v2_cell_ipp_off_axis/metrics_test.json,run.B.s42.forward_residual_ratio,,yes,
table_13.tex,109.0,runs/benchmark_results/results_hardware_arm_D0.json,hw.D0.mean.onnx_fp16.fps,,yes,
table_13.tex,1,method parameter / count / dataset composition,count,,yes,
table_13.tex,11.80,runs/diagnostics/decomposition_summary.csv,decomp_run.B_s2024.cell.interior.phase_med_abs_log,,yes,
table_13.tex,1.20,runs/*/metrics_test.json,cmp.B1_vs_A.dry_mass_mape_coverage_adjusted.diff,,yes,
table_13.tex,84.7,runs/v2_cell_ipp_area_off_axis/metrics_test.json,run.B2.s42.area_image_pearson_r,,yes,
table_13.tex,12.97,runs/diagnostics/decomposition_by_config.csv,decomp.B.cell.interior.total_med_abs_log_mean,,yes,
table_13.tex,195.7,runs/benchmark_results/results_hardware_arm_KA.json,hw.KA.mean.pytorch_fp32.peak_allocated_mb,,yes,
table_13.tex,3360403,method parameter / count / dataset composition,params,,yes,
table_13.tex,24.03,method parameter / count / dataset composition,GMAC,,yes,
table_13.tex,13.32,runs/benchmark_results/results_hardware_arm_KA.json,hw.KA.mean.onnx_fp32.latency_mean_ms,,yes,
table_13.tex,1.10,runs/v2_cell_ipp_off_axis/metrics_test.json; runs/v2_B_seed1337_off_axis/metrics_test.json; runs/v2_B_seed2024_off_axis/metrics_test.json,sd.B.circularity_loa_lower,,yes,
table_13.tex,75.1,runs/benchmark_results/results_hardware_arm_KA.json,hw.KA.mean.onnx_fp32.fps,,yes,
table_13.tex,9.21,runs/v2_A_seed2024_off_axis/metrics_test.json,run.A.s2024.area_field_total_bias,,yes,
table_13.tex,1.16,runs/benchmark_results/results_hardware_arm_B.json,hw.B.max.pytorch_fp16.latency_p99_over_p50,,yes,
table_13.tex,108.5,runs/benchmark_results/results_hardware_arm_KA.json,hw.KA.mean.pytorch_fp16.fps,,yes,
table_13.tex,6.48,runs/v2_cell_ipp_bga_off_axis/metrics_test.json,run.C.s42.circularity_mape_ci_upper,,yes,
table_13.tex,98.7,runs/v2_baseline_gabor/metrics_test.json,run.G.s42.optical_volume_field_total_pearson_r,,yes,
table_13.tex,7.97,runs/benchmark_results/results_hardware_arm_KA.json,hw.KA.mean.onnx_fp16.latency_mean_ms,,yes,
table_13.tex,1.01,runs/v2_cell_ipp_off_axis/metrics_test.json,run.B.s42.forward_residual_ratio,,yes,
table_13.tex,125.4,runs/benchmark_results/results_hardware_arm_KA.json,hw.KA.mean.onnx_fp16.fps,,yes,
table_13.tex,500,method parameter / count / dataset composition,timed passes,,yes,
table_13.tex,50,method parameter / count / dataset composition,config/base.yaml data.exclude (SNU_01-SNU_50); 50 warm-up passes; 50 rad px,,yes,
table_2.tex,1024,method parameter / count / dataset composition,hologram size (data/),,yes,
table_2.tex,1024,method parameter / count / dataset composition,hologram size (data/),,yes,
table_2.tex,8,method parameter / count / dataset composition,SSIM data range,,yes,
table_2.tex,900,method parameter / count / dataset composition,config/base.yaml data.phase_size,,yes,
table_2.tex,900,method parameter / count / dataset composition,config/base.yaml data.phase_size,,yes,
table_2.tex,1024,method parameter / count / dataset composition,hologram size (data/),,yes,
table_2.tex,900,method parameter / count / dataset composition,config/base.yaml data.phase_size,,yes,
table_2.tex,0.666,method parameter / count / dataset composition,config/base.yaml optics.wavelength_um,,yes,
table_2.tex,0.284871,method parameter / count / dataset composition,config/base.yaml / phase-file header,,yes,
table_2.tex,0.2,method parameter / count / dataset composition,config/base.yaml refraction_increment / weights,,yes,
table_2.tex,33.77,method parameter / count / dataset composition,config/base.yaml loss.forward_model.distance_um,,yes,
table_2.tex,5,method parameter / count / dataset composition,sigma / order / shifts,,yes,
table_2.tex,256,method parameter / count / dataset composition,decoder width,,yes,
table_2.tex,128,method parameter / count / dataset composition,decoder width,,yes,
table_2.tex,64,method parameter / count / dataset composition,decoder width,,yes,
table_2.tex,32,method parameter / count / dataset composition,decoder width / stride / val fields,,yes,
table_2.tex,2,method parameter / count / dataset composition,closing radius / boundary tolerance,,yes,
table_2.tex,2,method parameter / count / dataset composition,closing radius / boundary tolerance,,yes,
table_2.tex,60,method parameter / count / dataset composition,epochs / DC exclusion,,yes,
table_2.tex,0.9,method parameter / count / dataset composition,probe scale,,yes,
table_2.tex,0.999,runs/diagnostics/decomposition_summary.csv,decomp_run.A_s1337.cell.all.domain_gm,,yes,
table_2.tex,3,method parameter / count / dataset composition,edge margin / seeds,,yes,
table_2.tex,10,method parameter / count / dataset composition,IPP cap / percent,,yes,
table_2.tex,4,method parameter / count / dataset composition,sigma / scan fields,,yes,
table_2.tex,2,method parameter / count / dataset composition,closing radius / boundary tolerance,,yes,
table_2.tex,10,method parameter / count / dataset composition,IPP cap / percent,,yes,
table_2.tex,6,method parameter / count / dataset composition,count,,yes,
table_2.tex,100,method parameter / count / dataset composition,lr factor,,yes,
table_2.tex,1,method parameter / count / dataset composition,count,,yes,
table_2.tex,10,method parameter / count / dataset composition,IPP cap / percent,,yes,
table_2.tex,4,method parameter / count / dataset composition,sigma / scan fields,,yes,
table_2.tex,4,method parameter / count / dataset composition,sigma / scan fields,,yes,
table_2.tex,512,method parameter / count / dataset composition,training crop,,yes,
table_2.tex,512,method parameter / count / dataset composition,training crop,,yes,
table_2.tex,1.0,method parameter / count / dataset composition,weights / scale,,yes,
table_2.tex,90,runs/v2_baseline_off_axis/metrics_test.json,run.A.s42.area_cell_pearson_r,,yes,
table_2.tex,42,method parameter / count / dataset composition,seed,,yes,
table_2.tex,1337,method parameter / count / dataset composition,seed,,yes,
table_2.tex,2024,method parameter / count / dataset composition,seed,,yes,
table_3.tex,3,method parameter / count / dataset composition,edge margin / seeds,,yes,
table_3.tex,1,method parameter / count / dataset composition,count,,yes,
table_3.tex,1.0,method parameter / count / dataset composition,weights / scale,,yes,
table_3.tex,3,method parameter / count / dataset composition,edge margin / seeds,,yes,
table_3.tex,1.0,method parameter / count / dataset composition,weights / scale,,yes,
table_3.tex,3,method parameter / count / dataset composition,edge margin / seeds,,yes,
table_3.tex,1.0,method parameter / count / dataset composition,weights / scale,,yes,
table_3.tex,1,method parameter / count / dataset composition,count,,yes,
table_3.tex,0.05,method parameter / count / dataset composition,BGA weight / grid,,yes,
table_3.tex,1,method parameter / count / dataset composition,count,,yes,
table_3.tex,0.1,method parameter / count / dataset composition,weights,,yes,
table_3.tex,0.3,method parameter / count / dataset composition,weights,,yes,
table_3.tex,3.0,method parameter / count / dataset composition,weights,,yes,
table_3.tex,0.1,method parameter / count / dataset composition,weights,,yes,
table_3.tex,0.3,method parameter / count / dataset composition,weights,,yes,
table_3.tex,3.0,method parameter / count / dataset composition,weights,,yes,
table_3.tex,1,method parameter / count / dataset composition,count,,yes,
table_3.tex,0.1,method parameter / count / dataset composition,weights,,yes,
table_3.tex,1,method parameter / count / dataset composition,count,,yes,
table_3.tex,0.02,method parameter / count / dataset composition,forward weight,,yes,
table_3.tex,1,method parameter / count / dataset composition,count,,yes,
table_3.tex,1,method parameter / count / dataset composition,count,,yes,
table_3.tex,1,method parameter / count / dataset composition,count,,yes,
table_3.tex,1,method parameter / count / dataset composition,count,,yes,
table_3.tex,256,method parameter / count / dataset composition,decoder width,,yes,
table_3.tex,3.36,method parameter / count / dataset composition,table_1/table_3 static content,,yes,
table_3.tex,1,method parameter / count / dataset composition,count,,yes,
table_3.tex,1,method parameter / count / dataset composition,count,,yes,
table_4.tex,113,method parameter / count / dataset composition,data/splits.json,,yes,
table_4.tex,3,method parameter / count / dataset composition,edge margin / seeds,,yes,
table_5.tex,107,method parameter / count / dataset composition,metrics_test_common.json phase_n_images,,yes,
table_5.tex,5,method parameter / count / dataset composition,sigma / order / shifts,,yes,
table_6.tex,113,method parameter / count / dataset composition,data/splits.json,,yes,
table_6.tex,3186,method parameter / count / dataset composition,metrics_test.json cells_reference,,yes,
table_6.tex,2,method parameter / count / dataset composition,closing radius / boundary tolerance,,yes,
table_6.tex,95,runs/v2_baseline_off_axis/metrics_test.json,run.A.s42.optical_volume_cell_pearson_r_ci_upper,,yes,
table_6.tex,42,method parameter / count / dataset composition,seed,,yes,
table_6.tex,2,method parameter / count / dataset composition,closing radius / boundary tolerance,,yes,
table_6.tex,3,method parameter / count / dataset composition,edge margin / seeds,,yes,
table_6.tex,6,method parameter / count / dataset composition,count,,yes,
table_6.tex,2000,method parameter / count / dataset composition,bootstrap resamples,,yes,
table_6.tex,42,method parameter / count / dataset composition,seed,,yes,
table_7.tex,3,method parameter / count / dataset composition,edge margin / seeds,,yes,
table_7.tex,6,method parameter / count / dataset composition,count,,yes,
table_7.tex,9,method parameter / count / dataset composition,count,,yes,
table_7.tex,3,method parameter / count / dataset composition,edge margin / seeds,,yes,
table_7.tex,1,method parameter / count / dataset composition,count,,yes,
table_7.tex,1890,method parameter / count / dataset composition,about 1890 matched cells,,yes,
table_7.tex,9,method parameter / count / dataset composition,count,,yes,
table_8.tex,3,method parameter / count / dataset composition,edge margin / seeds,,yes,
table_8.tex,5,method parameter / count / dataset composition,sigma / order / shifts,,yes,
table_8.tex,7,method parameter / count / dataset composition,percent (about 7%),,yes,
table_8.tex,15,method parameter / count / dataset composition,watershed min distance / FP margin,,yes,
table_8.tex,1,method parameter / count / dataset composition,count,,yes,
table_8.tex,3,method parameter / count / dataset composition,edge margin / seeds,,yes,
table_8.tex,15,method parameter / count / dataset composition,watershed min distance / FP margin,,yes,
table_8.tex,15,method parameter / count / dataset composition,watershed min distance / FP margin,,yes,
table_9.tex,113,method parameter / count / dataset composition,data/splits.json,,yes,
table_9.tex,3186,method parameter / count / dataset composition,metrics_test.json cells_reference,,yes,
table_9.tex,3,method parameter / count / dataset composition,edge margin / seeds,,yes,
table_9.tex,42,method parameter / count / dataset composition,seed,,yes,
table_9.tex,1337,method parameter / count / dataset composition,seed,,yes,
table_9.tex,2024,method parameter / count / dataset composition,seed,,yes,
table_9.tex,1,method parameter / count / dataset composition,count,,yes,
table_9.tex,42,method parameter / count / dataset composition,seed,,yes,
table_9.tex,5,method parameter / count / dataset composition,sigma / order / shifts,,yes,
table_9.tex,3,method parameter / count / dataset composition,edge margin / seeds,,yes,
table_9.tex,0.1742,runs/v2_baseline_off_axis/metrics_test.json; runs/v2_A_seed1337_off_axis/metrics_test.json; runs/v2_A_seed2024_off_axis/metrics_test.json,mean.A.dry_mass_mape,,yes,
table_9.tex,0.5102,runs/v2_baseline_off_axis/metrics_test.json; runs/v2_A_seed1337_off_axis/metrics_test.json; runs/v2_A_seed2024_off_axis/metrics_test.json,mean.A.dry_mass_mape_coverage_adjusted,,yes,
table_9.tex,0.1631,runs/v2_baseline_off_axis/metrics_test.json; runs/v2_A_seed1337_off_axis/metrics_test.json; runs/v2_A_seed2024_off_axis/metrics_test.json,mean.A.dry_mass_field_total_mape,,yes,
table_9.tex,0.1568,runs/v2_baseline_off_axis/metrics_test.json,run.A.s42.phase_mae_rad,,yes,
table_9.tex,0.5931,runs/v2_baseline_off_axis/metrics_test.json; runs/v2_A_seed1337_off_axis/metrics_test.json; runs/v2_A_seed2024_off_axis/metrics_test.json,mean.A.coverage,,yes,
table_9.tex,0.8488,runs/v2_A_seed2024_off_axis/metrics_test.json,run.A.s2024.detection_precision,,yes,
table_9.tex,0.8337,runs/v2_baseline_gabor/metrics_test.json,run.G.s42.circularity_cell_pearson_r_ci_lower,,yes,
table_9.tex,0.1568,runs/v2_baseline_off_axis/metrics_test.json,run.A.s42.phase_mae_rad,,yes,
table_9.tex,3,method parameter / count / dataset composition,edge margin / seeds,,yes,
table_9.tex,0.1883,runs/v2_cell_ipp_off_axis/metrics_test.json; runs/v2_B_seed1337_off_axis/metrics_test.json; runs/v2_B_seed2024_off_axis/metrics_test.json,mean.B.dry_mass_mape,,yes,
table_9.tex,0.5125,runs/v2_cell_ipp_off_axis/metrics_test.json; runs/v2_B_seed1337_off_axis/metrics_test.json; runs/v2_B_seed2024_off_axis/metrics_test.json,mean.B.dry_mass_mape_coverage_adjusted,,yes,
table_9.tex,0.1676,runs/v2_A_seed2024_off_axis/metrics_test.json,run.A.s2024.optical_volume_mape_ci_lower,,yes,
table_9.tex,0.1679,runs/v2_cell_ipp_off_axis/metrics_test.json; runs/v2_B_seed1337_off_axis/metrics_test.json; runs/v2_B_seed2024_off_axis/metrics_test.json,mean.B.area_mape,,yes,
table_9.tex,0.6006,runs/v2_cell_ipp_off_axis/metrics_test.json; runs/v2_B_seed1337_off_axis/metrics_test.json; runs/v2_B_seed2024_off_axis/metrics_test.json,mean.B.coverage,,yes,
table_9.tex,0.8077,runs/v2_cell_ipp_off_axis/metrics_test.json; runs/v2_B_seed1337_off_axis/metrics_test.json; runs/v2_B_seed2024_off_axis/metrics_test.json,mean.B.detection_precision,,yes,
table_9.tex,0.8294,runs/v2_B_seed2024_off_axis/metrics_test.json,run.B.s2024.seg_dice,,yes,
table_9.tex,0.1656,runs/v2_compact_cell_ipp_off_axis/metrics_test.json,run.KB.s42.area_mape,,yes,
table_9.tex,3,method parameter / count / dataset composition,edge margin / seeds,,yes,
table_9.tex,0.1887,runs/v2_A_seed2024_off_axis/metrics_test.json,run.A.s2024.optical_volume_mape_ci_upper,,yes,
table_9.tex,0.5222,runs/v2_B1_seed1337_off_axis/metrics_test.json,run.B1.s1337.optical_volume_mape_coverage_adjusted,,yes,
table_9.tex,0.1722,runs/v2_image_volume_off_axis/metrics_test.json; runs/v2_B1_seed1337_off_axis/metrics_test.json; runs/v2_B1_seed2024_off_axis/metrics_test.json,mean.B1.dry_mass_field_total_mape,,yes,
table_9.tex,0.1597,runs/v2_image_volume_off_axis/metrics_test.json; runs/v2_B1_seed1337_off_axis/metrics_test.json; runs/v2_B1_seed2024_off_axis/metrics_test.json,mean.B1.area_mape,,yes,
table_9.tex,0.5889,runs/v2_image_volume_off_axis/metrics_test.json; runs/v2_B1_seed1337_off_axis/metrics_test.json; runs/v2_B1_seed2024_off_axis/metrics_test.json,mean.B1.coverage,,yes,
table_9.tex,0.8460,runs/v2_image_volume_off_axis/metrics_test.json; runs/v2_B1_seed1337_off_axis/metrics_test.json; runs/v2_B1_seed2024_off_axis/metrics_test.json,mean.B1.detection_precision,,yes,
table_9.tex,0.8294,runs/v2_B_seed2024_off_axis/metrics_test.json,run.B.s2024.seg_dice,,yes,
table_9.tex,0.1644,runs/v2_B_seed1337_off_axis/metrics_test.json,run.B.s1337.phase_mae_rad,,yes,
table_9.tex,1,method parameter / count / dataset composition,count,,yes,
table_9.tex,0.1850,runs/v2_cell_ipp_area_off_axis/metrics_test.json,run.B2.s42.optical_volume_mape,,yes,
table_9.tex,0.5075,runs/v2_cell_ipp_area_off_axis/metrics_test.json,run.B2.s42.optical_volume_mape_coverage_adjusted,,yes,
table_9.tex,0.1696,runs/v2_cell_ipp_area_off_axis/metrics_test.json,run.B2.s42.optical_volume_field_total_mape,,yes,
table_9.tex,0.1779,runs/v2_cell_ipp_area_off_axis/metrics_test.json,run.B2.s42.area_mape,,yes,
table_9.tex,0.6042,runs/v2_cell_ipp_area_off_axis/metrics_test.json,run.B2.s42.detection_recall,,yes,
table_9.tex,0.7958,runs/v2_cell_ipp_area_off_axis/metrics_test.json,run.B2.s42.detection_precision,,yes,
table_9.tex,0.8294,runs/v2_B_seed2024_off_axis/metrics_test.json,run.B.s2024.seg_dice,,yes,
table_9.tex,0.1646,runs/v2_cell_ipp_off_axis/metrics_test.json,run.B.s42.optical_volume_loa_upper,,yes,
table_9.tex,1,method parameter / count / dataset composition,count,,yes,
table_9.tex,0.1921,runs/v2_cell_ipp_bga_off_axis/metrics_test.json,run.C.s42.optical_volume_mape,,yes,
table_9.tex,0.5182,runs/v2_cell_ipp_bga_off_axis/metrics_test.json,run.C.s42.optical_volume_mape_coverage_adjusted,,yes,
table_9.tex,0.1651,runs/v2_cell_ipp_bga_off_axis/metrics_test.json,run.C.s42.optical_volume_field_total_mape,,yes,
table_9.tex,0.1652,runs/v2_B1_seed1337_off_axis/metrics_test.json,run.B1.s1337.optical_volume_field_total_mape,,yes,
table_9.tex,0.5964,runs/v2_cell_ipp_bga_off_axis/metrics_test.json,run.C.s42.detection_recall,,yes,
table_9.tex,0.8183,runs/v2_image_volume_off_axis/metrics_test.json,run.B1.s42.area_image_pearson_r,,yes,
table_9.tex,0.8309,runs/v2_cell_ipp_bga_off_axis/metrics_test.json,run.C.s42.seg_dice,,yes,
table_9.tex,0.1654,runs/v2_cell_ipp_bga_off_axis/metrics_test.json,run.C.s42.phase_mae_rad,,yes,
table_9.tex,0.1,method parameter / count / dataset composition,weights,,yes,
table_9.tex,1,method parameter / count / dataset composition,count,,yes,
table_9.tex,0.1754,runs/v2_ipp_w01_off_axis/metrics_test.json,run.W01.s42.optical_volume_mape,,yes,
table_9.tex,0.5158,runs/v2_ipp_w01_off_axis/metrics_test.json,run.W01.s42.optical_volume_mape_coverage_adjusted,,yes,
table_9.tex,0.1830,runs/v2_amplitude_off_axis/metrics_test.json,run.D0.s42.area_loa_lower,,yes,
table_9.tex,0.1504,runs/v2_ipp_w01_off_axis/metrics_test.json,run.W01.s42.area_mape,,yes,
table_9.tex,0.5873,runs/v2_ipp_w01_off_axis/metrics_test.json,run.W01.s42.detection_recall,,yes,
table_9.tex,0.8428,runs/v2_ipp_w01_off_axis/metrics_test.json,run.W01.s42.detection_precision,,yes,
table_9.tex,0.8331,runs/v2_A_seed1337_off_axis/metrics_test.json,run.A.s1337.seg_dice,,yes,
table_9.tex,0.1567,runs/v2_ipp_w01_off_axis/metrics_test.json,run.W01.s42.phase_mae_rad,,yes,
table_9.tex,0.3,method parameter / count / dataset composition,weights,,yes,
table_9.tex,1,method parameter / count / dataset composition,count,,yes,
table_9.tex,0.1881,runs/v2_ipp_w03_off_axis/metrics_test.json,run.W03.s42.optical_volume_mape,,yes,
table_9.tex,0.5196,runs/v2_ipp_w03_off_axis/metrics_test.json,run.W03.s42.optical_volume_mape_coverage_adjusted,,yes,
table_9.tex,0.1953,runs/v2_ipp_w03_off_axis/metrics_test.json,run.W03.s42.optical_volume_field_total_mape,,yes,
table_9.tex,0.1564,runs/v2_ipp_w03_off_axis/metrics_test.json,run.W03.s42.area_mape,,yes,
table_9.tex,0.5917,runs/v2_ipp_w03_off_axis/metrics_test.json,run.W03.s42.detection_recall,,yes,
table_9.tex,0.8389,runs/v2_ipp_w03_off_axis/metrics_test.json,run.W03.s42.detection_precision,,yes,
table_9.tex,0.8328,runs/v2_ipp_w03_off_axis/metrics_test.json,run.W03.s42.seg_dice,,yes,
table_9.tex,0.1620,runs/v2_ipp_w03_off_axis/metrics_test.json,run.W03.s42.phase_mae_rad,,yes,
table_9.tex,1.0,method parameter / count / dataset composition,weights / scale,,yes,
table_9.tex,3,method parameter / count / dataset composition,edge margin / seeds,,yes,
table_9.tex,0.1883,runs/v2_cell_ipp_off_axis/metrics_test.json; runs/v2_B_seed1337_off_axis/metrics_test.json; runs/v2_B_seed2024_off_axis/metrics_test.json,mean.B.dry_mass_mape,,yes,
table_9.tex,0.5125,runs/v2_cell_ipp_off_axis/metrics_test.json; runs/v2_B_seed1337_off_axis/metrics_test.json; runs/v2_B_seed2024_off_axis/metrics_test.json,mean.B.dry_mass_mape_coverage_adjusted,,yes,
table_9.tex,0.1676,runs/v2_A_seed2024_off_axis/metrics_test.json,run.A.s2024.optical_volume_mape_ci_lower,,yes,
table_9.tex,0.1679,runs/v2_cell_ipp_off_axis/metrics_test.json; runs/v2_B_seed1337_off_axis/metrics_test.json; runs/v2_B_seed2024_off_axis/metrics_test.json,mean.B.area_mape,,yes,
table_9.tex,0.6006,runs/v2_cell_ipp_off_axis/metrics_test.json; runs/v2_B_seed1337_off_axis/metrics_test.json; runs/v2_B_seed2024_off_axis/metrics_test.json,mean.B.coverage,,yes,
table_9.tex,0.8077,runs/v2_cell_ipp_off_axis/metrics_test.json; runs/v2_B_seed1337_off_axis/metrics_test.json; runs/v2_B_seed2024_off_axis/metrics_test.json,mean.B.detection_precision,,yes,
table_9.tex,0.8294,runs/v2_B_seed2024_off_axis/metrics_test.json,run.B.s2024.seg_dice,,yes,
table_9.tex,0.1656,runs/v2_compact_cell_ipp_off_axis/metrics_test.json,run.KB.s42.area_mape,,yes,
table_9.tex,3.0,method parameter / count / dataset composition,weights,,yes,
table_9.tex,1,method parameter / count / dataset composition,count,,yes,
table_9.tex,0.1963,runs/v2_ipp_w30_off_axis/metrics_test.json,run.W30.s42.optical_volume_mape,,yes,
table_9.tex,0.5197,runs/v2_ipp_w30_off_axis/metrics_test.json,run.W30.s42.optical_volume_mape_coverage_adjusted,,yes,
table_9.tex,0.1316,runs/v2_ipp_w30_off_axis/metrics_test.json,run.W30.s42.optical_volume_field_total_mape,,yes,
table_9.tex,0.1729,runs/v2_ipp_w30_off_axis/metrics_test.json,run.W30.s42.area_mape,,yes,
table_9.tex,0.5976,runs/v2_ipp_w10_off_axis/metrics_test.json,run.W10.s42.detection_recall,,yes,
table_9.tex,0.7855,runs/v2_ipp_w30_off_axis/metrics_test.json,run.W30.s42.detection_precision,,yes,
table_9.tex,0.8164,runs/v2_ipp_w30_off_axis/metrics_test.json,run.W30.s42.seg_dice,,yes,
table_9.tex,0.1813,runs/v2_image_volume_off_axis/metrics_test.json,run.B1.s42.optical_volume_loa_upper,,yes,
table_9.tex,1,method parameter / count / dataset composition,count,,yes,
table_9.tex,0.1857,runs/v2_amplitude_off_axis/metrics_test.json,run.D0.s42.optical_volume_mape,,yes,
table_9.tex,0.5157,runs/v2_amplitude_off_axis/metrics_test.json,run.D0.s42.optical_volume_mape_coverage_adjusted,,yes,
table_9.tex,0.1528,runs/v2_cell_ipp_off_axis/metrics_test.json,run.B.s42.area_mape_ci_lower,,yes,
table_9.tex,0.1591,runs/v2_A_seed2024_off_axis/metrics_test.json,run.A.s2024.phase_mae_rad,,yes,
table_9.tex,0.5948,runs/v2_amplitude_off_axis/metrics_test.json,run.D0.s42.detection_recall,,yes,
table_9.tex,0.8282,runs/v2_amplitude_off_axis/metrics_test.json,run.D0.s42.detection_precision,,yes,
table_9.tex,0.8297,runs/v2_B1_seed2024_off_axis/metrics_test.json,run.B1.s2024.seg_dice,,yes,
table_9.tex,0.1633,runs/v2_amplitude_off_axis/metrics_test.json,run.D0.s42.phase_mae_rad,,yes,
table_9.tex,1,method parameter / count / dataset composition,count,,yes,
table_9.tex,0.1855,runs/v2_forward_amplitude_off_axis/metrics_test.json,run.D1.s42.optical_volume_mape,,yes,
table_9.tex,0.5081,runs/v2_forward_amplitude_off_axis/metrics_test.json,run.D1.s42.optical_volume_mape_coverage_adjusted,,yes,
table_9.tex,0.1573,runs/v2_forward_amplitude_off_axis/metrics_test.json,run.D1.s42.optical_volume_field_total_mape,,yes,
table_9.tex,0.1685,runs/v2_forward_amplitude_off_axis/metrics_test.json,run.D1.s42.area_mape,,yes,
table_9.tex,0.6039,runs/v2_forward_amplitude_off_axis/metrics_test.json,run.D1.s42.detection_recall,,yes,
table_9.tex,0.8297,runs/v2_B1_seed2024_off_axis/metrics_test.json,run.B1.s2024.seg_dice,,yes,
table_9.tex,0.8318,runs/v2_forward_amplitude_off_axis/metrics_test.json,run.D1.s42.seg_dice,,yes,
table_9.tex,0.1647,runs/v2_image_volume_off_axis/metrics_test.json,run.B1.s42.phase_mae_rad,,yes,
table_9.tex,1,method parameter / count / dataset composition,count,,yes,
table_9.tex,0.1920,runs/v2_learned_z_off_axis/metrics_test.json,run.D2.s42.optical_volume_mape,,yes,
table_9.tex,0.5212,runs/v2_learned_z_off_axis/metrics_test.json,run.D2.s42.optical_volume_mape_coverage_adjusted,,yes,
table_9.tex,0.1599,runs/v2_learned_z_off_axis/metrics_test.json,run.D2.s42.optical_volume_field_total_mape,,yes,
table_9.tex,0.1583,runs/v2_learned_z_off_axis/metrics_test.json,run.D2.s42.area_mape,,yes,
table_9.tex,0.5926,runs/v2_learned_z_off_axis/metrics_test.json,run.D2.s42.detection_recall,,yes,
table_9.tex,0.8248,runs/v2_learned_z_off_axis/metrics_test.json,run.D2.s42.detection_precision,,yes,
table_9.tex,0.8290,runs/v2_learned_z_off_axis/metrics_test.json,run.D2.s42.seg_dice,,yes,
table_9.tex,0.1636,runs/v2_B1_seed1337_off_axis/metrics_test.json,run.B1.s1337.optical_volume_field_total_bias,,yes,
table_9.tex,1,method parameter / count / dataset composition,count,,yes,
table_9.tex,0.1740,runs/v2_B_seed2024_off_axis/metrics_test.json,run.B.s2024.area_mape,,yes,
table_9.tex,0.5123,runs/v2_compact_baseline_off_axis/metrics_test.json,run.KA.s42.optical_volume_mape_coverage_adjusted,,yes,
table_9.tex,0.1738,runs/v2_compact_baseline_off_axis/metrics_test.json,run.KA.s42.optical_volume_field_total_mape,,yes,
table_9.tex,0.1508,runs/v2_compact_baseline_off_axis/metrics_test.json,run.KA.s42.area_mape,,yes,
table_9.tex,0.5904,runs/v2_A_seed2024_off_axis/metrics_test.json,run.A.s2024.detection_recall,,yes,
table_9.tex,0.8496,runs/v2_compact_baseline_off_axis/metrics_test.json,run.KA.s42.detection_precision,,yes,
table_9.tex,0.8345,runs/v2_cell_ipp_off_axis/metrics_test.json,run.B.s42.area_image_pearson_r,,yes,
table_9.tex,0.1562,runs/v2_compact_baseline_off_axis/metrics_test.json,run.KA.s42.phase_mae_rad,,yes,
table_9.tex,1,method parameter / count / dataset composition,count,,yes,
table_9.tex,0.1887,runs/v2_A_seed2024_off_axis/metrics_test.json,run.A.s2024.optical_volume_mape_ci_upper,,yes,
table_9.tex,0.5088,runs/v2_compact_cell_ipp_off_axis/metrics_test.json,run.KB.s42.optical_volume_mape_coverage_adjusted,,yes,
table_9.tex,0.1539,runs/v2_compact_cell_ipp_off_axis/metrics_test.json,run.KB.s42.optical_volume_field_total_mape,,yes,
table_9.tex,0.1656,runs/v2_compact_cell_ipp_off_axis/metrics_test.json,run.KB.s42.area_mape,,yes,
table_9.tex,0.6055,runs/v2_compact_cell_ipp_off_axis/metrics_test.json,run.KB.s42.detection_recall,,yes,
table_9.tex,0.8174,runs/v2_compact_cell_ipp_off_axis/metrics_test.json,run.KB.s42.detection_precision,,yes,
table_9.tex,0.8306,runs/v2_compact_cell_ipp_off_axis/metrics_test.json,run.KB.s42.seg_dice,,yes,
table_9.tex,0.1652,runs/v2_B1_seed1337_off_axis/metrics_test.json,run.B1.s1337.optical_volume_field_total_mape,,yes,
table_9.tex,1,method parameter / count / dataset composition,count,,yes,
table_9.tex,1.0,method parameter / count / dataset composition,weights / scale,,yes,
table_9.tex,42,method parameter / count / dataset composition,seed,,yes,
table_9.tex,0.1872,runs/v2_ipp_w10_off_axis/metrics_test.json,run.W10.s42.optical_volume_mape,,yes,
table_9.tex,42,method parameter / count / dataset composition,seed,,yes,
table_9.tex,0.1875,runs/v2_cell_ipp_off_axis/metrics_test.json,run.B.s42.optical_volume_mape,,yes,
